file_id,X_mean,X_std,X_rms,X_max,X_min,X_pk_pk,X_skewness,X_kurtosis,X_shape_factor,X_crest_factor,X_impulse_factor,Y_mean,Y_std,Y_rms,Y_max,Y_min,Y_pk_pk,Y_skewness,Y_kurtosis,Y_shape_factor,Y_crest_factor,Y_impulse_factor,Z_mean,Z_std,Z_rms,Z_max,Z_min,Z_pk_pk,Z_skewness,Z_kurtosis,Z_shape_factor,Z_crest_factor,Z_impulse_factor,Sound_mean,Sound_std,Sound_rms,Sound_max,Sound_min,Sound_pk_pk,Sound_skewness,Sound_kurtosis,Sound_shape_factor,Sound_crest_factor,Sound_impulse_factor
BF_10HZ,-0.01374647040234375,0.017824028444819805,0.01782333218010949,0.14963745040234375,-0.11352335959765625,0.26316081,0.5705941757312967,9.84385918511066,1.5155307160802598,8.395593421601399,12.723779710158285,-0.01620648705859375,0.02076495310813274,0.02076414196130893,0.14822347705859376,-0.15326164294140623,0.30148512,-0.01949139268624998,7.817754832663631,1.5047736754069594,7.381072775700909,11.106844009137705,-0.01065714409765625,0.0009750541005657795,0.0009750160117710399,0.0033472040976562497,-0.00337567590234375,0.00672288,-0.029617381203547354,3.559924351053898,1.315779267020513,3.4621748377363573,4.5554578702936075,-0.011602541065624998,0.005613800506542105,0.00561358121317666,0.023284141065625,-0.020626158934375,0.0439103,0.031959666526202545,3.036801352319765,1.2513789931374841,4.14782296388098,5.190498524253916
BF_10HZ,-0.013757725954687501,0.01761013420081543,0.01760944629151222,0.1496487059546875,-0.1167468940453125,0.26639559999999995,0.29443506582251683,9.833943863394564,1.5195709558250237,8.498206217126679,12.913627344157344,-0.0162880593203125,0.018953226774172455,0.01895248639929086,0.1483050493203125,-0.1531800706796875,0.30148512,-0.09294026298444198,9.059526127190122,1.5078507105235173,8.082320570108363,12.186932814316735,-0.010607455275,0.0009899398306526302,0.0009899011603727017,0.003299005275,-0.003236134724999999,0.006535139999999999,0.03523568071637957,3.558565300728985,1.3130585088827598,3.3326612868681873,4.375979259946441,-0.01161352876796875,0.006036495686774827,0.006036259881556403,0.02329512876796875,-0.02019499123203125,0.04349012,0.14752947484302217,2.8808511299853525,1.2449425965190357,3.859199110884252,4.804481361588194
BF_10HZ,-0.013688768987499999,0.01775721701138055,0.017756523356542833,0.1221443789875,-0.11681585101249999,0.23896023,0.05784290398779767,8.251390844600945,1.4880045936466444,6.878845398668251,10.235753552203441,-0.01641352337421875,0.018326914155789655,0.01832619824672257,0.12610285337421875,-0.12418138662578124,0.25028424,-0.10279313135315338,7.998888088666575,1.4894943833084349,6.881015455388888,10.24923387226028,-0.010633127625781249,0.0009971618742792695,0.0009971229218827516,0.0033246776257812487,-0.003664912374218751,0.0069895899999999995,-0.0006230094706953437,3.5718823122440724,1.3162525159736111,3.675487037544701,4.837869060596606,-0.012129147575,0.005769773575097903,0.005769548188915466,0.020432917575,-0.019679372425,0.04011229,0.2003089004641558,2.90758121780949,1.2443450359442965,3.541510861154778,4.4068614598207585
BF_10HZ,-0.01373464411015625,0.0181120744591223,0.018111366942394787,0.10577492411015625,-0.10722057588984375,0.2129955,0.22483609766457896,7.750029075503937,1.4737282873072957,5.920070872114219,8.724575907098696,-0.01637821898828125,0.01993792377282244,0.019937144932463045,0.12606754898828126,-0.12421669101171874,0.25028424,0.005838377950313298,6.7596666710858475,1.4712493582930048,6.323249864277674,9.303077305144857,-0.0106428155359375,0.0010074455560108002,0.0010074062019001183,0.0037932855359374988,-0.0036552244640625006,0.007448509999999999,-0.03101342877402951,3.5628912467306666,1.3136287579653203,3.765398236364633,4.946335408480481,-0.013332847334375,0.005135534725844091,0.005135334115100608,0.017551037334375,-0.017288142665625,0.03483918,-0.0033606103970593537,2.846113877824527,1.2466863024625316,3.4177011545880984,4.260801215335362
BF_10HZ,-0.013772979599218749,0.018149829287277444,0.01814912029572315,0.14504345959921874,-0.10718224040078125,0.2522257,0.5080179375219179,9.264845737860615,1.515007908762617,7.991762533713456,12.107583443528656,-0.016282356464062498,0.020405859149243536,0.020405062029801475,0.1087502664640625,-0.1374111435359375,0.24616141,-0.15347136378426263,6.755452650498012,1.5094805129719127,6.734169361271694,10.165097421892135,-0.01065330536875,0.001009537746508933,0.0010094983106704637,0.003803775368749999,-0.0034659346312500006,0.0072697099999999995,0.02318907387423506,3.5463697177822757,1.3128364721942332,3.767985868370301,4.94674927470899,-0.012278751374218749,0.00585720541523836,0.005856976613682959,0.020570601374218747,-0.01982031862578125,0.04039092,0.1359866268576846,2.961003863072006,1.250975344482397,3.51215357871877,4.3936175330127965
BF_10HZ,-0.013834871754687499,0.018506784926756864,0.018506061991350554,0.1549691617546875,-0.12787008824531249,0.28283925,0.5342840269627842,10.749655856511495,1.5286084771705322,8.373967504654296,12.800517715165123,-0.0163444134515625,0.019370976753323332,0.019370220059764447,0.1088123234515625,-0.14091615654843748,0.24972847999999997,-0.20716592529070485,8.140451598081624,1.5497313933507244,7.274886713401185,11.274120322827889,-0.010626018696093751,0.0010011430151231153,0.0010011039072102457,0.0033831286960937512,-0.0034932213039062486,0.00687635,0.027377630955517134,3.541566066204392,1.3133619446900169,3.4893693639062224,4.582804933521643,-0.01104831589296875,0.005755410409178326,0.0057551855840680165,0.01934016589296875,-0.02105075410703125,0.04039092,0.05224757508987908,2.857063307320571,1.241733715746313,3.657702049662082,4.541891957219802
BF_10HZ,-0.013783244883593749,0.018794147722795432,0.018793413562060653,0.15491753488359375,-0.12792171511640624,0.28283925,0.2648874136325698,9.622352668094324,1.5285784189408569,8.243182345347558,12.600350636492557,-0.016342278559375,0.018411168513781526,0.018410449313464302,0.099293558559375,-0.14091829144062498,0.24021184999999998,-0.07029997658745347,8.121392445667572,1.5342934512019508,7.654255963083192,11.743874797982022,-0.010566704240625,0.000991562266559982,0.0009915235329024132,0.0033238142406250004,-0.0034407857593749987,0.006764599999999999,0.0355701859145759,3.5526101716803087,1.3155624179997611,3.4702008022976942,4.565265758415466,-0.011357660962499998,0.005458209482146831,0.005457996266674488,0.0180537209625,-0.0220049290375,0.04005865,0.019905820683657045,2.854447707572159,1.242842352526647,4.031686348313943,5.010750545788068
BF_10HZ,-0.013679478722656251,0.018817283034317015,0.01881654796984148,0.11160227872265625,-0.10880597127734375,0.22040825,0.15892541871716215,7.756174484408871,1.4867932611491605,5.931070826674934,8.818276136498673,-0.016321491778125,0.01949578986491002,0.019495028295743733,0.097565231778125,-0.114396198221875,0.21196143,-0.04007607695725835,6.801042868965449,1.502746931839236,5.867967796017544,8.818070601596807,-0.010524117945312501,0.0009890722617888412,0.0009890336253989833,0.003319967945312501,-0.003423772054687498,0.006743739999999999,0.016394726383658416,3.5699823379875277,1.3204112682937315,3.46173473455599,4.570913551351539,-0.01190665670078125,0.005443975030963796,0.005443762371535563,0.01860271670078125,-0.021455933299218747,0.04005865,0.034887456208724604,3.03833913483472,1.2577202339665523,3.9413794789074363,4.957152720362428
BF_10HZ,-0.013706696715625001,0.018255881369942592,0.018255168235647903,0.136990786715625,-0.098578213284375,0.235569,0.3840858265276827,8.239616153096598,1.4832134128345942,7.504219350228464,11.13035879311176,-0.01623013848203125,0.01998262089426404,0.019981840307889232,0.09603006848203126,-0.10711951151796875,0.20314958,-0.055233699708581725,5.832909986372897,1.4633689974921131,5.360843138941302,7.844891649945008,-0.010513723914843752,0.0009943986279769268,0.000994359783521826,0.0033095739148437517,-0.0038021960851562474,0.007111769999999999,-0.06137083676107498,3.5858123224539487,1.3195869917484118,3.823762935875805,5.045787829711429,-0.012128946308593751,0.0052254873817370135,0.005225283257149278,0.019896316308593752,-0.019132743691406252,0.039029060000000004,0.002404978884375222,2.944647581251684,1.24739282278584,3.8077010047965225,4.749698904697612
BF_10HZ,-0.013638178948437501,0.017531787024818467,0.017531102176011597,0.1498480289484375,-0.1393252210515625,0.28917325,0.47089625740366114,10.478923265709403,1.507716852268592,8.54755322534596,12.88729004351686,-0.01612656928125,0.01920937379863735,0.01920862341781718,0.11675520928125001,-0.13481044071875,0.25156565000000003,-0.15325813071237263,7.474537543253661,1.5181122084534953,7.018224980854433,10.654453025108413,-0.010657857784375,0.0009966711181641327,0.0009966321849381502,0.003285337784375001,-0.003658062215624999,0.0069434,-0.07000133072369055,3.5327765516738396,1.3155495375512982,3.670423523249968,4.828623968628902,-0.011452692464062502,0.0051858854127706105,0.005185682835165003,0.019220062464062503,-0.017988217535937497,0.037208279999999996,-0.0028084137678197597,2.9146617867869247,1.2489168046660823,3.7063706121261353,4.628948541804844
BF_10HZ,-0.01356696847265625,0.017842619070444807,0.017841922079523998,0.14977681847265625,-0.13939643152734374,0.28917325,0.31947230127457,9.40063098717787,1.4817929688015532,8.394657134196615,12.439143916952343,-0.016192288059375,0.019198577991576857,0.019197828032476133,0.11682092805937501,-0.134744721940625,0.25156565000000003,-0.14938558087446696,7.8372508217317405,1.5278926468399605,7.018748251764898,10.723893843892414,-0.01058952882890625,0.0009962022168941895,0.0009961633019850203,0.00340474882890625,-0.0033762411710937506,0.006780990000000001,-0.016755343986350795,3.548927402440916,1.31406508470453,3.417862133770361,4.4912932943213555,-0.0123314343984375,0.005634968946849214,0.00563474882657542,0.0213951043984375,-0.0213097856015625,0.042704889999999995,-0.001441446026993134,2.9334974265259057,1.2482373480182443,3.7969934520471975,4.739549037026032
BF_10HZ,-0.013677353726562501,0.017864271699177436,0.017863573862434295,0.11984283372656251,-0.11171657627343748,0.23155941,0.21278828734673114,8.446339152704814,1.4966585555511969,6.708782612564592,10.040756894427908,-0.01628559220703125,0.019425325302178408,0.019424566485587862,0.11684271220703125,-0.11251148779296875,0.2293542,0.030519847048844945,6.984442545062365,1.5081147757684077,6.015203082844767,9.071616648485872,-0.010331757897656248,0.000992677736485569,0.0009926389592541049,0.003540337897656248,-0.0036340121023437522,0.00717435,-0.003611439855765575,3.5081407588021216,1.316347055493554,3.660960582359617,4.819094682867048,-0.012459852958593748,0.005498984132377107,0.00549876932411388,0.02152352295859375,-0.021181367041406253,0.04270489,0.009750178427289811,2.897653775397462,1.2454918597260136,3.914243658886752,4.875158614127617
BF_10HZ,-0.013733178788281251,0.018342588445258906,0.01834187192390293,0.10279792878828126,-0.11166075121171873,0.21445867999999998,0.15668964636968544,8.438238397335763,1.5287216290465346,6.087751112589749,9.306476798068054,-0.0164155220703125,0.02014678027437152,0.02014599327539568,0.10222015207031251,-0.1298860879296875,0.23210624000000002,-0.11089279781725493,6.460450036505266,1.484740111813832,6.4472416998330635,9.572478362300942,-0.0103092659984375,0.000996583528489729,0.000996544598685285,0.0035178459984375006,-0.0032989040015624985,0.006816749999999999,-0.0045977657399791025,3.456887691544195,1.3123681364339244,3.5300437161352356,4.632716893274684,-0.011572044607031248,0.0050081110610303995,0.005007915427871043,0.016535234607031248,-0.01950786539296875,0.036043099999999995,0.00787613118969519,2.857097115549023,1.2424081434855518,3.895406317047551,4.839684530484939
BF_10HZ,-0.01370869203515625,0.01822900544083981,0.018228293356406605,0.14448301203515626,-0.13861996796484374,0.28310298,0.31610876269122457,9.497416593458729,1.499741583247554,7.926304959557585,11.887409149349832,-0.016471269140625,0.019729969637178407,0.019729198920186097,0.09401086914062501,-0.129830340859375,0.22384121,-0.14993265569954659,5.8066708596943775,1.4461664071436204,6.580618979239851,9.516670105988414,-0.0106126013625,0.0010107255984245437,0.001010686116184703,0.0035902313625,-0.0035796486375,0.00716988,-0.008590375894140792,3.491693190817324,1.3077071076272482,3.5522713778368407,4.645330529018074,-0.012234981343749998,0.005230703099343111,0.005230498771012427,0.01719817134375,-0.019968388656250002,0.03716656,-0.0055522654942552485,2.7923414074225428,1.2359790189085087,3.817683462027633,4.718576659900153
BF_10HZ,-0.013669536580468749,0.018667921830057114,0.018667192600117576,0.15206520658046874,-0.13865912341953127,0.29072433,0.37462572224421736,9.885038980983406,1.4687677816381361,8.14612083551926,11.964759828541824,-0.01615190230703125,0.019195370147572558,0.01919462031378069,0.11203638230703125,-0.11484740769296875,0.22688379,-0.026884842967329056,6.324457096323251,1.464840840915543,5.98331229352396,8.764600211505943,-0.0106757529171875,0.0009936931312174509,0.0009936543143213555,0.0036727529171875,-0.0035164970828125003,0.00718925,-0.03214270555439157,3.5219641759270655,1.312113917341765,3.696207890664583,4.8498458147294485,-0.01275993406953125,0.005188853946093692,0.005188651252527487,0.01679336406953125,-0.019443435930468753,0.0362368,0.03244126919685659,2.9121561892822583,1.2477033086993639,3.7473005958913697,4.67551935218476
BF_10HZ,-0.013654742626562499,0.018834069428431646,0.01883333370822478,0.1520504126265625,-0.12172665737343752,0.27377707,0.12105553209561243,8.803952187802343,1.4974585866692858,8.073473076100168,12.089691582049486,-0.01605170411640625,0.02001812615164836,0.020017344178322346,0.12164204411640625,-0.13083249588359375,0.25247454,-0.14364582568028036,7.591851643769141,1.5234109192562189,6.535956754207082,9.956947887145503,-0.010477748097656251,0.0009938323238765305,0.0009937935015431156,0.0036028880976562514,-0.0033822319023437478,0.006985119999999999,-0.019112822398861057,3.5653058411394,1.317418710926142,3.6253890693205952,4.776155394310064,-0.012321246174218752,0.0053574711541679075,0.005357261873863362,0.021316376174218752,-0.01983295382578125,0.04114933,0.021516736378019433,3.03873078599376,1.2551198127499985,3.9789684872818354,4.994082182695322
BF_10HZ,-0.0137307935078125,0.01779670314632085,0.01779600794902586,0.1082578835078125,-0.12165060649218751,0.22990849000000002,-0.01489190737987967,8.583252604707353,1.5073475615245717,6.835836825912778,10.303981970519494,-0.01623089687109375,0.020168564226053634,0.02016777637612556,0.12182123687109375,-0.13065330312890625,0.25247454,-0.15351427767746414,6.984380904361561,1.5021168321403655,6.478319706260354,9.731193074760306,-0.010467143022656252,0.0010085215853741492,0.0010084821892302497,0.003592283022656252,-0.0034226369773437473,0.007014919999999999,-0.009202061764068353,3.5010265115460912,1.3117177280919807,3.562068880361839,4.672428899055377,-0.0113090080390625,0.005622571652994501,0.005622352016999456,0.020304138039062503,-0.020845191960937502,0.041149330000000005,-0.010008449217164355,2.9054316702189698,1.2439943529117479,3.707557246133121,4.612180277286634
BF_10HZ,-0.0136959738375,0.01712565519273285,0.017124986208760535,0.1020857538375,-0.1045072161625,0.20659297,0.2551526100949866,8.348727284196714,1.5027849279088403,6.10261607738042,9.170919461901464,-0.01618780874609375,0.019693145121351455,0.01969237584284489,0.12511127874609373,-0.10929403125390626,0.23440530999999998,-0.040202805900169114,6.0185004292344635,1.4583132238888232,6.353285136569856,9.26507972979613,-0.01059657396796875,0.0010138239154463156,0.001013784312176102,0.00348033396796875,-0.00367017603203125,0.00715051,0.01608500011550854,3.4692890950047484,1.3071822704016058,3.6202730580365428,4.732356755477973,-0.01176103318046875,0.005572284409453153,0.005572066737841928,0.020641433180468752,-0.01681418681953125,0.03745562,0.052980420442973075,2.816859306898014,1.2417154618560966,3.704448304663203,4.599870737546903
BF_10HZ,-0.013582839417968751,0.018032646209591743,0.018031941795590825,0.13111403941796876,-0.11644946058203123,0.2475635,0.46602803889516403,9.720894322932693,1.5358776053282381,7.271210217084263,11.167688936053596,-0.01612972528671875,0.020155273142033355,0.020154485811298393,0.12593080528671874,-0.21900419471328125,0.344935,-0.19410148737367774,7.679929875018509,1.4917102604801318,10.866275466601575,16.2093346067331,-0.01049144329296875,0.0010260614550898668,0.001026021373781424,0.0037357832929687494,-0.0037753067070312504,0.00751109,0.00712231253884326,3.494559106717677,1.3085366126434668,3.679559513577457,4.814838341916687,-0.0125408771796875,0.005258294921666108,0.005258089515508813,0.0187809971796875,-0.0161028828203125,0.034883880000000006,0.048811607217601465,2.7997308871042437,1.242941604643471,3.571829107186683,4.439575001998872
BF_10HZ,-0.013528516229687503,0.01803288459282149,0.018032180169508548,0.1310597162296875,-0.11650378377031248,0.2475635,0.3002301644877808,9.424994231858552,1.5219437577149084,7.268101527251956,11.061641749839307,-0.01612765628203125,0.020103953650988236,0.020103168324960046,0.12592873628203125,-0.21900626371796875,0.344935,-0.27599300651626274,8.643436563574356,1.5571666689394068,10.894116796806157,16.963955563519484,-0.01052389456171875,0.0010283152501516374,0.0010282750808026054,0.00376823456171875,-0.00354766543828125,0.0073159,0.046310499114476614,3.4835637218562887,1.3059550345904845,3.6646172138855184,4.785825300320747,-0.011821656857031248,0.005232856640687533,0.005232652228232498,0.018753136857031248,-0.016822103142968753,0.03557524,-0.016270949935689654,2.790843918344167,1.24518837900685,3.5838683786110783,4.462591256936636
BF_10HZ,-0.013449217847656252,0.01762368929866669,0.01762300085985713,0.10660550784765625,-0.12325679215234374,0.2298623,0.11039634485200488,8.122747006212748,1.4835072964095308,6.994086485753198,10.375778333334164,-0.016197832837500002,0.019601916860408145,0.019601151145575126,0.10552333283750001,-0.1257544771625,0.23127781,-0.06767479680734743,7.560507030177607,1.5400023951987865,6.415667948710682,9.880144007814534,-0.01081981368359375,0.0010005612174817874,0.0010005221322958318,0.0036618536835937507,-0.0038373163164062505,0.007499170000000001,0.07328596623283229,3.5881204146737793,1.3168191983283382,3.8353137752195594,5.050414810822252,-0.011473388564062499,0.0052981551964698176,0.005297948233240126,0.0184048685640625,-0.0189479414359375,0.03735281,0.03401056074450804,2.7753221523070954,1.2428391629373199,3.57646783278388,4.4449742875693685
BF_10HZ,-0.01355894540546875,0.017546720959292467,0.017546035527117386,0.11093491540546875,-0.12314706459453124,0.23408198,0.3103267006893684,8.9930142196858,1.507516438279117,7.018512210590679,10.580522529728153,-0.0162638475203125,0.01932647954661787,0.019325724591265067,0.1031457475203125,-0.11568310247968751,0.21882885000000002,0.036698989171993525,6.471271942324237,1.4911392766465825,5.985964558967921,8.925906862491505,-0.0107425417015625,0.001001327163200892,0.0010012880480945977,0.0033178717015625,-0.0039145882984375005,0.0072324600000000005,-0.014503133491279706,3.499212044167348,1.30764500352247,3.9095526066517734,5.11230693209644,-0.010882568525781249,0.005297184241887842,0.005296977316586805,0.01635235852578125,-0.01953876147421875,0.03589112,0.06648689745086482,2.704709176921122,1.2379828100317365,3.6886624779448507,4.566500739704794
BF_10HZ,-0.013751130726562501,0.01777449758834972,0.01777380325847628,0.14783027072656252,-0.12230373927343749,0.27013401000000004,0.5733005294170642,10.66188386360583,1.543416519428218,8.317312202500197,12.8370770505807,-0.016235087959375002,0.01885916912086245,0.0188584324201797,0.106669147959375,-0.10607305204062499,0.2127422,-0.020215420913038767,6.977117780183317,1.5208422138795956,5.656310428285245,8.602355674143576,-0.010635825340624998,0.000991951729111131,0.0009919129802398838,0.0035180953406249984,-0.0034893746593750007,0.007007469999999999,-0.016151300255144756,3.544567366055044,1.3119943600709962,3.546778206062173,4.653353002776297,-0.0112090243828125,0.005372089303036095,0.005371879451698956,0.0157967343828125,-0.018538825617187497,0.03433556,-0.03539434863621142,2.744304825532711,1.2404855612351862,3.451087423662169,4.281024119613259
BF_10HZ,-0.013837251562500002,0.018076259582502238,0.018075553464820666,0.14791639156250003,-0.1222176184375,0.27013401000000004,0.4454759655929763,10.384559648517156,1.5432887703012563,8.183228903633882,12.629085271782833,-0.01638511664140625,0.019322016700428164,0.0193212619194087,0.10681917664140625,-0.17862459335859376,0.28544377,-0.24563412526742742,7.622250290264508,1.5386302374598773,9.244975514728715,14.224598871537792,-0.010741856767187499,0.001000001265474831,0.0009999622021624284,0.0036241267671874985,-0.0033833432328125006,0.007007469999999999,0.007167444699396235,3.5259531898900685,1.310964159209876,3.624263756520284,4.751279888321441,-0.01184557298671875,0.005487957876838938,0.005487743499297232,0.01901098298671875,-0.01790227701328125,0.03691326,-0.008656682338187095,2.822920582767956,1.2466225383081615,3.4642623127617616,4.318627477700369
BF_20HZ,-0.01385742861484375,0.04139018070082564,0.04138856386531258,0.26183365861484376,-0.2930051013851563,0.55483876,0.09015085394619607,6.925425272800307,1.4507082028681113,7.079373479559687,10.270105177964203,-0.0165712973953125,0.07956905847344838,0.07956595024639301,0.3477804173953125,-0.4130568026046875,0.76083722,-0.030338979045126738,4.950307251508729,1.485102842356689,5.191376478576183,7.709727964077148,-0.010695996196875,0.0009589229825517602,0.0009588855238911255,0.003408406196875,-0.0032399738031250007,0.006648380000000001,-0.006299176879543724,3.3729177938435875,1.3001557764742602,3.554549643260648,4.621468251449852,-0.01093938292421875,0.011683974359058059,0.011683517944895146,0.04127131292421875,-0.041030327075781255,0.08230164000000001,-0.010863398952737366,2.9246608072218088,1.2449106066964433,3.5324388697713545,4.397570616485155
BF_20HZ,-0.01381280135546875,0.04215292213243235,0.042151275501750164,0.2617890313554687,-0.29970703864453124,0.56149607,0.021338800453494945,7.424261017494158,1.4586531407083154,7.110272111032254,10.37142074604794,-0.0164637567609375,0.08034106653742923,0.08033792815321984,0.3476728767609375,-0.41316434323906254,0.76083722,-0.022577519289101202,4.829742295083902,1.4792581758352874,5.142830450532392,7.607573990884715,-0.010681663444531248,0.0009748371891852974,0.000974799108863824,0.003394073444531248,-0.004158736555468752,0.00755281,-0.011730134314531853,3.3597595109243286,1.2969641668377163,4.26624985358877,5.533173186881288,-0.01190844563203125,0.011444240722079741,0.01144379367269493,0.04437256563203125,-0.04006126436796875,0.08443383,-0.10697716806216499,2.970612450188008,1.249871242547753,3.877434957421933,4.846294448131045
BF_20HZ,-0.013881651344531249,0.040438983453201176,0.04043740377455634,0.23600936134453127,-0.29963818865546876,0.53564755,-0.005040583865838455,6.976737788122462,1.4435331662360402,7.4099264711945825,10.696474620539766,-0.016405606236718752,0.07886784342465489,0.07886476258934737,0.2952963662367188,-0.3129872137632812,0.6082835799999999,-0.03607311424872172,4.616061523061446,1.47678907293957,3.9686572746439466,5.860869697436315,-0.010654006367187501,0.0009571092037707306,0.0009570718159622134,0.003288936367187502,-0.004186393632812499,0.0074753300000000005,-0.028276361724611555,3.4116741234776398,1.304284290998544,4.374168754100877,5.705159592150446,-0.0122586863125,0.011587829989770438,0.011587377331320304,0.04621578631249999,-0.0411056636875,0.08732145,-0.1061156803599221,2.9179357074796717,1.2493384756414632,3.9884595962522273,4.982936032139324
BF_20HZ,-0.01403070781953125,0.04138491617003061,0.0413832995401673,0.24103369781953124,-0.3478009021804688,0.5888346,-0.01036369041117311,7.5106571150497965,1.4473179625933252,8.404378240620654,12.16380759207876,-0.016359269200000002,0.07790800094357418,0.07790495760284592,0.29525002920000004,-0.31303355079999995,0.6082835799999999,-0.035249302119129196,4.676667249655999,1.4780367524342368,4.018146732019589,5.938968546598475,-0.01058941614765625,0.0009357045001225385,0.0009356679484515887,0.003272026147656249,-0.0031945738523437503,0.006466599999999999,-0.005133059508018372,3.3954836483953885,1.3034935479147978,3.4969950109662684,4.558310433884768,-0.01180348945,0.011855252292118089,0.011854789187280236,0.04576058945,-0.045688160549999995,0.09144875,-0.1492817209433881,2.978597308989626,1.252471747581171,3.8600930583480535,4.834657498615134
BF_20HZ,-0.013888185713281249,0.04147072335925468,0.04146910337748258,0.24089117571328122,-0.34794342428671876,0.5888346,-0.017114440072653964,7.539477232400091,1.4513043883146577,8.390425544518754,12.177061412587468,-0.01615237177109375,0.08013782300119979,0.0801346925563461,0.35124742177109375,-0.45033235822890627,0.80157978,-0.03871293152273548,4.7477648810547155,1.47864304844909,5.61969284292516,8.309519756610392,-0.010599468642187502,0.0009479190958945268,0.0009478820670816103,0.0033640286421875018,-0.0033633213578124974,0.006727349999999999,-0.008320730968424775,3.4071315772617288,1.3006324321019034,3.5489949214303125,4.61593789617721,-0.012979143917187502,0.011733047783061031,0.011732589451930052,0.0429221839171875,-0.0445125060828125,0.08743469000000001,-0.11114262268451564,2.961554360402342,1.2436794922541012,3.793920026366391,4.718420532044019
BF_20HZ,-0.0138195297578125,0.041860139865695416,0.04185850467204392,0.2290485297578125,-0.3626081202421875,0.59165665,-0.02985876373984926,6.701549621346088,1.4146107846713802,8.66271079397547,12.254364113646876,-0.016326150592968748,0.08069814386415511,0.08069499153134022,0.3514212005929688,-0.45015857940703125,0.80157978,-0.05916467097385755,4.633807340525527,1.455722122550012,5.57851944543794,8.120774167799434,-0.010603046737500002,0.0009594266596968414,0.0009593891813609339,0.0033676067375000016,-0.0033597432624999975,0.006727349999999999,0.012424928795384656,3.3479732292802327,1.2979898604191626,3.510157090496799,4.556148311943274,-0.013563233578906249,0.011901861020278893,0.011901396094752036,0.05650354357890625,-0.04317298642109375,0.09967653,-0.029254399185258944,3.101452622705663,1.2550565857927376,4.747639951570194,5.958556788190886
BF_20HZ,-0.01373558316171875,0.04313673413361787,0.043135049072028774,0.22896458316171875,-0.36269206683828126,0.59165665,-0.06371952967102168,6.543208033208011,1.4045926440051997,8.40829150866717,11.81022440172529,-0.0163640643234375,0.08190899689349229,0.08190579726080709,0.4026972343234375,-0.3998763856765625,0.80257362,-0.006871119607234835,4.7568693140250105,1.4544487507742252,4.916590129037582,7.1509283712475975,-0.01065090961171875,0.0009467691784412552,0.0009467321945478666,0.00313683961171875,-0.00308093038828125,0.00621777,-0.009282750305970833,3.393660149270094,1.305864869232431,3.313333622521223,4.326765977697094,-0.012075977041406248,0.012115073833811364,0.012114600579496301,0.05501628704140625,-0.045081912958593755,0.1000982,-0.0870286475363363,3.0461838025998302,1.2589274501294285,4.541320754273989,5.717193357398006
BF_20HZ,-0.0135771067765625,0.04389819697866806,0.04389648217185561,0.24419036677656247,-0.32847773322343754,0.5726681,0.010860117779377343,6.412736614779216,1.4115588752874442,7.483008135764516,10.562706547886554,-0.01630934271015625,0.08190561477982541,0.08190241527925661,0.4026425127101563,-0.3999311072898437,0.80257362,0.005010271924775402,4.815846193191346,1.4657637387863705,4.916125017037603,7.2058777853142475,-0.010690132464843752,0.0009376081630012023,0.0009375715369669688,0.003229702464843752,-0.0031772975351562482,0.006407,-0.08453205150682223,3.4984316385850684,1.3112302936201647,3.444753106831502,4.516864627719645,-0.01101724473671875,0.011955073826657487,0.01195460682246478,0.04563590473671875,-0.04614064526328125,0.09177655000000001,-0.03421442161646075,2.8719123184544753,1.2479753287772155,3.8596539349646344,4.816752888453763
BF_20HZ,-0.0136750513390625,0.04331776556279977,0.04331607342953236,0.24428831133906248,-0.32837978866093753,0.5726681,-0.0421976921289955,7.103226294926103,1.4276880468041349,7.581014682578599,10.823324044964108,-0.016352833478125,0.08079709490892728,0.0807939387107617,0.366774023478125,-0.375922436521875,0.74269646,-0.01851094084734711,4.748196388259411,1.466166107562315,4.652854440822086,6.821857484554149,-0.010782644935156249,0.0009528641414002227,0.0009528269194176934,0.003322214935156249,-0.003522845064843752,0.006845060000000001,-0.04298996746749808,3.434718531641477,1.3040911730191926,3.697256021058566,4.821558941454539,-0.01107079743203125,0.012152673021065472,0.01215219829800347,0.045689457432031254,-0.04276439256796875,0.08845385,-0.020516987416482824,3.0291129658249805,1.255187717441212,3.7597689168335693,4.719215764826746
BF_20HZ,-0.01390439213125,0.0404207401200265,0.04041916115402578,0.23254104213125,-0.32194906786875,0.5544901099999999,-0.02931291533633286,6.832376348851532,1.4302976907184095,7.965258522854911,11.39269087121451,-0.01648848688828125,0.081129533944446,0.08112636476012695,0.36690967688828124,-0.37578678311171876,0.74269646,-0.035374724519193206,4.787297067463278,1.4757434938682665,4.6321166272251775,6.8358159754665735,-0.010722177475781249,0.0009621604671981769,0.0009621228820708281,0.0031723474757812484,-0.0035833125242187517,0.00675566,0.0703051986959678,3.429274810226227,1.3020117908610824,3.7243813560552663,4.849188439247143,-0.0121137263078125,0.011430558330924412,0.011430111816018445,0.0413251763078125,-0.0417214636921875,0.08304664,-0.04597221647941783,3.177840806178309,1.2654072040876556,3.650136093482305,4.618908508592881
BF_20HZ,-0.01394463808359375,0.0419078449526478,0.04190620789547994,0.22539053808359374,-0.34226669191640624,0.56765723,-0.06537316599435841,7.580991927385741,1.4538864680697918,8.167446044511308,11.874539282805138,-0.01661179990625,0.07945199278970304,0.07944888913561526,0.32512522990625,-0.42549504009375,0.75062027,-0.03822294312086454,4.6167807526803575,1.4637510138778191,5.355581993946465,7.83923857354493,-0.01059698883984375,0.0009686036591563056,0.000968565822336855,0.00314549883984375,-0.00359675116015625,0.00674225,-0.003970828777298437,3.3631924279310557,1.297549483211714,3.7134813940454583,4.81842586376,-0.012364413336718751,0.010937486593171928,0.010937059339256917,0.042872163336718755,-0.042376696663281255,0.08524886000000001,-0.027968176094583443,3.037649978634759,1.256820344210981,3.9198985766526495,4.926608278380718
BF_20HZ,-0.013862793188281248,0.04126673226899067,0.041265120255776166,0.22530869318828123,-0.34234853681171873,0.56765723,-0.0887200624049091,7.676781338748208,1.4424437642317514,8.296317439273615,11.96697135636736,-0.016438551065625,0.08020284106053789,0.08019970807586667,0.32495198106562495,-0.425668288934375,0.75062027,-0.026850525993401167,4.615230180284851,1.4637428072305718,5.307603969477106,7.768967133950546,-0.010656517715625001,0.0009673869119711445,0.0009673491226818092,0.003205027715625001,-0.003537222284374999,0.00674225,-0.07992202801449244,3.3309840220117155,1.2963538128776444,3.656613937446553,4.740265420030375,-0.0123657686546875,0.0109263021019727,0.01092587528496041,0.0428735186546875,-0.042375341345312505,0.08524886000000001,0.0015276576276238353,3.0011663057345435,1.2540960791329203,3.9240351492665653,4.921117095074963
BF_20HZ,-0.01388640293125,0.04083508754449533,0.04083349239273221,0.22682975293125002,-0.34977938706875,0.57660914,-0.13072641666264823,8.074159872443195,1.450185725208845,8.565992438378988,12.422279956384115,-0.016468963940625,0.08146284140259465,0.08145965919819871,0.35852380394062505,-0.38715416605937497,0.74567797,-0.031124969862863613,4.7998031430067645,1.4659691916735709,4.752710358355341,6.967326962296787,-0.010484822687500001,0.0009627075762494402,0.0009626699697502266,0.003240442687500001,-0.003442207312499999,0.00668265,-0.020399420746795228,3.3993452468419383,1.3017618481495754,3.5756878480307335,4.654694021458465,-0.012268430097656248,0.011376175872028892,0.011375731481479218,0.039741050097656244,-0.04249502990234375,0.08223607999999999,-0.043841082972126626,2.9582462547169346,1.2477774663319672,3.7355865837313176,4.661180762711952
BF_20HZ,-0.013830475910156247,0.041570174455048764,0.04156855058839235,0.22677382591015624,-0.34983531408984375,0.57660914,-0.1317078424732382,7.979615024976048,1.4506658346505679,8.415865098446135,12.208607967343946,-0.0165295854140625,0.08149061093938446,0.08148742765021981,0.35858442541406255,-0.41597867458593746,0.7745631,-0.049648550260066884,4.828584150838374,1.4620407448075807,5.104820296592285,7.46345526853864,-0.010451908703906252,0.0009601987251044251,0.0009601612166091236,0.003207528703906252,-0.0031592412960937486,0.006366770000000001,0.029855697673323363,3.480995810936104,1.3105955409427144,3.340614730548963,4.3781947698650185,-0.013378843750781251,0.011486348837661774,0.011485900143396571,0.03910667375078125,-0.04138461624921875,0.08049129,0.00027216382816014573,2.9313055516252997,1.2483812164849213,3.6030799269146905,4.498017302254163
BF_20HZ,-0.013704483711718752,0.04293478322625359,0.0429331060535259,0.23925173371171876,-0.3357690562882813,0.5750207900000001,-0.03422783262160109,7.197198801262591,1.4395801813958997,7.820749234161364,11.258595601165862,-0.01621949776875,0.08049207101985689,0.08048892673691971,0.33408865776874996,-0.41628876223125,0.75037742,-0.021817714549725836,4.53743651842429,1.4475882386994046,5.172000411831821,7.486926966716221,-0.010734980999218751,0.0009686670923639554,0.0009686292530665967,0.003380340999218751,-0.0032888990007812497,0.006669240000000001,0.00610650803892991,3.4782357238092674,1.3086290930743594,3.489819235292433,4.566878980874192,-0.012323684303125,0.011882905412451671,0.011882441227392704,0.042001504303125,-0.045972565696875,0.08797407,0.02254887214376222,2.9350033432684954,1.2510873040301045,3.8689495548182484,4.840393667966035
BF_20HZ,-0.013804125828125003,0.042525926578254485,0.04252426537680155,0.23935137582812502,-0.335669414171875,0.5750207900000001,-0.04592434616744136,7.443828783400927,1.4490622538528763,7.893597013318289,11.438313479125332,-0.0160627377984375,0.08035792103800887,0.0803547819954077,0.33393189779843746,-0.3512922822015625,0.68522418,-0.05074848324141488,4.567580369198109,1.4542871680304539,4.371765730403437,6.357802803361004,-0.01074615658125,0.0009545758357265017,0.0009545385468796067,0.003121826581249999,-0.0032777234187500014,0.00639955,-0.04893900617360817,3.3826685553693845,1.3020630265952646,3.433830335574087,4.47106351955223,-0.011699247885937498,0.01195296907116947,0.01195250214919538,0.0465384278859375,-0.0465970021140625,0.09313542999999999,-0.06890453660327277,3.0124986190101977,1.2531641879411684,3.898514430905107,4.885478670982125
BF_20HZ,-0.0138491283859375,0.039937470518168296,0.03993591043025512,0.2241551783859375,-0.3015034016140625,0.52565858,0.033084322973040176,6.979794759459732,1.4244324215500856,7.549681436225528,10.754011010134457,-0.01618328755078125,0.078900273551427,0.0788971914492929,0.31364539755078125,-0.35117173244921873,0.66481713,-0.035511516432099814,4.619731488004959,1.4596298725492143,4.451004224591648,6.496818729056721,-0.010621484672656249,0.0009284519269087206,0.0009284156585469454,0.0034977946726562487,-0.0032593553273437513,0.00675715,0.008528343407426057,3.4615437302861847,1.3113263604806704,3.7674878061951413,4.94040607305318,-0.012657838803906252,0.01140751170175946,0.01140706608713003,0.04749701880390625,-0.043540491196093746,0.09103750999999999,-0.028309409651187032,2.9666511528571102,1.251468110658859,4.163824285851605,5.21089331213018
BF_20HZ,-0.013780376759374999,0.042711654129771626,0.042709985673194506,0.24651390675937498,-0.346093363240625,0.59260727,0.001083163046440725,7.662556754590623,1.4574825787829835,8.103335971330914,11.810471008240294,-0.0162681770390625,0.08078123021521393,0.08077807463677505,0.33848066703906254,-0.4292909929609375,0.76777166,-0.00045070130379407656,4.74872026175786,1.4718231169050604,5.314449433107661,7.821929529270848,-0.01064280820234375,0.0009360344924996121,0.0009359979279380834,0.0035191182023437493,-0.00336319179765625,0.006882309999999999,8.453749848362335e-05,3.444518105014452,1.3088003446974203,3.759749992284748,4.920762085878402,-0.010641271290625,0.011299950078024004,0.011299508665102567,0.041719691290625,-0.045452758709375,0.08717245,-0.05632466531626964,2.99031414816332,1.2545568224940724,4.022542931424216,5.046508678393555
BF_20HZ,-0.013732751703125,0.04172653417663944,0.0417249042020621,0.24646628170312498,-0.346140988296875,0.59260727,-0.008719146431413022,7.484512369395518,1.4509922053953284,8.29578868822827,12.037124724225956,-0.01631526347734375,0.07828070186496057,0.0782776439653182,0.33852775347734376,-0.42924390652265626,0.76777166,-0.034711302035266,4.901869220153353,1.4773941499314986,5.483607895925402,8.101450225958363,-0.01063930577109375,0.0009486321373644903,0.0009485950806978473,0.0030507357710937493,-0.003475464228906251,0.0065262,-0.029198153037657573,3.437751332965189,1.306031159594348,3.6638016574463754,4.785039127198383,-0.01116104370546875,0.011498392122205258,0.011497942957490064,0.04595254370546875,-0.044932986294531255,0.09088553,-0.08983887608798252,3.0649666768991235,1.2555855447673325,3.9965882484687447,5.018058433164348
BF_20HZ,-0.013739443553125001,0.04184322394190871,0.04184158940904839,0.22847824355312502,-0.331551666446875,0.56002991,-0.05261404337190651,7.221931371308262,1.4407955036185902,7.9239739964365645,11.416826104856433,-0.01630565705234375,0.07874212514954539,0.07873904922520392,0.3091934670523438,-0.40522876294765625,0.71442223,-0.05358200929803275,4.827554256052158,1.4772609631625537,5.14647772528532,7.60269064134962,-0.01061242849921875,0.0009583607521173145,0.0009583233154192352,0.00329503849921875,-0.0035023415007812506,0.0067973800000000004,-0.03848234130461748,3.4851605880221177,1.307028668701938,3.6546554220577327,4.776739410856437,-0.012496601014843749,0.012307816341235579,0.012307335557769266,0.04728810101484375,-0.04676814898515625,0.09405625000000001,-0.031170566155045022,3.0532972895118995,1.2517863456969511,3.842269579217911,4.809700595751751
BF_20HZ,-0.013826880004687498,0.042239600805202816,0.042237950788568845,0.2304073200046875,-0.3314642299953125,0.56187155,0.038437563726021313,6.856972382693325,1.4263168135769084,7.847545247981562,11.193085732501672,-0.01633618250546875,0.07900048135520407,0.07899739533862621,0.41196246250546875,-0.40519823749453127,0.8171607000000001,-0.036847625644809916,4.915024693624431,1.4787231345116354,5.214886652143042,7.711373536379847,-0.010571504950781251,0.0009609755756128238,0.0009609380367712066,0.0032541149507812513,-0.0033942650492187493,0.006648380000000001,-0.05006564561097362,3.4776615984745796,1.30520466124112,3.5322413301731994,4.610297848770593,-0.0119683428171875,0.011805853495846211,0.011805392320686527,0.0453562628171875,-0.0472964071828125,0.09265266999999999,-0.06232347430712945,3.2063275797192987,1.2593168307697873,4.006339298011745,5.0452505077606045
BF_20HZ,-0.01383016776953125,0.04388626366173014,0.043884549321071976,0.23914052776953124,-0.3824472622304687,0.62158779,-0.0348210150801666,7.269155312517395,1.424514954088261,8.714849944849032,12.414434069072701,-0.0164765912453125,0.08187554241828755,0.08187234409244332,0.4121028712453125,-0.38880637875468754,0.80090925,-0.028950056758625446,4.966874359159878,1.4735341347079665,5.03348079028983,7.4170057608888955,-0.010670477502343751,0.0009682018639333906,0.0009681640428093725,0.0033501075023437514,-0.003478562497656249,0.00682867,-0.011285062245321296,3.461013415501623,1.3044676193815594,3.592947417838739,4.686883564711221,-0.011862592162499998,0.01174889509717694,0.011748436146998161,0.0455559621625,-0.0481128878375,0.09366885,-0.1558138994067854,3.1336814391323604,1.2587944577890053,4.095258912378164,5.155089222112663
BF_20HZ,-0.01397587556640625,0.04402138661994166,0.04401966700093986,0.23928623556640624,-0.38230155443359376,0.62158779,-0.13922912224533268,7.638207136543852,1.4402885638665326,8.6847897878335,12.508603411001438,-0.01651564273125,0.08162449651906564,0.0816213079998934,0.34139523273125,-0.39101275726875,0.73240799,-0.040936273754557106,4.86529300328273,1.4676287658025222,4.790572055881054,7.030781353860763,-0.0107044405390625,0.0009630927610305701,0.0009630551394847821,0.0033840705390625007,-0.0034445994609374996,0.00682867,0.04850059245769877,3.4892411324009287,1.306406527328455,3.576741683534653,4.6726786819374375,-0.012011035973437499,0.012030789737453687,0.012030319775550444,0.0457044059734375,-0.0479644440265625,0.09366885,-0.10866138229390121,3.0150109686672777,1.251452043655774,3.986963349390095,4.989493431574904
BF_20HZ,-0.014002860760156251,0.04046528864300765,0.04046370793679626,0.22663778076015625,-0.2918375092398437,0.5184752899999999,-0.025792834641302803,6.891061399123423,1.4304372191839403,7.2123273946048085,10.316781542182655,-0.0165113451140625,0.08134247022490068,0.08133929272259571,0.4090741851140625,-0.3910170548859375,0.80009124,-0.017997395063118826,5.054453079632451,1.4777473741274598,5.029232138877739,7.431934587104006,-0.010642993986718752,0.000959308495585694,0.0009592710218656623,0.0031944839867187515,-0.0035596860132812488,0.00675417,0.035279701636288366,3.4575195070313756,1.3055897731853439,3.7108240863547657,4.8448139772346295,-0.013230434978124999,0.011691802559030998,0.01169134583907305,0.044928694978124996,-0.041176915021875,0.08610561,-0.06158362531631855,2.891178893720811,1.2425854720436567,3.842901886279944,4.775134054380623
BF_30HZ,-0.0137411652625,0.10723804217809826,0.10723385311025635,0.5667561552625,-0.5884483147375,1.1552044700000001,-0.01642360216217629,5.4120737178933656,1.3632007651845017,5.487523740590256,7.480596562140756,-0.0164530092984375,0.1634404145488159,0.16343403003292256,0.6699997592984375,-0.7391379107015625,1.40913767,-0.048409568121875246,3.934634591486635,1.3581981708164288,4.522545950513909,6.1425136374212395,-0.010674191909375002,0.0008622737244267682,0.0008622400412015194,0.002973871909375002,-0.0031008580906249986,0.00607473,0.0024374131998018277,3.2415637596360396,1.2870569244610648,3.596281710953711,4.628619278395659,-0.0129733240703125,0.023652303902996497,0.023651379966829304,0.0779045440703125,-0.0790565259296875,0.15696106999999998,-0.061215147008138245,2.857852798371857,1.2470404427821438,3.342575614639106,4.168326974512347
BF_30HZ,-0.013617131072656252,0.11101555642655991,0.11101121979668556,0.5666321210726563,-0.5885723489273438,1.1552044700000001,-0.030760497661424878,5.5104754739252435,1.3705632211129648,5.3019176800804475,7.266613373686837,-0.0164644815234375,0.16257811255543936,0.16257176172387555,0.6662400415234375,-0.8156617784765625,1.48190182,-0.057966255644298366,3.7318695382941405,1.3443650062154116,5.017241431276027,6.7450038079416155,-0.010638643768750003,0.0008493158050695561,0.0008492826280229186,0.0029383237687500025,-0.003136406231249998,0.00607473,-0.05200453638675107,3.315375053845273,1.2926474738555602,3.693006459523813,4.773755470835723,-0.01018396479765625,0.023935365493657337,0.023934430500180796,0.07987126479765624,-0.08402128520234375,0.16389255,-0.09686527973556557,2.7995384280169575,1.2399469519088773,3.5104777279621957,4.352806158530725
BF_30HZ,-0.013941615829687502,0.10953464846119912,0.10953036968042203,0.5170788458296874,-0.5627375541703126,1.0798164,-0.08130405151562854,5.098245886154814,1.3615834607899082,5.13773080299298,6.995449287346096,-0.016309521422656247,0.16014169401204184,0.1601354383549363,0.6660850814226563,-0.8158167385773437,1.48190182,-0.08339652695141114,3.9285605755123796,1.3530699829466117,5.09454213856839,6.893272044553526,-0.010746891919531251,0.0008300652868278426,0.0008300328617692616,0.002952701919531251,-0.003068388080468748,0.006021089999999999,-0.022178747548403523,3.3972262269883062,1.301708945810327,3.6967067471621626,4.812036242818381,-0.010005727621875,0.022498111400406497,0.02249723255076455,0.079693027621875,-0.089643982378125,0.16933701,-0.08396788863213589,2.9003777878248713,1.2465366807945883,3.984667099646375,4.967033700464592
BF_30HZ,-0.013976151214843751,0.10751046242560029,0.10750626271613462,0.5469729812148437,-0.5498622087851562,1.09683519,-0.04454514068862808,5.151099879613468,1.3544821448640836,5.1146993197693265,6.927768904976026,-0.01653004382421875,0.16347287560324342,0.16346648981931539,0.7986652938242187,-0.8031621461757813,1.60182744,-0.04486710208165368,4.073725784194803,1.3618883423410826,4.913313713798721,6.691384669087049,-0.010965241990625,0.0008565841011354069,0.0008565506401654089,0.0031144319906249995,-0.002908148009375,0.00602258,-0.06181801961892916,3.3690685395801516,1.2959227777364208,3.636016184663139,4.711996193923238,-0.01141480001796875,0.021753076797588453,0.02175222705142912,0.08051355001796875,-0.08823490998203125,0.16874846,-0.08003141921701667,3.0045188636575824,1.2531788406570652,4.056362126664829,5.083347187179058
BF_30HZ,-0.01370735369453125,0.10906663382990574,0.10906237333130726,0.5467041836945312,-0.5945643063054687,1.1412684899999999,-0.05341469411106761,5.468156875805043,1.3624200533973043,5.45159882500736,7.42736756226721,-0.01642463783046875,0.1676478459618335,0.16764129708994044,0.7985598878304687,-0.7880740321695312,1.58663392,-0.035138060485214916,3.832569195067435,1.3556258018477036,4.763503395001991,6.457528109453833,-0.01111873189609375,0.0008578980492199077,0.0008578645369228103,0.0028849918960937495,-0.0030615981039062504,0.00594659,-0.039099479789981864,3.3361841776612935,1.2949974555316224,3.568859618429162,4.621664125015322,-0.0124536302296875,0.02205849134172987,0.022057629665081884,0.0762166902296875,-0.09684829977031251,0.17306499,-0.11778184579457282,2.930816421722765,1.2452076345597676,4.390693888728546,5.4673255512597
BF_30HZ,-0.0137756650015625,0.1082253234691147,0.1082210958348441,0.5082351450015625,-0.5944959949984375,1.10273114,-0.09081553536971661,5.140979204292998,1.3598888613751439,5.493346656789505,7.470340930240434,-0.015937426224218752,0.16004201761049408,0.16003576584707402,0.5940112262242188,-0.6360895237757812,1.23010075,-0.09563779937530459,3.731401853315938,1.352401732583431,3.9746710393701097,5.375352000093323,-0.0109496149171875,0.0008800982311355115,0.0008800638516268699,0.0030704949171874996,-0.0032307150828125002,0.00630121,0.020871778733276683,3.2908758087554215,1.2881536405682164,3.6710007766371264,4.728813014953864,-0.0122227531,0.0214183543348239,0.021417517664016148,0.0699870731,-0.09707917690000001,0.16706625000000003,-0.06902670391460843,2.9135398855017662,1.245950159397526,4.53269974713755,5.647517972447156
BF_30HZ,-0.0139023013890625,0.1095674095551524,0.1095631294946201,0.5747159713890625,-0.5855976986109376,1.16031367,-0.006088241558366118,5.416643512492899,1.3644209203760553,5.344842752412364,7.292615267511767,-0.016453270769531247,0.15999977946862992,0.1599935293551695,0.6667786907695313,-0.8193890392304687,1.48616773,-0.07664139413111043,3.898201079185065,1.3469694629541171,5.121388611982598,6.898354068261533,-0.010743897834375,0.0008625701222019613,0.0008625364273984483,0.0028647778343750003,-0.0029119521656250005,0.005776730000000001,0.0029226756886035865,3.2726690613216896,1.2910592749448282,3.3760338382553035,4.358659799407097,-0.013455521362499999,0.021987499430232392,0.021986640526760113,0.0712198413625,-0.1034766986375,0.17469654,-0.20404821486307526,3.230045896427273,1.2583469484963254,4.706344223509622,5.92221389222664
BF_30HZ,-0.013868215360937502,0.11273207058797831,0.11272766690545986,0.5746818853609376,-0.7122982146390625,1.2869801,0.004002677124965612,5.645934289545604,1.366136363388514,6.318752389654602,8.63227741075522,-0.01667859043984375,0.16864417775588803,0.16863758996402411,0.7192701904398437,-1.0691261095601563,1.7883963,-0.10625381613814223,4.1709321233085745,1.3522478066929906,6.339785274375871,8.572960732179292,-0.010640263678125,0.0008477709446256319,0.0008477378279262843,0.002750713678124999,-0.0030155863218750013,0.0057663,-0.008479387001941525,3.3613695215747437,1.303054858134136,3.5572157128479867,4.635247216057653,-0.015209271733593748,0.023425034703222138,0.023424119644931463,0.07943870173359376,-0.10172294826640625,0.18116165,-0.30054710089669134,3.1162765499838567,1.257917789784087,4.342658328609467,5.462707166511878
BF_30HZ,-0.013938719482031252,0.10930208968903798,0.10929781999276537,0.5471963194820313,-0.7805173405179687,1.3277136600000001,-0.11786397256046506,5.4630225598749735,1.359332793800665,7.141197697901318,9.707264217771074,-0.0162702266140625,0.16519473541605967,0.16518828237066896,0.7188618266140625,-1.0695344733859375,1.7883963,-0.09936604541305448,4.025146791177019,1.3455379676796468,6.474638866853702,8.711872422365982,-0.01056591954609375,0.0008539685857356526,0.0008539352269362205,0.00282089954609375,-0.0028247104539062505,0.0056456100000000006,-0.009936591896327363,3.304109657385975,1.2963347736984228,3.307874373611273,4.288112577538182,-0.0122291035265625,0.023087888174143832,0.02308698628589668,0.07645853352656251,-0.08525414647343749,0.16171268,-0.17686416877317118,3.037863159246399,1.2596972756039437,3.6927360469528807,4.651729537871021
BF_30HZ,-0.0138918363125,0.10600097871189992,0.1059968379677935,0.5239605463125,-0.7805642236875,1.30452477,-0.1059756037375912,5.470905681434408,1.3594788131692628,7.364033103748526,10.01124698402321,-0.0163500128390625,0.156727294411606,0.15672117213208994,0.6338149728390624,-0.6591385171609375,1.29295349,-0.0617848701484721,3.697897568157287,1.343120808164017,4.205803901245667,5.648902734820455,-0.0107239530203125,0.0008724440497976908,0.0008724099692863476,0.0034602030203124993,-0.0030749369796875,0.006535139999999999,-0.02039045934671119,3.2918223956891506,1.2921675621751343,3.966258000402069,5.125069931337165,-0.00993679032734375,0.022346657474089583,0.02234578454073219,0.07898190032734376,-0.09245451967265625,0.17143642,-0.0435373283617681,2.9247923037754218,1.2459364334393996,4.137447915696535,5.154997099624218
BF_30HZ,-0.013773743691406248,0.1076500319621721,0.10764582680066491,0.5238424536914063,-0.5980321763085937,1.12187463,-0.000644035893411345,5.322374160844877,1.3587466782378503,5.5555537458596564,7.548590197958655,-0.0164983818375,0.16118587849520796,0.16117958204884938,0.5860568218375,-0.6669273381625,1.25298416,-0.05152351794174309,3.871794687274112,1.358034760242713,4.137790467531871,5.619263285509227,-0.0107929092890625,0.0008557534312157314,0.000855720002694411,0.0035291592890624992,-0.0030074707109374998,0.006536629999999999,-0.02374455700607193,3.3622154951743175,1.2947392717183215,4.124198660718708,5.339761970400617,-0.010664411456249998,0.022913736573044016,0.02291284148772665,0.07970952145625,-0.09553384854375001,0.17524337,-0.15516586529675128,2.958674268682763,1.2476816111279003,4.169445705584926,5.202140735454506
BF_30HZ,-0.013792467682812498,0.10719214864879235,0.10718796137370146,0.5024334876828125,-0.5876967223171875,1.0901302099999999,-0.039502550860471365,5.040685356634369,1.350979256567511,5.482861272715453,7.407231846075918,-0.01634736905703125,0.16224667508197238,0.16224033719743777,0.5859058090570313,-0.6670783509429687,1.25298416,-0.04093854083970205,3.7735601784210284,1.3496068723592907,4.111667680591481,5.549134958583847,-0.01063357369453125,0.0008539646382601265,0.0008539312796148957,0.0029421936945312503,-0.0031668063054687487,0.006108999999999999,-0.05514174192777551,3.339317729545407,1.2933597140485087,3.7085025236420766,4.796427763525889,-0.0093754953375,0.022710710014913326,0.022709822860475792,0.0736377053375,-0.0968227646625,0.17046047,-0.1810755390440988,2.9290037590176645,1.2465285236283012,4.263475116356389,5.314543342317729
BF_30HZ,-0.013775803109375,0.10600379457354946,0.1059996537194463,0.540307563109375,-0.6151800368906251,1.1554876,-0.04669739422368068,5.275999227983829,1.3570712509915277,5.8036042128859,7.8759044294407685,-0.0164027663578125,0.15765430728249957,0.15764814879083597,0.6260705463578125,-0.7452703236421876,1.37134087,-0.04986395359431965,3.9186692188649204,1.3598703977624946,4.72742832287232,6.428689833818064,-0.010563067360156251,0.0008558437126958431,0.0008558102806478335,0.0029983373601562505,-0.0031464226398437486,0.006144759999999999,-0.034331876180778244,3.316924410318975,1.2922163050047593,3.6765422325400925,4.750887818926906,-0.011790252196875,0.023196079697771637,0.023195173583210545,0.080967972196875,-0.08118723780312499,0.16215521,-0.08951377385905264,2.880804522463037,1.2440887965351197,3.500178065573567,4.354532317258043
BF_30HZ,-0.01383887184921875,0.10841405482298153,0.1084098198162484,0.5403706318492187,-0.6175366781507813,1.1579073100000001,-0.051374454828750006,5.3657918721290505,1.3620557182406887,5.696316802273895,7.7587008734476735,-0.016383801115625,0.1608057861363668,0.160799504537656,0.666552761115625,-0.7452892888843751,1.4118420500000002,-0.07120032394885428,4.002025065224391,1.3631106690657562,4.634897918543295,6.317878802797032,-0.010505631352343751,0.0008647007553647723,0.0008646669773317758,0.0029409013523437506,-0.0029907886476562492,0.00593169,0.014864219371112873,3.243802084308582,1.2857151766187636,3.4588907938699656,4.447148387945537,-0.014063409932812498,0.023423689671590194,0.02342277466584084,0.0885336099328125,-0.08991475006718751,0.17844836,-0.05007892959011239,2.9650708635484158,1.2502892707339992,3.838774498322644,4.799578568020092
BF_30HZ,-0.013915956421875,0.10909550333473246,0.10909124170839693,0.722197886421875,-0.873376073578125,1.5955739599999998,-0.15347233275027442,5.774414869556715,1.362481719610086,8.005922931124724,10.907923642264635,-0.016207316375781253,0.16764768117247797,0.16764113230702213,0.6695171963757812,-1.4467715236242187,2.11628872,-0.12964411333440473,4.269209706729253,1.3520724643832174,8.630170315090483,11.668615645971277,-0.010629083672656253,0.0008799185375371293,0.000879884165047906,0.0029093936726562524,-0.0033039063273437464,0.006213299999999999,0.05569654896095105,3.2224696031678786,1.2850348927188167,3.754933272567603,4.825220275080224,-0.011839721593750002,0.023230875627623184,0.023229968153819537,0.08630992159375,-0.09213843840625,0.17844836,-0.09663746238087903,3.093556822705175,1.2570574725967334,3.966360943594334,4.9859436631610885
BF_30HZ,-0.0137366473703125,0.10764451052946869,0.10764030558364668,0.7220185773703125,-0.8735553826296875,1.5955739599999998,-0.15575133787573295,5.810368408211239,1.3595907421922553,8.115504484060132,11.03376476474789,-0.01632248276875,0.16425412788505397,0.1642477115828626,0.66963236276875,-1.4466563572312499,2.11628872,-0.11964904960624409,4.356647636299044,1.3585315785969165,8.8077717691757,11.96563608549962,-0.01068636928359375,0.0008913423219785953,0.0008913075032390762,0.00316484928359375,-0.003246620716406249,0.006411469999999999,0.07666159864254445,3.2802325135551915,1.2886837227870518,3.6425371766845824,4.694078369240125,-0.00910261115,0.022933309555028272,0.02293241370512637,0.07998638115,-0.08932529885,0.16931168,-0.1083325947872545,3.0388761927055037,1.2541897484697349,3.8951546923310563,4.885263083825395
BF_30HZ,-0.01367091761796875,0.10759702940781382,0.10759282631675936,0.5238931176179688,-0.5626119423820312,1.08650506,-0.06561853153778024,5.32925199257422,1.3640698996125176,5.229084146610944,7.132836286932998,-0.01650729431015625,0.15798851069557224,0.15798233914883283,0.6915815743101563,-0.8635447956898437,1.55512637,-0.09342099209643438,3.9223734257708385,1.3563374184087504,5.4660843759017315,7.41385477121496,-0.010709432039062501,0.0008942825077494932,0.0008942475741567242,0.003187912039062501,-0.0032935879609374986,0.006481499999999999,0.04020600138875295,3.3036551380175365,1.2875661203961557,3.6830829136364764,4.7422127782082875,-0.01085040780703125,0.022522729843873778,0.0225218500325551,0.08173417780703125,-0.09015371219296875,0.17188789,-0.12749740096901596,3.0195454139139226,1.253550642624898,4.002944343499868,5.017893454185959
BF_30HZ,-0.013786429536718749,0.10790154601682303,0.10789733103035619,0.5129215395367187,-0.6054545704632813,1.11837611,-0.1055560517348156,5.45026108899529,1.3763988693641107,5.6113952465880805,7.723518072958979,-0.016336536332031252,0.16217116252746674,0.16216482759269893,0.6914108163320313,-0.7534407036679688,1.44485152,-0.0901206738381319,3.972910366940462,1.3666032071677743,4.646141304823184,6.3494316081260305,-0.010661835618749999,0.0008813172781436433,0.0008812828510150478,0.004000045618749999,-0.003341184381250001,0.00734123,0.037394690431333935,3.4384715988784533,1.2959202200073836,4.538889658573078,5.882038884927262,-0.015062746646875,0.021141336135633966,0.021140510286060978,0.070040766646875,-0.085941373353125,0.15598214,-0.13729699817084312,3.0482524799822257,1.2580442039237287,4.065245927852108,5.114259077058885
BF_30HZ,-0.013764264726562501,0.1083592910914165,0.10835505822393343,0.4880610747265625,-0.6054767352734376,1.0935378100000002,-0.08632003724856728,5.183476578908455,1.365238780495641,5.587895435597672,7.628811550032524,-0.016115152596875,0.16383470807896056,0.1638283081606754,0.658994992596875,-0.695851537403125,1.35484653,-0.07391770745793741,3.9320648151314845,1.37020305757274,4.247443834435898,5.8198605288125504,-0.0106202283,0.00088425700308524,0.000884222461121396,0.0039584382999999996,-0.0031339617,0.0070924,0.026125755591838242,3.43333963542335,1.2976069235231786,4.476744794494132,5.809055040181935,-0.0160905097671875,0.02152154209206602,0.021520701390407775,0.0717956497671875,-0.0978289302328125,0.16962458,-0.16454429021200917,3.1048705222549584,1.259718538256503,4.545805847964457,5.72643589799565
BF_30HZ,-0.013852882471875,0.10965745442808171,0.10965317085010284,0.538228562471875,-0.542489297528125,1.08071786,-0.020999271023857853,5.240762544146205,1.363462755800622,4.947319747549427,6.745486216820581,-0.0165066654109375,0.16167641012526335,0.1616700945171387,0.6555214454109375,-0.6939342645890625,1.34945571,-0.09143103129306629,3.864531880436457,1.3566037471305041,4.292285884174443,5.822931114226418,-0.01073797799453125,0.0008595898259153096,0.0008595562475318941,0.00311960799453125,-0.0030162120054687495,0.006135819999999999,-0.03729966932330604,3.320476732349064,1.2932402498239532,3.629323855755578,4.693587689909377,-0.01507971716484375,0.02231007010200761,0.02230919859787235,0.07078485716484376,-0.09883972283515624,0.16962458,-0.23980206843038399,3.096310752024648,1.2538666167889128,4.430447037419922,5.555189637672179
BF_30HZ,-0.013670389003906252,0.10925719722017638,0.10925292927755008,0.5516214990039062,-0.5611075109960937,1.1127290099999998,-0.055082471548168345,5.365799204361018,1.3637257387320765,5.135857818243353,7.003901497206827,-0.01652162248515625,0.16129480910045382,0.16128850839891037,0.6778864124851562,-0.8249901675148438,1.5028765800000001,-0.07313538406046344,4.005902927696294,1.362566522635139,5.114996571698826,6.969523091990327,-0.0107353370859375,0.0008634904352141721,0.0008634567044602298,0.0031571970859374998,-0.0032721529140624997,0.0064293499999999995,-0.034673503981869316,3.492951233721649,1.302248126978372,3.7895969736062343,4.934995560881625,-0.015640746049999998,0.023069580113614013,0.023068678940539447,0.06793229605,-0.08796193395,0.15589423,-0.19407862193061973,2.881980882437665,1.2450744852228472,3.813045999587832,4.747526285067856
BF_30HZ,-0.013325534308593751,0.10864456780106435,0.10864032378974216,0.5512766443085937,-0.5614523656914062,1.1127290099999998,-0.08774811592908734,5.165845752544503,1.357464732535072,5.1679923817055,7.0153673961751455,-0.016167472025,0.16455035809917964,0.16454393022526953,0.677532262025,-0.897431957975,1.57496422,-0.0605590545908097,4.01836418383983,1.364707879548091,5.454056899858701,7.443194426740802,-0.0106116642921875,0.0008793668922567328,0.0008793325413165742,0.0032182842921875,-0.0033958257078124995,0.0066141099999999994,-0.040127987110589736,3.5128701844275962,1.3011286408992775,3.8618219481882523,5.024727142841181,-0.01101363451328125,0.02576949336641274,0.025768486725916785,0.08845489451328124,-0.09258904548671876,0.18104394000000001,0.012713273697828811,2.9112929809413437,1.2536085130411785,3.59311148037253,4.504355140100996
BF_30HZ,-0.0137951092203125,0.1092590263679254,0.10925475835384661,0.5164183092203125,-0.8008638907796876,1.3172822000000002,-0.08910775328700322,5.3498958389790685,1.3621733051000555,7.330242662620753,9.985060874927543,-0.01626579953828125,0.16425270810603787,0.16424629185930772,0.8154973295382812,-0.8973336304617188,1.71283096,-0.04567524753750192,3.919577019661379,1.3505878303386067,5.463341791791371,7.378722936973745,-0.01042567725390625,0.0008513264392579875,0.000851293183669418,0.00304570725390625,-0.0032257027460937497,0.00627141,0.002787661219684612,3.394074768468228,1.3010039933264435,3.7891795775806236,4.9297377618633975,-0.0031322320195312503,0.02453902362122041,0.024538065046887686,0.08057349201953125,-0.11074250798046875,0.19131599999999999,-0.11721977822551075,3.0548042393131074,1.258529587207756,4.513090488955033,5.679857910095827
BF_30HZ,-0.014001303235156248,0.11089593079745594,0.11089159884054899,0.8314018732351562,-1.3923829267648438,2.2237848,-0.20951433674227576,7.390902724677825,1.3679400401426944,12.55625260455439,17.17620069191594,-0.01624970873046875,0.16192801349679423,0.16192168806022092,0.8154812387304687,-0.8935740712695313,1.70905531,-0.04535718342083058,3.81820264735499,1.3436214793654786,5.5185570381232605,7.414851771525949,-0.010493056683593748,0.0008625188592028364,0.0008624851664018235,0.0031130866835937486,-0.0029810133164062513,0.0060941,0.042727278775524444,3.3786931650303336,1.3004238268555426,3.6094379415023954,4.693799100686136,-0.005661331246093749,0.023171363417747202,0.023170458268684656,0.07904681124609375,-0.10821340875390625,0.18726022,-0.15226222665868772,3.065428118541161,1.2562523681159943,4.670318018705693,5.8670980708538245
BF_5HZ,-0.01350386103671875,0.0052100105357534435,0.0052098070157418136,0.03551414103671875,-0.04290008896328125,0.07841423,-0.1764508025276834,12.261455360472182,1.590725503953536,8.23448715732761,13.098808733138883,-0.01619345375078125,0.006743436747127839,0.006743173326484869,0.04053260375078125,-0.037707296249218744,0.0782399,-0.038449212056234555,9.080683979835362,1.584238462581978,6.010909372829421,9.522713823530886,-0.01063120343046875,0.001037174321607792,0.0010371338061945221,0.0034389734304687497,-0.00362213656953125,0.00706111,-0.06253311639559088,3.440189458326271,1.303656206551997,3.492448657923596,4.552952368966288,-0.010894177255468752,0.002360083870181229,0.0023599916776043785,0.009089787255468752,-0.007248062744531249,0.01633785,0.036462607621637416,2.9406352970163705,1.254615682057608,3.851618351762906,4.8323007854226185
BF_5HZ,-0.01357416948046875,0.00474596936964102,0.00474578397659149,0.04453785948046875,-0.04282978051953125,0.08736764,0.25614729696620986,16.04980060445975,1.6159559621399555,9.384721196782468,15.165296170961847,-0.01617992734453125,0.006067192130068619,0.006066955125746956,0.04335156734453125,-0.04133109265546875,0.08468265999999999,-0.05896490175256453,9.750909098145149,1.5816794993255272,7.145522992341872,11.301927228946337,-0.010491615341406252,0.0010343036871308987,0.0010342632838539782,0.003943065341406251,-0.003652954658593749,0.00759602,-0.0678648081388415,3.5264504665576277,1.3070267408519112,3.812438672978118,4.982959293440374,-0.0108830733796875,0.0024787315149950064,0.0024786346876540057,0.0090786833796875,-0.007546736620312501,0.016625420000000002,-0.13270284369630603,2.9203223575432045,1.2548699757407236,3.6627758922717053,4.596307495078702
BF_5HZ,-0.013623818142968749,0.005226916924648541,0.0052267127442181946,0.044587508142968746,-0.03611983185703125,0.08070733999999999,0.34768146258508886,13.367154509348952,1.622228974914092,8.530698036216277,13.838745530592789,-0.0162287570890625,0.006429004267101271,0.0064287531292169554,0.0434003970890625,-0.041282262910937506,0.08468266,0.15149538903903356,9.23335404026206,1.5792420518932972,6.750982067085351,10.661434771918724,-0.01045807520859375,0.00103699377581929,0.0010369532674587277,0.00390952520859375,-0.0035732547914062492,0.00748278,-0.016678545341998544,3.485909521690808,1.3051351373988744,3.7702038570888208,4.9206255290433845,-0.01167389239296875,0.00246387887879337,0.0024637826316448036,0.00956107239296875,-0.00901624760703125,0.01857732,-0.10454633326261924,3.0542779382429996,1.2572435073797519,3.880647696012796,4.878919120240281
BF_5HZ,-0.013596760907031248,0.005424373291913771,0.0054241613981934255,0.042127280907031245,-0.03733441909296875,0.0794617,0.23254026383566073,12.208868519057555,1.5619861761282632,7.766597970529082,12.13131866551225,-0.01626589731796875,0.007032123195971634,0.0070318484982939975,0.04512868731796875,-0.04620235268203125,0.09133104,0.08535648851559595,8.601586330681696,1.5600701976544313,6.570441995904838,10.250350743228237,-0.0106478475453125,0.0010420250529900724,0.001041984348091407,0.0035167075453125,-0.0036770124546875,0.00719372,-0.0374877817746442,3.4820781603469673,1.3077788258174032,3.5288557466555512,4.614962824840193,-0.011990027322656251,0.0026743312636778533,0.0026742267955724335,0.009877207322656251,-0.009592622677343747,0.01946983,-0.11521672183111481,3.063605972830991,1.2594010470676007,3.693481547267938,4.651574527954103
BF_5HZ,-0.0135067380171875,0.004900243530165356,0.004900052110663724,0.0420372580171875,-0.0374244419828125,0.0794617,0.44382477982424107,12.75127544047805,1.509684832375058,8.578941012832097,12.951497124912935,-0.016207147083593748,0.006961185994448158,0.00696091406780908,0.04506993708359375,-0.05262191291640625,0.09769185,-0.08308229510487186,9.334671925383269,1.5780350299927364,7.559626854145146,11.929355989514832,-0.01059091848671875,0.0010554600543663099,0.0010554188246526526,0.0036013284867187495,-0.00373394151328125,0.00733527,0.006559153533740805,3.427965736878276,1.3021239727889038,3.5378765529505523,4.606753872364687,-0.0129020906625,0.002952433707418375,0.0029523183757240623,0.010229030662500001,-0.0097444193375,0.019973450000000004,-0.032367437457882745,2.8067814892587455,1.2432223943576644,3.4647451123869084,4.3074487144606675
BF_5HZ,-0.01335038149140625,0.005284220267374927,0.005284013848489036,0.041042031491406256,-0.041556118508593747,0.08259815000000001,0.1886498594897018,11.986688648364543,1.5426619175289338,7.864498409760361,12.132262197204168,-0.0161641758328125,0.0068942858765370894,0.006894016563234909,0.0438155958328125,-0.052664884167187495,0.09648048,-0.38756022964799397,9.332920858681925,1.5748658382663974,7.63921636742853,12.030740888188715,-0.010476223757812502,0.0010434128426434124,0.0010433720835331549,0.0034866337578125014,-0.0034865662421874975,0.006973199999999999,-0.004525011570501851,3.430083525516078,1.3069790839139757,3.3416973799085814,4.367528580310651,-0.013208135265624999,0.0028344817201919354,0.002834370996087118,0.008431195265624998,-0.009438374734375003,0.01786957,-0.051894457766398575,2.7460824611214365,1.2379268550500124,3.3299715342151006,4.122261188756965
BF_5HZ,-0.01331184496953125,0.005487070335480754,0.005486855992609309,0.04100349496953125,-0.04181219503046875,0.08281569,-0.13327780814527135,12.689574973507666,1.5913449287071224,7.620428727633636,12.126730610293857,-0.016110235388281248,0.006953456024092178,0.006953184399410964,0.04094257538828125,-0.045839494611718754,0.08678207,-0.4538050949808351,8.372071198158377,1.5449018462819841,6.592590096647232,10.184904612090632,-0.01050569979921875,0.001048783335374895,0.0010487423664756674,0.0041180697992187505,-0.0037148602007812496,0.00783293,-0.03922776676928027,3.5911495503350737,1.3134690664768565,3.9266743967421256,5.1575653542474535,-0.012440230822656249,0.0027606327286960864,0.0027605248893738435,0.007783980822656249,-0.00893083917734375,0.01671482,-0.1507991143569935,2.841468504212975,1.2483977896629146,3.23519603526179,4.038811579547043
BF_5HZ,-0.013458024446093751,0.004855564938872359,0.004855375264662288,0.03059749444609375,-0.04166601555390625,0.07226351,-0.42722269826126036,13.772437006829627,1.5928393262457048,8.581420236897857,13.668823628371639,-0.01608556448046875,0.006588009696518138,0.006587752347362919,0.04091790448046875,-0.039941415519531245,0.08085932,-0.4644852632162474,8.340975629303227,1.5503465045534177,6.211208667679837,9.629525646989324,-0.01052352078125,0.001031777389743058,0.0010317370851515566,0.00413589078125,-0.00369703921875,0.00783293,-0.03409511451405261,3.6163933858611133,1.3167148431170745,4.008667363781404,5.278271819009968,-0.012221759339843749,0.00255256298434375,0.0025524632729046473,0.007572959339843749,-0.00914931066015625,0.016722269999999997,-0.21882108317498117,3.047491276383001,1.2613860315508716,3.584502373561887,4.521441224071908
BF_5HZ,-0.013632429760937502,0.00479365098043175,0.004793463724782918,0.0317254997609375,-0.0381152702390625,0.06984077,-0.14846279694753783,11.300986156894504,1.5444953569343391,7.951509060556963,12.281068824651557,-0.01615116871484375,0.006687186221905259,0.006686924998591349,0.04456248871484375,-0.03987581128515624,0.0844383,-0.3050196918542718,8.48338306012957,1.550750384437213,6.664122705762541,10.33439084789802,-0.0106310366203125,0.0010157003363017005,0.0010156606597323656,0.0039975566203124995,-0.003675943379687501,0.007673500000000001,0.005369311211320564,3.4839737754368425,1.3123664446229881,3.9359175547528706,5.16536612766023,-0.011750546141406248,0.0024980336717026347,0.0024979360903564112,0.008964246141406248,-0.00868033385859375,0.01764458,-0.014893136600857133,3.043756818546301,1.260398597262889,3.588661125484283,4.523143448612251
BF_5HZ,-0.0136924241453125,0.005020281926962681,0.005020085818369588,0.0332784741453125,-0.0311565758546875,0.06443505,-0.022383685033621373,10.03687327566455,1.5332100393866506,6.629064790792881,10.163748688988212,-0.0162033563140625,0.006596323931649225,0.006596066257712853,0.0511408763140625,-0.0407176236859375,0.09185850000000001,0.09310895184857798,10.271885457674767,1.5798012110250859,7.753238720769809,12.248575920438732,-0.010600258574999999,0.001053186922984982,0.0010531457820672537,0.003966778574999999,-0.003727581425000001,0.00769436,0.00428618070468369,3.3963878490686312,1.3039567371826637,3.7665996888042237,4.911483040486392,-0.01118914661875,0.0026086190651203925,0.002608517163947865,0.00931323661875,-0.009241733381249999,0.018554969999999997,-0.03990457174980742,3.023675842997025,1.2563994037019979,3.570318320104463,4.485745808405566
BF_5HZ,-0.013632981060937499,0.004914551527837227,0.004914359549418519,0.0344691410609375,-0.0342630689390625,0.06873221,-0.020785891110099382,11.033392829358736,1.5506038893501195,7.013964019994424,10.875879889165153,-0.01608250276328125,0.006289549875902249,0.006289304185561489,0.05102002276328125,-0.040838477236718754,0.09185850000000001,0.05813600144544843,10.440265723141797,1.5795578143813818,8.112188766510798,12.813671157878991,-0.010354623111718751,0.0010681820554608616,0.0010681403287843302,0.003928253111718751,-0.003973216888281249,0.00790147,-0.06767149400622884,3.451654311789909,1.3036401474472665,3.7197517790600028,4.849217757721014,-0.011286694357812502,0.0028566848139120757,0.0028565732224819698,0.009410784357812502,-0.008890885642187499,0.01830167,-0.028108344630981427,2.814374629892642,1.2439801085750377,3.2944313430326924,4.098207059798816
BF_5HZ,-0.013575837465625,0.004869940572932021,0.004869750337162776,0.038598897465625004,-0.035394502534375,0.0739934,0.2426269367858932,11.700486349314684,1.5111251831743138,7.926257978989858,11.977568040387915,-0.016043568015625,0.006717563012359838,0.0067173006024293744,0.045608148015625,-0.036118351984375005,0.08172650000000001,-0.05990373144521929,7.992633926092851,1.53144345802984,6.789654165414362,10.397971453908877,-0.01026173464921875,0.0010480733145306086,0.0010480323733671121,0.00383536464921875,-0.003747245350781251,0.007582610000000001,-0.07011183121881359,3.608976203264496,1.3117931861986514,3.659586045893328,4.800620039310533,-0.01131979831640625,0.003016416245698809,0.0030162984146377787,0.00911161831640625,-0.00914684168359375,0.01825846,0.06999009494078347,2.736849472919877,1.2391652256549694,3.03247239702978,3.7577343421578733
BF_5HZ,-0.013573237066406252,0.004921392350425838,0.004921200104782278,0.03859629706640625,-0.03539710293359375,0.0739934,0.35916609602447885,10.777920285152822,1.4747362421954213,7.842862766116643,11.566153963757246,-0.0162784753625,0.0073289501274091395,0.007328663834703023,0.045843055362499996,-0.04625533463749999,0.09209838999999999,-0.009726412689867838,7.715209266219188,1.5036139089302964,6.311564519915571,9.490156199256022,-0.010269479157031249,0.0010621587187253875,0.0010621172273400429,0.004075549157031249,-0.003739500842968752,0.00781505,-0.05226909896050738,3.464927940649037,1.3020328946425617,3.8371933456328717,4.996151959117544,-0.011498826821875,0.0029884573527720138,0.00298834061387657,0.009290646821875,-0.009210683178125,0.01850133,0.012363517256129483,2.8036041628882264,1.2455414676665444,3.108965148997148,3.872345014606045
BF_5HZ,-0.013533699334375,0.004920125200880979,0.004919933004736416,0.038416699334375,-0.028457480665625003,0.06687418,0.22982319425593814,9.246349105796245,1.4810735256213436,7.808378548527241,11.56478274625331,-0.0163481777953125,0.007412051614972952,0.007411762076051575,0.0447311877953125,-0.04618563220468749,0.09091682,-0.16704040980093157,7.893249492144958,1.5199209048210562,6.231397032281923,9.471230615605185,-0.01035780519296875,0.001077764006799301,0.0010777219058204848,0.0041638751929687495,-0.00413244480703125,0.00829632,-0.03967992206825294,3.3893924482313946,1.2950941441730934,3.8635896426348806,5.003712321664249,-0.01226355267578125,0.0028078451389993955,0.002807735455406354,0.00830611267578125,-0.00886464732421875,0.01717076,0.005525430248404355,2.8478446451141934,1.25123564355957,3.1572231305302227,3.950430115590144
BF_5HZ,-0.01336609074765625,0.004991510274771867,0.00499131529009339,0.03587254074765625,-0.03070661925234375,0.06657916,0.2353540448227244,10.373822244386679,1.5394702898435448,7.186991536851012,11.064159944339131,-0.01608868207265625,0.006842756099955042,0.0068424887995740735,0.03834332207265625,-0.04848791792734375,0.08683124,-0.3873538734051651,8.810955824041436,1.5888085090384176,7.086298472328079,11.258771310420792,-0.010485040367187498,0.0010506949889651429,0.0010506539453904885,0.003732360367187499,-0.004005209632812501,0.00773757,-0.050763444937233275,3.4888844137144566,1.3059389907736676,3.8121111621809174,4.97838460385558,-0.01329456609140625,0.00278358633510483,0.002783477599139824,0.00849527609140625,-0.008294043908593752,0.016789320000000003,0.03956865837380583,2.812426540375817,1.2443152182313084,3.0520368096483113,3.7976958488475248
BF_5HZ,-0.013261305333593749,0.0052248189831268065,0.005224614884648902,0.03576775533359375,-0.04503196466640625,0.08079971999999999,-0.03894181414708384,12.854953372550435,1.5877179916631878,8.619193119615444,13.684847989632999,-0.01586423033515625,0.006572281231150637,0.006572024496400597,0.03652755033515625,-0.04871236966484375,0.08523992,-0.36867789858477434,8.593242498087607,1.5563865142620945,7.412079746739047,11.536060960459853,-0.01057016464921875,0.0010472884428032118,0.0010472475322993659,0.0037340446492187497,-0.00375469535078125,0.00748874,-0.08794943078280586,3.4679587951721724,1.304566745918586,3.5852988285752616,4.677261625940147,-0.012755546834375,0.00286623911535733,0.002866127150705034,0.009079716834375,-0.008833063165625002,0.017912780000000003,-0.09201655452681379,2.7226581488736326,1.2266921211396646,3.1679392982064645,3.886086177358589
BF_5HZ,-0.013410206737500001,0.005207056202994151,0.0052068527983883985,0.0355650167375,-0.0448830632625,0.08044808,-0.19637516243188408,12.061214173123126,1.5588009257417792,8.619998490526179,13.436861626924946,-0.01585079030234375,0.0065369836166905984,0.006536728260780554,0.04024656030234375,-0.04684989969765625,0.08709646,-0.22005576800066795,8.421013448774097,1.5134872444566896,7.167178721310634,10.847433573445052,-0.010714148587500001,0.0010332963086523502,0.0010332559447269202,0.0037141285875000015,-0.0036107114124999985,0.00732484,-0.04038211294173624,3.435391789069031,1.3029988578431575,3.594587194445429,4.683743008780034,-0.01187831736640625,0.002485769304853889,0.0024856722025938527,0.00820248736640625,-0.00932885263359375,0.01753134,-0.1216759856038609,3.1086404294520698,1.2597221206089317,3.753050230782197,4.72780039547279
BF_5HZ,-0.0135437705703125,0.004785086575657722,0.004784899654562486,0.0319080205703125,-0.0364308294296875,0.06833885,-0.20843414155357165,10.949566672070771,1.5319706234909627,7.613708135958517,11.663977200122584,-0.01595935216796875,0.006352665857383259,0.006352417701526317,0.04242324216796875,-0.04939204783203126,0.09181529000000001,-0.18192153201161632,9.986424477760135,1.557903631154487,7.775314872660792,12.113191273487736,-0.010745324392968752,0.0010126935063017196,0.0010126539471889756,0.0035113743929687516,-0.0037181056070312475,0.007229479999999999,-0.005930479351518417,3.5964599549088314,1.31378061475849,3.6716448075399604,4.8237357724246674,-0.012226529318749998,0.002451155871369229,0.002451060121222847,0.007839969318749997,-0.00911921068125,0.016959179999999997,-0.214465377344286,3.220295047050894,1.2610059866214276,3.720516931547308,4.69159412400754
BF_5HZ,-0.013513167483593751,0.004963099458602229,0.004962905583742934,0.03726525748359375,-0.040111932516406254,0.07737719000000001,-0.01672962091894055,13.591322885213991,1.611726938226275,8.082348503223903,13.026538806778778,-0.01616409935390625,0.006381989262616916,0.006381739961292084,0.04262798935390625,-0.04918730064609375,0.09181529,-0.28963945222095105,9.530197848507187,1.5393791861295736,7.707506251341367,11.864774700278474,-0.010690516721875001,0.0010405688032761441,0.0010405281552633443,0.0037039067218750015,-0.003860823278124998,0.0075647299999999995,-0.028166697529021043,3.5994950332333464,1.3128505074350687,3.71044575641288,4.871260594116946,-0.011650062985937501,0.0024937769760140375,0.0024936795609482366,0.0081858129859375,-0.009695677014062497,0.01788149,-0.1519192925897535,3.2961587906737293,1.2691300322552825,3.888100606789935,4.934505248507095
BF_5HZ,-0.01341682268671875,0.005645196422136616,0.005644975902344265,0.043914142686718755,-0.041331737313281255,0.08524588000000001,0.19482850431664234,12.50327961073238,1.6147762664048024,7.779332178988033,12.561880971109034,-0.01629822659296875,0.006797826117818006,0.0067975605725487465,0.04088620659296875,-0.04376963340703125,0.08465584000000001,-0.10731708989033922,7.7167904001503995,1.5112138553185168,6.439020725139316,9.730737334513616,-0.0106664767359375,0.0010561461387369423,0.001056104882222591,0.0036798667359374997,-0.0038848632640625,0.0075647299999999995,-0.04594843992045026,3.4635169261509393,1.306236827984449,3.6784824400079827,4.804969234232524,-0.011623480454687498,0.0025019342349039413,0.0025018365011889913,0.008159230454687498,-0.008555589545312502,0.01671482,-0.0561487971733267,3.0393987155731956,1.2597152916517913,3.419723687477771,4.3078782223396
BF_5HZ,-0.013312655622656249,0.005264049674895141,0.005263844043938408,0.04380997562265625,-0.04143590437734375,0.08524588,0.19936450613351325,12.588377456398845,1.5616177178812085,8.322810337267825,12.99704808524231,-0.0162459344609375,0.006959981412822,0.0069597095332378095,0.0426889644609375,-0.0396141655390625,0.08230313,0.05715268797330994,7.729573606007101,1.5447224796187995,6.1337278886519355,9.474907353465403,-0.0105075710296875,0.0010501963826820091,0.001050155358584543,0.003686351029687499,-0.0035520689703125007,0.00723842,-0.021521809722587833,3.462466642819538,1.3048496410100545,3.510291119835988,4.580402107558771,-0.011555825258593751,0.0028896961817090213,0.002889583300747174,0.00950707525859375,-0.010582594741406248,0.020089669999999997,-0.12376387121634604,2.887936289986959,1.2465434870755143,3.6623255466176916,4.565248057686556
BF_5HZ,-0.01347141023359375,0.004138608691695619,0.004138447024135969,0.03587654023359375,-0.03139099976640625,0.06726753999999999,0.39747854723155357,11.747988082165106,1.5124292796812735,8.669082876827233,13.111374770897074,-0.01624527129453125,0.006610376880199931,0.006610118657309533,0.042688301294531245,-0.036472418705468745,0.07916071999999999,0.004352857173912046,8.751588630095574,1.582626034682458,6.458023449749439,10.220636044163285,-0.010302760751562499,0.001032110699379778,0.0010320703817681147,0.0035724307515624994,-0.0037315492484375004,0.00730398,0.03304075545334916,3.4612794471483084,1.305897025374906,3.6155957135837116,4.72159568732723,-0.011433127017968751,0.0028579231040220966,0.0028578114642203384,0.00938437701796875,-0.010705292982031248,0.020089669999999997,-0.07103359182256604,2.911353029708057,1.243655490690713,3.745975938602318,4.65870354403807
BF_5HZ,-0.013740505048437499,0.004933452057095383,0.004933259340360329,0.0411624650484375,-0.035505484951562506,0.07666795000000001,0.43089527603072997,13.935376560887333,1.594334177498461,8.343868061359807,13.302914022763765,-0.016326608182812497,0.006957422992703111,0.006957151213059159,0.0443892681828125,-0.04832747181718751,0.09271674,-0.16150498695019685,9.001307623883518,1.615973037036703,6.946445511558347,11.225268649922917,-0.010480336157812499,0.0010554635450636947,0.0010554223152136795,0.0037500061578124994,-0.0037506538421875017,0.007500660000000001,-0.017701414249842742,3.501764794870976,1.3059606864206483,3.5536995836857486,4.640991947643013,-0.012146797323437502,0.002410810717745162,0.002410716543612126,0.009220437323437502,-0.0085001326765625,0.01772057,0.03873332665244909,3.080587123583342,1.2611899031098157,3.8247704185171223,4.823761833546898
BF_5HZ,-0.01375996316796875,0.005185451805558298,0.005185249244890803,0.041181923167968745,-0.03548602683203125,0.07666795,0.37033077405433595,13.519122829172595,1.5889022676525444,7.942129919510938,12.619268239102048,-0.016348644700781248,0.00653087137893645,0.006530616261790356,0.04441130470078125,-0.048305435299218755,0.09271674,-0.31370004001635876,9.909454667772936,1.630000893014133,7.396765230541338,12.05673393119827,-0.01077323954296875,0.0010208703657221263,0.0010208304871945726,0.0033500595429687505,-0.0034786104570312497,0.00682867,-0.012800514133068682,3.526114910584287,1.315375275328443,3.4076279075393825,4.482309497096502,-0.0119007587453125,0.002368084363744658,0.0023679918586424235,0.0069435287453125,-0.009085891254687499,0.01602942,-0.15580558567791017,3.033490061607605,1.2544702189603374,3.8369605121431736,4.813352693810415
BOW_10HZ,-0.013808509812500001,0.004778857290706613,0.004778670612947574,0.0192410498125,-0.0179270001875,0.03716805,0.07309908642753474,3.4011127879072323,1.2772278691840435,4.026444040810706,5.142686542633447,-0.016393824178125002,0.0074204125291498415,0.007420122663623875,0.028902374178125002,-0.031634835821875,0.06053721,-0.11504765337622767,3.412688733523847,1.2650408802567141,4.263384482437252,5.393355658535238,-0.010733707631249999,0.0005250075064683917,0.0005249869979621057,0.003066167631249999,-0.0024691823687500013,0.0055353500000000005,0.007065038673884772,3.4622550500421676,1.274291622394962,5.840463941301874,7.44245427130084,-0.01326374148359375,0.004002941355664027,0.004002784987713201,0.01663114148359375,-0.01265182851640625,0.02928297,0.2592029874589737,3.2605629916579995,1.2649878400544012,4.154892539730233,5.255888539491493
BOW_10HZ,-0.0137072552328125,0.004996057461478963,0.004995862299172536,0.0154729052328125,-0.019145754767187502,0.03461866,-0.21976571929587663,3.2719967906498018,1.2704885265625026,3.8323223541126445,4.868921580989115,-0.0163872549078125,0.007520145516913733,0.0075198517554918385,0.0280882249078125,-0.031949835092187504,0.060038060000000004,-0.09296107262474815,3.3799524026488497,1.2750754112396785,4.24873204034297,5.417453753587511,-0.010685230015624998,0.0005414681375786497,0.0005414469860664019,0.0030176900156249986,-0.002517659984375002,0.0055353500000000005,-0.022119441204727436,3.3567222642357377,1.2711635179115,5.573380392323239,7.084677826164585,-0.01116559798359375,0.004253807495675039,0.004253641328074215,0.014532997983593749,-0.013262952016406251,0.02779595,0.07187390571906807,2.768923105246878,1.235918441750049,3.4166016508433232,4.222640988390925
BOW_10HZ,-0.013798341028125001,0.00483194549387976,0.004831756742322279,0.015347941028125001,-0.019054668971875,0.03440261,-0.10380940654945797,3.2742519004425215,1.276436916413805,3.943631682648988,5.033797064472259,-0.01631682225859375,0.007532371216245581,0.007532076977247978,0.02883729225859375,-0.03202026774140625,0.06085756,-0.005252337108706948,3.352005781898013,1.2797018172860837,4.251187001690151,5.440251731685864,-0.01070658555703125,0.0005601559121869543,0.0005601340306692528,0.002069055557031251,-0.0023234644429687493,0.0043925200000000005,-0.11164982123545872,3.2941984255065297,1.2704670334790074,4.148050851673223,5.269961860245349,-0.011942173993750001,0.004541819322736511,0.004541641904453948,0.015026473993750001,-0.01620243600625,0.031228910000000002,-0.15284800771438803,2.8695679274120844,1.2560379240476809,3.5675282963988013,4.48095083539011
BOW_10HZ,-0.01378264655546875,0.004484305505541612,0.004484130333936415,0.01547677655546875,-0.01551671344453125,0.03099349,0.1368346944644292,3.2723317308035775,1.2811756644169148,3.4603618291598206,4.433331365596763,-0.0162172235578125,0.007182690952893865,0.007182410373548346,0.0287376935578125,-0.029823776442187498,0.05856147,-0.14606653264474395,3.801853785524523,1.2974881875811448,4.152335343024069,5.38760605844943,-0.010704035445312501,0.0005617067142180564,0.0005616847721209672,0.002804055445312502,-0.0023260145546874986,0.0051300700000000005,-0.11098982924076488,3.269679115489396,1.2677845739467313,4.992222656712165,6.329062873887051,-0.0118729607,0.004420326286330869,0.004420153613962736,0.0134121307,-0.0162716493,0.02968378,-0.17109183232360187,2.9250949601477623,1.2593434313991227,3.681240681002535,4.635946271019776
BOW_10HZ,-0.013838959242968749,0.004680690668914183,0.004680507825863705,0.01664164924296875,-0.02099277075703125,0.03763442,-0.07247082503966079,3.428055686137402,1.2828476888970275,4.485148094620994,5.753761867545449,-0.016273855314843752,0.00747009371188545,0.007469801905650377,0.026225565314843755,-0.03397639468515625,0.060201960000000006,-0.2509315497368512,3.666354396838382,1.279459440756838,4.548500096027381,5.819621389145617,-0.01063559008359375,0.0005369256193400356,0.0005369046452733723,0.002735610083593751,-0.002203739916406249,0.00493935,-0.03373524408590518,3.299540937701947,1.2694685693919188,5.095150708187443,6.468133680358936,-0.010994009816406252,0.0038579635225319438,0.003857812817888337,0.012533179816406252,-0.014003720183593747,0.0265369,-0.044061073912072216,2.97072419178917,1.2574625745981742,3.629963620489759,4.564543399918763
BOW_10HZ,-0.01388257829453125,0.004890390428118879,0.004890199393511563,0.01868335829453125,-0.02094915170546875,0.039632509999999996,-0.20298806939862324,3.3907561776515784,1.277731969665237,4.283905423828852,5.473682915048431,-0.016411199440625,0.007429820935377173,0.007429530702328159,0.022807769440625,-0.033839050559375,0.05664682,-0.15132958855746803,3.408304858871791,1.2666383961542813,4.554668648017163,5.769118191338648,-0.0106669060421875,0.000531436513877847,0.0005314157542335539,0.0020249060421875,-0.0023631439578124993,0.004388049999999999,0.0016765615663874777,3.3481193788011456,1.2726140323914508,4.446883516317268,5.659166363275593,-0.01168694258125,0.0037324365685067287,0.0037322907673555373,0.01217417258125,-0.01331078741875,0.02548496,-0.11640226012510727,3.0109825462971584,1.2600087146324983,3.566385431481581,4.4936767234051755
BOW_10HZ,-0.013544625108593751,0.004924224700477512,0.004924032344193118,0.01834540510859375,-0.018721324891406252,0.037066730000000006,0.006112144100842621,3.28808094685055,1.2690562190331742,3.802031258686633,4.824991413794799,-0.0163126925140625,0.007355511353494337,0.007355224023220061,0.028550062514062502,-0.031464157485937505,0.06001422000000001,-0.03405462418491348,3.179765356860074,1.2588208541880308,4.277797302516795,5.3849804543974455,-0.010678815332812501,0.0005432814494956168,0.0005432602271494888,0.0026745353328125002,-0.0024853346671874985,0.005159869999999999,0.02857755370242372,3.477335665112164,1.2759275525360612,4.923120079756085,6.28154455420432,-0.011279808928125,0.004061888601270671,0.004061729930648088,0.011767038928125,-0.014020391071874999,0.02578743,-0.14581264689445064,2.936183952215304,1.249981406776827,3.4518274999238834,4.314720194305793
BOW_10HZ,-0.013401957259375,0.004631421596823833,0.004631240678384074,0.018187837259375,-0.014540012740625,0.03272785,0.22312147162342222,3.247444730409402,1.26808869242654,3.927206233151561,4.980045817086521,-0.0161913995296875,0.007634455809159324,0.007634157582404423,0.028428769529687502,-0.0347561704703125,0.06318494,-0.16364718330438172,3.4662900190314416,1.2729560125618113,4.5527185017008565,5.795410390241507,-0.01068457406640625,0.0005407361050056195,0.0005407149820889528,0.00268029406640625,-0.0024795759335937487,0.005159869999999999,0.059963397436437325,3.5543469038424793,1.2802066864017119,4.956944333318503,6.345913279635422,-0.012445133388281251,0.0042352565431665245,0.004235091100226436,0.012929383388281252,-0.012855066611718747,0.02578445,-0.013434806821392229,2.749822918134718,1.2429896662034536,3.0529174183738244,3.7947448028111896
BOW_10HZ,-0.0135243395734375,0.004650124871285244,0.004649943222234557,0.019776379573437503,-0.016217550426562498,0.03599393,0.10958145742275377,3.2503946443852794,1.264326350761444,4.25303678523925,5.377226478335724,-0.01614904360234375,0.007175310362142576,0.007175030071107014,0.02419206360234375,-0.03479852639765625,0.05899059,-0.3620833691684542,3.8875610874606377,1.2896274139865438,4.849948509315068,6.254626554035885,-0.010809477157812499,0.0005506347101018521,0.0005506132005133715,0.0026889771578124996,-0.002426192842187501,0.0051151700000000005,0.01721964297414175,3.4800445134434947,1.2825655651894958,4.88360459811969,6.2635430915494,-0.012664039066406252,0.004088122818236577,0.0040879631228198775,0.013321129066406253,-0.011926920933593746,0.02524805,0.007076971642650065,2.6160846512969913,1.2366941340840103,3.2586226113550008,4.0299194686562485
BOW_10HZ,-0.013532272892187497,0.004854594448408808,0.00485440481210926,0.019784312892187496,-0.0226672771078125,0.04245159,-0.1830675788390614,3.501420259991545,1.2738288263703335,4.669424571117189,5.948047621251008,-0.0161509250765625,0.006690203433867363,0.006689942092691308,0.0261979950765625,-0.033652324923437504,0.059850320000000005,-0.029254389449104606,3.519038943516731,1.2728294769083761,5.030286429564513,6.402696844841902,-0.010894991051562502,0.0005687676069367096,0.0005687453890181115,0.0026880710515625027,-0.0023689889484374976,0.00505706,-0.0042117981695076875,3.28805043507207,1.2686108784729915,4.726317089274726,5.995857274566723,-0.011766678301562502,0.003988712149147588,0.003988556337035997,0.012423768301562502,-0.012374301698437498,0.02479807,0.00838180760058215,2.6245720795532264,1.2309017982997603,3.1148534085380217,3.8340786620095892
BOW_10HZ,-0.013543825397656249,0.004533911291377824,0.0045337341820087685,0.01814345539765625,-0.022655724602343746,0.04079918,-0.21354326832070428,3.6740386870147406,1.2848912182430734,4.997144449325797,6.4207870192308345,-0.016270595823437498,0.006946998704842921,0.006946727332405666,0.026317665823437496,-0.029320424176562505,0.05563809,0.07763592624111666,3.4601313192542293,1.2738793084116808,4.220753568343783,5.376730636617912,-0.0107582528203125,0.0005870363470876391,0.0005870134155324403,0.0026615928203124993,-0.0025057271796875003,0.0051673199999999996,-0.07044422781603905,3.2200831879209875,1.2642003012327527,4.5341260521249716,5.732043520923661,-0.012315618514062501,0.0037240264838740798,0.0037238810112482355,0.011734518514062502,-0.012178491485937498,0.02391301,0.05028296191438862,2.8729548972747887,1.2452417094381594,3.270376107386766,4.072408734468009
BOW_10HZ,-0.01360135313359375,0.004360147810892061,0.00435997748929154,0.018843173133593752,-0.01664266686640625,0.035485840000000005,0.06357792043285232,3.31613304330946,1.2764916525398924,4.321851014110536,5.516806743033168,-0.01630979597734375,0.006934619370791112,0.006934348481931039,0.02354523597734375,-0.029351254022656252,0.052896490000000004,-0.1791446617462278,3.4611267426051575,1.2661402435699944,4.232734206989649,5.3592351198049215,-0.010658329811718749,0.0005550458738666859,0.000555024191963755,0.0025616698117187486,-0.0022629501882812514,0.00482462,-0.018015242150923837,3.3077332475880827,1.2651347809287297,4.615420100257602,5.839128497433457,-0.01193751506640625,0.0036768919314078634,0.0036767483000114376,0.012429215066406249,-0.01255659493359375,0.024985809999999997,0.0036561154727631617,2.9223125410427104,1.2442492635940652,3.4151358507610348,4.249280267383109
BOW_10HZ,-0.013847630810156249,0.004856419382898762,0.004856229675311319,0.02088937081015625,-0.018251439189843753,0.03914081,0.0365755182953583,3.274964858698734,1.2710728295235956,4.301561541941916,5.467598000485991,-0.0163526417421875,0.007201010568003478,0.007200729273034017,0.0233809717421875,-0.031072568257812502,0.05445354,-0.29948886551473985,3.3842765896085414,1.2584691518910995,4.315197402876406,5.430542815840546,-0.010663415484375,0.0005471611364023759,0.0005471397625030181,0.0021704154843749986,-0.0023740845156250013,0.0045445,-0.0037495439789814178,3.245905477299732,1.26048069306626,4.339082403304413,5.46932959498876,-0.0112593097875,0.00382748757811588,0.0038273380639621043,0.0119268297875,-0.011159230212500001,0.02308606,0.012388740634468908,2.7738806028867757,1.2362816994331973,3.1162206181371936,3.852526521599419
BOW_10HZ,-0.0139786061171875,0.004925525432603122,0.004925333025507887,0.0210203461171875,-0.0181204638828125,0.03914081,-0.043731727693221804,3.198667433377647,1.2639484220526322,4.267801995991924,5.3942815984670665,-0.01650061981171875,0.007667502249941757,0.00766720273228505,0.02887208981171875,-0.030924590188281253,0.059796680000000005,-0.08415100089931177,3.3311726229976637,1.2664479357702925,4.0333601794646725,5.10804067350113,-0.01062338349140625,0.0005715141492950514,0.0005714918240875469,0.0027204234914062486,-0.0024141165085937513,0.00513454,0.024664743842429216,3.362725382836561,1.2720375684865075,4.76021419160234,6.055171285760806,-0.01190159535703125,0.003982564480087322,0.003982408908123745,0.012569115357031249,-0.015465234642968752,0.02803435,-0.00801502029496831,2.8974774395606087,1.2464115473529274,3.883386914744266,4.840298293376511
BOW_10HZ,-0.013731492178125002,0.00487967951445159,0.0048794888982475115,0.017033332178125003,-0.019727947821874998,0.03676128,-0.07189751734072208,3.1308469565750476,1.2636211770794794,4.043035701743347,5.108865532411287,-0.01640973912421875,0.0074662560249528056,0.007465964368630307,0.02878120912421875,-0.031614450875781255,0.060395660000000004,0.02016983490032831,3.3803349217393825,1.2718403806068128,4.234476527722993,5.385578238689828,-0.0106251955875,0.0005727834213324232,0.0005727610465430112,0.0027222355875,-0.0025613044125,0.00528354,0.01666146744390133,3.299498512510922,1.268599866659429,4.7528294808637535,6.029438845678761,-0.0126145115828125,0.004083852118197109,0.004083692589607888,0.0132283915828125,-0.0150905484171875,0.02831894,-0.10028694084026828,3.0548373953661514,1.255080904912294,3.695319391961499,4.637924806402986
BOW_10HZ,-0.0136729572953125,0.0048325188549793435,0.0048323300810245075,0.0169747972953125,-0.0197864827046875,0.03676128,0.07632853853632404,3.1233317578967354,1.2572640134735666,4.094604957220254,5.147999462103498,-0.016324626599218753,0.007266764501793869,0.0072664806382612,0.028515806599218752,-0.03169956340078125,0.060215370000000004,-0.14295832329740038,3.5219424998028925,1.287551932281934,4.362436918068587,5.616864083317254,-0.010753683409375001,0.0005726265928230701,0.0005726042241598914,0.002381373409375,-0.0024328165906249994,0.0048141899999999994,0.02238783150200783,3.1449953419186465,1.258758315309885,4.24868781608162,5.348071117648534,-0.011460407171875003,0.004075798671690312,0.00407563945769499,0.012074287171875003,-0.016244652828124997,0.02831894,-0.21732044276096935,3.1594829001317066,1.2677613281038749,3.9857924128824407,5.053033482902191
BOW_10HZ,-0.013780677078125,0.004656451791736632,0.004656269895535787,0.016911167078125,-0.017132352921875003,0.03404352000000001,0.03356689353915165,3.2720162873386234,1.266768258945001,3.6794157783466757,4.660967119470984,-0.0164293602125,0.007147801094881624,0.007147521878447803,0.0286205402125,-0.0278370497875,0.05645759,-0.20643207305987069,3.553117444559234,1.2902860555324347,4.004260595382102,5.166641608939531,-0.0106571076625,0.0005846154612395056,0.0005845926242520073,0.0022892676625000004,-0.0023878423374999996,0.00467711,-0.0006434064285146235,3.1359208690920974,1.2611872315793753,4.084626179735453,5.151478383657196,-0.010959293282031251,0.003740931625898595,0.003740785492902742,0.01200974328203125,-0.013925196717968748,0.025934939999999997,0.020674222705310007,2.9557510601056127,1.2502766820238622,3.7225328061147915,4.6541959655541785
BOW_10HZ,-0.01373963374765625,0.004658421053596691,0.004658239080470052,0.018091923747656252,-0.018796006252343747,0.03688793,-0.0037989340921219038,3.5547846640779066,1.284965099949834,4.03500248219271,5.184837367828584,-0.01641929374921875,0.006973715335239477,0.006973442919163464,0.025144733749218752,-0.02973196625078125,0.0548767,-0.1538085565590292,3.3617306505856384,1.2706259643393598,4.263599285953273,5.417439954270982,-0.010533735546093752,0.0005377692387491334,0.0005377482317279434,0.0023387355460937533,-0.002164044453906248,0.004502780000000001,-0.003261237404731041,3.349768187888434,1.273608639587575,4.3491273575716045,5.539086177269876,-0.01292946696796875,0.0038822448564084446,0.0038820932032567076,0.01397991696796875,-0.011955023032031248,0.025934939999999997,0.10960622598404492,2.955052876586649,1.2523386478917284,3.6011286272676113,4.509832555956517
BOW_10HZ,-0.01378268054609375,0.004560344145986395,0.00456016600406379,0.01813497054609375,-0.018752959453906246,0.03688793,-0.005768942499788352,3.4919468180418334,1.2780491356547388,4.112341400991665,5.255774373054594,-0.01645536245859375,0.006992887531668782,0.0069926143666642175,0.02460566245859375,-0.03252689754140625,0.05713256,-0.10399524271301809,3.585459909106668,1.285323821005951,4.6516075155625956,5.978821945722913,-0.0107496331703125,0.0005641258021331948,0.0005641037655386383,0.002554633170312501,-0.0022655168296874997,0.0048201500000000005,-0.010771728387934587,3.331704661771468,1.2742748969878057,4.528658247606612,5.770755521961893,-0.012900010948437499,0.0038989799323807597,0.0038988276255023492,0.013226320948437498,-0.0115985690515625,0.02482489,0.131719579032832,2.851464914941265,1.249729380737641,3.3923841264291177,4.239562113546464
BOW_10HZ,-0.013761422553124998,0.004558287545707701,0.004558109484122613,0.018687362553124996,-0.017725257446875003,0.03641262,0.005865806861935283,3.249812952937037,1.2650516067698065,4.099805548379036,5.186465596420668,-0.01643516481015625,0.006684371396630932,0.00668411028327328,0.02496094481015625,-0.03254709518984375,0.057508039999999996,-0.16212451311364792,3.8156922928041537,1.2977188805178732,4.869323486671302,6.319013024002469,-0.010868996139062502,0.0005513603633001607,0.0005513388253652983,0.0022463661390625025,-0.002383063860937498,0.00462943,0.06142831729781953,3.334066326393851,1.2728149920840957,4.322321866882059,5.501516072780402,-0.011638390465624999,0.0037965318204795286,0.003796383515558654,0.011964700465624999,-0.011201819534375,0.02316652,0.018547260484948966,2.806471642051853,1.2510934990505234,3.151604788238667,3.9429522621418975
BOW_10HZ,-0.013662347796874998,0.004764857440170013,0.004764671309290817,0.018588287796875,-0.015295802203125,0.03388409,0.11435066818848913,3.197289964666254,1.2675243286637743,3.901273894933524,4.944959574609123,-0.0163706926265625,0.006546146804224417,0.006545891090370369,0.0248964726265625,-0.0310366373734375,0.055933109999999994,-0.3394363842916214,4.172008693794882,1.307279688720359,4.74139226347584,6.198325802297815,-0.010723817290625,0.0005534687991720869,0.0005534471788748395,0.002341077290625,-0.0025282427093749997,0.00486932,0.03174954416456508,3.197494934002277,1.261030029506217,4.56817345155671,5.760603902406075,-0.012536229078124999,0.0038546846428689037,0.0038545340663090357,0.011716729078124998,-0.011494490921875,0.023211219999999998,-0.03013226397259622,2.8141727161284926,1.2550192222799896,3.0397264303710045,3.8149151005881476
BOW_10HZ,-0.01368760655625,0.004619659543911665,0.004619479084936072,0.01760034655625,-0.01519455344375,0.0327949,0.03734072197553143,3.2499444616627033,1.2792847527853914,3.810028410701976,4.874111253490195,-0.0164165194390625,0.00665639317060313,0.006656133150166279,0.0252671194390625,-0.0309908105609375,0.05625793,-0.35428435430564464,4.186888654395652,1.305995292261758,4.655978157552829,6.080685554637568,-0.01068092077265625,0.000546166317023323,0.0005461449819848562,0.0023190407726562494,-0.0025949792273437505,0.00491402,0.008098948083362582,3.2995059067935166,1.2664317976605706,4.751447533057633,6.017384240780062,-0.01101548467421875,0.0043894241264175035,0.00438925266118857,0.012389264674218749,-0.01301523532578125,0.025404499999999997,-0.03864733236664883,2.6565500365482513,1.23855104576692,2.965250882198438,3.672614581108158
BOW_10HZ,-0.013652362817968751,0.004564205357310848,0.00456402706455673,0.01774837281796875,-0.020312187182031254,0.03806056000000001,-0.17590610561185838,3.520530742204283,1.2825979130922345,4.45049665453814,5.70819772133459,-0.01628155326015625,0.006461387863266132,0.006461135460372884,0.02513215326015625,-0.02872091673984375,0.05385307,-0.0506797622288941,3.7990346075476564,1.300487004019622,4.445181023675088,5.780900151804093,-0.010676841897656249,0.0005616987901774716,0.0005616768483899216,0.0026248818976562487,-0.002599058102343751,0.00522394,0.068008855057196,3.2756369647239283,1.2658115344305434,4.67329551712986,5.915511369385529,-0.010168906601562501,0.0040256115392599085,0.0040254542857377385,0.011542686601562501,-0.014472713398437498,0.0260154,-0.0555831790241443,2.6479548712606493,1.2352375244412261,3.595299405017366,4.441048736678664
BOW_10HZ,-0.01372623119765625,0.004719714358487962,0.004719529991044837,0.017822241197656248,-0.02101311880234375,0.03883536,-0.1881255084129188,3.5844525385620307,1.271507414070559,4.4523753090276985,5.6612282156534155,-0.01611148535859375,0.006827711689593894,0.006827444976896685,0.028435275358593748,-0.02731456464140625,0.055749839999999995,0.04228871531075882,3.6385316010409268,1.2931492867965646,4.164848703258036,5.385771130233725,-0.0105408976734375,0.0005576967147474005,0.0005576749292939752,0.0025485376734375002,-0.002268632326562499,0.004817169999999999,0.06465549543322954,3.3749499805852055,1.2685348920294894,4.569934095233557,5.797120854078982,-0.01198101189140625,0.0039038152191399962,0.0039036627233795074,0.011991441891406251,-0.012660608108593749,0.024652050000000002,0.05919823441644541,2.6343777412573868,1.2342743112987702,3.24326382829332,4.00307722802695
BOW_20HZ,-0.013724991936718752,0.015571386210734482,0.015570777941580136,0.06239137193671875,-0.053895678063281244,0.11628705,0.0960541585822047,3.1982506904353944,1.2663169259872484,4.00695277851912,5.074072125070396,-0.01644307531171875,0.022729524616956886,0.02272863672755961,0.11142312531171875,-0.12198239468828125,0.23340551999999998,-0.11882415055531308,5.0357730790445485,1.3520198344693202,5.366903266150208,7.256159665513258,-0.010986131790625,0.0005567359167761753,0.0005567141688546538,0.0026555417906249986,-0.0022361282093750004,0.004891669999999999,0.10863993569101961,3.4226558277112775,1.2710138529153912,4.770027312378866,6.06277079281831,-0.010975795264843751,0.00909386126839234,0.009093506032498205,0.034821755264843754,-0.02983977473515625,0.06466153000000001,0.08496493088605611,2.9191810738048343,1.2486072073818657,3.829299187837827,4.781290565155835
BOW_20HZ,-0.01379911966953125,0.015854225077688442,0.015853605759925057,0.06246549966953125,-0.053821550330468745,0.11628705,0.10930580857063993,3.1850779040871333,1.266619757255215,3.9401446343160824,4.990665040267873,-0.016588081296874998,0.022953687255678083,0.022952790609756704,0.111568131296875,-0.13705921870312499,0.24862734999999997,-0.04573287768959625,4.974533861228768,1.3389149920213699,5.971353158463628,7.99513426652111,-0.01080626120234375,0.0005499397104265655,0.0005499182279870398,0.00247567120234375,-0.002415998797656249,0.004891669999999999,0.04490509111511447,3.3008824897477016,1.2639643943179697,4.501889692592797,5.690228278584365,-0.01174179541796875,0.010171314344716915,0.010170917019989924,0.02936104541796875,-0.04451166458203125,0.07387271,-0.5012551047428311,3.5359123051354366,1.275513534304159,4.376366899321664,5.58211521116551
BOW_20HZ,-0.013899588623437497,0.01575280887924698,0.015752193523131227,0.056613418623437495,-0.0558845613765625,0.11249798,0.03732899397429421,3.141415082518081,1.2667008750894806,3.5940022283438693,4.552525767716722,-0.01659218613203125,0.023043438884377435,0.02304253873246458,0.11169739613203125,-0.13705511386796873,0.24875250999999998,-0.06702805658485822,4.856420114002474,1.3379283404379365,5.947917261168453,7.957887070297265,-0.010782917325781249,0.0005316526852575566,0.000531631917168904,0.002127507325781248,-0.002430402674218752,0.00455791,-0.06071577646410535,3.2775319836637467,1.2636170420305892,4.571589093373775,5.776737887548272,-0.012538335332812501,0.01019019635377393,0.010189798291454057,0.0313555453328125,-0.043715124667187494,0.07507066999999999,-0.4511221137612578,3.4839447134150983,1.2748671421449507,4.290087341949677,5.469291389183613
BOW_20HZ,-0.013954800224218751,0.01578833042941704,0.01578771368571363,0.06395324022421875,-0.05824463977578125,0.12219788000000001,0.08266445554531997,3.1942134000419866,1.2681799296761773,4.050823412264584,5.137172950096312,-0.0165937034875,0.022856057174276193,0.022855164342104353,0.1116989134875,-0.1255701665125,0.23726908,-0.11582200364310026,4.896118088788727,1.3407696840716126,5.494170360489227,7.366417058468758,-0.010678384629687501,0.0005682348919063715,0.0005682126947973605,0.0024491146296875006,-0.0025349353703124997,0.00498405,0.029400048278746455,3.2538853612206213,1.2656052051822335,4.461243815076191,5.646173393947472,-0.01219427489296875,0.008397078196744316,0.008396750179470544,0.031011484892968753,-0.03471390510703125,0.06572539,-0.05113439630507905,3.057269987107783,1.2517266704137646,4.134207206962555,5.174897421971829
BOW_20HZ,-0.013925140842968751,0.01545542752295248,0.01545482378352285,0.06593210084296874,-0.05827429915703125,0.1242064,0.14543259149009916,3.335340171609031,1.2744716480929499,4.2661179296823954,5.437046348801205,-0.01640997647578125,0.02260337692786766,0.022602493966210734,0.10967801647578125,-0.12575389352421876,0.23543191000000002,-0.13102050426438358,4.99918935754944,1.344734898783157,5.563717601792647,7.481725226104705,-0.01064381953984375,0.0005776101937307539,0.0005775876303918625,0.0024145495398437498,-0.0024756304601562494,0.004890179999999999,0.038410347391935745,3.1273487140365823,1.2618167415786559,4.28615560633919,5.4083429010900055,-0.01254547790390625,0.008392968082418193,0.008392640225698897,0.02802061790390625,-0.02724795209609375,0.05526857,0.13062112611424898,2.866692664418581,1.2521737302936635,3.3387131046205227,4.180648842593018
BOW_20HZ,-0.0139766700484375,0.015234737436457636,0.015234142317902887,0.06598363004843749,-0.0582063799515625,0.12419000999999999,0.08192989818549362,3.251233839507918,1.2712896999667467,4.331299305960581,5.506336195140805,-0.0163440040484375,0.022524268282832105,0.022523388411416982,0.1096120440484375,-0.11804207595156249,0.22765412,-0.12483900729051221,4.905795943267683,1.3450770703194685,5.240866684682648,7.049369606167842,-0.010662710411718752,0.0005630905431790413,0.0005630685470250776,0.002296360411718752,-0.002456739588281248,0.0047531,-0.04020491077157622,3.159078668959337,1.2623801323019597,4.363127014039787,5.5079248572337995,-0.0113281571,0.008798926623120384,0.008798582908335859,0.0306221671,-0.025811582899999998,0.05643375,0.08460170888390739,2.786311422650481,1.2453708040644733,3.480352167959715,4.334328977839523
BOW_20HZ,-0.01392349031875,0.015665765633884467,0.015665153677961896,0.06877486031875,-0.058259559681249996,0.12703442,0.11856969052266811,3.129623562411554,1.2653054479269468,4.390308689757962,5.555081503231764,-0.016595157634375,0.02255914422935414,0.022558262995570746,0.105746327634375,-0.128974862365625,0.23472119,-0.12293255496758725,4.85928691651942,1.3457478384423731,5.717411060902555,7.694193576696129,-0.01078606821015625,0.0005812503734877411,0.0005812276679515506,0.0024197182101562496,-0.0023169917898437503,0.00473671,-0.016162959990923226,3.121340149266244,1.260177632783695,4.163116010433884,5.246265679032472,-0.01083452394140625,0.008749327642050199,0.008748985864763713,0.03012853394140625,-0.03308322605859375,0.06321176,-0.07699502043571288,3.016554707265308,1.2554749044663256,3.781378387160903,4.747425669371863
BOW_20HZ,-0.01374511392109375,0.01576889769598637,0.015768281711388936,0.06859648392109376,-0.05508692607890625,0.12368341000000001,0.16769357092816806,3.207880790614918,1.269483829175236,4.350282749676438,5.522613603054219,-0.016683733828125002,0.022419742795816343,0.02241886700750781,0.10583490382812501,-0.128886286171875,0.23472119000000002,-0.05853364950288592,4.645012612924138,1.3387513736206995,5.749009801820606,7.696494769146202,-0.0109686641015625,0.0005442357797419081,0.0005442145201165268,0.0024175541015624986,-0.0021805858984375003,0.004598139999999999,-0.03229468488122244,3.1938130797415227,1.2607473192413754,4.442281512527181,5.600594508234166,-0.011912200897656251,0.009294115504799964,0.009293752446321933,0.031908000897656254,-0.04059837910234375,0.07250638000000001,-0.09246578869983903,3.100646008829261,1.24962310672468,4.368351678918545,5.458793196276162
BOW_20HZ,-0.013728060172656249,0.01557326496892955,0.015572656626384778,0.05781418017265625,-0.055103979827343746,0.11291815999999999,0.10657679425223651,3.2216855732996823,1.268209860322986,3.7125444655795974,4.708285498135576,-0.01663314716328125,0.022402237059899036,0.022401361955421664,0.09859357716328125,-0.11319502283671874,0.2117886,-0.07841842782849158,4.471358689620141,1.332073489959105,5.053042000837938,6.73102329296613,-0.0108729716453125,0.0005561223515926269,0.0005561006276389636,0.0023218616453124993,-0.0025221283546875,0.004843989999999999,-0.06679019157420496,3.1954756397293402,1.261680338979214,4.535381240973779,5.722201341511766,-0.01264770354453125,0.011107432177759568,0.011106998285215495,0.03911457354453125,-0.04009531645546875,0.07920989,0.10574874190121462,3.0488923529500624,1.2447392222642346,3.6099147065539348,4.493402424276168
BOW_20HZ,-0.013630963740625,0.01546716551625917,0.015466561318305221,0.06558577374062499,-0.056321556259375,0.12190733,0.12479581297710224,3.223511978407443,1.26514363205374,4.2404883924005725,5.364826886443385,-0.0164829761171875,0.022489252135317765,0.022488373631747622,0.10956476611718749,-0.12236416388281252,0.23192893,-0.1921804558615808,5.055433801694457,1.3547714702840894,5.441218911005052,7.3716081441999055,-0.010756539553125001,0.0005391384101339178,0.0005391173496284259,0.002381249553125001,-0.0026385604468749987,0.0050198099999999996,-0.015217347528118772,3.363523448209001,1.2697330988248878,4.894222841638403,6.214356735053077,-0.01274596834609375,0.010422283387243832,0.010421876258847135,0.03921283834609375,-0.039997051653906254,0.07920989,0.1385196942061521,3.308557252126204,1.271529329507043,3.837797596181661,4.879872204256609
BOW_20HZ,-0.0137335579234375,0.015606918155037673,0.015606308497889642,0.06568836792343749,-0.0581038120765625,0.12379217999999999,0.14521637293803913,3.150582711686813,1.2616806868137767,4.209090697670123,5.31052844229792,-0.016527688921875,0.02293819903389675,0.02293730299299585,0.109609478921875,-0.122319451078125,0.23192893,-0.15613168435055708,5.21718786151435,1.3683141401455376,5.332773914852874,7.296909953892461,-0.010857195106250002,0.000550188171316124,0.0005501666791709053,0.0024819051062500014,-0.002251824893749999,0.00473373,0.0390496028298714,3.3007771553400738,1.267593466521007,4.511187609526267,5.718351940086016,-0.013499677861718748,0.009417253037688672,0.009416885169056812,0.031923527861718745,-0.031583252138281254,0.06350678,-0.08496453621758163,2.9178965714215224,1.258148982455928,3.390030491888878,4.265163413864561
BOW_20HZ,-0.0137555489265625,0.015714531690558763,0.015713917829674896,0.0574795989265625,-0.0580818210734375,0.11556142,0.14554337158697078,3.1547392558278577,1.2615380194983525,3.6962024176907096,4.6628998776785595,-0.0164420976171875,0.022875007579878676,0.02287411400744216,0.0987258576171875,-0.1266515523828125,0.22537741,-0.16759693501064324,4.999878089106045,1.349722673737733,5.536894340108914,7.473271832935123,-0.01091448688671875,0.000550166896974395,0.0005501454056602215,0.0024691668867187506,-0.002194533113281251,0.0046637000000000015,0.03647630846953085,3.2055178878837323,1.2645958427095005,4.488207774371103,5.675768892686158,-0.0127646472421875,0.009850483540055324,0.009850098748026425,0.029685087242187498,-0.0323182827578125,0.062003369999999995,-0.1585471628009782,2.8146880127481175,1.2513375602380203,3.2810110420758796,4.105652352505236
BOW_20HZ,-0.0137648558390625,0.015499758353928875,0.015499152882792336,0.0574889058390625,-0.05481239416093751,0.1123013,0.10994662329872947,3.194631341517434,1.2631263063335902,3.709164382970153,4.685143106645199,-0.0165303525296875,0.023089300895418035,0.023088398951985382,0.1063371225296875,-0.12656329747031247,0.23290041999999997,-0.16175567376988895,4.927689326960609,1.337629027132295,5.481683582023743,7.332459076869494,-0.0108524967171875,0.0005448749312859701,0.000544853646693244,0.002407176717187501,-0.0021969232828125008,0.004604100000000002,-0.025218515836017977,3.2370949333070866,1.2656234300612805,4.418024421414502,5.591555222325127,-0.011223876772656249,0.009277337482641108,0.009276975079567368,0.03273202677265625,-0.031627033227343754,0.06435906,-0.14292591027355614,3.0878822703817796,1.2588748390755935,3.5283081491453903,4.441698353464508
BOW_20HZ,-0.01379889756640625,0.015661480730782846,0.015660868942242574,0.05966705756640625,-0.05477835243359376,0.11444541000000001,0.11265213952507837,3.1959513537492534,1.265447666352838,3.8099455264237827,4.82128667534441,-0.01654619937734375,0.02311017750333781,0.023109274744396734,0.10635296937734375,-0.13032608062265624,0.23667905,-0.1255519051328313,4.846577318282574,1.3352117787403412,5.639557366648046,7.530003422830332,-0.010985873019531252,0.000527724731089218,0.000527704116439272,0.002250003019531252,-0.002182746980468749,0.004432750000000001,0.01825654667309557,3.231389301745127,1.262203607358281,4.263758703861052,5.381731616918689,-0.0124954675671875,0.009650308334034529,0.009649931361502342,0.0340036175671875,-0.0303435224328125,0.06434714,-0.12452931590677979,2.9367882050865615,1.2541688679939287,3.5237160030839503,4.419334910719889
BOW_20HZ,-0.013725405528125002,0.015512246669164594,0.015511640710193715,0.059593565528125,-0.054275214471875,0.11386878,0.139571749989059,3.223022475866902,1.2676855332678745,3.841860873489815,4.870271450150918,-0.01654088158984375,0.022679909379046636,0.022679023427782444,0.09801259158984375,-0.13033139841015623,0.22834399,-0.15128872505810698,4.731205699625811,1.3366488392813096,5.746781770616128,7.681429183297037,-0.010952827496875001,0.0005414924787673908,0.0005414713263042969,0.0023227474968750012,-0.0022157925031249994,0.004538540000000001,0.11725472483234636,3.206814346788053,1.2602332175603383,4.289696211115083,5.4060176584899535,-0.011978532438281252,0.009456102876976043,0.009455733490742696,0.03180596243828125,-0.02992026756171875,0.06172623,-0.10774993190587033,2.9773519759698943,1.254796950140105,3.3636695100829317,4.220722242531324
BOW_20HZ,-0.01387292158125,0.015258870866983998,0.015258274805698708,0.06072001158125,-0.062042578418749994,0.12276258999999999,0.05388753668451034,3.125536279813757,1.263243577667691,4.066159458314261,5.136549821488227,-0.0165398583796875,0.022523216679299705,0.022522336848963646,0.09607903837968751,-0.11361611162031252,0.20969515000000002,-0.0750600245165002,4.650695405503431,1.3448405195134467,5.0445969431249535,6.784178373728109,-0.0106974687359375,0.0005584245525679153,0.0005584027386827698,0.0022804587359374993,-0.0020912012640625,0.0043716599999999994,0.02256197302479187,3.1585020893133593,1.2620220756664766,4.083896044845572,5.153966963322123,-0.01101981452109375,0.008429400557886494,0.008429071277995828,0.03084724452109375,-0.02892857547890625,0.05977582,-0.01549482809500283,3.2568825264453345,1.2683555103657658,3.659625539247815,4.641706218580253
BOW_20HZ,-0.013911383603125,0.015604852818071184,0.015604243241601956,0.060758473603125,-0.067289146396875,0.12804762,0.04198258515205647,3.202309749257233,1.2633152133661467,4.312233881196984,5.447710665709094,-0.016452669749218753,0.02276790811817711,0.022767018729395027,0.10717727974921876,-0.12819503025078124,0.23537231,-0.15202461370889261,5.11643162193398,1.3548085999654267,5.630734167458898,7.628567074192482,-0.01048467054453125,0.0005354530469061446,0.0005354321303629656,0.0022032505445312503,-0.0023039994554687505,0.004507250000000001,-0.00630209702594307,3.218773243954746,1.2630138216658018,4.303065364991984,5.434831031516274,-0.0130472220171875,0.009071451942569605,0.00907109758205686,0.0285879220171875,-0.033966747982812504,0.06255467,-0.12840300670688473,3.008846079444288,1.2522925990888445,3.744502545094503,4.689212824491189
BOW_20HZ,-0.01393146100390625,0.015521088371355593,0.015520482066998974,0.056505231003906246,-0.06726906899609375,0.1237743,0.1325933208665619,3.2831520035024497,1.2695277698593272,4.334212604074149,5.502403261346441,-0.016516345015625,0.022762389575684827,0.022761500402475026,0.107240955015625,-0.128131354984375,0.23537231,-0.14825831081221913,4.983849679198167,1.3433894310993613,5.629301791126315,7.562344530667795,-0.010557924997656249,0.000547661825141745,0.0005476404316838513,0.0022765049976562497,-0.0021964750023437517,0.004472980000000001,-0.010980875328505278,3.162486215640204,1.2640647815229984,4.1569337578976615,5.254633562482485,-0.013520421222656252,0.009292044450263208,0.009291681472687325,0.02906112122265625,-0.03349354877734375,0.06255467,-0.11103974602586747,2.942725854851447,1.2536248230274365,3.6046811199670623,4.518917731089051
BOW_20HZ,-0.01396434157890625,0.015253070594648189,0.01525247475994046,0.056538111578906244,-0.05550541842109376,0.11204353,0.15563575808800112,3.181499351218321,1.2650093827285795,3.7068156131226373,4.689156530644928,-0.01649167143125,0.022663052185747504,0.022662166892980288,0.09359321143124999,-0.11198357856875002,0.20557679,-0.11696873782780401,4.520828199941472,1.333638454409893,4.9414329661228225,6.5900850235101345,-0.0108433672078125,0.0005632722032429093,0.0005632501999927108,0.0023563272078125,-0.0021166527921874997,0.00447298,-0.07999815386789394,3.131643003525361,1.2611708850713275,4.183446730854235,5.276041216200187,-0.0112759221234375,0.009076860008251324,0.009076505436481887,0.0275631121234375,-0.031065407876562503,0.05862852,-0.005628600924777523,3.025230221214357,1.25999869839502,3.4226176686568106,4.312493807611379
BOW_20HZ,-0.01396733391796875,0.015048162443768543,0.015047574613441798,0.05489763391796875,-0.054656106082031246,0.10955374,0.09928033639131748,3.1301683667369122,1.2617628891100807,3.6482712548857825,4.603253278821945,-0.0164503702609375,0.022536927507621443,0.022536047141695693,0.09340142026093749,-0.11394399973906251,0.20734542,-0.12801031678235586,4.634921998431773,1.3385542851924181,5.0560774488373275,6.767834135405954,-0.010858185490625,0.0005660700491628304,0.000566047936619641,0.002397965490625001,-0.002101834509374999,0.0044998,-0.0563446359897571,3.087625942850617,1.257971877962585,4.236329355681986,5.329183195235295,-0.010510439978125001,0.010021320571085226,0.010020929105604459,0.035742099978125,-0.029539270021875,0.06528137,0.1323451910878145,2.821179840986541,1.2504914167312269,3.5667451192859274,4.460184157335048
BOW_20HZ,-0.013885088246093748,0.01522683300498556,0.015226238195203697,0.058150008246093746,-0.06050018175390626,0.11865019,0.14542901226394114,3.2162490618689175,1.2693343326052466,3.9734162160266195,5.043593620733014,-0.01631473602578125,0.022167149704375697,0.022166283783177514,0.09326578602578124,-0.11407963397421876,0.20734542,-0.11972818576905295,4.735012955312445,1.3427372661364283,5.146538548820544,6.910449101109038,-0.01062090590078125,0.0006104442760097281,0.0006104204300644464,0.0026941059007812504,-0.0022690840992187506,0.004963190000000001,0.14873945462277743,3.23680738105004,1.269268838457999,4.413525118248114,5.601949900343987,-0.011590348907812503,0.009966757762603362,0.00996636842852393,0.0368220089078125,-0.0284593610921875,0.06528137,0.08765276126956699,2.8433169097703943,1.2468896503241202,3.6946265003034844,4.60679154504164
BOW_20HZ,-0.01374565509375,0.015403470820557178,0.015402869110725874,0.05801057509375,-0.06063961490625,0.11865019,0.14586071054432823,3.2820392994982677,1.2748498990989583,3.9369038631915183,5.018961492752006,-0.01633409240625,0.022201337761716462,0.022200470505021205,0.09421192240625,-0.10641508759375,0.20062701,-0.06306455781080746,4.4610685043738645,1.332272042724073,4.7933708238157156,6.386073938978936,-0.01068656216875,0.0006202520633171069,0.0006202278342476503,0.0027597621687500008,-0.0022823978312499996,0.00504216,0.21345079248857218,3.2512220102632012,1.268752354322452,4.449594191620974,5.645433106398618,-0.011828805015625,0.008700751234682901,0.008700411354949391,0.028419955015624998,-0.027961644984375,0.0563816,-0.09259005918387388,2.7950248214462836,1.2438351671198165,3.266507048480849,4.062996340545235
BOW_20HZ,-0.013846648690625001,0.015431298800520672,0.015430696003637669,0.057913398690625006,-0.05778510130937499,0.1156985,0.08876070654626796,3.267482382977859,1.2713019097263911,3.7531293907269228,4.771360561881384,-0.0165170062015625,0.022614646831773354,0.02261376342987721,0.0967982062015625,-0.1253026837984375,0.22210089,-0.0646270854676026,4.4517727595457135,1.3293848906591967,5.540992068259109,7.366111134806111,-0.010842146688281252,0.0005304927513946938,0.0005304720286168428,0.001945356688281252,-0.002126813311718748,0.00407217,0.0240132739861137,3.2164321231180746,1.2675858478194397,4.009284555991046,5.0821123630552965,-0.013064089166406249,0.008788978481242835,0.008788635155065191,0.02965523916640625,-0.037832820833593746,0.06748805999999999,-0.011924952290206221,3.1051881945238633,1.2598691428251196,4.304743588290771,5.423413614661824
BOW_20HZ,-0.0139393362359375,0.01554692303725323,0.015546315723710263,0.0547340462359375,-0.05769241376406249,0.11242645999999999,0.11916997053544072,3.1196036073147115,1.2625671389848094,3.711002322953833,4.685389585657803,-0.01662185133125,0.022843160673288208,0.022842268344895778,0.10464509133125,-0.12519783866875,0.22984293,-0.09209229863865227,4.9183713741946145,1.3536857583746873,5.48097223876306,7.419514061660582,-0.0107673725515625,0.0005366723490881347,0.000536651384915034,0.0019570025515625,-0.0022358574484374998,0.00419286,0.014861743334087834,3.18920665973417,1.2690891165920268,4.166312640358685,5.287422028198998,-0.0137004450015625,0.008983557280279497,0.008983206353219059,0.0282085750015625,-0.0371964649984375,0.06540504,-0.020638800917242985,3.1555289428067734,1.2654996923174795,4.140666877267987,5.240012659171816
BOW_30HZ,-0.01298344256796875,0.03141880202499618,0.0314175747040705,0.10908993256796876,-0.11748692743203125,0.22657686,-0.1334522868705537,2.7136241228283744,1.225828293905004,3.7395288636588964,4.584020286947504,-0.01584694866953125,0.0485411832991675,0.04853928712215944,0.17111239866953126,-0.20756664133046876,0.37867904,-0.038786760261548044,3.667980681910816,1.3035451494651913,4.276260605313035,5.574298769904891,-0.010671396296875,0.0005199126345445146,0.0005198923250605504,0.0022216062968749995,-0.002053203703125001,0.00427481,0.01544517075960833,3.215120851180828,1.262981224870808,4.273204642165577,5.396977233085905,-0.02031138188359375,0.02542461452422378,0.025423621355820727,0.06870807188359375,-0.07875871811640625,0.14746679000000001,-0.04882735519192934,2.499040519571334,1.2227014432933012,3.0978560061969485,3.7877530098918313
BOW_30HZ,-0.01258317432265625,0.03179144428037763,0.03179020240282953,0.10868966432265625,-0.11788719567734375,0.22657686,-0.13977920577496683,2.6577710789347826,1.2222441625531049,3.708287043395831,4.532432191861866,-0.01556471006953125,0.04876514957462798,0.048763244648766406,0.17688999006953124,-0.20784887993046874,0.38473886999999996,-0.10268807215401228,3.666111260527326,1.3018141267773982,4.262408734848755,5.548863905125486,-0.010559871659375,0.0005425731755760152,0.0005425519808973776,0.002203951659375,-0.0021423783406250008,0.004346330000000001,0.08869845785879026,3.1436332568260537,1.2617429225909855,4.06219447531954,5.125445129422631,-0.011825075825,0.02880085783748287,0.028799732781999425,0.086970245825,-0.08724502417499999,0.17421526999999998,-0.07866829016298695,2.6256149156532445,1.2312716628563314,3.029369224895391,3.729976482942744
BOW_30HZ,-0.01253742468671875,0.031283612929594744,0.03128239088959625,0.09354723468671874,-0.11439865531328125,0.20794589,-0.14435263077214844,2.6526841860569856,1.2250462393273347,3.656966493290876,4.479953049952059,-0.015140017818750002,0.047917008998423986,0.04791513720370078,0.17646529781874998,-0.20293935218125,0.37940465,-0.03732042820839212,3.634631642192288,1.303871833203851,4.2353912359365165,5.522407335136069,-0.010447649864843749,0.0005422377094268273,0.0005422165278525921,0.002091729864843749,-0.002053450135156251,0.00414518,0.048720271171669244,3.0273179288610574,1.2577013822300156,3.8577390348610145,4.851883716427384,-0.007012405508593751,0.027025982397555853,0.027024926674498455,0.08215757550859375,-0.07517152449140625,0.1573291,0.0382126213934178,2.551699027247473,1.224162658377604,3.0400665466419245,3.7215359453820005
BOW_30HZ,-0.0129014399515625,0.030525955593189248,0.03052476314975852,0.09301426995156249,-0.10985221004843751,0.20286648000000002,-0.15682661858503658,2.74340162033365,1.231322647258356,3.5987899237575753,4.431271535847875,-0.015664615732812498,0.047175268581779305,0.047173425761857055,0.1695041257328125,-0.1848476642671875,0.35435179,-0.03896942606120052,3.6277177977080957,1.3090160802098647,3.9184702251717636,5.129340534573409,-0.01049841241875,0.0005452459757135096,0.0005452246766265773,0.00213802241875,-0.002548027581249999,0.004686049999999999,-0.024407878532339923,3.145390686678437,1.2644441151832104,4.673353372439405,5.909194169952616,-0.010964143464843751,0.02502066182129928,0.02501968443260689,0.07691899346484375,-0.07121978653515625,0.14813878,0.08011729374872098,2.4944800157491316,1.2193296217757124,3.074339073781407,3.7486327000441766
BOW_30HZ,-0.01243975472109375,0.030645157326437054,0.030643960226597676,0.10037061472109375,-0.11192160527890625,0.21229222,-0.16793277351318026,2.7246958259244733,1.228224216013372,3.6523218425849207,4.485870131737379,-0.015533213440625,0.04576202387841357,0.045760236264440805,0.159272023440625,-0.186726836559375,0.34599886,-0.1518008948392654,3.7244787357206786,1.312401018124555,4.080547912390828,5.355315234727749,-0.0105299084578125,0.0005402315175275759,0.0005402104143217423,0.0019653884578125,-0.0025165315421874987,0.004481919999999999,-0.011880950598722677,3.162234487855049,1.2640499228145192,4.658428411357292,5.888486073813149,-0.010653428642968752,0.023832547448850352,0.02383161647178213,0.06252628864296875,-0.09783198135703125,0.16035827,-0.16697745417856147,2.9813352215214093,1.2270599310142483,4.105134096668155,5.037245561461864
BOW_30HZ,-0.012495912006249998,0.030333604522168815,0.03033241959259856,0.10042677200625,-0.11186544799375,0.21229222,-0.17416112968819264,2.7064015638121894,1.2280032250944657,3.6879830061775354,4.528855025679596,-0.01514229808984375,0.04463616324569122,0.04463441961150841,0.16162270808984375,-0.18711775191015625,0.34874046000000003,-0.11752595382283496,3.774274079023694,1.3089865916898347,4.192229977197023,5.487572829431085,-0.0105921536734375,0.0005568769809760231,0.0005568552275440737,0.0022258036734375004,-0.0021667163265625,0.0043925200000000005,-0.023048433401475527,3.1282475932714364,1.258449407662994,3.997095768058195,5.030142801685096,-0.0117041648859375,0.024089529630094603,0.024088588614463856,0.0654767748859375,-0.0967812451140625,0.16225802,-0.28871801151505655,3.205966258345268,1.242489553912277,4.017721696486225,4.991977238410846
BOW_30HZ,-0.013010166299218749,0.03002527087385946,0.03002409798880759,0.09113533629921874,-0.11019495370078125,0.20133029,-0.1750112975595755,2.7903157964244394,1.2348560634447372,3.670216961783825,4.5321896694164785,-0.015600721500000001,0.04576316696422348,0.045761379305598045,0.1893108915,-0.1781335485,0.36744444,-0.00021176517611957602,3.6540404818503056,1.301337002911162,4.13691401729321,5.383519288565521,-0.010486516631250003,0.0005872694775086722,0.0005872465368466385,0.002328766631250003,-0.002272353368749997,0.00460112,-0.051402900352421524,3.088477590023946,1.256513754951512,3.9655689478474843,4.982791929178959,-0.01072140395625,0.02338614894515775,0.02338523540587167,0.06449401395625,-0.08689147604375,0.15138549,-0.12175874783255473,2.754724056724294,1.229665846373608,3.7156553926300395,4.569014533211078
BOW_30HZ,-0.01273633898828125,0.030668761469331306,0.030667563447437086,0.09086150898828124,-0.11046878101171875,0.20133029,-0.17611975697279264,2.7777407541434385,1.233692826505696,3.6021375223061853,4.4439312213561415,-0.0156249299203125,0.04485782994000571,0.04485607764679853,0.1893350999203125,-0.1725263100796875,0.36186141,0.028137953738902564,3.679445060269391,1.304703490898293,4.220946410231339,5.507083516323448,-0.010244847478125001,0.0005385222398451997,0.0005385012034093298,0.0025415474781250013,-0.0022756225218749995,0.004817170000000001,0.09968639792847511,3.4136233925860244,1.274914484280246,4.719669077866666,6.017174468381804,-0.01132814161796875,0.023181241423999323,0.023180335889069623,0.061232711617968755,-0.06323145838203126,0.12446417000000001,-0.010363040028008435,2.2851031359346847,1.1994386718030368,2.727805959526549,3.271835957030932
BOW_30HZ,-0.012719263006250002,0.03060877812311069,0.0306075824443617,0.08874651300625,-0.10508758699375001,0.1938341,-0.17753033540790994,2.7053962895711563,1.2288665579697193,3.433384102935201,4.219170904761933,-0.015191229455468748,0.043316505604555425,0.04331481352050609,0.15458221945546874,-0.18734298054453125,0.3419252,-0.07928751773456891,3.7615122905561265,1.3112709108834535,4.325148034074749,5.671440802346974,-0.010307817439062499,0.0005508946472279628,0.0005508731274854897,0.002604517439062499,-0.002251392560937501,0.00485591,0.10007909830861099,3.332836642848404,1.2658962159931175,4.727980562332119,5.985132703145242,-0.01352939591171875,0.022876854203811737,0.022875960559240065,0.06134498591171875,-0.061030204088281255,0.12237519,0.06437760903929252,2.2598556209056704,1.197999516988222,2.6816354116741237,3.2125979279241124
BOW_30HZ,-0.012928104199999998,0.030101902435698668,0.030100726557167945,0.0889553542,-0.1047714658,0.19372682000000002,-0.17102730501621471,2.7591727958949317,1.2335135535954236,3.48069557726508,4.2934851704961225,-0.01542820161640625,0.0429714670281861,0.0429697884224694,0.17460936161640625,-0.18710600838359373,0.36171537,-0.08829728529969644,3.907725898092833,1.3154404308426855,4.354361872672238,5.727903657832932,-0.0105607840515625,0.0005965739053099623,0.0005965506011866187,0.0023344940515624985,-0.0029401059484375006,0.005274599999999999,-0.15802667325457706,3.2565791616392925,1.2645436756923647,4.928510578296691,6.232316882368,-0.012177602374999999,0.022883045719012722,0.022882151832580265,0.069260992375,-0.060027797625000004,0.12928879,0.10975108966007215,2.5169191738569086,1.220452095276504,3.026856603424168,3.6941334837505475
BOW_30HZ,-0.01259924711484375,0.030833232544703524,0.030832028098032437,0.08760882711484376,-0.11247731288515625,0.20008614000000002,-0.1845445903829226,2.779429293681338,1.2327602266180226,3.648067280151903,4.497192246997853,-0.015605855367968751,0.04236259434335234,0.04236093952218945,0.17478701536796873,-0.17326654463203126,0.34805356,-0.03416011571647655,3.8976386857826544,1.313508800414817,4.126136420473205,5.419716500003647,-0.01058725553125,0.0005939997946045111,0.0005939765910343308,0.002399705531250001,-0.002913634468749999,0.00531334,-0.09613920462956216,3.354613557997608,1.2716079030942282,4.905301846452053,6.237620595011141,-0.00927627123203125,0.02433287933485828,0.024331928813194025,0.06635966123203124,-0.09185896876796876,0.15821863,-0.007588215590370666,2.582674614227291,1.2181450833744722,3.7752440208586378,4.598794942547824
BOW_30HZ,-0.012509017603906249,0.03136834340227129,0.031367118052424064,0.09016930760390626,-0.11256754239609376,0.20273685000000002,-0.19293233020378067,2.7476786133169013,1.2285451595018482,3.588711663212378,4.408894342687393,-0.015391765548437499,0.04202871199727619,0.042027070218647176,0.1610392655484375,-0.17494084445156252,0.33598011000000005,-0.08815310861482901,3.8826428313386567,1.3083959317865985,4.162575300667574,5.446296589148831,-0.01044675819296875,0.0005311256421064757,0.0005311048946058483,0.0022592081929687508,-0.002081161807031249,0.00434037,0.10090105517272885,3.2517085801174392,1.2638298654895799,4.253789064861451,5.376065661664892,-0.012152402633593748,0.026934862397184095,0.026933810233571234,0.09248575263359375,-0.08898283736640625,0.18146858999999999,0.046036262190708735,2.5390649717088865,1.211764344907603,3.433816152692585,4.160975980800676
BOW_30HZ,-0.012577904261718752,0.03095788100512442,0.030956671689277748,0.09370989426171875,-0.11022640573828124,0.2039363,-0.1642535664265402,2.7158285245024056,1.2279618793497733,3.5606672075299235,4.372363595897554,-0.015319683999218752,0.04136535206097643,0.04136373619535106,0.16096718399921878,-0.17501292600078125,0.33598011000000005,-0.08625552086724923,3.892690528870613,1.3035400904813588,4.231071515741154,5.515371346462324,-0.0104364575203125,0.0005314038397927143,0.0005313830814247776,0.002517107520312499,-0.0022136424796875,0.004730749999999999,0.047821886351912625,3.329232845267999,1.2627350416888663,4.736898121715642,5.981447247200514,-0.014963745808593752,0.026724003860673435,0.026722959933883034,0.09529709580859375,-0.07252905419140625,0.16782615,0.15695779612684452,2.544518661947148,1.2209195491552782,3.5661130370428396,4.353937121423104
BOW_30HZ,-0.012718449559375001,0.03092238541804443,0.03092117748877121,0.093850439559375,-0.10195195044062501,0.19580239,-0.15125187290628833,2.6856426697268625,1.2282108016614983,3.297156147357198,4.049602794948722,-0.01551628320078125,0.040047114168993814,0.040045549798041875,0.14500026320078124,-0.16347294679921875,0.30847321,0.018505057075755005,3.88977238818548,1.3031491024242357,4.082175113680476,5.319682835331264,-0.010599489828125,0.0005806535114354696,0.0005806308292146583,0.002680139828124999,-0.0022681501718750004,0.004948289999999999,0.019985045054697892,3.155420102021443,1.2563227978968612,4.6159103052624095,5.799073349548224,-0.0156206266265625,0.024870404374186788,0.024869432855040566,0.0725669366265625,-0.0718721733734375,0.14443910999999998,0.05421740712301311,2.4873194916695693,1.2257523016658953,2.9179168278401066,3.576643267794659
BOW_30HZ,-0.012909678603906249,0.0312972318927351,0.03129600932073547,0.09285115860390625,-0.10429372139609375,0.19714488,-0.18133278035826877,2.703604166991767,1.2282828972683162,3.332492661516206,4.093243741412528,-0.015727086659375004,0.040254808808374086,0.04025323632419183,0.153544636659375,-0.165380923340625,0.31892556000000005,-0.00041252867786059963,3.941701058557231,1.3049382236094484,4.108512468629326,5.361354962490421,-0.010558906535156249,0.0005980125414789732,0.0005979891811578065,0.0023966865351562495,-0.0023087334648437506,0.00470542,0.021270546415118545,2.968844566560595,1.2531849649238107,4.007909525245701,5.02265195781284,-0.014093804885156248,0.027134106017098463,0.02713304607037968,0.09014638488515625,-0.07257800511484375,0.16272439,0.11048769137874621,2.7218323457448763,1.2342441943970393,3.322383511653206,4.1006325608184175
BOW_30HZ,-0.01269653154296875,0.03142704380005755,0.03142581615718124,0.09222677154296875,-0.11616611845703124,0.20839289,-0.20899905276110486,2.7106834660754977,1.2280640135279037,3.696518743570822,4.539561644310708,-0.015245921195312501,0.040988111299304526,0.04098651016993423,0.15306347119531252,-0.1725894488046875,0.32565292,-0.07583822198630678,3.8215975614732542,1.30152558516068,4.210884217492881,5.480573545216293,-0.010277328546874999,0.0005578794478133571,0.000557857655221782,0.0021151085468749994,-0.0021388414531250018,0.004253950000000001,0.021373433513941685,3.059472387773302,1.2570534947935572,3.8340272524801753,4.819577356863944,-0.010021555728906251,0.026611144073905864,0.026610104555786992,0.08607413572890625,-0.07665025427109375,0.16272439,0.025435168079914465,2.684701819911012,1.2310303880225764,3.2346410194839845,3.9819413893291116
BOW_30HZ,-0.012843998123437499,0.03150872724298354,0.03150749640928543,0.09185571812343749,-0.11601865187656249,0.20787436999999998,-0.18657145616457538,2.6973452489113128,1.2284123158164557,3.6822554978494315,4.5233280035410965,-0.0152476225921875,0.04081626630907298,0.04081467189252873,0.14273500259218752,-0.17878166740781248,0.32151667,-0.02405819222458952,3.7947463723135773,1.300264515643553,4.380328424018009,5.695585616615465,-0.01026590688203125,0.0005620427328629181,0.0005620207776398444,0.0021260368820312497,-0.0021443031179687495,0.004270339999999999,0.051045469755209606,3.1214692131493824,1.2636331735770647,3.8153449183383525,4.821196407451019,-0.00851485492421875,0.02398931406706463,0.023988376966180773,0.08044311492421874,-0.06861499507578125,0.14905811,0.04193134797763896,2.470398077030049,1.2114124992215642,3.3534204935010328,4.062375500972897
BOW_30HZ,-0.013195299963281249,0.0318544738760543,0.03185322953636453,0.09635219996328126,-0.10920522003671874,0.20555742,-0.16523046551632206,2.667873940795388,1.226105092752721,3.4283876902355233,4.203563606928513,-0.01580047126640625,0.04058429534659472,0.04058270999159317,0.14707393126640625,-0.17822881873359375,0.32530275,0.0021718681717756505,3.8572020985333695,1.3038388506828211,4.391742660125812,5.726124702473154,-0.010476734781250002,0.0006170253960000411,0.0006170012929747385,0.0023368647812500015,-0.0023655752187499973,0.004702439999999999,0.02265451993974331,3.015096167639374,1.2575853415902205,3.8339874578623445,4.821566426848437,-0.009127905529687499,0.02389065216224168,0.02388971891541376,0.08105616552968749,-0.0643544244703125,0.14541059,0.04069974114845138,2.398850005941493,1.2050849277012596,3.3929309012250313,4.088769889798137
BOW_30HZ,-0.012791525328906247,0.031950070299766625,0.03194882222576862,0.09594842532890625,-0.10261344467109375,0.19856187,-0.17272303995282892,2.6356387114958357,1.2214802281745618,3.2118068060840725,3.9231585103481836,-0.015445094041406251,0.04054272036097362,0.040541136630026675,0.14820708404140626,-0.16425337595859374,0.31246046,-0.020548948430417914,3.811946014354754,1.304585627835438,4.051523701901835,5.285559592335763,-0.010894291915625,0.0006397256551368371,0.0006397006653653423,0.0024653619156250004,-0.002716858084375001,0.005182220000000001,0.1803711771815658,3.2028084187152133,1.2683543073108734,4.2470771588511065,5.386798607910428,-0.0085840927796875,0.02252250302527267,0.022521623222814265,0.061938012779687496,-0.06076646722031251,0.12270448,-0.030871336695296066,2.3177472467342555,1.2023589204111607,2.7501575782044285,3.3066764966904487
BOW_30HZ,-0.012778994894531248,0.03135250619530487,0.03135128146411062,0.09506871489453124,-0.09717257510546876,0.19224129,-0.18777488241897608,2.6230608367859007,1.22116300780852,3.099476977255525,3.784966628178617,-0.015317042154687498,0.04097268764351706,0.040971087116645086,0.1525326221546875,-0.1868044378453125,0.33933705999999997,0.013926880942465216,3.9288868244068738,1.305991814125049,4.5594210696308455,5.95456659408716,-0.010892066926562501,0.0005959790325504809,0.0005959557516648082,0.002215796926562501,-0.0027190830734374997,0.004934880000000001,-0.07141690307194644,3.0887101192375326,1.2572398312450739,4.562558656144713,5.7362304748971304,-0.01041349138203125,0.0221762502045682,0.022175383927874787,0.06376741138203125,-0.06102753861796875,0.12479495,-0.013388034669201758,2.385089526563787,1.2111504538612834,2.8755944694997893,3.482777546855666
BOW_30HZ,-0.013132831829687499,0.031386998089481664,0.03138577201092148,0.09656240182968749,-0.1083096181703125,0.20487202,-0.1825857059005328,2.6282326545380714,1.2224443550269446,3.4509145778738026,4.218551045402021,-0.01589791097890625,0.04284470626519731,0.04284303261116963,0.15697707097890626,-0.19607841902109374,0.35305549,0.013046562894792424,3.897624927371999,1.3061127018312757,4.576669929055723,5.977646726428923,-0.01050072226796875,0.0005487055307815792,0.0005486840965531377,0.0024666422679687494,-0.0021478877320312492,0.004614529999999999,-0.016976050991114704,3.0941496301856874,1.2580451151964531,4.495559983357137,5.655617277135094,-0.014333644481249998,0.023550792623797924,0.023549872652992524,0.06436635448125,-0.07677240551875,0.14113876,-0.020276474753513966,2.366495662075133,1.2066004256835061,3.2599923850965875,3.9335081995825316
BOW_30HZ,-0.0125690521484375,0.032331527212090864,0.03233026423714118,0.09599862214843749,-0.1088733978515625,0.20487202,-0.16903408569018288,2.5996147612344283,1.2187219805200966,3.3675381386610557,4.104092749825962,-0.01563669546796875,0.04447084952811245,0.04446911235162287,0.16275334546796874,-0.19633963453203124,0.35909298,0.05926792679547446,3.7123499369596114,1.2987035589622862,4.415191222607482,5.734024554299384,-0.01039310166328125,0.0005491452120925823,0.0005491237606887541,0.0023590216632812487,-0.002362788336718751,0.00472181,-0.06643258225753103,3.1462691680078865,1.2581741031557243,4.30283390715994,5.413714192168998,-0.014721884352343749,0.024680861184817694,0.024679897069846926,0.06636528435234375,-0.07638416564765624,0.14274945,-0.04049117134076792,2.3682200502045787,1.20470911836055,3.0949953085898345,3.728569069541298
BOW_30HZ,-0.01253751851015625,0.03268830490810152,0.032687027996250874,0.09131530851015625,-0.10595175148984375,0.19726706,-0.1789874908216429,2.5209618538388603,1.2108053781076142,3.2414005795202967,3.9247052542843126,-0.015258894548437499,0.044770794793523715,0.04476904590019336,0.1658740545484375,-0.2045786854515625,0.37045274,0.04007735299644746,3.8365162618380837,1.308708811268623,4.569645864413628,5.980335807135338,-0.010470675137500001,0.0005528939831032193,0.0005528723852601632,0.001967245137500002,-0.002285214862499999,0.004252460000000001,-0.062235115747913364,3.148702927250139,1.259808572803187,4.133349618148596,5.20722928333638,-0.0132191887375,0.023878215232148014,0.023877282471147166,0.0648625887375,-0.0723977012625,0.13726029,-0.03835461079869471,2.398114567308687,1.2061166249583588,3.032074581769678,3.657035561186071
BOW_30HZ,-0.013050466259374999,0.03255331908913174,0.032552047450267636,0.088843786259375,-0.10543880374062499,0.19428258999999998,-0.17182537857794533,2.4941668366376364,1.207657421626405,3.2390836214438514,3.911703374705201,-0.01580898579453125,0.0451118346482206,0.04511007243276071,0.18552295579453124,-0.20402859420546876,0.38955154999999997,-0.004150513980566774,4.078650637162825,1.3232451438302626,4.522905488781595,5.984912724033486,-0.01049248070546875,0.0005539293358969553,0.0005539076976096408,0.00237645070546875,-0.0020741792945312507,0.0044506300000000006,-0.050228478607471774,3.1351287020412517,1.2624668762497973,4.290337028577499,5.416408386527071,-0.013537504887500001,0.023978680183219095,0.02397774349772944,0.0672818048875,-0.0819863951125,0.14926820000000002,-0.03125263779688502,2.4813204975341785,1.2165143648342485,3.419270671581905,4.159591889235835
BOW_5HZ,-0.012859042234375,0.0015964173479888503,0.0015963549867181771,0.005888822234375,-0.005745097765625002,0.011633920000000002,-0.18163429524880104,2.932906659359462,1.2401343683156572,3.688917742839501,4.574753674784684,-0.015684592093749998,0.0021629988803702383,0.002162914386576172,0.009785682093749998,-0.009281847906250001,0.01906753,-0.06968420133401354,3.828558673697427,1.2929781908525453,4.524303945862803,5.849826330788718,-0.010363089687499999,0.0006126868153113464,0.0006126628817651621,0.0029354396874999985,-0.002629710312500002,0.0055651500000000005,-0.08157521720041686,3.335511875845482,1.2714060377910208,4.791280449441643,6.091662892170182,-0.0118736291046875,0.0022467214117866965,0.002246633647517369,0.0072501591046875,-0.0075366008953125,0.01478676,0.1419845193133902,2.7668280868318633,1.2347687596467916,3.3546194341212603,4.142179277756931
BOW_5HZ,-0.012828602349218749,0.0016151031659844331,0.001615040074784738,0.005858382349218749,-0.005660807650781252,0.011519190000000002,-0.0710170206030679,2.8657719804232173,1.2347966258284968,3.6273913203049086,4.479090562872077,-0.015691787396875,0.0021843708223884583,0.002184285493736601,0.010879087396875,-0.008292742603125,0.01917183,0.12319463401191903,4.281385827092588,1.3331268045153142,4.980616054114989,6.639792764739989,-0.010489861681249999,0.0005712703506433425,0.0005712480349594087,0.0022754916812499984,-0.0024463183187500015,0.00472181,-0.04937986730087839,3.3854753665551938,1.2747938670681958,4.282410037390903,5.459190051937206,-0.0116037416796875,0.002135097952625948,0.0021350145487331594,0.0066211816796875,-0.0071642983203125,0.01378548,0.06827716290282002,2.7476420592063913,1.2324721420522902,3.355620374841725,4.13570863129549
BOW_5HZ,-0.012793419840625,0.0016152447035008607,0.001615181606772248,0.005459639840625001,-0.0065244301593750005,0.011984070000000001,-0.13799675079981122,2.9500163603708383,1.2391641937110116,4.0394406003751575,5.005530154607406,-0.01564947803203125,0.002052345559078795,0.0020522653877645173,0.010836778032031251,-0.008136881967968749,0.01897366,0.13039638761749484,4.043215142928249,1.3079091045492464,5.2803979917214745,6.906280609016073,-0.01057380641875,0.0005663355913057573,0.0005663134683896253,0.0023162264187499993,-0.0025247835812500004,0.00484101,-0.024744188066224238,3.5297997733132216,1.2767667972483843,4.458279243171631,5.692182910543195,-0.01180524217890625,0.002053469563472881,0.0020533893482513233,0.00757215217890625,-0.00696279782109375,0.01453495,0.07079865677681559,2.946544478992573,1.2466230450423108,3.687635852087541,4.597091834936568
BOW_5HZ,-0.012798056417968749,0.00155384358507137,0.0015537828868707932,0.005464276417968749,-0.0065197935820312525,0.011984070000000001,-0.30846622380109445,3.3315306312954522,1.269177211225642,4.196077609762872,5.3255660788452,-0.0156072266375,0.001878144535309691,0.0018780711688558141,0.0076580766375000005,-0.008179133362499999,0.015837209999999997,-0.10124046228998416,3.9831126584251466,1.2935581029198409,4.3550710421069985,5.633537435309063,-0.010610155434374999,0.0005635315887326163,0.0005635095753499742,0.0023078754343749987,-0.002488434565625001,0.00479631,0.024792379815089766,3.542739285308302,1.279904577651388,4.415957908221045,5.652004741447963,-0.011698966299218752,0.002218548132885952,0.0022184614691568272,0.009404366299218751,-0.006638463700781246,0.016042829999999998,0.36377789872134353,3.3323175728631984,1.2725894841569139,4.2391388942144115,5.394683578657828
BOW_5HZ,-0.0128452711421875,0.0016382178868652691,0.0016381538927291537,0.0053952711421875,-0.006386158857812501,0.01178143,-0.2871065881384387,3.1126366767762677,1.2690844312706744,3.8983876216740554,4.9473830377248555,-0.015616958200000001,0.002012268138614115,0.0020121895328546516,0.0077065482000000015,-0.0090380718,0.01674462,-0.18979073133391863,3.9935113598608427,1.2910583160699376,4.491660279724185,5.79899535709893,-0.010382341302343749,0.0005746963564576349,0.0005746739069427352,0.002701391302343749,-0.002166438697656252,0.004867830000000001,0.03550667460000909,3.278172618654304,1.2673181276720307,4.7007377048231564,5.957330106753801,-0.01133824032578125,0.002110861001802598,0.0021107785446841934,0.009043640325781251,-0.0067116196742187505,0.01575526,0.3450284095370636,3.3203363186511528,1.270198038822865,4.284504572285353,5.442169305044455
BOW_5HZ,-0.01291152666953125,0.0016124087110455222,0.001612345725100029,0.005461526669531249,-0.005406533330468751,0.01086806,-0.17611659472651986,2.87751194193207,1.2481300876847101,3.387317362839424,4.227812717096712,-0.015623616521093751,0.001959234810406071,0.001959158276301454,0.008546116521093751,-0.00903141347890625,0.01757753,-0.04215922591994577,3.9751238104088613,1.2862969433956422,4.609843721231124,5.929627888151188,-0.010218099650000001,0.0005970842324454384,0.0005970609083870516,0.0025371496500000016,-0.0023306803499999994,0.004867830000000001,0.02056376466757875,3.279334463815131,1.2710159347494876,4.249398368508268,5.401053039472483,-0.01149151266796875,0.0019181257825249376,0.0019180508542730867,0.00670563266796875,-0.00919564733203125,0.01590128,-0.11382031676785206,3.562003470010525,1.2771319248406097,4.794266696081041,6.12291105376521
BOW_5HZ,-0.012968896907812501,0.001552043727635046,0.0015519830997427736,0.005232816907812501,-0.006398123092187498,0.01163094,-0.1997014189370347,3.0336456469686084,1.2486049280810474,4.122546884207647,5.147432355866836,-0.01563923521328125,0.0018158595984266355,0.001815788665025627,0.008561735213281251,-0.00715627478671875,0.01571801,0.0733493262867815,3.9680418006839826,1.2890445674768245,4.715160623144663,6.078052186045267,-0.01032629192578125,0.0006609481057898461,0.0006609222870001807,0.0026632219257812497,-0.0023416880742187507,0.0050049100000000004,0.08906157193119484,2.964715655172006,1.248020264279601,4.029553819207979,5.028964822376817,-0.0122991693796875,0.0022687660030886294,0.0022686773776856347,0.0075132893796875004,-0.008387990620312499,0.01590128,-0.3150247580491729,3.043380257165659,1.2688168111005145,3.6973042984496156,4.691201849627066
BOW_5HZ,-0.01299939406484375,0.0016467071660681515,0.0016466428403130898,0.005263314064843749,-0.006367625935156249,0.01163094,-0.14902645434981188,2.874232731006963,1.239892023720018,3.8670352667039323,4.794706182630217,-0.01569373452421875,0.0021532760703821307,0.002153191956392748,0.00849405452421875,-0.01133784547578125,0.0198319,-0.2831588444116198,4.543817439881318,1.3015100137823254,5.265599029440734,6.8532298653796095,-0.0104312332078125,0.0006098615155646668,0.0006098376923839095,0.0027681632078124995,-0.002546666792187501,0.00531483,0.13614914006509238,3.2747176149967374,1.2659575735448843,4.5391802480943815,5.746409612760428,-0.012157649645312501,0.0025213997276752617,0.002521301233574649,0.0083521896453125,-0.0081108203546875,0.01646301,0.18262836799512627,3.20258439642323,1.2845592235905507,3.31265044180022,4.255295679545785
BOW_5HZ,-0.0129892209734375,0.0016860424831446048,0.0016859766208237085,0.0050832809734375,-0.0068680090265625,0.01195129,-0.15130458615092163,2.806243447140881,1.2322638624162727,4.0736086976147,5.019760787695213,-0.0156843734828125,0.0024029093840361657,0.0024028155185550058,0.008347613482812499,-0.0113472065171875,0.01969482,-0.38512715662509295,4.089662057424494,1.2821375648164735,4.722462639999692,6.0548467491859785,-0.01040034283046875,0.0005484512209903674,0.000548429796696096,0.0025808228304687493,-0.0025775571695312513,0.005158380000000001,0.053019797840474114,3.5264081003856886,1.2807726655672231,4.705839919742495,6.027111137741242,-0.01137175903984375,0.0024721633798528153,0.0024720668090846055,0.00790750903984375,-0.00763170096015625,0.01553921,0.2519018177860383,2.8841191201944794,1.2508907419558057,3.1987440674274747,4.001279339831086
BOW_5HZ,-0.0129281035015625,0.0016390993969073956,0.0016390353683366215,0.0056271035015624995,-0.0069291264984375,0.01255623,-0.18368866703932357,2.962706601738179,1.2450732455813218,4.227563744075602,5.263626511738134,-0.015644231718750002,0.0021179469321974064,0.002117864198279439,0.00830747171875,-0.00989734828125,0.01820482,-0.3290605282138167,3.9775411855373415,1.2860211832357058,4.673268611505234,6.009922429346244,-0.010363105984375,0.0005582702886923811,0.000558248480833286,0.0026136159843750005,-0.0028531940156249994,0.00546681,-0.07878827395204156,3.567578465228462,1.2813784519909641,5.110974975455545,6.549093202213783,-0.010977875677343749,0.0026596332115420285,0.0026595293175904846,0.008222865677343748,-0.008025584322656251,0.016248449999999998,0.03875241567549299,2.401343496231678,1.2125004880062293,3.091849983738329,3.7488696141247755
BOW_5HZ,-0.012956907296875,0.0015578974370535046,0.001557836580496242,0.005915167296875,-0.006413092703124998,0.012328259999999997,-0.05941195283919077,3.0560713954710454,1.2528063976116237,4.116665883582048,5.157385355781098,-0.015690556284375,0.0018792385667061506,0.0018791651575158375,0.009226936284375,-0.008222453715624998,0.01744939,-0.12050934616927052,4.117571543337991,1.3010034480666959,4.910125247624615,6.388089877598963,-0.010376719462500001,0.0005539496758354569,0.0005539280367535981,0.002627229462500001,-0.002839580537499999,0.00546681,-0.09212220107436529,3.680465193132891,1.2855464754478603,5.126262527063818,6.590048723887332,-0.011514131566406252,0.002625693554354361,0.0026255909861965703,0.008759121566406252,-0.007417808433593749,0.01617693,0.24975242757445223,2.5368259613118527,1.226174333846507,3.336057143879333,4.090587646070122
BOW_5HZ,-0.012976027605468753,0.0015654569566697883,0.001565395804813023,0.005934287605468752,-0.006393972394531246,0.012328259999999997,-0.09740476667582826,2.977502379718538,1.2467009523619892,4.084572332998532,5.092240217540703,-0.01573078966015625,0.00203430196852766,0.002034222502054905,0.009267169660156251,-0.01025183033984375,0.019519,-0.2902866978143953,4.60767432674417,1.3226415641041267,5.039679941347462,6.665690160208,-0.01038185798359375,0.000565583988912371,0.0005655618953562809,0.0023626779835937486,-0.0024112820164062503,0.004773959999999999,0.0642751106625688,3.5463570358696823,1.2852252298133864,4.263515693339349,5.479577936785045,-0.01250655165390625,0.0019079872694095145,0.0019079127372010674,0.00754336165390625,-0.0064253883460937515,0.013968750000000002,0.14422986906520754,3.240751223928494,1.2599027742485998,3.9537246682321845,4.981308678120854
BOW_5HZ,-0.0129147414609375,0.0015320036455585319,0.0015319438004972555,0.005667381460937501,-0.0057862485390625,0.011453630000000001,-0.15476993874912992,2.8718175834534576,1.247421846137251,3.7770631906890677,4.711591138306413,-0.0157579720328125,0.002075620598732092,0.0020755395182188194,0.006597452032812501,-0.0102246479671875,0.0168221,-0.2193332006119331,3.810775105934448,1.2851910046733872,4.926260318070002,6.331185447463026,-0.01036852271640625,0.0005676330980392286,0.0005676109244382498,0.0023970227164062507,-0.0024246172835937496,0.00482164,0.048429936737223234,3.4984992319876356,1.2841012230795452,4.271618425937331,5.485190445275248,-0.0128625870375,0.0019039612713003258,0.0019038868963605017,0.0065852170375,-0.0076934529625000015,0.01427867,0.04078794962065139,2.985503908371726,1.244878860590031,4.040919120356844,5.030454790286299
BOW_5HZ,-0.0129256044921875,0.0015660605204648975,0.0015659993450309608,0.005652914492187499,-0.006249205507812501,0.01190212,-0.14092350790198546,3.080937731445226,1.2544903079233125,3.9905543560038654,5.006111762848005,-0.015737485464062503,0.0020675926444670032,0.0020675118775518187,0.009223205464062502,-0.009264714535937496,0.018487919999999998,-0.057455315220351154,3.6545524948235037,1.2804617945936057,4.4810937419658385,5.737869334579753,-0.01027892855078125,0.0005558839131907231,0.0005558621985512417,0.0023074285507812507,-0.00265874144921875,0.004966170000000001,-0.032063467724945977,3.5233310928954156,1.2787597012425245,4.783094544202318,6.116428550358905,-0.011474667286718749,0.002778488431825734,0.0027783798950014645,0.008606417286718748,-0.009081372713281253,0.017687790000000002,0.13692482544661666,2.450588393499139,1.2070504439682799,3.2685856709586023,3.9453477852789387
BOW_5HZ,-0.01293556968203125,0.0016399345355303972,0.0016398704743363834,0.00566287968203125,-0.00623924031796875,0.01190212,-0.12821039370298842,2.9482155737905007,1.2458027438212225,3.804715320881439,4.73992478621274,-0.015537480319531251,0.002033810194807103,0.002033730747544633,0.009213920319531253,-0.009464719680468747,0.01867864,-0.03738742218694144,4.513813768285123,1.3255912421835154,4.653870573523908,6.169130074518866,-0.01028791441484375,0.0005628823049114042,0.0005628603168919067,0.00239538441484375,-0.00275256558515625,0.00514795,-0.04556376840012888,3.463318119982919,1.2708544580085432,4.890317371023441,6.214881632041759,-0.011172928899999999,0.0026285257467018493,0.0026284230679093847,0.008304678899999998,-0.0070423211,0.015346999999999998,0.05002413690533665,2.5587678909882197,1.2275783934674829,3.159567042837376,3.8786162344991113
BOW_5HZ,-0.012883065225,0.0015520792320102208,0.0015520186027310316,0.005199135225,-0.006005664774999999,0.0112048,-0.08522394204704259,2.8698394809703784,1.2485496893559698,3.869582983368914,4.831366631822405,-0.015442979281249998,0.0019098882832265878,0.0019098136767583382,0.009119419281249999,-0.008298680718750003,0.017418100000000002,-0.14726503161773,4.37210205021352,1.3039378128239028,4.775030879833803,6.226343321617086,-0.01030358572265625,0.0005732826826456982,0.0005732602883535103,0.0024110557226562496,-0.0027368942773437505,0.00514795,0.007717523484655224,3.417925037412644,1.27261932706024,4.774261069442857,6.075816909404271,-0.011366199360937499,0.0027944023477215587,0.0027942931892478077,0.008332559360937498,-0.0068490506390625,0.015181609999999998,0.32993213715031106,2.515885281964958,1.223692801943704,2.981991794204147,3.6490418940228055
BOW_5HZ,-0.012901698489843749,0.0015496577379730692,0.0015495972032853384,0.005205848489843749,-0.005808231510156251,0.011014079999999999,-0.04641191484188619,2.89045458538221,1.2417328202996727,3.7482201812458613,4.654288016762574,-0.0156326206609375,0.00195369296313722,0.0019536166455152403,0.006329060660937498,-0.0100147493390625,0.01634381,-0.4018114645031817,4.0721219060614215,1.2811043696101492,5.126261266278904,6.5672757079931605,-0.01028103899609375,0.0005870644119820494,0.0005870414793305442,0.0023691389960937507,-0.00216940100390625,0.004538540000000001,-0.04588335223448798,3.2750542280409523,1.270089546018532,4.035726740801164,5.1257343440789995,-0.01090791296015625,0.0029108558680866273,0.0029107421605583865,0.00880552296015625,-0.00883607703984375,0.0176416,0.0878332147761752,2.410658405007059,1.2073876585292038,3.035678377692055,3.6652406084893423
BOW_5HZ,-0.0129405845796875,0.0015830232414772946,0.0015829614034241263,0.005244734579687499,-0.0057693454203125005,0.011014079999999999,-0.11712174866374576,2.8951254904821844,1.2400201288863588,3.644653247914161,4.5194433902246045,-0.0157744095265625,0.0019510307259730253,0.0019509545123467154,0.007804399526562502,-0.010165000473437498,0.0179694,-0.26991214738175173,4.470010815000431,1.313384171854895,5.210270362075473,6.843086624634599,-0.010513094622656252,0.0005859171007475245,0.0005858942129137398,0.0025117946226562524,-0.0021548853773437487,0.004666680000000001,0.0759517406340878,3.207491855289047,1.2649505238515624,4.287112873439594,5.422985675068191,-0.011705916450781251,0.00267724443124974,0.002677139849346489,0.00960352645078125,-0.00823475354921875,0.017838279999999998,-0.12681236357846856,2.8619258243338037,1.246889127700233,3.587233761107231,4.4728827752438205
BOW_5HZ,-0.0128797590546875,0.0014747561092929445,0.001474698500507232,0.0050214990546875,-0.005633490945312498,0.010654989999999998,-0.2099129277952925,2.943817155585986,1.2514325218625888,3.8200967474875864,4.7805933064674635,-0.015751114657031252,0.001837749182694039,0.0018376773942144439,0.007781104657031253,-0.010188295342968747,0.0179694,-0.18010609237662933,4.878147715145536,1.3323210847792657,5.5441152919682954,7.386541699936514,-0.010540937484374999,0.0005481818054349366,0.000548160391664916,0.0025396374843749993,-0.002127042515625002,0.004666680000000001,0.045757485203137306,3.555200540838549,1.2828266843218592,4.633018953925897,5.943360343065088,-0.011939219370312499,0.0028610900077930285,0.002860978244281675,0.0072337993703124985,-0.0102275106296875,0.01746131,-0.4334965632593642,2.8107944416959496,1.2391339749579182,3.574829920545373,4.4296932092438865
BOW_5HZ,-0.01280479610703125,0.0014621230392969336,0.0014620659240001564,0.00539502610703125,-0.00480700389296875,0.01020203,-0.04723323520926867,3.0009342179583616,1.2558454429810515,3.69000194756654,4.634072130442645,-0.01571968101171875,0.0017143015671265151,0.0017142346009135897,0.00744273101171875,-0.00988894898828125,0.017331680000000002,-0.31798242209538935,5.006177807606604,1.3359173085377238,5.768725577590723,7.706540347307724,-0.01054862041328125,0.0005548128082542737,0.0005547911354556462,0.0024355704132812492,-0.00209998958671875,0.004535559999999999,0.0364206795961568,3.4993436024453843,1.277026332467411,4.3900672841157276,5.606231523119475,-0.012032399430468748,0.002650240244129659,0.0026501367170980706,0.006652009430468749,-0.01013433056953125,0.01678634,-0.3199062735631071,2.9804900503642653,1.245960921367023,3.8240783972188637,4.764652243178544
BOW_5HZ,-0.01281132067734375,0.0015573035237800216,0.0015572426904229492,0.005401550677343749,-0.004842199322656249,0.01024375,-0.05274929893309999,2.942410963821757,1.2520928886622813,3.468663369276552,4.3430887378345195,-0.01565254324140625,0.001798728793591183,0.0017986585293753086,0.00907121324140625,-0.00897268675859375,0.0180439,-0.28149823721789174,4.660538685330817,1.327274801084722,5.04332150503118,6.69387354739656,-0.010548870104687502,0.0005738735587981623,0.0005738511414244238,0.0027755401046875017,-0.0023589998953124983,0.00513454,0.011713545150702167,3.4145759213184363,1.2701846125613745,4.836690047872006,6.14348927453576,-0.0126329631375,0.002217497855453066,0.002217411232751205,0.0071274131375,-0.006684886862500001,0.013812300000000001,0.10882529992954006,2.7882201341052495,1.2445996450084966,3.214294683921492,4.000510022561387
BOW_5HZ,-0.012856109960937499,0.0015143063355530994,0.0015142471818064976,0.005753279960937499,-0.0078340300390625,0.013587309999999998,-0.2009557060628474,3.4310217174692395,1.2615656150286128,5.173547709507043,6.526769898024123,-0.01556206368984375,0.00202986251852804,0.002029783225474687,0.008980733689843751,-0.00906316631015625,0.0180439,-0.1921751722839743,3.9146159970902157,1.2952620715223568,4.465090752751063,5.783462697943662,-0.0103994356765625,0.0005582740258917523,0.0005582522178866699,0.0026261056765625006,-0.0025084343234374994,0.00513454,-0.04848053717735674,3.561875927579481,1.2775561914616624,4.704156279940876,6.009823981041728,-0.012298515991406252,0.0024035950975431633,0.002403501205275796,0.008092245991406252,-0.007019334008593749,0.015111580000000001,0.07055447524523892,2.719980163839214,1.234461240163129,3.3668574717763398,4.156255050061517
BOW_5HZ,-0.01291825681328125,0.0014476912332142332,0.0014476346816708918,0.005815426813281251,-0.007771883186718748,0.013587309999999998,-0.19779063594334415,3.5938602028606783,1.2657698253674265,5.368677115243101,6.79550949461536,-0.0154908569390625,0.002015616780437125,0.002015538043868786,0.0082569069390625,-0.009068813060937498,0.017325719999999996,-0.17253319249619978,3.990620211223347,1.301703699593482,4.499450203147785,5.856950975574116,-0.01028833510703125,0.0005586679487699287,0.0005586461253769334,0.002486695107031249,-0.002394544892968751,0.00488124,0.033483410357398,3.4692324571659903,1.275681971194009,4.451288560094119,5.678428564694208,-0.01096435485859375,0.0022220743410367293,0.002221987539562408,0.007580564858593751,-0.006961835141406251,0.014542400000000002,-0.056944924029377154,2.949670933060436,1.2579989072989104,3.4116144774091066,4.291807284705799
BOW_5HZ,-0.013022664954687502,0.0014966598920493615,0.001496601427630423,0.0052180449546875025,-0.005822855045312499,0.011040900000000001,-0.0898060341974916,2.9239897212201833,1.247543742194069,3.8907186227477117,4.853841670446835,-0.01557097319140625,0.0018160222601232496,0.0018159513203681444,0.008690153191406251,-0.008988696808593748,0.01767885,0.021976976465025146,4.465344852494479,1.322896372130936,4.949855597875546,6.548146013001565,-0.01030973558125,0.0005964195174125829,0.0005963962193201342,0.0027748055812500004,-0.0030764244187499994,0.00585123,-0.05026401623528606,3.4867887872669643,1.2767962934454533,5.158356674790778,6.5861706826424795,-0.01111489770703125,0.0023898092894284644,0.0023897159356797448,0.0077311077070312505,-0.009405382292968749,0.017136489999999997,-0.15225707450361206,3.039672343478713,1.2539990964879624,3.9357741866057507,4.935457273984257
BROKEN_10HZ,-0.01401392482109375,0.002512923486535049,0.002512825323544073,0.00928615482109375,-0.011634935178906248,0.020921089999999996,-0.11095993601971837,3.6233782479373544,1.2839032395839538,4.630220441465629,5.944755024785565,-0.01667633783984375,0.003878341541404173,0.0038781900407286562,0.012467087839843748,-0.012143242160156251,0.02461033,0.08025650999144567,2.5572177548297996,1.21277520628642,3.2146665606673985,3.898667901255461,-0.01070201160625,0.0005100290943232302,0.0005100091709225966,0.0022194416062500007,-0.0020643083937499987,0.004283749999999999,-0.0054933666293164405,3.217468238216654,1.2656342045325133,4.351768032396505,5.507746471992171,-0.0113545056546875,0.004472420773958326,0.0044722460666095235,0.0128266256546875,-0.0207460543453125,0.03357268,-0.6177218689891046,3.915774604521144,1.277050550359916,4.638844561842366,5.924039000734897
BROKEN_10HZ,-0.01393094555703125,0.0024469257790041966,0.002446830194099025,0.009203175557031248,-0.01061829444296875,0.01982147,-0.04987742517134319,3.624358594219416,1.2917819682503255,4.339612314976615,5.605832937683843,-0.016561311702343748,0.0035373479368357268,0.0035372097564830562,0.012352061702343747,-0.012258268297656253,0.02461033,0.009808887260944435,2.9167180743675742,1.2467372362327758,3.492035404376199,4.353650568878987,-0.010700817278125002,0.000507370078031732,0.0005073502585009513,0.0021750372781250017,-0.0020655027218749976,0.004240539999999999,-0.027131314070651735,3.2533302299193343,1.2698096559094292,4.287052665650556,5.443740870235333,-0.011340744806249999,0.00474503214367518,0.004744846787236754,0.01304977480625,-0.020759815193750003,0.03380959,-0.5395239719815327,3.682889405140586,1.2771134679903373,4.375234043297708,5.587670322305321
BROKEN_10HZ,-0.01401746194140625,0.002525940077226101,0.0025258414057646194,0.01032971194140625,-0.012577548058593749,0.02290726,-0.2511783601222918,4.139266013475287,1.3160379434913307,4.97954781717037,6.553273868825638,-0.016375006176562498,0.002913394592843594,0.00291328078614448,0.011116796176562499,-0.008233833823437502,0.01935063,0.04125484495036156,2.7012823371511523,1.2314882502554565,3.815902754528096,4.699239406318782,-0.010626163738281251,0.0005135269249306132,0.0005135068648933028,0.002100383738281251,-0.0019077162617187494,0.0040081000000000006,0.01033233417836815,3.1847856884901944,1.2663933080235468,4.09027392207828,5.179895522903161,-0.01137842446171875,0.0048214211017514625,0.00482123276131108,0.01676626446171875,-0.01674681553828125,0.03351308,0.08618084709365999,2.869100961290172,1.2438340808085953,3.4775886773737414,4.325543315951546
BROKEN_10HZ,-0.01417221217734375,0.0026988326203085077,0.0026987271951001506,0.01048446217734375,-0.012422797822656248,0.02290726,-0.14824194003407193,3.4778497731692686,1.2774564768902923,4.6032062244791785,5.880395605922636,-0.016365533501562498,0.0029612015811392185,0.002961085906943149,0.011107323501562499,-0.009447226498437503,0.02055455,0.01698795054642937,2.7446334664080836,1.2321229728533871,3.7510980264091853,4.621814051763758,-0.010715926110937501,0.0005370913099361873,0.0005370703293971088,0.0021514061109375003,-0.0022545238890624986,0.004405929999999999,-0.017677611143071134,3.175939285471577,1.2650534689148332,4.197818731847143,5.310465148598894,-0.01267552591875,0.004785243299032914,0.004785056371815552,0.018063365918749998,-0.01604124408125,0.034104609999999994,0.3792187934383447,3.199647953596838,1.2580967243819365,3.7749536296259714,4.749256796126136
BROKEN_10HZ,-0.014325772508593747,0.002650403854894579,0.0026503003214718205,0.008529672508593747,-0.010592987491406254,0.01912266,-0.021407415936892257,3.289228300959503,1.274467467008068,3.996900806140918,5.0939200462849215,-0.016517233428125,0.0029506289690456114,0.002950513707850269,0.012903983428125,-0.009295526571875,0.02219951,0.1499788465876313,2.927764294938949,1.2413379608818254,4.373470082105392,5.428954433698377,-0.0108214050734375,0.0005459901051484967,0.0005459687769934407,0.0023775750734375007,-0.0021520249265624992,0.0045296,0.04637218168070374,3.2806283393241995,1.2694033390243658,4.35478212972253,5.527974976193418,-0.013668774353125,0.004122550154081222,0.0041223891138204485,0.015127484353125,-0.015047995646875,0.030175479999999998,0.16530350243254122,3.2429479068406453,1.2670221718985175,3.6695915731024997,4.649453884932827
BROKEN_10HZ,-0.014368152066406252,0.002776819530773968,0.0027767110591424195,0.009476482066406253,-0.013122347933593749,0.02259883,-0.11398294690235955,3.676785918369666,1.2958352293320818,4.725860074777299,6.123935973790371,-0.01658781833671875,0.0033370032310056775,0.003336872876770935,0.01297456833671875,-0.00981647166328125,0.02279104,0.14608987395993747,2.60863800935952,1.2195609664967946,3.888241720875545,4.741947831084139,-0.010808744380468749,0.0005274606838131884,0.0005274400794777907,0.0023649143804687495,-0.0021646856195312505,0.0045296,0.0779149155532695,3.309977186130392,1.2729913744203358,4.48375933586657,5.707786959534797,-0.013570314105468748,0.004456264803401392,0.004456090727157516,0.01807309410546875,-0.013988725894531252,0.032061820000000005,-0.042298141842727,3.3618049355170405,1.280537004949329,4.055818252380456,5.19362535752209
BROKEN_10HZ,-0.01421297310625,0.002767076641739326,0.002766968550696814,0.009321303106250001,-0.01327752689375,0.02259883,-0.07834015501787299,3.620315402004824,1.2825290747699145,4.798582510237162,6.1543215870615615,-0.01651336070859375,0.0033267465619599024,0.0033266166083841205,0.01062935070859375,-0.00989092929140625,0.020520280000000002,0.06655650116823797,2.4742436284118337,1.2193095295163372,3.195243684470414,3.8959910736016687,-0.010811026990624998,0.0005032832087914016,0.0005032635489070687,0.002262896990624999,-0.0023069330093750014,0.00456983,0.02490057033895248,3.398260606769571,1.2740566443879295,4.5839461538292205,5.840207054802613,-0.013065266964843749,0.004842305918456231,0.00484211676218676,0.01756804696484375,-0.014493773035156251,0.032061820000000005,-0.10607794466357177,2.987545328096635,1.255261081730319,3.6281749961167398,4.554306870332395
BROKEN_10HZ,-0.014177349534375,0.0026536885312771533,0.0026535848695442175,0.008251619534375,-0.011096030465625002,0.01934765,-0.020116191143220625,3.283447770604663,1.2730958716660215,4.1815246208917625,5.323481732127128,-0.016536468164062502,0.002880998468630558,0.0028808859274297638,0.009749518164062502,-0.0089440218359375,0.01869354,0.1073058181116577,2.8189593462107974,1.2478533255254902,3.3842083337054296,4.2229956234853985,-0.010816815757031249,0.0005084477767962471,0.000508427915167036,0.0022984857570312496,-0.0023011442429687508,0.00459963,0.03920346961371769,3.54453167778354,1.2801457346912022,4.525999014457627,5.793938333574515,-0.012019480897656249,0.004513216589152595,0.004513040288186136,0.01388794089765625,-0.015827129102343754,0.029715070000000003,-0.1367548258600938,2.8806099185004457,1.2475513403777416,3.506977135518756,4.3751340260905165
BROKEN_10HZ,-0.014157035246875,0.002626778854281423,0.002626676243728276,0.007867745246874999,-0.012287484753125,0.020155229999999996,-0.2668920488997074,3.424115013329074,1.2720161086285835,4.677959372596402,5.950439677452685,-0.01657902419375,0.002724732599029219,0.0027246261620831823,0.00905750419375,-0.008901465806250002,0.01795897,-0.00547993881523722,2.698683915587966,1.2341899018622529,3.32431080630337,4.102830827791182,-0.0108499022546875,0.0005724366150038555,0.0005724142537618305,0.0023777622546875005,-0.0027493277453125003,0.005127090000000001,-0.10359551327086045,3.291024042793868,1.2698354696553509,4.803038581314639,6.099068752676445,-0.0115564276609375,0.004076638085084609,0.004076478838299061,0.0134248876609375,-0.0162901823390625,0.029715070000000003,-0.05624683344112867,2.9792154852239627,1.2504806164487563,3.9961405382542576,4.997096283692049
BROKEN_10HZ,-0.014055119130468752,0.002530298324664925,0.0025301994829560782,0.007901419130468752,-0.012827460869531248,0.020728879999999998,-0.33427161480150375,3.667327174285467,1.2733143744767084,5.069742902067426,6.455376512103716,-0.016481806350000003,0.002681853912831104,0.002681749150866462,0.009013926350000003,-0.008423543649999997,0.01743747,-0.042101443208645485,2.595988057892433,1.2286421463824924,3.3612115984403843,4.129726232753521,-0.01095707504453125,0.0005996353293089716,0.0005996119055964172,0.002484935044531251,-0.00264215495546875,0.005127090000000001,0.0059816800774813925,3.1349229083987153,1.2578779679003527,4.406441784775224,5.542766037904262,-0.012322984235937499,0.004288120850531952,0.004287953342539523,0.015305964235937499,-0.013632815764062502,0.02893878,0.0662084604783423,2.98188623136944,1.2638161100704617,3.5695267679551295,4.511225434669439
BROKEN_10HZ,-0.014015614457812502,0.0024504049665521445,0.0024503092457385553,0.008660554457812502,-0.012866965542187497,0.02152752,-0.0779235830633941,3.437680466494011,1.276768769577295,5.251159854440832,6.704516906208108,-0.016465248725000003,0.0027928345296361363,0.0027927254324064755,0.008997368725000003,-0.008440101274999997,0.01743747,-0.04368929657345813,2.5660987441534786,1.2264488122199766,3.221716184697406,3.951269988032008,-0.010963487981249999,0.0005538525597885785,0.0005538309245003893,0.002413867981249998,-0.0021768220187500017,0.00459069,0.05019560140268979,3.3151955283142884,1.2756143374687166,4.3584925912679,5.5597556391725105,-0.012117995739843752,0.004685975754904118,0.004685792705400936,0.017310645739843752,-0.01383780426015625,0.03114845,0.13861525969319796,2.873883476838587,1.252846407836451,3.69428330021752,4.62836956220771
BROKEN_10HZ,-0.013978362711718751,0.002509837847804665,0.0025097398053488063,0.009310192711718752,-0.012175607288281248,0.0214858,-0.061797455892097376,3.418274656174425,1.2824842076841099,4.85134246280525,6.22177009461507,-0.01650177886875,0.002770141370381152,0.002770033159620338,0.00831422886875,-0.010099191131250001,0.01841342,-0.1729050112598128,2.791592611534672,1.2380563226721546,3.645873731213456,4.5137970245931385,-0.010846534505468752,0.0005339797258571199,0.0005339588668666686,0.002064474505468752,-0.002155205494531248,0.00421968,-0.007127732471365675,3.282299264417562,1.2709106630646292,4.036276253221974,5.129746529294356,-0.0122679743671875,0.00471786002651211,0.004717675731505242,0.0174606243671875,-0.015189745632812501,0.03265037,-0.03771594509382457,2.889653193751583,1.2446966636034227,3.701107358986803,4.6067559813689485
BROKEN_10HZ,-0.01398227023671875,0.0024321279801561993,0.002432032973301336,0.009314100236718751,-0.012171699763281248,0.0214858,-0.14685997393538372,3.4600916639445067,1.2759313383383142,5.004742903118994,6.385708310415799,-0.016555371957031252,0.0026612145480941454,0.002661110592370436,0.009781831957031252,-0.01004559804296875,0.01982743,-0.17930824921281677,3.2737644936206447,1.2732637769104924,3.7749645098441538,4.806525569507233,-0.010860589978125001,0.0005295574748203928,0.0005295367885774965,0.002264779978125001,-0.0022782300218749992,0.00454301,-0.07453279709741238,3.3811048878304812,1.2737528310946025,4.302307358087521,5.480076177603119,-0.01242590435625,0.004243787088821591,0.004243621312650555,0.01378329435625,-0.015031815643750002,0.02881511,-0.3474656474842611,3.1227150317185624,1.2622096974692858,3.5422141930852846,4.471017105025587
BROKEN_10HZ,-0.014107321280468751,0.0025279020614875024,0.002527803313384514,0.007734591280468751,-0.00995617871953125,0.01769077,-0.124505807111487,2.924608570964424,1.2448456265896468,3.9386682764493934,4.90303397852541,-0.01667140605625,0.00284066546634916,0.00284055450068704,0.010811236056250001,-0.01043467394375,0.02124591,-0.049741624864680825,3.2201624344025856,1.2752240641808226,3.8060301443380533,4.8535412290574955,-0.0108986292125,0.0005070281947433008,0.0005070083885675966,0.0025352592125,-0.0022401907875000005,0.0047754500000000005,-0.06919285978843477,3.498764371314776,1.2761195876657927,5.000428532677005,6.381144797272045,-0.012450899804687499,0.004218822191329887,0.004218657390369206,0.0146873898046875,-0.014857820195312503,0.029545210000000002,-0.1909998360163091,2.988016421510739,1.2533534560357678,3.5219309890467745,4.414224377041244
BROKEN_10HZ,-0.0141451150140625,0.0025718917439172605,0.0025717912774337395,0.0099701350140625,-0.009918384985937502,0.01988852,-0.11157697879612424,3.1780932484974858,1.2628973392970586,3.8767279061663174,4.895909357876099,-0.0166627708078125,0.0029505395017447793,0.002950424244044321,0.010802600807812502,-0.0104433091921875,0.02124591,-0.010606360826313735,3.2613523575648458,1.2785739339261777,3.6613720313675087,4.681334841712836,-0.01090715143046875,0.0005289054746576615,0.000528884813884019,0.0026078514304687488,-0.00208117856953125,0.0046890299999999985,0.1041836746443531,3.517881362625542,1.280016826883476,4.930849519609451,6.3115703559304,-0.01348961593828125,0.005064564452641029,0.005064366614227991,0.01783296593828125,-0.017316134061718752,0.0351491,0.11164544114858681,2.8909007444722388,1.2406086559922054,3.5212628343652597,4.368509152337189
BROKEN_10HZ,-0.014102451308593751,0.002598944709236521,0.0025988431859759013,0.009927471308593751,-0.01294551869140625,0.022872990000000003,-0.18780442998642108,3.861597745016262,1.2930391602597664,4.981261955805552,6.440966776368732,-0.016632511585156252,0.002971887243387871,0.002971771151774968,0.011283411585156253,-0.010019118414843747,0.02130253,0.12093220805545567,3.1574813812454385,1.2612837606854026,3.7968642297429067,4.788923194502018,-0.0108767467,0.000546594666824499,0.0005465733150532912,0.0025774466999999995,-0.0019819533000000004,0.0045594,0.07307475849991403,3.2979832381518563,1.2713994947006524,4.715646792505223,5.995470949177893,-0.01327757345625,0.005124056163238731,0.0051238560008853564,0.01762092345625,-0.01752817654375,0.0351491,-0.03116588679481758,2.7820210087981128,1.2384976961286955,3.4389966176265028,4.2591893879248
BROKEN_10HZ,-0.0141645394921875,0.002679624182544325,0.0026795195076802234,0.008687299492187498,-0.012883430507812502,0.02157073,-0.23490178514258564,3.6730215837519493,1.283937098653762,4.808112227168015,6.173313662951779,-0.01656472205625,0.002984597447054678,0.0029844808589397464,0.011215622056250003,-0.010268687943749997,0.02148431,0.08144900201898732,2.7988082440583373,1.2335071639320654,3.7579808972989746,4.635496358738136,-0.01083452510546875,0.0005129931354526771,0.0005129730962669254,0.00211057510546875,-0.0022581048945312498,0.00436868,-0.006984659345490663,3.282176618308986,1.2649422575509093,4.401994784841982,5.5682692208653455,-0.012005297727343751,0.004953054029525081,0.004952860547073025,0.012562557727343751,-0.01864400227265625,0.03120656,-0.5499524973685592,3.119017300330828,1.2693937100751214,3.7642897665823107,4.778365752599732
BROKEN_10HZ,-0.014114443131250001,0.002563783398753433,0.0025636832490083315,0.00904546313125,-0.01568406686875,0.02472953,-0.28551417068936524,4.21530229269837,1.3042536953635142,6.117786538105601,7.979145699769391,-0.01641110689765625,0.00288086641094394,0.00288075387490175,0.009455786897656249,-0.010422303102343749,0.019878089999999998,-0.04829715172570451,2.739638991206529,1.2383390595955692,3.6179082125505113,4.480197053632887,-0.011008968834374999,0.0005291527381232361,0.000529132067690676,0.0022850188343749994,-0.0023459011656250008,0.00463092,0.024815619064029945,3.243333759800641,1.2613482647719725,4.433488931909501,5.592173571149795,-0.01183926656171875,0.0049146000870032135,0.004914408106687626,0.013622796561718751,-0.01881003343828125,0.032432829999999996,-0.414463296874269,3.170908027538666,1.263592951498243,3.8275277571441766,4.8364370955912594
BROKEN_10HZ,-0.014037245882031249,0.002473684984749059,0.002473588354541997,0.00896826588203125,-0.01576126411796875,0.02472953,-0.15826770266864532,4.153272494977708,1.2956314498013137,6.371821766151169,8.255532672754006,-0.01641164236640625,0.0030656756118722,0.003065555856579595,0.01127710236640625,-0.01105650763359375,0.02233361,-0.011693928206478797,2.9097805368953957,1.2416292128325128,3.6786484715984646,4.567517406078328,-0.01099984956875,0.000546758783460834,0.0005467374252786949,0.00257091956875,-0.0023550204312500003,0.00492594,0.11795602501026302,3.401981582915415,1.2705983725259284,4.702293001872873,5.9747258353197354,-0.010906969603906252,0.005115696872754719,0.0051154970369425064,0.015333759603906252,-0.016814480396093748,0.03214824,-0.04832490899021309,2.752032029923821,1.2284895092406731,3.2869690422386864,4.038006985589089
BROKEN_10HZ,-0.0141628697609375,0.002546935479290592,0.002546835987680199,0.0089240297609375,-0.0115366502390625,0.020460680000000002,-0.11206910178868089,3.6007622860497337,1.2889093835088945,4.529797087393416,5.838497971332634,-0.016515669393749998,0.003171815796127431,0.0031716918946528973,0.011381129393749998,-0.010952480606250002,0.02233361,0.08116634038504823,2.8979933753287663,1.245348796141356,3.5883464635821833,4.468742948560164,-0.010867671901562499,0.0005265320759166533,0.0005265115078557101,0.0024387419015624995,-0.002043178098437501,0.00448192,0.076979134662322,3.3864449360639646,1.2734352961114215,4.631887176587286,5.898408618272127,-0.011572307103125002,0.00570857876087452,0.0057083557651612035,0.016361167103125,-0.018884782896874997,0.03524595,-0.18846788759259767,2.831709682774544,1.2358632722066456,3.3082701348313197,4.088569554176155
BROKEN_10HZ,-0.01420458638515625,0.002618625212828469,0.0026185229207831623,0.009935736385156251,-0.01149493361484375,0.02143067,0.013910750576593394,3.843202898081704,1.2979375647363418,4.38985411340443,5.69775655749996,-0.016541571414062498,0.00319995849290814,0.0031998334920880405,0.011274421414062498,-0.010405078585937502,0.021679499999999997,0.12823202635546585,2.7112251439550947,1.2356485914413482,3.523440029595231,4.35373370959741,-0.01087748878984375,0.0005359307300652429,0.0005359097948622011,0.0022041987898437504,-0.002523571210156249,0.004727769999999999,0.10232095790972043,3.2406488512356395,1.2692116302698877,4.708947726557483,5.976651220879704,-0.013639190403125001,0.005016846411216672,0.005016650436826034,0.018428050403125,-0.016817899596874998,0.03524595,-0.05055584679527112,3.177296363738808,1.2640585738231442,3.673377412914617,4.643364213683002
BROKEN_10HZ,-0.014186362521093749,0.0026365261649201823,0.0026364231736052766,0.009917512521093748,-0.011322437478906253,0.02123995,0.18685153734902937,3.4445948935695303,1.2697468501118463,4.294620678600301,5.453081079077932,-0.0165081576984375,0.0032270796033143727,0.0032269535430552057,0.010069867698437502,-0.010438492301562498,0.02050836,0.10107936026979428,2.637345455608941,1.2281543516831828,3.23478233023447,3.9728119956253307,-0.010880284053125,0.0005519698853491449,0.0005519483236043624,0.0022069940531249995,-0.0025207759468749997,0.004727769999999999,0.10918752799049948,3.1623804944333154,1.2602883229610329,4.567050644186568,5.755800597239995,-0.013612956275781251,0.004570572008997995,0.0045703934675416875,0.014436926275781251,-0.015391383724218749,0.02982831,-0.14960145618613974,3.007214995408027,1.2557343791336066,3.3676277181661187,4.228845901824456
BROKEN_10HZ,-0.014166964234375001,0.002590239955215272,0.0025901387719907483,0.010039664234375,-0.011341835765625,0.0213815,0.08845210205366279,3.325281853110439,1.274736932456366,4.378852549629149,5.5818850667929985,-0.0164258333359375,0.0032812917191309713,0.003281163541169668,0.009987543335937502,-0.009109786664062498,0.01909733,0.09517755295462255,2.581175064383024,1.2316542832220685,3.0439029358399936,3.7490360886395573,-0.01083037894765625,0.0005329206982425759,0.0005328998806211988,0.0025578989476562498,-0.0020134210523437505,0.00457132,0.01595597358995786,3.2825471140958857,1.2660052989866797,4.799961570031728,6.0767767825925905,-0.012810525506250002,0.004561623912341241,0.004561445720426786,0.014197715506250002,-0.01619381449375,0.03039153,-0.1767282174307631,2.889724871585056,1.2488645045911657,3.550149554829044,4.4336557650161215
BROKEN_10HZ,-0.01410676602265625,0.002403027394617073,0.0024029335245260345,0.00997946602265625,-0.01027261397734375,0.02025208,-0.023206294039654473,3.405165051024919,1.2798149260076817,4.275030446116884,5.471247774077666,-0.01646459033125,0.0032709028958548244,0.003270775123714857,0.009728300331250002,-0.009071029668749998,0.01879933,0.09106298428651308,2.3968223286039985,1.2112199391247402,2.9743103586408792,3.60254401153109,-0.010727672316406249,0.0005268708925071349,0.00052685031121091,0.0024551923164062486,-0.0021161276835937517,0.00457132,0.0825199682496866,3.413771318384173,1.2764492235399256,4.660132611031865,5.948422652944711,-0.011724349846093749,0.004273551223524462,0.004273384284669206,0.016964679846093747,-0.01350582015390625,0.030470499999999998,-0.04395425388482909,2.973373103975874,1.2548067088685988,3.969846546905376,4.981390080235707
BROKEN_20HZ,-0.01414712255625,0.005662049089696425,0.005661827911583889,0.02069269255625,-0.020428327443749998,0.041121019999999994,-0.007068802344385008,2.9961613683258697,1.2546199204699353,3.654772430280603,4.585350295814362,-0.0166129847859375,0.005604879168057711,0.005604660223188858,0.0205391347859375,-0.019944165214062497,0.0404833,0.04637733061146412,2.9389910703364324,1.251514614885925,3.6646529794898863,4.586366762316843,-0.0109194792015625,0.0004980340860846604,0.0004980146312481881,0.001958619201562501,-0.0022521207984375,0.004210740000000001,-0.07150564112360489,3.2003720059865888,1.2619609185209442,4.522198058303922,5.706837215390847,-0.0127867066921875,0.007975014852479166,0.0079747033223768,0.027846136692187502,-0.029486083307812497,0.05733222,0.04289752650722965,3.047393180433713,1.2651371056149183,3.697452070107154,4.677783810125252
BROKEN_20HZ,-0.01422429955078125,0.005965664745451358,0.005965431707120619,0.02076986955078125,-0.024274320449218748,0.04504419,-0.11824885102830006,3.1955373503736086,1.2630390707387356,4.069164084175799,5.139513223560838,-0.01661816125546875,0.005646923050758187,0.005646702463518088,0.02018671125546875,-0.018997308744531254,0.03918402,0.02524335955982698,2.986420512884257,1.2633244481455843,3.5749557172331943,4.5163289586185265,-0.011047168127343751,0.0004963077772414105,0.0004962883898401945,0.0019671081273437523,-0.002124431872656249,0.004091540000000001,0.03617410813681197,3.154614499235101,1.2641600506521482,4.280639878237568,5.41141392529641,-0.013167400644531249,0.008119482481950602,0.008119165308471236,0.02575194064453125,-0.022275229355468752,0.04802717,0.06947770170929754,2.779425205108363,1.2519435680590412,3.1717472998933314,3.970848631610087
BROKEN_20HZ,-0.0141696962890625,0.00611601917008666,0.006115780258421494,0.027332356289062498,-0.0243289237109375,0.05166128,-0.08155575840926027,3.394012660266377,1.2714445398642238,4.469152771050849,5.682279888571668,-0.016610350745312502,0.005660355675549058,0.0056601345635868055,0.018933260745312503,-0.0196622092546875,0.03859547000000001,0.007454288168714189,2.9373672422412254,1.258936918060515,3.473805972949808,4.37330258552564,-0.01091675145390625,0.0005069245860596983,0.0005069047839312875,0.0019737714539062503,-0.0018316885460937498,0.00380546,0.08161889147792913,3.1440352531567903,1.2621991245994073,3.8937716045974446,4.914715110712924,-0.0131454465421875,0.007932694734504593,0.007932384857564125,0.025710616542187502,-0.0246558534578125,0.05036647,0.06515051209365597,2.8741372833958794,1.2527910107080942,3.241221524655413,4.060573189801884
BROKEN_20HZ,-0.0140751311109375,0.0059116384731449185,0.005911407545256663,0.0272377911109375,-0.022487978889062503,0.04972577,-0.06907518192683917,3.162809901344101,1.2540533405255658,4.607665924301432,5.77825884439603,-0.01663127651484375,0.005525062433928058,0.00552484660696128,0.018954186514843752,-0.01964128348515625,0.03859547000000001,-0.007218066542562633,2.876597314092254,1.252694873147807,3.555082137558051,4.453433167338317,-0.010825250088281248,0.0004890653416073007,0.0004890462371192524,0.0018822700882812488,-0.0019097799117187512,0.00379205,0.006770385109934054,3.189677612463996,1.2626828178989071,3.905111146480526,4.930916746646463,-0.012255347082812498,0.008048343642660626,0.008048029248096444,0.027405667082812498,-0.025545952917187503,0.052951620000000005,0.018233247240863282,2.823487318556853,1.2465042062183513,3.405264349566648,4.244676335020225
BROKEN_20HZ,-0.01400953188203125,0.005937886201685929,0.005937654248475751,0.021036371882031252,-0.026785178117968746,0.04782155,-0.19865093846769988,3.0538483105871976,1.2515277808705543,4.511070701842355,5.645730304826936,-0.01662644891484375,0.005732520849660829,0.005732296918691402,0.021094958914843753,-0.018211241085156246,0.0393062,0.035612726355016694,2.897266687849752,1.253551005042513,3.680018536035537,4.6130909344224245,-0.01073115495859375,0.000509365338079839,0.0005093454406076901,0.0029026949585937486,-0.00188914504140625,0.004791839999999999,-0.00749217493118671,3.2418676395375643,1.2605314047808567,5.698872959637373,7.183608337479336,-0.011420847322656252,0.008078354093571598,0.00807803852670128,0.028359167322656254,-0.02361352267734375,0.05197269,0.0662994768580629,2.863310883341201,1.2505749072134318,3.5106501694585135,4.390331009929399
BROKEN_20HZ,-0.013915619510156251,0.0064119286678076355,0.006411678196951944,0.02209869951015625,-0.026879090489843747,0.04897778999999999,-0.13362576436745066,3.0054742938934194,1.2494493640655182,4.192208289964058,5.237951981925787,-0.01656344403203125,0.006188146029865739,0.0061879043006900815,0.02103195403203125,-0.021363015967968753,0.042394970000000004,-0.04796034747947849,2.8570216307887573,1.2424929085940735,3.4523830573117182,4.289561466460136,-0.0107298124453125,0.0005078849343908891,0.0005078650947481388,0.0029013524453125,-0.0020975975546874987,0.0049989499999999985,0.03122371048242343,3.322116368340913,1.2640523218227404,5.712840821933908,7.221329705169291,-0.01091393058125,0.008133536973039326,0.008133219250545679,0.02785225058125,-0.02490268941875,0.05275494,0.19840230083361873,2.8363454173745883,1.2438542981012293,3.4245050727461113,4.259585353604713
BROKEN_20HZ,-0.014024047159375002,0.006662306422276992,0.006662046170849236,0.022207127159375003,-0.023051622840624994,0.04525875,-0.023290922246457405,2.8005710877136636,1.2427426103930121,3.460141561535668,4.30006535651219,-0.016477847257031247,0.006405541926988597,0.006405291705619842,0.02375500725703125,-0.021448612742968755,0.04520362,-0.07043244363077163,2.9436887646486367,1.2440030766245933,3.7086534616665783,4.613576316447673,-0.0109169112796875,0.000492766432618734,0.0004927471835539941,0.0021572012796875,-0.0021056887203125003,0.00426289,0.07544435168285302,3.275514084291381,1.2657551312182922,4.377906869255841,5.54135808375639,-0.01136940868125,0.008441549128763454,0.008441219374309968,0.027900958681249997,-0.024447211318750002,0.05234817,0.18106925547127445,2.822654708756951,1.2452544479898189,3.305323252960805,4.11596848279362
BROKEN_20HZ,-0.01421318089140625,0.006635127132019455,0.006634867942303462,0.02133389089140625,-0.02354788910859375,0.044881779999999996,-0.04825832898895696,2.9476101634754026,1.2600543147566987,3.5491119511895675,4.472073827650981,-0.0164621651234375,0.006321731164010254,0.006321484216563374,0.023739325123437502,-0.0203065648765625,0.044045890000000004,0.09101445904376458,3.017165227551104,1.2577573383639886,3.7553404090191975,4.7233069574987185,-0.011049911589843751,0.0005902681442933315,0.0005902450864935886,0.0032631715898437507,-0.0025165384101562497,0.00577971,0.34986889139726196,3.986757421769018,1.2979983982083048,5.528502760148256,7.175987727162627,-0.01182035217578125,0.008861169199659706,0.008860823053477044,0.02819098217578125,-0.02476361782421875,0.052954600000000004,0.14036310310800804,2.7717700715856353,1.2442921293484748,3.1815308810075975,3.9587538345168722
BROKEN_20HZ,-0.0141485650625,0.006282956213834448,0.006282710781063642,0.0212692750625,-0.0236125049375,0.044881779999999996,-0.13098292850683468,3.1299442969528224,1.259963328365492,3.758330720661071,4.735358883902402,-0.01652694019609375,0.005931859400057684,0.005931627682274043,0.01877237019609375,-0.018923139803906253,0.03769551,0.10400244431465781,2.9730577947433843,1.2570956505506816,3.19021031283804,4.01039950861063,-0.011068995579687501,0.0005974790193954197,0.0005974556799153664,0.0032822555796875007,-0.0024974544203124997,0.00577971,0.31128697534943117,3.966919189080043,1.295562562965466,5.493722279370504,7.117460916481731,-0.01167126580234375,0.008747847250058489,0.008747505530600944,0.02804189580234375,-0.02491270419765625,0.052954600000000004,0.09752788791110914,2.7206774640162648,1.2341255219572371,3.205701980324133,3.9562386297068692
BROKEN_20HZ,-0.013996680399218751,0.005662869797842069,0.005662648587669995,0.02048414039921875,-0.02027480960078125,0.04075895,-0.07914357832408556,3.0198762129509134,1.2449537981442675,3.6174133150027132,4.503512445970274,-0.0165160556296875,0.005589307189639898,0.005589088853063333,0.0181565456296875,-0.018934024370312504,0.03709057,0.021053658941081722,2.9478183667732405,1.2540212377845952,3.3876763937891097,4.248218144553072,-0.010790090395312502,0.0005432600782606361,0.0005432388567493383,0.0020944503953125027,-0.0024485596046874974,0.00454301,-0.0841262467024952,3.271502736651724,1.271445625700674,4.507335169909088,5.7308315853477145,-0.012141229030468749,0.00800460576264939,0.008004293076629518,0.028470139030468748,-0.02676267096953125,0.05523280999999999,0.049323563412167835,2.9042411966629,1.2418128988900068,3.5568586454679236,4.416952945470506
BROKEN_20HZ,-0.01399722052421875,0.005593392740528265,0.005593174244356752,0.01917050052421875,-0.02093135947578125,0.04010186,-0.1105648708082037,2.9154207883257266,1.2463482929804404,3.7423042017509114,4.664214453665778,-0.01667374943046875,0.005504916052526774,0.005504701012543391,0.01831423943046875,-0.019589870569531254,0.037904110000000005,-0.06467441653042434,3.0022991000192745,1.2559371345817625,3.558752877748024,4.469569891963455,-0.0107582043953125,0.0005497510522070367,0.0005497295771371167,0.002062564395312501,-0.0022271456046874995,0.00428971,-0.05199196542736139,3.0063710407135202,1.2565448102553074,4.051347603099755,5.090699805215276,-0.014109287847656249,0.00799636794121294,0.007996055576989253,0.02836858784765625,-0.025177542152343753,0.053546130000000004,-0.08891059639622867,2.84337084029102,1.2364016821450552,3.547822745166292,4.38653401007609
BROKEN_20HZ,-0.014080648534374997,0.005875228258784424,0.005874998753197947,0.022579608534374997,-0.020847931465625004,0.04342754,-0.09002384337484752,3.0277321414858416,1.25834802886784,3.8433384385118727,4.836257348373416,-0.0167075276140625,0.005819035810353511,0.005818808499827423,0.024296097614062498,-0.022571852385937504,0.046867950000000005,-0.08563833148596682,3.117318880865455,1.2607145858140658,4.1754420367645855,5.2640406779703035,-0.010897269471093748,0.0005760095311771465,0.0005759870303653574,0.0024653594710937476,-0.0020880805289062512,0.004553439999999999,0.09891066238487457,2.8864019890960844,1.2417783558360866,4.280234347516354,5.315102370652003,-0.013240112528124999,0.008004145774101768,0.00800383310605055,0.026428102528124997,-0.026046717471875,0.05247482,-0.15757795031852895,2.822998595311289,1.2385142731969743,3.301930734680924,4.089488344010096
BROKEN_20HZ,-0.014171888917187498,0.005924937704399253,0.005924706256999629,0.0226708489171875,-0.0237217910828125,0.04639264,-0.04798302442965281,3.0180234434315514,1.2520123093061453,4.003876319570586,5.01290243704176,-0.01656738089140625,0.006214404800262477,0.006214162045333566,0.02415595089140625,-0.022711999108593752,0.046867950000000005,-0.005864864693166582,2.9411954345294564,1.2500910751501346,3.887241870293004,4.859406369003201,-0.01083328747421875,0.000559067285157566,0.0005590454461651883,0.0024118074742187495,-0.0021177925257812504,0.0045296,0.030850771964434535,3.0325751106243217,1.2529469582248995,4.314152795202452,5.405404622066361,-0.011119864063281248,0.007635974272714468,0.007635675986643427,0.02430785406328125,-0.02388321593671875,0.04819107,-0.03318445168555881,2.840392052675178,1.2522197389909917,3.183458033814077,3.986388988191439
BROKEN_20HZ,-0.014171294546875,0.0062440566152545795,0.006243812702029023,0.020028484546875,-0.024708765453125003,0.044737250000000006,-0.09332910400931001,2.9308712024719403,1.2414276829139135,3.9573200914715954,4.912726711704259,-0.016583971925,0.006228607243568725,0.006228363933846037,0.021354951925,-0.019679648075000004,0.041034600000000004,0.021138239773348045,2.6888148734834916,1.2345702782724863,3.428661547690461,4.232923641034386,-0.0107812160484375,0.0005089673748090612,0.0005089474928826562,0.0023597360484375,-0.0021698639515625,0.0045296,0.005872216753408068,3.287318185623947,1.2696462029039939,4.636501960294684,5.88671710864507,-0.010952196691406249,0.007922068749428458,0.007921759287573639,0.02788157669140625,-0.030818463308593752,0.05870004,-0.015044560571361916,2.805653661252303,1.2435641575598557,3.8903559411274613,4.8379072085361505
BROKEN_20HZ,-0.014228866051562499,0.006251995065830604,0.0062517508425032646,0.0197940160515625,-0.024651193948437504,0.04444521,-0.1500026606539414,2.9654679458005733,1.2511603691522513,3.9430864360178046,4.933433480887271,-0.0166460958453125,0.005861020247978638,0.005860791297403424,0.0193221358453125,-0.018507474154687502,0.03782961,0.01815963200014411,2.713820638732196,1.2396277630051165,3.296847620878945,4.086863841238906,-0.010737153838281248,0.00048116939227456476,0.0004811505962280616,0.002145813838281248,-0.001895066161718752,0.00404088,-0.05690413405834759,3.3295074246113425,1.2717857796308452,4.459755126779785,5.671853150874288,-0.01238246980859375,0.008506359064555827,0.008506026778414779,0.02931184980859375,-0.030332850191406253,0.0596447,-0.03470718152014911,2.7671748495446913,1.228761030071713,3.5660421700505416,4.38181365015047
BROKEN_20HZ,-0.014163091980468749,0.005626975087610137,0.005626755279602569,0.01692108198046875,-0.020390008019531253,0.037311090000000005,-0.10965131094744644,2.986614898303239,1.2526703841312707,3.6237595214859684,4.539376231779178,-0.0167044926703125,0.005542494340568307,0.005542277832654376,0.019380532670312502,-0.017117017329687498,0.036497550000000004,0.11035104286534253,2.770174901835799,1.2367541933231374,3.4968533255631717,4.324748013826211,-0.010818021958593748,0.0004978562499002726,0.0004978368020106619,0.002226681958593749,-0.001979588041406251,0.00420627,-0.15921851570413662,3.245253289366117,1.2700182073712682,4.47271465187112,5.680429044252566,-0.01152493103984375,0.008590351277316199,0.008590015710165256,0.02672889103984375,-0.031190388960156253,0.057919280000000004,-0.100364309699751,2.7430789981030057,1.2311424588698545,3.631004879682136,4.470284275740306
BROKEN_20HZ,-0.01407174904375,0.005711473813721345,0.005711250704917818,0.01881590904375,-0.021789570956250004,0.04060548,-0.002897948657525973,2.961597308810894,1.2504550313221594,3.815201272374112,4.770737626546913,-0.01680496930703125,0.005610618378584791,0.005610399209523648,0.01900420930703125,-0.01800590069296875,0.03701011,0.06389590091901719,2.7273596464799357,1.2375417099556731,3.3873185485217556,4.191947988702182,-0.010828200753906248,0.0005368059668810527,0.000536784997488405,0.0024007607539062482,-0.0019694092460937514,0.00437017,0.07057969043558834,3.1671874760985967,1.2666045587331407,4.4724810960427535,5.664864945095545,-0.01045744358828125,0.008158623016597913,0.008158304314161547,0.02981999358828125,-0.029577366411718747,0.059397359999999996,-0.025444201106676907,2.835330400988959,1.238938661845316,3.6551705403435832,4.528532098069699
BROKEN_20HZ,-0.013982333328906249,0.006226637054241117,0.0062263938214804524,0.02259900332890625,-0.02838730667109375,0.05098631,-0.18095091347408093,3.2653936176817435,1.2586401280901072,4.559189072358435,5.738378318020237,-0.01661252905546875,0.005665954290849374,0.005665732960186938,0.01814722905546875,-0.01929051094453125,0.03743774,-0.03349797215122975,2.792293949237098,1.242506502295608,3.404768823395935,4.230447401882816,-0.01070322653828125,0.0005362856024847662,0.0005362646534192498,0.0022757865382812496,-0.0026143934617187514,0.004890180000000001,-0.008639193213957057,3.103727986218743,1.2540682426804977,4.875192584574147,6.1138241972658935,-0.014322618946875,0.008464052702148391,0.008463722068631902,0.033685168946874997,-0.030371421053124997,0.06405659,0.06498028094142931,3.0020871846398993,1.2438773562723666,3.9799474360953293,4.950566494913242
BROKEN_20HZ,-0.013889552658593748,0.006273073306388366,0.006272828259676173,0.022582212658593746,-0.02848008734140625,0.0510623,-0.131853451242307,3.413668548230761,1.2654800281450485,4.540230684217154,5.745571254048137,-0.01639774299453125,0.005869476439995138,0.00586924715909347,0.02126110299453125,-0.02833354700546875,0.049594650000000004,-0.10529966049409474,3.1449574345589015,1.253853120543571,4.8274584861485,6.052923887151841,-0.0108858601453125,0.0005433640269656167,0.0005433428013937433,0.0021455201453125013,-0.0024317598546875,0.004577280000000001,0.00506474043678665,3.064749044744019,1.2550334720571323,4.475553643942143,5.616969629134658,-0.016845350285937498,0.008458302948553547,0.008457972539641194,0.0230288502859375,-0.036127129714062504,0.059155980000000004,-0.3041733329099872,3.1600338717604517,1.2584851307249467,4.271369946490166,5.3754555654832865
BROKEN_20HZ,-0.013848336232031251,0.006283707862165249,0.006283462400032606,0.02486092623203125,-0.022933803767968747,0.047794729999999994,0.004891017662172288,3.280659835597131,1.2703098518721432,3.9565648124037858,5.026063260767188,-0.016364458839062502,0.006069881793580512,0.006069644684191817,0.021227818839062502,-0.028366831160937498,0.049594650000000004,-0.14521467920944456,3.266814342657043,1.2621978432926062,4.673557125150661,5.898953723869957,-0.011075537960156251,0.0005004033015119845,0.0005003837541262268,0.0020684879601562504,-0.0020647720398437493,0.00413326,-0.011002256217050074,3.1723176504009327,1.2610264151749626,4.133803192248431,5.212835020559855,-0.0141597780109375,0.008666105169051778,0.00866576664270664,0.0232606980109375,-0.038812701989062504,0.0620734,-0.48020594766677677,3.479068529458666,1.2738743258806342,4.47885381517034,5.705496884518023
BROKEN_20HZ,-0.01388224374296875,0.006479093261629777,0.0064788401671058956,0.03064623374296875,-0.026031876257031246,0.05667811,-0.11638905323551052,3.410846489430728,1.269942377953326,4.7302037019781045,6.007086137493701,-0.016484893909375,0.005935445564885537,0.005935213707014595,0.020647953909375,-0.023046296090625,0.043694250000000004,-0.04009670984798774,3.045295020786192,1.2587513525445426,3.8829766253214255,4.887702079022188,-0.010944763337499998,0.0005205037814535676,0.0005204834488774762,0.002049463337499998,-0.0021955466625000024,0.0042450100000000004,-0.05249381546899272,3.08874537005121,1.2561760470477585,4.218283342602202,5.29890649463744,-0.011476226664843749,0.007590900491225003,0.00759060396588294,0.023534796664843746,-0.03143577333515625,0.054970569999999996,-0.09018865846396773,2.950081500992127,1.2470881602498245,4.141406069457562,5.164698476007288
BROKEN_20HZ,-0.013965884078125,0.006272165983426523,0.006271920972157327,0.030729874078125,-0.025948235921874997,0.05667811,-0.08015998317167726,3.4104860353969046,1.2649092255479328,4.899595230000957,6.197543207878855,-0.01663467650859375,0.005653891068522463,0.005653670209088853,0.02204188650859375,-0.019198333491406247,0.041240219999999994,0.05860658105642278,2.9314178712254697,1.2541565197979756,3.8986862857969964,4.889562823979257,-0.010815601523437501,0.0005027914805966452,0.00050277183992082,0.0025148115234375004,-0.0021131284765624984,0.004627939999999999,-0.018506131400949588,3.2144237602750225,1.2623103058255942,5.001894147121585,6.313942530560299,-0.010682880704687502,0.0076873620310743815,0.007687061737629821,0.026608000704687503,-0.025337869295312496,0.05194587,-0.0371845617515719,2.8574326814495006,1.2439452765551648,3.4614006772490993,4.305793022728866
BROKEN_20HZ,-0.01404338770859375,0.006101260196755845,0.006101021861624335,0.02145464770859375,-0.02307251229140625,0.044527159999999996,0.02347665930094055,2.975013185702451,1.247258382490938,3.78174555258247,4.71681384090631,-0.016742930828906252,0.005751820257436179,0.00575159557256891,0.02215014082890625,-0.019557939171093747,0.041708079999999995,0.053657960653901125,2.997396282871084,1.2530634322749639,3.8511297516374308,4.825709864723028,-0.01086764571015625,0.0004959446065295097,0.0004959252333149267,0.0025668557101562496,-0.0019865842898437493,0.004553439999999999,0.0932602545867927,3.268223292089954,1.269019453630351,5.175892529199504,6.568308309454169,-0.00998618173203125,0.0077859500375996715,0.0077856458929858865,0.027845321732031247,-0.027450068267968745,0.05529538999999999,0.05333140972302118,2.9656082949497353,1.2530212141456445,3.57649475904333,4.481423805362007
BROKEN_20HZ,-0.014223230010156249,0.006811442292356393,0.0068111762151949265,0.02479478001015625,-0.022785389989843752,0.047580170000000005,-0.024387321172874024,2.9620959590724913,1.2474067095857977,3.640308109316279,4.540944760520715,-0.016716521859375,0.006558204907608614,0.006557948722725701,0.022113301859375,-0.020199718140625003,0.04231302000000001,0.04892031830246564,2.9473586565273497,1.2521870700423356,3.3719845632132324,4.222355470437963,-0.0108619773078125,0.0004841885467461439,0.0004841696327616157,0.0020650173078125,-0.0018998726921875004,0.00396489,0.05515887130955775,3.1926904295755616,1.2684232585134525,4.265069859986915,5.409913809592117,-0.01117366191015625,0.008364852100714857,0.008364525342297547,0.02903280191015625,-0.02753057808984375,0.056563379999999996,0.019500212477048286,3.009050036017602,1.254184820275381,3.4709443419752484,4.353205705726078
BROKEN_30HZ,-0.0144370120671875,0.016815569717910674,0.016814912846888803,0.0473108820671875,-0.05397484793281251,0.10128573,0.07823588881575563,2.7924451162521002,1.261517984419196,3.2099392024383437,4.049396032768181,-0.016682383864062497,0.013731122994343896,0.013730586611875505,0.038935533864062497,-0.0424497561359375,0.08138529,0.0006819367608324666,2.4136898123328514,1.2070464679178377,3.091619996717617,3.7317289971821563,-0.01119221497109375,0.0005122235231763665,0.0005122035140541816,0.00196762497109375,-0.00207623502890625,0.00404386,0.02599411243978203,3.040893810805169,1.2537921821140727,4.053535307621147,5.082290878618757,-0.0079074861078125,0.015178731994166262,0.015178139063366835,0.0520323461078125,-0.0442961538921875,0.09632850000000001,0.27518257757296466,3.0107702133158423,1.257587215478582,3.428111041187853,4.311148618638815
BROKEN_30HZ,-0.01424276716953125,0.016573276508144944,0.016572629101886446,0.04583821716953125,-0.05416909283046875,0.10000731,-0.00911896513745026,2.770426380147161,1.2571977513906751,3.268587771888453,4.10926119704122,-0.01662192141015625,0.013253169849338076,0.013252652137279074,0.03978248141015625,-0.042510218589843746,0.0822927,-0.030902856386388698,2.4496818212604063,1.208302246504034,3.2076763314615753,3.8758425173628397,-0.01086115233671875,0.0005883180767756417,0.000588295095151899,0.0020627023367187514,-0.0021644276632812494,0.004227130000000001,-0.017642912982174436,2.8710494158634163,1.245857836552285,3.679152998415514,4.583701594950805,-0.008780265597656252,0.01525719824538227,0.015256602249435038,0.052905125597656255,-0.051661584402343745,0.10456671000000001,0.22100771951775997,2.981579495168875,1.2580989036844403,3.467687282705123,4.362693568691791
BROKEN_30HZ,-0.013958842664062499,0.015282854320724437,0.015282257322567185,0.0441983926640625,-0.0482590873359375,0.09245748000000001,0.01803089405480223,2.729635358522984,1.2524413391044906,3.1578507230521304,3.955022788271494,-0.01663129420859375,0.012559508532047927,0.012559017916663374,0.039791854208593755,-0.03842271579140625,0.07821457000000001,-0.017214803216340085,2.5583568266807313,1.2249583285541261,3.1683889992542893,3.8811444927358147,-0.010760041751562501,0.0005385580563575671,0.0005385370185225874,0.001961591751562502,-0.0023862282484374987,0.0043478200000000005,-0.000867029592277646,3.046192259932417,1.2554259042410572,4.430945629297376,5.5627239233036185,-0.011638794511718752,0.014668374451837586,0.014667801457269045,0.04261589451171875,-0.04880305548828125,0.09141895,0.16917687807498966,2.607379961128937,1.2377849441093947,3.3272236217852207,4.118387304730877
BROKEN_30HZ,-0.014200048985937498,0.016399892576327017,0.01639925194301064,0.0484268389859375,-0.0490221410140625,0.09744897999999999,0.03936791958935377,2.7872520358580433,1.2677961929007402,2.989291291116223,3.789812118348486,-0.01651916262890625,0.01216563914587738,0.012165163916316236,0.03603369262890625,-0.04426687737109375,0.08030057,-0.11906738332802892,2.8962614670301106,1.2508204882261753,3.638822927138849,4.551514270292415,-0.010915423375,0.0004991140678923606,0.0004990945708682749,0.0019262533750000008,-0.0022368066250000006,0.004163060000000001,-0.08749805210123181,3.377505664217749,1.2725007164629805,4.481729026041353,5.7030033966305576,-0.013186684620312498,0.015172908683593693,0.015172315980271777,0.0446837946203125,-0.0531391753796875,0.09782297000000001,0.19051115919976744,2.753051552409378,1.2444280153765779,3.502377319901799,4.3584564573053335
BROKEN_30HZ,-0.014141590698437501,0.01631911571696643,0.016318478239057754,0.049454590698437495,-0.0490805993015625,0.09853519,0.06982834719117674,2.872840331060784,1.278399996492095,3.0305883902868787,3.8743041875117292,-0.01672122362421875,0.011439413240583639,0.011438966379776008,0.03442391362421875,-0.044064816375781246,0.07848872999999999,-0.07095696959455983,2.821227950593992,1.2339530602330113,3.852167662078932,4.753394075152943,-0.01102540993671875,0.0005229813925893004,0.0005229609632296337,0.0019721699367187488,-0.0021268200632812515,0.00409899,-0.06019041453735429,3.120852423296226,1.2599486894546388,4.066881111252961,5.124061526290993,-0.013494600104687499,0.015303487165858356,0.015302889361714849,0.0449917101046875,-0.0528312598953125,0.09782297000000001,0.22722810126330434,2.841565144102568,1.2563070246746444,3.452371551968942,4.3372386325254855
BROKEN_30HZ,-0.013923528034375,0.016245434888954143,0.016244800289259023,0.051502818034375,-0.051541111965625004,0.10304393,0.144621702201149,2.902176342904068,1.2718616436461794,3.1727759681787973,4.035332057808984,-0.0166637260375,0.013415901433762353,0.013415377364876677,0.042127826037499996,-0.0443577339625,0.08648555999999999,-0.03614012803813006,2.580509833912674,1.22131618458097,3.306484249830699,4.0382627283803,-0.01102773363828125,0.0005538785810822118,0.0005538569447775459,0.0020355836382812496,-0.00205595636171875,0.004091539999999999,0.005735741372504642,2.9939546718097314,1.2518066038735622,3.7120711062754936,4.646795124883902,-0.01248038678828125,0.014984517341657774,0.01498393199751639,0.045907046788281246,-0.05172073321171875,0.09762778,0.14805484337243466,2.8647195121169555,1.2548885667151102,3.451746392087974,4.331557082631331
BROKEN_30HZ,-0.014134244300000001,0.018126533123425787,0.01812582504189567,0.055244834300000004,-0.0513303957,0.10657523,0.07761272426037172,2.712171023917321,1.261257504944533,3.0478521210652865,3.844126361654706,-0.01652958843828125,0.015332547280785916,0.015331948341459498,0.041993688438281246,-0.04449187156171875,0.08648555999999999,-0.06344157831322375,2.274699978648904,1.1979137880671706,2.9019059137713885,3.4762331057804086,-0.01085549522578125,0.0005380083886466422,0.0005379873722834768,0.0020451252257812497,-0.002228194774218751,0.004273320000000001,-0.07215606299817186,3.2560093508267016,1.269415279414603,4.1417231872213325,5.257566696964507,-0.01377517676640625,0.015784717857320295,0.01578410125473574,0.05115480676640625,-0.05042594323359375,0.10158075,0.07929662594769861,2.8509846741644855,1.2527908443779505,3.240907159731895,4.060178817191066
BROKEN_30HZ,-0.01408133917265625,0.01783806741783177,0.017837370604713364,0.05519192917265625,-0.05084988082734375,0.10604181,-0.022222058265010575,2.638511698993152,1.2438862330668583,3.094174045925372,3.8488004984393513,-0.01671047653359375,0.015413474090000216,0.015412871989408567,0.04170373653359375,-0.04183907346640625,0.08354281,-0.03882611615190259,2.1621451031549013,1.1839180372405382,2.7145540101259042,3.2138094556516927,-0.010845541909374999,0.0005084195046155605,0.0005083996440907529,0.0023748919093749994,-0.0020861680906250017,0.004461060000000001,0.05422867492533254,3.2124937538459557,1.2686212746299705,4.6713091501516955,5.9261221682560885,-0.01627912595703125,0.016214952864815908,0.016214319455848118,0.05695761595703125,-0.05029705404296875,0.10725467,0.14877489101043845,2.788667288823753,1.250718980544665,3.512797198311521,4.393522130732341
BROKEN_30HZ,-0.013846459646875,0.01660036560499005,0.01659971714054304,0.046575799646875,-0.05056177035312499,0.09713756999999999,-0.006143799908667651,2.6162208525779214,1.2372490024770686,3.045941682321397,3.7685883080554725,-0.016513130224218752,0.01455539098060847,0.014554822399542974,0.04150639022421875,-0.042011089775781246,0.08351748,-0.06178458267977298,2.343786286859579,1.2053042933514992,2.886403462889414,3.478994486165245,-0.010933407791406249,0.0005231872779074182,0.0005231668405051991,0.002462757791406249,-0.001998302208593752,0.004461060000000001,0.00827332409540519,3.1042266200404685,1.2622823803205347,4.707404217415753,5.9420734006904805,-0.01354681645625,0.01626984725768318,0.016269211704361283,0.05422530645625,-0.05302936354375,0.10725467,0.20395040080140178,2.872149569682357,1.2542482799719794,3.333001465689566,4.180411355485224
BROKEN_30HZ,-0.01396189693125,0.016852341633989458,0.01685168332653656,0.046691236931250005,-0.050446333068749995,0.09713757,0.024274563743634934,2.769986698550463,1.2672331514402397,2.9935486023115274,3.793524029296762,-0.0164066602953125,0.012259899148740002,0.01225942023707558,0.0378358402953125,-0.0389602497046875,0.07679609,-0.06110649218343919,2.822630956421234,1.2442799681160484,3.1779846804551064,3.95430267686997,-0.0108711990109375,0.0005066495655551895,0.0005066297741699769,0.0021532090109375006,-0.0017878409890624992,0.00394105,-0.06455646795394852,3.1380177175712385,1.2623561800243481,4.25006409160447,5.36509467153647,-0.009439361626562498,0.015305978678590178,0.015305380777120056,0.0491493516265625,-0.0399615883734375,0.08911094,0.21757695736894297,2.7815832574393458,1.251294231238313,3.211246576761791,4.0182143165858095
BROKEN_30HZ,-0.013968830553125,0.016209924847817535,0.016209291635260494,0.046053000553125,-0.05137064944687501,0.09742365,0.012244795890176042,2.970291009769883,1.283020628987303,3.1692100187232795,4.066161831615204,-0.01650805304921875,0.012210017960931682,0.012209540997789215,0.03923055304921875,-0.03563896695078125,0.07486952,0.0336658915304677,2.660881671551629,1.2321818307101264,3.2131062958322705,3.95913119786484,-0.010701816276562501,0.0004840358943726744,0.000484016986351246,0.001889956276562502,-0.0017262737234374978,0.00361623,0.0416148889739409,3.1239874412481243,1.2632864755200248,3.9047313004651056,4.932794242417287,-0.00934763338515625,0.015068150359135748,0.01506756174801581,0.04905762338515625,-0.048814516614843755,0.09787214,0.16301547505540626,2.9642821503763956,1.2591187670134536,3.255843527013683,4.0994936873222025
BROKEN_30HZ,-0.014089982918749999,0.016032437888976774,0.016031811609639478,0.042748642918749996,-0.051249497081250005,0.09399814000000001,0.1110223535886048,2.7444771295829464,1.2563267195367633,3.196737731775436,4.016147027780827,-0.01655244818125,0.014195673452204164,0.014195118922879073,0.03969661818125,-0.04041323181875,0.08010985,-0.010951170669326658,2.3693468462547154,1.2063973494780322,2.8469808557654077,3.434590158410088,-0.01075342859609375,0.0005286741013902989,0.0005286534496548514,0.00253309859609375,-0.0019845814039062496,0.00451768,0.044314694077430446,3.227822352903486,1.2706450528759186,4.791605157873397,6.088429389186567,-0.01257689036328125,0.015506287941296958,0.015505682215093429,0.05106061036328125,-0.04924767963671875,0.10030829,0.2181046506437817,2.980511675086874,1.2564743986188642,3.2930257214724934,4.1376025130236025
BROKEN_30HZ,-0.0143427840015625,0.017002425101367572,0.017001760931164723,0.053124504001562496,-0.0529173059984375,0.10604180999999999,0.05993916699889023,2.614942521296341,1.24692121949949,3.1246471595882594,3.8961888467394106,-0.01648327388359375,0.014133363023308181,0.01413281092803176,0.03962744388359375,-0.040482406116406244,0.08010985,-0.00806545105923865,2.381288603303724,1.2055141584874312,2.8644270642658434,3.4531073819270612,-0.0108721712359375,0.0005369596102619198,0.0005369386348674603,0.0026518412359375007,-0.0019373587640624992,0.0045892,0.01701767065460711,3.2600804052761743,1.2696189592455698,4.938816214244091,6.270414701833729,-0.01443960920703125,0.015942822495796514,0.015942199717128888,0.04861871920703125,-0.04773213079296875,0.09635085,0.16912611872680924,2.76171853788412,1.2390396980238545,3.049686998638808,3.7786832578607035
BROKEN_30HZ,-0.01418210088828125,0.015741347247269496,0.015740732338882485,0.05296382088828125,-0.053077989111718744,0.10604180999999999,-0.024491711836953964,2.8469483066336987,1.2570531217862986,3.3720152257850424,4.238802266284019,-0.01670252342578125,0.012811626194488975,0.012811125730565876,0.039191093425781254,-0.040118626574218746,0.07930972,0.0476278267383706,2.5546956005155717,1.2247722020242338,3.131545768729777,3.835430206906841,-0.010851303553125,0.0005257361297288683,0.0005257155927601804,0.002036463553125001,-0.0019582264468749992,0.00399469,-0.02698675981162996,3.0533335704535687,1.2547020920608671,3.873698214718904,4.860337254020254,-0.01312697415078125,0.01578773379982866,0.015787117079431548,0.04504575415078125,-0.049044765849218755,0.09409052000000001,0.1629796070358876,2.7027870860775396,1.2385846539945116,3.1066321737182383,3.8478269359730217
BROKEN_30HZ,-0.0141266664859375,0.015370613504236073,0.015370013077918758,0.0508536764859375,-0.0511055335140625,0.10195921,0.03473623916937175,2.9626206409620512,1.2706208990906847,3.3250156167715286,4.224834332472807,-0.016865591819531248,0.012123649547871923,0.012123175958561489,0.03935416181953125,-0.04016415818046875,0.07951832,-0.07875568655577943,2.6789956259569596,1.233737253130699,3.3130062879359996,4.087379277282893,-0.01086640062890625,0.0005202393471299667,0.0005202190248835429,0.0020500706289062493,-0.0019401493710937499,0.003990219999999999,0.015214760332740732,3.0399981843953903,1.2584612815699012,3.9407836523571618,4.95932364553511,-0.011711460182031251,0.015496023237930086,0.015495417912699365,0.04959024018203125,-0.045908329817968746,0.09549857,0.27319677307186535,2.730639294773964,1.2464077478729498,3.200316407174102,3.9888991655467225
BROKEN_30HZ,-0.0143885228109375,0.01715554342172603,0.017154873270221967,0.051115532810937496,-0.053157647189062504,0.10427318,0.04770293349525969,2.919323974114858,1.2834993165020436,3.09869075403404,3.977167464853892,-0.016708909007031248,0.012600821175713841,0.012600328946522625,0.04129837900703125,-0.040320840992968746,0.08161921999999999,-0.06869483929700654,2.5268294747275077,1.2169537619189499,3.2775635606266107,3.988643305033022,-0.011062064169531252,0.0005527982909352278,0.0005527766968302201,0.0022040141695312526,-0.0022197958304687477,0.00442381,-0.038177905292201046,3.0733094219697907,1.2608669443789022,4.01571890276434,5.063287222413072,-0.011971006774218751,0.015662428460571556,0.015661816635009863,0.04984978677421875,-0.05368286322578125,0.10353265,0.2574335792743369,2.8111853876166366,1.245344149653547,3.4276268505008867,4.268575045466692
BROKEN_30HZ,-0.014237967623437502,0.016855854315921938,0.016855195871252223,0.0484126076234375,-0.0533082023765625,0.10172081,0.07794988687768356,2.888794996670358,1.2695594586883754,3.1627162795232517,4.015256367816452,-0.016763361755468748,0.014315439908706963,0.014314880700913288,0.04247331175546874,-0.042592278244531254,0.08506559,-0.021693549413875517,2.406296783556124,1.2094835037021021,2.9753847855549274,3.5986788152949014,-0.01099188191015625,0.0005642371023927818,0.0005642150614504741,0.00213383191015625,-0.0022899780898437503,0.00442381,-0.03941510196750734,3.1505063256370183,1.2644963464530392,4.0586971995336585,5.132207780169493,-0.012287904863281249,0.015580494047667292,0.015579885422731117,0.050664344863281245,-0.053365965136718756,0.10403031,0.26811228659068315,2.864260637099193,1.2485329861931374,3.4253117843124565,4.276614750710175
BROKEN_30HZ,-0.01403278682421875,0.016956445474671324,0.016955783100582725,0.050682316824218754,-0.05309916317578124,0.10378148,0.11721893990083068,2.727975708765232,1.2537842238808625,3.1316255262758323,3.9263826799472423,-0.016634841921875,0.016097893805828142,0.016097264969569154,0.043043601921875,-0.04767802807812499,0.09072163,-0.0465199603168783,2.281479789311659,1.1953391145650092,2.961871359405293,3.5404406882069823,-0.01064792053203125,0.0005114371370129466,0.0005114171586095711,0.0019224805320312514,-0.002102009467968749,0.00402449,0.010936757680587767,3.025170002594716,1.2563521263762487,4.110166099400424,5.163815918741295,-0.0092810137390625,0.015277278760820679,0.01527668198046299,0.0539601537390625,-0.042694656260937505,0.09665481000000001,0.2764993518124231,2.827765695433775,1.250974497058752,3.532190681724667,4.418680461586125
BROKEN_30HZ,-0.0142613196484375,0.018130648577719767,0.018129940335426573,0.0509108496484375,-0.0537735703515625,0.10468442,0.022707877298094994,2.6223529450903333,1.2465119672812812,2.966009228750023,3.697165998703627,-0.0165281092640625,0.016013929993813514,0.01601330443745499,0.0429368692640625,-0.047784760735937494,0.09072163,-0.027501986126109147,2.2869987496831197,1.1916790860718265,2.9840662133525244,3.5560492979057523,-0.010544528849999998,0.0005116387023956595,0.0005116187161184825,0.002051528849999998,-0.0022009311500000017,0.00425246,-0.061850959214751616,3.120113135248821,1.2601086380759399,4.301897254068208,5.4208578899665145,-0.010621167698437501,0.016580840601718095,0.016580192899981416,0.0553003076984375,-0.0525801623015625,0.10788047,0.03675844896258201,3.001688189870253,1.2619041842611356,3.3353235412900104,4.208858732618532
BROKEN_30HZ,-0.0141143455828125,0.016636564543545604,0.016635914665049937,0.0484052055828125,-0.0539205444171875,0.10232575,-0.04120007264712107,2.8238837134635006,1.257236203541068,3.2412130924467952,4.074970443215414,-0.01663518101328125,0.013562372797723937,0.013561843007188852,0.04058842101328125,-0.03995948898671875,0.08054791,-0.006864336453092974,2.5894728986583595,1.2275727950542517,2.992839615660362,3.6739284921452824,-0.010695580160937499,0.00056110516183677,0.0005610832432382798,0.0022025801609374986,-0.0021467298390625,0.004349309999999999,-0.10659247277492774,3.0729623233676957,1.2588676210786989,3.92558535205107,4.941792293477917,-0.0144130286546875,0.017366457922427254,0.017365779531914587,0.0570389486546875,-0.0490475613453125,0.10608651,0.08215483460054816,2.830112131486775,1.2503448091312175,3.2845602208563176,4.106832822426583
BROKEN_30HZ,-0.013915466319531248,0.015532096512761126,0.015531489778390585,0.04785319631953125,-0.05011728368046875,0.09797048,0.05126180406448713,2.900503719162994,1.2719743981124496,3.226817542654433,4.104429301636566,-0.01641184793984375,0.011603579774287014,0.011603126500598906,0.03761007793984375,-0.04178755206015625,0.07939763,-0.054330309930200965,2.710672148368646,1.2361026642199642,3.6014045057596626,4.451705704503302,-0.010733253064843748,0.0005827828621474886,0.0005827600967472905,0.0019377830648437486,-0.002421956935156252,0.004359740000000001,-0.18003489604140305,2.9971676364295075,1.2542863018377781,4.156010249628529,5.212826726406468,-0.00937310540078125,0.017067902354603676,0.017067235626645662,0.051999025400781246,-0.05408748459921875,0.10608651,0.04271399669992597,2.9061792854981703,1.2564936905122943,3.169082901438147,3.981932670367427
BROKEN_30HZ,-0.014176937921874999,0.017047396610972678,0.017046730684035925,0.048327737921875,-0.057210452078124995,0.10553819,0.06313406313395356,2.972731640135624,1.2863237391422462,3.3560952618147453,4.317025006095118,-0.01635991818046875,0.012630349081600099,0.01262985569895253,0.048287638180468745,-0.041839481819531246,0.09012711999999999,0.03244708493763622,2.588689240501522,1.2221542890651376,3.8232929442316217,4.6726538701451545,-0.010795812228125002,0.0006038519267051992,0.0006038283382785917,0.0021970222281250014,-0.002359397771874999,0.00455642,-0.08502176022903779,2.9212610563059025,1.2479904175268934,3.907398216190427,4.876395531267329,-0.010042111210156248,0.017003860188771133,0.01700319596250909,0.05027658121015625,-0.05956174878984376,0.10983833000000001,0.05193112872867488,2.9595484407781303,1.2620749612483757,3.5029737304194715,4.421015435073232
BROKEN_30HZ,-0.014113906498437499,0.0165888070865364,0.01658815907360283,0.048264706498437504,-0.0572734835015625,0.10553819,0.04478834603120027,2.9881448960084582,1.2700917693535216,3.4526726713576847,4.385211142163232,-0.016582557589062498,0.014224827945536589,0.014224272277341863,0.0485102775890625,-0.042045962410937505,0.09055624000000001,0.022607187348918315,2.3977486476899936,1.2058649182370573,3.4103873044061115,4.112466407984375,-0.01094901321328125,0.0005508638438986969,0.0005508423253595024,0.0023502232132812505,-0.0018783967867187484,0.004228619999999999,0.04148267970592535,3.109045799075301,1.2590383229216042,4.266598816181015,5.371811418103847,-0.015488490865625,0.01602841949220542,0.016027793369839814,0.049001570865625,-0.05411536913437501,0.10311694,0.1247645237687235,2.823309191600867,1.2533703989780394,3.376345569578294,4.2318115936300815
BROKEN_30HZ,-0.014006666192968748,0.0157545463433179,0.01575393091933113,0.043513136192968746,-0.045535223807031254,0.08904836,0.05398730175700224,2.6394167921086544,1.2383520144625744,2.8904039277686864,3.57933752656289,-0.01661765651796875,0.014415570938102005,0.014415007818863599,0.04100895651796875,-0.04201086348203126,0.08301982000000001,-0.004150736796866239,2.411358186406281,1.2084243676780118,2.914383676369255,3.521812251287637,-0.01093255371875,0.0005480773833867868,0.0005480559736958321,0.00200745371875,-0.002234576281250001,0.004242030000000001,-0.132754565648954,3.0668669418509533,1.2580537626846335,4.077277483504227,5.129434279631827,-0.014472313193750001,0.015257775093241352,0.01525717907476056,0.05226914319375,-0.04898380680625,0.10125295000000001,0.2971307689271088,2.8362950707138976,1.2464567127869552,3.425872039492352,4.2702012007743795
BROKEN_5HZ,-0.014183561204687502,0.0009865433013996777,0.0009865047637992645,0.0036239312046875017,-0.005225178795312499,0.00884911,-0.22969006760347352,3.989946188946166,1.2887845884035767,5.296658452199553,6.826251783232327,-0.0166145283328125,0.001260153237454672,0.001260104011757376,0.0037230483328124994,-0.0047222716671875,0.00844532,-0.1527384254862032,2.8382773753847825,1.2371506297036023,3.747525301980182,4.6362532871749655,-0.010960825537500002,0.0005469214637287249,0.0005469000991917638,0.0024857055375000024,-0.002343384462499999,0.004829090000000001,0.09631545818869171,3.3010680560959234,1.2679844292731954,4.5450815261754425,5.763092604967713,-0.01295258955625,0.00226917003457839,0.0022690813933926076,0.007025369556249999,-0.00790592044375,0.01493129,-0.02891644752902694,2.706628487870554,1.2438643758963972,3.48419429411895,4.333865161156057
BROKEN_5HZ,-0.014113295365625,0.0009631823137516112,0.0009631446887076018,0.0033122853656250006,-0.004776924634374999,0.00808921,-0.22668050089216396,3.440956142003372,1.2684127903714326,4.959716531048858,6.290967884599005,-0.01665545479140625,0.0014334375980069572,0.0014333816032571162,0.004741414791406249,-0.00468134520859375,0.009422759999999999,-0.021610853250064822,2.721491675266938,1.2310018314730562,3.307852410434311,4.0719723754872,-0.010981030985156251,0.0005241042701168251,0.0005240837968938983,0.0023181709851562513,-0.0023231790148437494,0.004641350000000001,0.11534671196417168,3.475252639230029,1.2790696921644402,4.432838848696712,5.669909821617075,-0.0130362965921875,0.0026093551873781306,0.002609253257450266,0.008678046592187499,-0.008549333407812502,0.01722738,0.119842706697163,2.7402084341826582,1.236304276044229,3.325873625877003,4.111791785254463
BROKEN_5HZ,-0.014142975467187499,0.0009642070023690705,0.0009641693372973802,0.0032808754671874996,-0.0048619745328125005,0.00814285,-0.26984091343478345,3.6634006774587387,1.26736749008532,5.042656247958354,6.390898592338037,-0.016701757589062498,0.0013695184383150799,0.0013694649404561827,0.004787717589062497,-0.0046499424109375034,0.00943766,0.04580213264741495,2.8422943780914456,1.2428838522278625,3.496049769238824,4.345183804771879,-0.010743718685156249,0.000549087276255597,0.0005490658271149316,0.0022402886851562494,-0.002359341314843751,0.00459963,0.010939197379836898,3.333756254948679,1.2674891249154787,4.297009936387625,5.446413364025068,-0.012913754103125,0.002551244981854033,0.002551145321900408,0.008641924103125,-0.008671875896875002,0.017313800000000004,0.1241822156498102,2.948228457229486,1.243235170510279,3.399208905283027,4.226016062959603
BROKEN_5HZ,-0.014173236785156251,0.0011511682446011294,0.0011511232762132688,0.004349666785156251,-0.004831713214843748,0.00918138,-0.12552827230706437,3.3169405836401236,1.2742842651843045,4.197389901399731,5.348667906197178,-0.0166957980546875,0.001363140923291657,0.0013630876745593062,0.0052406780546875,-0.004655901945312502,0.009896580000000002,0.005948745180356703,2.9071709490781656,1.2419718320947768,3.844710910750359,4.775022653699401,-0.01074631687265625,0.0005507722387196635,0.0005507507237588663,0.0022428868726562506,-0.0023880331273437496,0.00463092,-0.005700436891976111,3.191075495847811,1.2640327974329901,4.335960034778449,5.4807956923186465,-0.012575525965624999,0.0022021937997909378,0.002202107774915427,0.008303695965625,-0.006867484034375001,0.015171180000000001,0.004716794133887232,3.062129581729968,1.258988447349583,3.7707945361320507,4.747386758319181
BROKEN_5HZ,-0.014127356658593753,0.0012362365196687166,0.0012361882282364567,0.004303786658593753,-0.004424633341406248,0.00872842,-0.05757771544667332,2.878906451337151,1.251368671266981,3.579255359613333,4.478968023484557,-0.016664105521875,0.001415257630005797,0.001415202345424827,0.005208985521875001,-0.004501344478124999,0.00971033,-0.04118589525982465,2.8410112883285183,1.240946589823951,3.6807355066326752,4.567596174999751,-0.010945628934375,0.0005313186307255266,0.0005312978756861341,0.002315548934375,-0.0021887210656249996,0.0045042699999999995,0.04919128251946212,3.259974108259796,1.2726980753194583,4.358287582807724,5.546784218328084,-0.01174169949921875,0.0022742708610616,0.0022741820206208913,0.0067308294992187495,-0.007701310500781251,0.01443214,-0.17902984662374138,3.030679506295389,1.2523390755472967,3.386409016934651,4.24093233769297
BROKEN_5HZ,-0.014108048237500002,0.0010665523347002208,0.0010665106716859,0.004773198237500002,-0.004116141762499999,0.00888934,0.007155495425079059,3.3406897346999007,1.2718282285680844,4.475527872547875,5.692102686049653,-0.01673663488046875,0.001376879985480654,0.0013768262000557038,0.004338344880468751,-0.00488624511953125,0.009224590000000001,-0.05677678675138803,2.7032136724397917,1.2310285241052283,3.5489193329801263,4.368820928647036,-0.010976688915625,0.0005164714454886362,0.0005164512704287451,0.0023972689156249987,-0.002309641084375001,0.00470691,-0.005893807851721124,3.398681787597121,1.2746930183465632,4.641810472525018,5.916883401815602,-0.0117970282046875,0.00228568198074211,0.002285592694545832,0.006786158204687501,-0.008362671795312498,0.015148829999999999,-0.13830247933483286,2.8253221551171395,1.2333946832001634,3.6588635478528415,4.512822846476582
BROKEN_5HZ,-0.014007754125781249,0.0010271642357913998,0.0010271241114047445,0.0046729041257812486,-0.005278805874218752,0.00995171,-0.04210262667430497,3.9078297872872145,1.2882796349897971,5.139404104728106,6.620989644104189,-0.0167139751234375,0.0013568472570476499,0.0013567942541664387,0.005045785123437499,-0.004908904876562502,0.00995469,0.04381166446762295,2.8111368879234497,1.236561560221137,3.7189021901757915,4.598651494593581,-0.0109477030609375,0.0005012163867317408,0.0005011968075842214,0.0023682830609374986,-0.0023386269390625013,0.00470691,-0.010532130571246157,3.544718400459024,1.2786269003291852,4.725255678208867,6.041839021091085,-0.01256569231484375,0.00249013719926129,0.0024900399263770466,0.007899012314843749,-0.00820937768515625,0.01610839,0.12518365660758587,2.6846295576137438,1.2248730676750261,3.2968859648370032,4.038266825524638
BROKEN_5HZ,-0.013832053325781248,0.0010915355684811357,0.0010914929295401839,0.003922063325781247,-0.005454506674218753,0.00937657,-0.11419224924305116,3.572545487406352,1.2801315909459734,4.997289974674034,6.397188765697835,-0.016620881320312503,0.0012638778274550021,0.0012638284562630673,0.004952691320312503,-0.004163128679687496,0.009115819999999998,0.0803049784883133,2.9052256734258397,1.2454218642846402,3.9188002895240985,4.8805595623382905,-0.010847449109374997,0.0005892581336641077,0.0005892351153186756,0.0027627091093749973,-0.0021081008906250025,0.00487081,0.34762740544312576,3.4869235971958856,1.289619187500038,4.68863622949702,6.046555244767189,-0.01184757761875,0.0027245666822568733,0.002724460251792087,0.008700697618750001,-0.008927492381249999,0.017628190000000002,0.030176915303650347,2.7426459707469286,1.2419231146685166,3.276793036484089,4.069525013994426
BROKEN_5HZ,-0.013872731606249999,0.0011001477691993547,0.0011001047938377414,0.0035842816062499998,-0.004920638393750001,0.008504920000000001,-0.16640158674829386,3.166815740369994,1.2640839534619,4.472881512118713,5.6540977452056635,-0.016625602525,0.0012438262410225307,0.0012437776531109895,0.004552132525000002,-0.004869137474999997,0.009421269999999999,0.007645713085148955,2.8022239820308505,1.241840939113908,3.9147973617479805,4.861555632153762,-0.01075729840546875,0.0006326565467622617,0.0006326318331332062,0.002672558405468751,-0.002596081594531249,0.00526864,0.10151082490114458,3.107269970682891,1.265860296226087,4.224508261357155,5.34763727913112,-0.01208923326875,0.00251708216627115,0.002516983840828574,0.00894235326875,-0.007781406731249999,0.016723759999999997,0.1545154252902173,3.049428104079509,1.2594565089385357,3.5528051963203064,4.474603629496262
BROKEN_5HZ,-0.014088040447656248,0.0011863310802904382,0.0011862847383274802,0.004021600447656249,-0.004668079552343753,0.008689680000000002,-0.223066868789224,2.947211856290476,1.2438941624399509,3.9350413956477155,4.89477502100575,-0.0166457578015625,0.0014317894911922073,0.0014317335608227961,0.004578247801562501,-0.004848982198437497,0.009427229999999998,-0.01956639007882745,2.774299357585511,1.240850411486662,3.3867909023874936,4.202500884846805,-0.01071947475546875,0.0005667704589514567,0.0005667483190479755,0.0023769647554687506,-0.00263390524453125,0.005010870000000001,-0.08840161651426211,3.4255172020384124,1.2810245995344869,4.647398423617184,5.9534317044914085,-0.012809741160937497,0.0022547716892513197,0.0022546836105118867,0.007605171160937497,-0.006867198839062503,0.01447237,0.01566045066307918,2.7274313575401408,1.2354981600770016,3.3730547050949093,4.167402881983834
BROKEN_5HZ,-0.01422865593828125,0.0011725011958713602,0.001172455394148814,0.00416221593828125,-0.004527464061718752,0.008689680000000002,-0.05165648337230331,2.8780660877514124,1.2407631873471103,3.861523503847774,4.791236210649946,-0.01661319489921875,0.0014646767590208013,0.0014646195439673988,0.00460081489921875,-0.004760855100781249,0.009361669999999999,0.012776776422843202,2.784260863054554,1.2451133364730045,3.2505746085327547,4.047333796284649,-0.01067054897578125,0.0005125307398826798,0.000512510718759608,0.0027243789757812487,-0.0025129710242187513,0.00523735,0.06418778412500428,3.69841644507758,1.2907306993227332,5.315750239087414,6.861202023522284,-0.0129558007390625,0.0023263211284181673,0.0023262302547241774,0.0074770707390625,-0.009036599260937498,0.016513669999999998,0.05031185656248312,2.6088961877256724,1.22025357540544,3.8846538267592834,4.740262721315441
BROKEN_5HZ,-0.014281068783593752,0.001057548175097749,0.0010575068638152825,0.004169928783593752,-0.00426496121640625,0.008434890000000002,-0.09863597980901531,2.9912570722185485,1.2552234187940268,4.033034075087783,5.062358819844492,-0.0166529421625,0.001262248542326542,0.0012621992347798005,0.0046405621625,-0.0044424778375,0.00908304,0.0647134653990576,2.9331805157979285,1.2513921691395966,3.676568670483768,4.600829243547365,-0.010862437112499998,0.0005365488546489079,0.000536527895299903,0.0029162671124999973,-0.0023210828875000027,0.00523735,0.043519521704408815,3.474844611201475,1.2754306599587177,5.435443595844894,6.932531412616839,-0.01258310308125,0.002517850531041916,0.0025177521755845047,0.00833511308125,-0.009409296918749999,0.01774441,0.021006535408970777,2.533219671197754,1.21200353256026,3.737181526440583,4.529477211864933
BROKEN_5HZ,-0.014269357383593749,0.0009991637863117696,0.0009991247557140355,0.0039287573835937485,-0.004276672616406253,0.008205430000000001,-0.15526877492577923,3.2347359775120115,1.2695890242565433,4.280419028702658,5.434373018059749,-0.016690314505468748,0.0010954907297574972,0.0010954479363150403,0.004244344505468747,-0.004405105494531252,0.00864945,-0.006955004428121692,2.8019301723666366,1.2412839544842917,4.021282389147142,4.991553306098606,-0.010990307632031251,0.0005121313951770316,0.000512111389653667,0.0024123776320312523,-0.002181292367968749,0.004593670000000001,0.009440498273484295,3.3918880262057485,1.2724310559185554,4.7106502233092415,5.9939776377083565,-0.01160075725625,0.002303222618587358,0.0023031326471965314,0.00735276725625,-0.007769242743749998,0.015122009999999998,-0.25834788042832096,2.9785746155643382,1.2542943977838177,3.373337073401761,4.2311577930042885
BROKEN_5HZ,-0.014223746039062499,0.0011547807197414372,0.0011547356102385104,0.0043554760390624985,-0.006523013960937501,0.01087849,-0.21772528400410063,4.122370587020973,1.289339995923021,5.648924223953026,7.283383935881049,-0.0167130406140625,0.0012631336534833016,0.0012630843113612302,0.004688740614062501,-0.004240829385937499,0.00892957,-0.02429409665146447,2.764274971189289,1.240680563313882,3.71213589772913,4.605574856692261,-0.01095821163515625,0.0005176984577013666,0.0005176782347103747,0.0024607416351562494,-0.002213388364843751,0.00467413,0.048253276297331456,3.5047969739873337,1.278220036912624,4.7534191514405855,6.0759156032155595,-0.012249074066406249,0.0025281680869211186,0.0025280693284263087,0.006527474066406249,-0.00850811593359375,0.015035589999999998,-0.4393934906378308,3.118537475818919,1.2675761671652446,3.3654598938115137,4.265976752945949
BROKEN_5HZ,-0.0141735386265625,0.0013828307620665236,0.001382776744184823,0.004305268626562499,-0.006969561373437502,0.011274830000000001,-0.2104169725541016,3.6091610483552143,1.2703582797424817,5.040265106241868,6.402942509811478,-0.016695200425,0.0015274961293335067,0.001527436460350522,0.005581290425000001,-0.0049470495749999975,0.010528339999999999,0.05190750493179224,2.657496192840844,1.2291843999949805,3.654024615674805,4.4914700547851245,-0.010871057693749998,0.0005380858792980491,0.000538064859907846,0.0023735876937499983,-0.002300542306250002,0.00467413,0.11228857420252343,3.328868315426713,1.2688491262424544,4.411341216663956,5.597326448321386,-0.012636061871875,0.002590659257891709,0.002590558058287854,0.008274831871875,-0.008121128128124998,0.016395959999999998,-0.21154436659516143,2.9375137661398028,1.2520935076798245,3.194227531555106,3.9994715543123
BROKEN_5HZ,-0.014098688825781252,0.0013704009957248694,0.0013703474633904001,0.005070778825781252,-0.007044411174218749,0.012115190000000001,-0.01390536946945824,3.315416956918857,1.253707185264323,5.140602192082037,6.4448099047987775,-0.016657333821093752,0.0015708745729636512,0.0015708132094771159,0.0055434238210937525,-0.004984916178906246,0.010528339999999999,0.12630881873055697,2.694393776448361,1.2302565965549352,3.529015281797266,4.341594329774261,-0.01048268791328125,0.0006137299560138829,0.0006137059817192189,0.0024098679132812505,-0.0024207120867187504,0.004830580000000001,0.11210343769281388,3.0536090248562164,1.2568044692029727,3.9444166405832233,4.957360462283571,-0.0122846805265625,0.002507383511685284,0.0025072855651038025,0.0079234505265625,-0.007794559473437502,0.015718010000000004,0.025118810415606915,2.728020623377169,1.2402967672668446,3.160170758704331,3.9195495760321934
BROKEN_5HZ,-0.014075357870312501,0.0011549220388787284,0.001154876923855415,0.005047447870312501,-0.004953432129687499,0.01000088,0.12312041369678249,3.6047280878919903,1.275291543534202,4.370550459578165,5.573726041689555,-0.0166455962296875,0.0014122800188763624,0.001412224850610599,0.0056598262296875,-0.0046837537703125,0.01034358,0.15570606149426156,3.2280421080541806,1.2676013302413722,4.007737314097241,5.080213150607647,-0.0103735776578125,0.0005850038460914383,0.0005849809939323604,0.0023976076578125,-0.0026043223421874998,0.00500193,0.02854354200063831,3.196410741591909,1.260857439659838,4.451977703892085,5.613309209152059,-0.0125068495375,0.002413833339350296,0.002413739047143797,0.0076881895375,-0.007572390462500002,0.015260580000000003,0.0880080385781464,2.697867198687436,1.2403911947728863,3.1851784253966957,3.9508672726426277
BROKEN_5HZ,-0.01410094221796875,0.0009318565044839959,0.0009318201031283115,0.004284822217968751,-0.0042498977820312495,0.00853472,-0.012089479587952135,3.709208179781315,1.2781272237877173,4.598336313612169,5.877258826559367,-0.01665570739296875,0.0012153349297968521,0.0012152874548488938,0.0056699373929687494,-0.0045842426070312504,0.01025418,0.03110599555170607,3.823002469809656,1.2935953160646483,4.665511332603805,6.0352836069028175,-0.01064979234453125,0.0005489379485977866,0.0005489165052903468,0.00267382234453125,-0.003071617655468749,0.005745439999999999,0.020170237852026957,3.33236773841297,1.267130499820214,5.595783012288967,7.090587325247181,-0.01186711047109375,0.002429523482169399,0.0024294285770547247,0.007781530471093749,-0.00678619952890625,0.01456773,0.1716010857646435,2.8361210417019738,1.2479732255465006,3.2030291174591974,3.9972945792349157
BROKEN_5HZ,-0.014078802680468749,0.001072715611982604,0.001072673708210562,0.005030032680468749,-0.005148157319531253,0.010178190000000002,-0.018725862269833603,3.9900446486954855,1.2941859601732506,4.799369351673051,6.211276432621059,-0.01666871509296875,0.0013606264499419918,0.001360573299433175,0.004723385092968751,-0.00529835490703125,0.010021740000000001,0.06415635049755475,3.1524113945728067,1.2646171214594313,3.8942076176554283,4.924681627804797,-0.010925915885156252,0.0005410903472745654,0.0005410692105200397,0.002219845885156252,-0.002795494114843748,0.00501534,-0.05613782933327926,3.399287756635232,1.2711054185003754,5.166610963053886,6.5673071904212375,-0.0123935501703125,0.002661388446523445,0.0026612844840066953,0.0083079701703125,-0.0078451198296875,0.016153090000000002,0.11040426055047461,2.8220865178954164,1.244183982409418,3.1217895795208035,3.884080591292416
BROKEN_5HZ,-0.0140655015203125,0.0011153560307777222,0.0011153124613317875,0.005016731520312501,-0.0051614584796875005,0.010178190000000002,0.04204007524741244,4.071761396960343,1.3079190413273993,4.627813871571233,6.052805882347087,-0.01662194701953125,0.001413307785462636,0.001413252577048956,0.004676617019531249,-0.005345122980468752,0.010021740000000001,0.06510176214463657,2.9653006602762058,1.2539936903351094,3.7821427445262628,4.742783137582648,-0.010986416403906251,0.0005190362063373341,0.0005190159310895153,0.002535136403906251,-0.0022358435960937485,0.004770979999999999,0.044415924062701534,3.6212218566716063,1.283124556926638,4.884505950683454,6.267429533776233,-0.012791904231249998,0.002267897686945774,0.0022678090954620415,0.007325094231249998,-0.007446765768750002,0.014771860000000001,-0.16502190245835544,2.798952201037065,1.2361087924489675,3.283682821297092,4.058989207018968
BROKEN_5HZ,-0.014093733528125001,0.0010796613034563798,0.0010796191283629652,0.0050539035281250005,-0.003936756471874999,0.00899066,0.10863579891476847,3.7551577341708855,1.301882301349158,4.6811911676558315,6.094359930403128,-0.0166683140734375,0.0012124256730136013,0.0012123783117107057,0.005298124073437499,-0.004328765926562502,0.00962689,0.05852181191771853,3.4364999343145812,1.2838646377798895,4.370025446893447,5.610521137464754,-0.010988534881250001,0.0005169870684982736,0.0005169668732964651,0.002537254881250001,-0.002376765118749999,0.00491402,0.0953680467470457,3.6580871958553884,1.2849596958138063,4.907964150722209,6.306536122177076,-0.01261245573203125,0.00219146370456466,0.002191378098841681,0.00714564573203125,-0.00766048426796875,0.01480613,-0.10301042931417798,2.929877270213934,1.2523219693846663,3.4957382626110625,4.377789825486417
BROKEN_5HZ,-0.014148897053125,0.0011435072863134749,0.0011434626171876424,0.005109067053124999,-0.004243662946874999,0.009352729999999998,0.08022855820897075,3.369395933027214,1.2738605058925958,4.468066534340056,5.6916934957962,-0.016763542534375,0.0013585505665253592,0.001358497497107322,0.005616852534374998,-0.005459807465625001,0.011076659999999999,-0.11889283388054515,3.4797871734982175,1.2941888629327032,4.134606465109492,5.350961639754257,-0.011161331927343749,0.0005557916606360489,0.0005557699496002534,0.0020604119273437485,-0.0025585880726562513,0.004619,-0.08431923800686718,3.318093065053857,1.2675095060206376,4.6036819272012774,5.835210605423028,-0.012905557706250001,0.0025536502534382177,0.002553550499526836,0.00932508770625,-0.007494032293749998,0.01681912,-0.0641996168969944,2.8188480015511077,1.245755206404491,3.651812528468854,4.549264470153223
BROKEN_5HZ,-0.014168631171875,0.0011345667091635881,0.001134522389285872,0.004853151171875,-0.0050687588281250005,0.00992191,-0.10749965616137215,3.7874683884599074,1.2872992677954913,4.467746847477857,5.75132724545386,-0.01670908873828125,0.0016499390479404422,0.001649874595937529,0.005562398738281248,-0.00551426126171875,0.011076659999999999,-0.041356753821639704,2.818904742661313,1.2502946632546874,3.3714069857051507,4.215252161886721,-0.010966688454687498,0.0006127528018296678,0.0006127288657058347,0.002758278454687499,-0.002753231545312502,0.005511510000000001,-0.1454294425319698,3.2226628434527815,1.2596770816251976,4.5016296914787794,5.670599752319327,-0.01195497903046875,0.0028640099289604245,0.0028638980513874227,0.008641219030468751,-0.009653000969531249,0.01829422,-0.3022023109105602,2.7604675418139952,1.2344909309188843,3.37058121355082,4.160951940054055
BROKEN_5HZ,-0.0141276342875,0.0011464151569956457,0.001146370374278896,0.004928374287499999,-0.0051097557125000005,0.01003813,0.04021994790158125,3.6930172099660385,1.2753364844022073,4.457334058126024,5.684600747496668,-0.01666429980390625,0.0014917357583243388,0.0014916774862581308,0.005261329803906251,-0.005435380196093749,0.01069671,0.03964522226579,3.0328440404346315,1.2574151199678183,3.64380386924548,4.5817740793865065,-0.01069521452890625,0.0005220445499536905,0.000522024157190154,0.0030649245289062505,-0.00259409547109375,0.005659020000000001,0.16395997459513978,3.9016887861896157,1.2915921303812903,5.87123121926676,7.583236038453895,-0.01179453443359375,0.002561141302367968,0.0025610412558317724,0.008480774433593751,-0.009813445566406249,0.01829422,-0.2455945341082684,2.9747903811185448,1.2554855237260782,3.831818618329539,4.810792804856799
H_10HZ,-0.014019077660156249,0.002461979265429091,0.002461883092485621,0.009312167660156249,-0.01006677233984375,0.019378939999999997,-0.13836335490997945,3.150766372608505,1.2568418688298826,4.089053769681611,5.1392939816325125,-0.016420184606250002,0.0026366996594630204,0.002636596661370852,0.011325874606250001,-0.009094575393749998,0.02042045,0.18033306619975778,3.2492518950555906,1.2714828535965212,4.295641715772072,5.461834786798129,-0.010426393734375,0.0015155219471153095,0.0015154627458829535,0.006507693734375001,-0.006070886265624999,0.012578579999999999,0.019242991288415227,3.0622123373367036,1.2564027171386154,4.2941957841289105,5.3952392511047504,-0.014422897110937501,0.00453000088322095,0.004529823926605198,0.013892457110937501,-0.0136025128890625,0.02749497,0.18987279047810618,2.755506546085659,1.2308661892629325,3.0668867788309324,3.7749272423605
H_10HZ,-0.01393650325703125,0.002617753020845061,0.002617650762870419,0.009903073257031249,-0.010149346742968749,0.020052419999999998,-0.09506518046961339,2.9997384936625453,1.2487789205533821,3.877273044567393,4.8418568472855945,-0.016405595876562498,0.0025268224205153146,0.0025267237145866254,0.011311285876562497,-0.009079364123437503,0.02039065,0.1576672635405394,3.451054035665361,1.2868917246320277,4.4766611447318585,5.760978181137169,-0.010502900461718749,0.0015378493340446361,0.0015377892606316932,0.005711060461718749,-0.005687439538281252,0.0113985,0.021873749675049636,2.9320643011556937,1.2508565255103048,3.7138121639455064,4.645446179790783,-0.012573052565625,0.004779743484427106,0.004779556772050449,0.019838292565625,-0.015452357434375001,0.03529065,0.06366383318626859,3.0123038854364292,1.2603212549886973,4.15065528285676,5.231159075115498
H_10HZ,-0.01392717795234375,0.0027396708581506253,0.002739563837667444,0.00989374795234375,-0.01038664204765625,0.020280390000000002,-0.1090192232542286,2.8349316761688623,1.241347517635503,3.791348792404773,4.7063814119420275,-0.016501265167968748,0.002326804635613371,0.0023267137430320116,0.009966125167968748,-0.007992844832031252,0.017958969999999998,0.13937850648960917,3.3106180279540682,1.2755321951064063,4.283348219270664,5.463548556531427,-0.010650614172656248,0.0015881808213343176,0.0015881187818092511,0.005906454172656248,-0.005539725827343753,0.01144618,0.012375044755066993,2.9728980088686168,1.2544327564459574,3.7191513886180285,4.6654253280639235,-0.010428719182031249,0.004527068308252032,0.004526891466192227,0.01769395918203125,-0.014379780817968752,0.03207374,-0.14485447917359495,2.897842133994465,1.2429159698056993,3.9086333998006006,4.858102872728112
H_10HZ,-0.0139136677265625,0.0027230716881586864,0.002722965316093248,0.0098414977265625,-0.0104001522734375,0.02024165,-0.2035019171274093,2.98966436326669,1.2513673406201833,3.819421500512916,4.779499325804398,-0.0164086014859375,0.0024102612285341945,0.0024101670758659996,0.0095486414859375,-0.007975248514062498,0.01752389,0.11771603706003492,2.9710166119919585,1.261478522772339,3.961817245597618,4.997747366470461,-0.010682681067968752,0.0015682273639552038,0.0015681661038772902,0.005938521067968752,-0.0053884589320312495,0.01132698,0.03720972022669207,2.9762517660376697,1.252262495021058,3.7869209475231993,4.742219074192911,-0.00972973061484375,0.003944408846652079,0.003944254765172044,0.01174272061484375,-0.012985319385156251,0.02472804,-0.1481906116805658,2.714667795298392,1.2387553128711455,3.29221111674054,4.078244011955791
H_10HZ,-0.01385785104609375,0.0027562209938363745,0.0027561133268508907,0.00850428104609375,-0.00980781895390625,0.018312099999999998,-0.1272439104780723,2.942875833543889,1.2521337255235845,3.5585688216647364,4.455804036203138,-0.0162357023515625,0.002471757771323921,0.0024716612164001036,0.009614142351562499,-0.0081481476484375,0.01776229,0.15321592293732814,2.965342761565728,1.2558847780400584,3.889749245475152,4.885076867785045,-0.010665650367968751,0.0015278070771217133,0.0015277473959920934,0.005596670367968752,-0.00640378963203125,0.012000460000000001,0.05078091395196334,2.936692421909898,1.2478879129265164,4.191654751846419,5.230715299990142,-0.011955048059374999,0.004047738770156418,0.004047580652272408,0.012378208059375,-0.014280871940625,0.02665908,0.033920657281526656,2.818013783150193,1.248330509345256,3.528248889273492,4.404420733043612
H_10HZ,-0.013801675717968748,0.0030780136081460722,0.003077893370891074,0.008977055717968748,-0.014664774282031253,0.023641830000000003,-0.14185312723719595,2.9533239126680244,1.2458922753604713,4.764549162333615,5.936114996926656,-0.01616560122734375,0.0025038802880929835,0.0025037824783588464,0.00954404122734375,-0.00847154877265625,0.018015589999999998,0.012305443763226318,3.0150205254633464,1.2543478177625886,3.8118491961009244,4.781384720769272,-0.0106817795015625,0.0015533300646950485,0.0015532693865542534,0.0057647795015625,-0.006387660498437501,0.01215244,0.06048177971480524,2.9788591232670325,1.252160836259367,4.112397085612934,5.149382573751676,-0.01293807264921875,0.0037823860441420234,0.00378223829180133,0.01291572264921875,-0.01329784735078125,0.02621357,0.06113720731493384,2.816309981895949,1.245745096138822,3.5158671466064644,4.379874256560596
H_10HZ,-0.013911666353906251,0.0030441635936095685,0.00304404467864659,0.009087046353906251,-0.01455478364609375,0.023641830000000003,-0.12160886466786552,2.9874405911482267,1.2523431109253884,4.781396195723691,5.987948586319424,-0.01625101082109375,0.0026113133654303237,0.0026112113590096345,0.00851195082109375,-0.008386139178906252,0.01689809,-0.023450141564068806,2.776867922431771,1.241591053949726,3.2597709073700236,4.047302396516202,-0.010679395152343752,0.00156258217345769,0.0015625211338993372,0.005762395152343751,-0.0050535148476562475,0.010815909999999998,0.0385267485718524,2.9081641161263114,1.2488828280594217,3.6878830163170027,4.605733770970289,-0.01136492785546875,0.004134933366677074,0.00413477184268761,0.01404245785546875,-0.011570642144531249,0.0256131,0.18979066889917284,2.773201638444493,1.239298157580134,3.39618687311683,4.208888134651524
H_10HZ,-0.013972355916406252,0.002942260292240869,0.0029421453579533494,0.010694355916406252,-0.012257604083593748,0.02295196,-0.03589018277139209,3.083289102402325,1.2615363204585175,4.1662129474529195,5.25582895197639,-0.0163209578234375,0.0026214635615325085,0.00262136115861204,0.0085818978234375,-0.0078840921765625,0.01646599,0.048019455359214744,2.6119235998228474,1.226136806732343,3.273832678584987,4.014166746296189,-0.010664098672656249,0.0016040272750951548,0.001603964616555898,0.005756038672656249,-0.006307001327343751,0.01206304,-0.008721227747950278,2.9193951566342644,1.248239703706976,3.9321324561924667,4.908243852054268,-0.011350374513281249,0.004590006764926411,0.004589827464285123,0.014027904513281248,-0.014043695486718752,0.028071600000000002,-0.030079343007578245,2.7808992557360703,1.244361013922017,3.059743660518205,3.807425723743897
H_10HZ,-0.01375541633984375,0.003015144796100163,0.003015027014706103,0.01047741633984375,-0.01247454366015625,0.02295196,0.001321629657489307,2.911026410625013,1.2455794725726657,4.137456679263697,5.1535311083495285,-0.01615567608125,0.0026788351101035496,0.002678730466063192,0.00926591608125,-0.009345673918749998,0.018611589999999997,-0.013605911964240755,2.628369479221175,1.2230722673220213,3.4888444496937043,4.267108891420729,-0.010638038107031251,0.0016702406099658547,0.0016701753649176856,0.006528618107031251,-0.0063330618929687485,0.01286168,-0.03827328773704674,2.9394267935758176,1.248180620531244,3.908941686104329,4.879065259382149,-0.0144326044609375,0.0055450888405373325,0.005544872231273768,0.0156350344609375,-0.018491925539062502,0.03412696,-0.14272338596744802,2.838799163323012,1.2356645330554181,3.334959719137575,4.12089144410676
H_10HZ,-0.01360403303828125,0.002801441373150192,0.00280133193970914,0.00912956303828125,-0.00950586696171875,0.01863543,-0.028080565025967955,2.7120069696643356,1.2370997517043094,3.393338299889493,4.197897968242015,-0.01619291525546875,0.002718170530509047,0.0027180643498988188,0.009306135255468749,-0.00939932474453125,0.01870546,0.05402955517636626,2.8771554041827834,1.244898059021098,3.4580950023795958,4.304975756372919,-0.01073140616328125,0.001680274359943069,0.0016802087229438863,0.00831611616328125,-0.0061398638367187505,0.01445598,0.06482796051909799,3.0226939258478325,1.2515687168326135,4.949454225371845,6.194582073870397,-0.015243552326562501,0.005171282813417497,0.005171080806237068,0.0166754423265625,-0.0176809776734375,0.03435642,-0.09457615780904532,2.9680865146478834,1.241272209853554,3.4192035158514047,4.244162304059914
H_10HZ,-0.013709021814062501,0.002787252429129564,0.002787143549954963,0.011284791814062502,-0.010305308185937499,0.0215901,-0.07292343352588802,3.095026499408647,1.259396785103265,4.048873555237171,5.0991383387553215,-0.0163009855375,0.0026740558729740323,0.0026739514156262716,0.0096794255375,-0.009291254462499999,0.018970679999999997,0.0219422523918755,2.971613298171869,1.255950802170215,3.619895814461895,4.546411051946021,-0.010784310359374999,0.0016295072251265462,0.0016294435712573005,0.008369020359374998,-0.005604199640625,0.013973219999999998,0.0984646132202823,3.1610324655473847,1.2605650837803732,5.1361216227434925,6.474415583679837,-0.0129097623,0.0042710718036642744,0.004270904961663247,0.0143416523,-0.013034117699999999,0.02737577,0.035464937927121624,2.8163473553111826,1.2478159396738417,3.3579890980329457,4.190152321776496
H_10HZ,-0.013904617489843752,0.002625307151409033,0.0026252045983454026,0.011480387489843752,-0.010109712510156249,0.0215901,-0.07981141588917144,3.2505062069497073,1.2648053916866624,4.373140096234609,5.531171172318663,-0.0164515549265625,0.002610662246437349,0.0026105602654514924,0.0098299949265625,-0.008291385073437501,0.01812138,0.10589869698969157,2.846238309477377,1.2500410280360383,3.7654732804501707,4.706996090536165,-0.01082710979453125,0.0015952880960120846,0.0015952257788536784,0.006550809794531249,-0.006285540205468751,0.01283635,0.06244558774701345,3.052904067146407,1.2566412475453705,4.106509486850588,5.160409204612822,-0.0107543134,0.003818464142715864,0.003818314981046919,0.0143586234,-0.0140586566,0.02841728,0.09644151747681161,3.0170605168477436,1.253172437368507,3.760460693073336,4.712505692367177
H_10HZ,-0.0139293481140625,0.0023504890901782432,0.002350397272404807,0.0093863381140625,-0.0085562418859375,0.01794258,-0.10761831059312821,2.9998530946515065,1.2567590719889645,3.9935113200922308,5.0188815806165366,-0.0164686796828125,0.00282766635573016,0.002827555897855717,0.010091479682812501,-0.0101069603171875,0.02019844,0.1779984260519756,2.7231398855620923,1.2365640725214995,3.5744511098267355,4.420037821396342,-0.010795735865624998,0.0015863010029012223,0.0015862390368079973,0.005898105865624998,-0.006316914134375002,0.01221502,-0.018464077010276855,3.085855048102749,1.2580582819211048,3.9823216979242826,5.00999279334776,-0.0111244647875,0.0038420275986299117,0.0038418775164954914,0.0147287747875,-0.0136885052125,0.02841728,0.1109465566497692,2.9969751127898405,1.2592980731154597,3.833743976548057,4.827826402484968
H_10HZ,-0.013951129469531252,0.0024610582696802255,0.0024609621327138544,0.009408119469531252,-0.01028968053046875,0.0196978,-0.17222554592275646,3.4682883329937533,1.282436137425799,4.181161665873211,5.36207281673526,-0.016397551273437498,0.0026622889619098617,0.0026621849642160427,0.010020351273437499,-0.010178088726562503,0.02019844,0.08712374254135581,2.8922602246083353,1.2450738248732856,3.8232087038924942,4.760177084244265,-0.0107543196859375,0.0015852679222421488,0.0015852059965044255,0.0064914296859374995,-0.006279360314062499,0.012770789999999999,-0.05084973590415069,3.1337900516164505,1.261853575935587,4.095007021328396,5.167299253344573,-0.0124679202609375,0.0036600044032130026,0.0036598614314985313,0.0140383802609375,-0.0113199297390625,0.025358310000000002,0.23370367532896488,2.9946416194752628,1.2449843263520026,3.835768245244597,4.775471344848247
H_10HZ,-0.013999874703125002,0.002516223171756093,0.0025161248798686456,0.008589684703125003,-0.010240935296875,0.018830620000000003,-0.14867263573987072,3.231438783659079,1.2661542861934438,4.0701220272539205,5.153402450137901,-0.0164863953171875,0.002696491863421582,0.002696386529650827,0.009529585317187499,-0.010886394682812502,0.02041598,0.06815409453842342,3.042182000622562,1.254030587023068,4.037401375173853,5.063024816557008,-0.010739429696875,0.0015731212785070779,0.0015730598272568933,0.006476539696875,-0.0062942503031249986,0.012770789999999999,-0.04599139159075122,2.990304748799328,1.2530720722132176,4.117160444030161,5.1590987692351655,-0.0123192510875,0.0036998281251268677,0.0036996835977678747,0.0138897110875,-0.0114685989125,0.02535831,0.06718907172145949,2.934314518503645,1.2440787475779682,3.754297014988001,4.670641128441977
H_10HZ,-0.014002891487500002,0.0025255229553610824,0.0025254243001937423,0.008345361487500001,-0.0112987985125,0.01964416,-0.16354765575326727,3.2675093791766896,1.2671449450722578,4.474019875247574,5.6692316690727775,-0.016434844925781247,0.0026648680980117996,0.0026647639995685084,0.009478034925781247,-0.010937945074218754,0.02041598,0.08589494776388357,3.13013220443457,1.2590872184868767,4.104658077034169,5.168122521052643,-0.010675526856250001,0.001579706764946245,0.0015796450564454717,0.006233836856250001,-0.006730653143749999,0.01296449,-0.07530601084064559,3.108999200106407,1.2593242704142822,4.260864246867813,5.365809759021109,-0.010451186403125,0.00405799310911141,0.004057834590659461,0.012097636403125,-0.012770463596875,0.0248681,-0.08526449579279635,2.833735442049352,1.2456694877387278,3.1471129025985265,3.920262517235847
H_10HZ,-0.0140174811484375,0.0027761124744067056,0.0027760040303950856,0.008994691148437501,-0.0129783388515625,0.02197303,-0.1529109180030178,3.1776396341308755,1.2650563098830983,4.67518732302251,5.914375222875098,-0.0164353064765625,0.0024391445519588812,0.002439049271013828,0.008927196476562501,-0.009158423523437497,0.018085619999999997,0.08690097760098844,2.942210259245209,1.2501242301179045,3.754915340283658,4.6941106489300175,-0.01068098875390625,0.001592689970575238,0.0015926277549080888,0.006239298753906251,-0.00672519124609375,0.01296449,-0.021715514001286733,3.0772899759816696,1.2586831384024824,4.22270127176194,5.315042889277472,-0.00989385388203125,0.004133101572956474,0.004132940120522851,0.01154030388203125,-0.01644785611796875,0.027988159999999998,-0.3216913913829737,3.0960270460117267,1.2538781404727002,3.979698625754094,4.990057112502304
H_10HZ,-0.013960099385937499,0.002808064488181803,0.0028079547960202667,0.008937309385937498,-0.013035720614062501,0.021973029999999998,-0.12707201175544877,2.860539373145012,1.247667196699637,4.642425381113013,5.7922018611405175,-0.01640678100859375,0.002410921333237924,0.0024108271547838857,0.00872881100859375,-0.009186948991406249,0.01791576,0.024902953818503985,2.966953031471082,1.254382364576617,3.8107041283222136,4.780080055186694,-0.010693333403906248,0.0015986641864043497,0.0015986017373648366,0.006294853403906248,-0.0069169765960937525,0.01321183,-0.07292794445551588,3.124308162723581,1.25953320504444,4.326891704431536,5.449863776362853,-0.011100527588281249,0.003965762170644987,0.003965607255034442,0.01239235758828125,-0.015241182411718752,0.02763354,-0.11494925194174535,2.9778403791141876,1.2535336070095169,3.8433413677992627,4.817757567746301
H_10HZ,-0.013800072221875,0.0028149125954965736,0.00281480263582562,0.009450762221874999,-0.011626777778125002,0.02107754,-0.21795160200305033,3.0263681165336425,1.2551677294685446,4.130583661584041,5.184575315890308,-0.01638592682890625,0.0024210443381529477,0.002420949764261306,0.009792676828906251,-0.00880699317109375,0.01859967,0.12800911362680675,3.15876071029612,1.2642759816633955,4.044973164444925,5.1139624182807,-0.010789177421093749,0.0015832592676658238,0.0015831974203927021,0.006390697421093749,-0.006821132578906252,0.01321183,-0.03474130220261807,3.099128905383133,1.2535501846877513,4.308453570631964,5.400862769184299,-0.012051335467968749,0.0040596855982832905,0.004059527013717193,0.013231415467968749,-0.013677984532031251,0.0269094,0.0558529303461296,2.993595813237815,1.2650431457728724,3.3693542340802685,4.26237847950405
H_10HZ,-0.0138143154578125,0.002993007257956362,0.0029928903413267757,0.0094650054578125,-0.0116125345421875,0.02107754,-0.1919091554849679,2.857071610277346,1.2427728672943594,3.8800401009813004,4.822008561513627,-0.01634625953671875,0.0026362880783359775,0.0026361850963215108,0.009753009536718751,-0.00884666046328125,0.01859967,0.12893584232580368,2.9138728789296184,1.25037480436696,3.6996679597073587,4.625971601341799,-0.010818876147656252,0.0016133567417408868,0.001613293718762221,0.006387616147656251,-0.007023873852343749,0.013411490000000002,-0.006017799088974889,2.9381173665406255,1.244062139778384,4.353747721606904,5.416332706597549,-0.01246607068203125,0.004040498627157191,0.004040340792096792,0.01364615068203125,-0.01326324931796875,0.0269094,0.10141047933840984,2.9306327665270326,1.2544746400246143,3.3774751646505017,4.236956941367013
H_10HZ,-0.01383813194375,0.0028833134002914937,0.0028832007686619156,0.009508191943750001,-0.00935818805625,0.018866380000000002,-0.10396426374236624,2.7534158532757886,1.240170761132463,3.2977904442508605,4.089823285301953,-0.016309877228906252,0.0026019326752390517,0.00260183103525873,0.009253237228906253,-0.008675932771093749,0.01792917,0.04041350132943901,3.176906136653932,1.276260566780787,3.556432798099088,4.538934938619722,-0.010802905559375,0.0016357122231464205,0.0016356483268897056,0.006371645559374999,-0.007039844440625002,0.013411490000000002,-0.07913210322169195,3.079553040876709,1.2589269804663727,4.30400858478652,5.418432531546641,-0.01289522746640625,0.003983845325445007,0.00398368970344743,0.01383094746640625,-0.012190412533593748,0.02602136,0.06625631391487126,2.69591494430646,1.2279757114336374,3.4718937708519664,4.2634012232839575
H_10HZ,-0.01384828827265625,0.002969065614393655,0.002968949633002787,0.009518348272656251,-0.009438921727343749,0.01895727,-0.036753810531201234,2.7038719572291323,1.2353895622185587,3.2059648863188768,3.9606155573975483,-0.0163867669328125,0.002598267858786885,0.0025981663619662524,0.009330126932812502,-0.008512623067187499,0.01784275,-0.011471881521138592,2.9893926247330285,1.2614054103231156,3.5910429252696527,4.5297609746376875,-0.010790039409375,0.0016023580657468298,0.0016022954724123366,0.005671889409375,-0.005714690590624998,0.011386579999999999,-0.05771078591925482,3.029908618875237,1.257078026119383,3.5665647747361127,4.483450207052194,-0.01345177645703125,0.004083362275543418,0.00408320276608905,0.01557800645703125,-0.01230883354296875,0.02788684,0.18200120007899137,2.9584203171943058,1.2453512077905071,3.815143981192021,4.7511941648721665
H_10HZ,-0.01391050787890625,0.002760134092559978,0.00276002627271609,0.009377927878906251,-0.009376702121093749,0.01875463,0.017386969424351858,2.9207699443301247,1.25276264666969,3.397767612435663,4.256596346923455,-0.0164249323515625,0.0025241272465799896,0.002524028645933589,0.009019632351562501,-0.008480417648437499,0.01750005,0.0851784249422182,2.6389828046109485,1.2277373614889602,3.573506333255705,4.387327236855448,-0.0106975201875,0.0016030019532759943,0.001602939334789153,0.0055793701875,-0.005431729812500001,0.011011100000000001,0.03388476569096037,2.9278825791475027,1.2502788109436231,3.4807120060060774,4.351860468106472,-0.013160331060156252,0.0042226313035429895,0.004222466353785957,0.015286561060156252,-0.014054518939843746,0.02934108,0.08129378398590931,3.04044420924884,1.2618906350630938,3.6202919761456434,4.568412540892249
H_10HZ,-0.013920965467187501,0.002516628106346365,0.0025165297986408505,0.0081159254671875,-0.010009924532812499,0.01812585,0.052930924761401786,2.877652209945394,1.2471017677654186,3.9776697809097064,4.960559015359579,-0.016467628534375,0.0025332480637761945,0.0025331491068409126,0.009062328534375,-0.008437721465624999,0.01750005,0.09870864693376152,2.697999139573964,1.2301544020272535,3.5774951067434877,4.4008713537914605,-0.01069194165078125,0.0015728942676183503,0.0015728328252359513,0.00610721165078125,-0.00609588834921875,0.0122031,0.03932835746788747,2.978575824785156,1.2534066430010042,3.882937558773969,4.866899730525396,-0.012513487487499999,0.004092760290302132,0.004092600413730642,0.0154562374875,-0.0147013625125,0.0301576,-0.031898510652123735,3.041315490659369,1.2614706206612774,3.77662999682169,4.764107786098655
H_20HZ,-0.013722157095312501,0.006567173794909241,0.0065669172596723255,0.0223894870953125,-0.021476112904687497,0.0438656,0.16136673018619463,2.646880767173422,1.2277598903831726,3.409436453967091,4.185969326991028,-0.0163917277015625,0.007084093869503896,0.007083817141682172,0.0222101777015625,-0.0282263222984375,0.050436499999999995,-0.2812973665192133,3.363400698025279,1.2759368744449504,3.984620400821736,5.084124100074071,-0.01055396788359375,0.004880719503324541,0.0048805288464951035,0.01704589788359375,-0.01888694211640625,0.03593284,-0.09871414964606212,2.907150543156833,1.2487495446124794,3.8698556468874665,4.832480476766756,-0.01034521585703125,0.009258476972181828,0.009258115305861169,0.03012347585703125,-0.03277687414296875,0.06290035,0.0764014309841722,3.1184436903535864,1.2657188302676057,3.540339805685745,4.4810747576024035
H_20HZ,-0.013852918447656251,0.006329088677097995,0.006328841442242646,0.02061602844765625,-0.019923891552343746,0.04053991999999999,0.16833739653790616,2.699788791536558,1.2318047455369778,3.2574727358552518,4.012570374483821,-0.0163938765609375,0.007427661492609268,0.007427371343915136,0.0222123265609375,-0.029249293439062497,0.05146162,-0.28374623515453373,3.360703460338093,1.281107425084674,3.9380410760026074,5.045053662755379,-0.010595222840625,0.005055938371974531,0.005055740870524351,0.018112272840625,-0.017196257159375,0.03530853,-0.051460577192497296,2.844074948939191,1.2408333204400421,3.5825160554058426,4.445305292558994,-0.009877242477343751,0.00942472468327373,0.009424356522775014,0.029655502477343748,-0.028809117522656254,0.05846462,-0.05140555718284865,2.8533337282543534,1.257890117027015,3.1466872465698748,3.958186788835195
H_20HZ,-0.014034716257812501,0.005779198121231125,0.005778972366895164,0.020797826257812502,-0.0184025837421875,0.039200410000000005,0.23941648483114708,2.929914198882665,1.250418722694178,3.5988796861104277,4.500106540236225,-0.01640657985859375,0.007147524020493001,0.00714724481488261,0.02201493985859375,-0.030135060141406253,0.05215,-0.30776701787141403,3.4828597419852527,1.283761396714369,4.2163184446482695,5.412746855494219,-0.010676382675,0.004943461715215879,0.00494326860747092,0.018719402675,-0.017167247325000003,0.035886650000000006,-0.007525462154479996,2.933793025910245,1.2457555816832488,3.7868471575080442,4.717485983446991,-0.009868250327343751,0.011953323593349956,0.011952856657527072,0.03820209032734375,-0.03443540967265625,0.0726375,0.18534904127172994,3.024503149592225,1.2745973672267887,3.196063620765229,4.073694276516679
H_20HZ,-0.01403257706015625,0.005878249625639641,0.005878020002028716,0.02422417706015625,-0.019669732939843747,0.043893909999999994,0.22062778002393393,3.0119555840137866,1.253879283686257,4.121145734753474,5.167419261859359,-0.016432185159374998,0.006861652516501355,0.006861384477964699,0.024282995159374998,-0.030295704840625003,0.0545787,-0.43673926866923085,3.7579723948074655,1.2891275806051261,4.415392394628155,5.692004115109267,-0.01068357565,0.004744255316590952,0.004744069990497927,0.01872659565,-0.02001340435,0.03874,-0.05115035979577041,3.00877579330991,1.247669632351053,4.2186149003040825,5.263437701693068,-0.01008065366875,0.012050320301839262,0.012049849577008446,0.03841449366875,-0.03422300633125,0.0726375,0.2403550170164537,3.089344987198159,1.2724182820889363,3.187964581902023,4.0564244166641465
H_20HZ,-0.0140018515140625,0.0065094451698124636,0.006509190889644012,0.0241934515140625,-0.0197004584859375,0.043893909999999994,0.1360294690028402,2.8344547604135313,1.245450168886048,3.716813951877457,4.6291065640837985,-0.01629509945546875,0.006848454422819477,0.006848186899843425,0.02414590945546875,-0.03043279054453125,0.0545787,-0.5059451097625666,3.8404657696438402,1.2943214365608366,4.443919389119923,5.751860127686254,-0.010554774346093749,0.00467100270995822,0.004670820245351031,0.01773210434609375,-0.020142205653906252,0.03787431,0.03462294131041142,3.1022713403879165,1.2530906414618377,4.312348708763568,5.403763809671667,-0.01107445049296875,0.010216993653369874,0.010216594544260037,0.03253045049296875,-0.03284925950703125,0.06537971000000001,0.023996519355552037,2.876314705704549,1.2485101993700198,3.2152846395853953,4.014315666400124
H_20HZ,-0.013966622908593749,0.006679122285387196,0.006678861377076958,0.023636722908593748,-0.019892137091406255,0.04352886,0.13412087140018542,2.67802850278169,1.2335638450537614,3.5390348105919958,4.365625388732973,-0.016171405825,0.006730325559461617,0.006730062650984419,0.023415785825,-0.029124594175000004,0.052540380000000005,-0.33163120097377835,3.6152778162762385,1.2842880589093402,4.327536857437708,5.5578039104973005,-0.010528618443750002,0.004656379292476957,0.00465619739910817,0.01900522844375,-0.01698870155625,0.03599393,0.14244324340333184,3.166554449069618,1.2604712776199427,4.081705910361573,5.144873063702323,-0.013103346825000002,0.012000089043069616,0.01199962028043567,0.035638106825,-0.043358713175,0.07899682,-0.03709820590570114,2.8243560230816023,1.240289657732372,3.613340435921342,4.481588772539421
H_20HZ,-0.013819214065624998,0.006449780628504261,0.006449528679027477,0.023489314065624996,-0.020039545934375003,0.04352886,0.19293463591024512,2.755256703615654,1.2343895890413696,3.6420202521166156,4.495671882290575,-0.01623095961171875,0.007063835416597838,0.007063559480137388,0.02347533961171875,-0.029090370388281248,0.05256571,-0.23231553520072212,3.285552917865697,1.2715330585220586,4.118372680244696,5.2366470102452265,-0.010615573563281251,0.004878976022592462,0.004878785433869071,0.01920691356328125,-0.017715286436718748,0.0369222,0.053590423239916196,3.029858882275139,1.2579045111389273,3.9368227653433414,4.952147116079816,-0.014765215065625002,0.012275168999982433,0.012274689491827796,0.037299975065625005,-0.041696844934375,0.07899682,0.05731216164442134,2.856034343798369,1.2508949082689855,3.3969775742299464,4.24926195110817
H_20HZ,-0.013918839190624999,0.006045096038324969,0.006044859897148749,0.023578509190625,-0.020510590809375,0.0440891,0.3015199947041834,2.9596286416847875,1.2440908778204867,3.9005882008525217,4.852686198814847,-0.016253024765625,0.007127342312610884,0.007127063895363855,0.021803274765625,-0.035022345234375,0.05682562,-0.36217677667459297,3.5211164209158774,1.284922488132508,4.913993440855355,6.3141006786906875,-0.010651170710937501,0.004972109478373363,0.004971915251553298,0.0192425107109375,-0.018216089289062497,0.037458599999999995,0.006972924018068012,2.9365411322079944,1.2493342772405425,3.8702410916851138,4.835224857027069,-0.01314097246796875,0.0118364574378326,0.01183599506718308,0.03586943246796875,-0.03797347753203125,0.07384291,-0.016104169076245255,2.9195969598346863,1.2583170643797035,3.2083046094973398,4.037064437858564
H_20HZ,-0.01388291494140625,0.005648105560839562,0.0056478849274067605,0.02354258494140625,-0.02054651505859375,0.0440891,0.24563223158391012,3.100330990745082,1.254108940181172,4.168389626205767,5.227614696383107,-0.01626742421875,0.006614505993074951,0.006614247608887932,0.02181767421875,-0.03500794578125,0.05682562,-0.40907921951286746,3.9618592566346025,1.2989750647372889,5.292808472154547,6.875226227759024,-0.01061219987734375,0.004697724249078517,0.004697540740640819,0.01761668987734375,-0.01825506012265625,0.03587175,0.05153461606281942,3.032704717944197,1.2554309144951676,3.8860887282408054,4.878715925904717,-0.013232416678125,0.013805174698382872,0.013804635423213292,0.045137786678125,-0.039372033321875,0.08450982,-0.10067793848427325,3.0876133924680276,1.2668854834849956,3.2697557953774865,4.142406151704674
H_20HZ,-0.0136101845265625,0.005622719638903541,0.005622499997127684,0.0231938645265625,-0.0200310354734375,0.0432249,0.153154921331784,3.0472468664000854,1.2551326147616442,4.125187112211888,5.177656886531544,-0.016298284446875,0.006380985329732645,0.006380736067624707,0.022107794446875,-0.027726745553125,0.04983454,-0.22109267798949195,3.455996482217267,1.2727909208773047,4.345383551250156,5.530764731760779,-0.01040776454375,0.004674644438215342,0.004674461831350364,0.01607423454375,-0.01580133545625,0.03187557,0.07213710866163943,2.9139879176091155,1.2530119437272746,3.4387347942268804,4.308775768476833,-0.014637366081249999,0.012440145280116605,0.012439659327450153,0.04654273608125,-0.03796708391875,0.08450982,0.04958980874748248,3.674767081371719,1.2973797198894708,3.741479959868821,4.854120222306679
H_20HZ,-0.013660558050781249,0.006279887503710628,0.006279642190813653,0.02174827805078125,-0.01998066194921875,0.04172894,0.13876228034322655,2.8237728633791606,1.2436333703476137,3.4632989253107946,4.307074115005532,-0.016321901878125,0.006833840074855963,0.00683357312276403,0.022868961878125,-0.033147588121875,0.05601655,-0.2904484900443418,3.4814294372688983,1.2729820177061406,4.850696337974874,6.174849211595042,-0.01049961733984375,0.004989810682662928,0.004989615764376064,0.01670397733984375,-0.01707134266015625,0.03377532,-0.019792888603631625,2.814693729463491,1.2446214265181517,3.421374203208003,4.258315641449149,-0.014537304316406248,0.00979950647590785,0.009799123675209413,0.042601454316406245,-0.02814374568359375,0.0707452,0.4538890069081081,3.472847663335995,1.2811319501319363,4.347475930340866,5.569690316789248
H_20HZ,-0.013804665728906249,0.0066448316631451225,0.006644572094338479,0.024639945728906248,-0.01991701427109375,0.04455695999999999,0.19648070848750215,2.744278275617463,1.2330559543859385,3.708281794383834,4.5725189471059595,-0.016286092871093748,0.007261687396996648,0.007261403731792259,0.022833152871093748,-0.03318339712890625,0.05601655,-0.44038270910559585,3.602592977471626,1.285086524825747,4.569832274112643,5.8726298761759566,-0.0107654918921875,0.004997828967186732,0.004997633735679512,0.0169698518921875,-0.0175951681078125,0.03456502,-0.05895500643263414,2.8004529813957055,1.2440780220785426,3.5206998028278162,4.380025247034344,-0.012226492767187498,0.010527182807984273,0.01052677158187392,0.040290642767187496,-0.0309164572328125,0.0712071,0.12725277545035277,2.9220663442759722,1.2500028445487752,3.827445333435759,4.784317554149634
H_20HZ,-0.01388553594453125,0.0061575294504112935,0.006157288917219132,0.02472081594453125,-0.019836144055468748,0.04455695999999999,0.286780287070485,2.9659351194822294,1.2433842004628872,4.014886466574337,4.992046399190799,-0.01637234384921875,0.006837865363453962,0.006837598254121121,0.02206712384921875,-0.02997559615078125,0.05204272,-0.29023464400311183,3.5023374830785565,1.28384731185209,4.383936440359671,5.628305014286183,-0.010680538378125,0.004813377088298793,0.004813189062083823,0.016293368378125,-0.017680121621875,0.033973489999999995,-0.043923373881127645,2.799172354005675,1.242514297069307,3.673265561320079,4.564084976872511,-0.0076742012312499995,0.010085178420614955,0.010084784460638218,0.030617221231250002,-0.03546874876875,0.06608597000000001,-0.10674265539136314,2.8477605096802283,1.240603825089614,3.5170557097365425,4.363272766552422
H_20HZ,-0.014069624513281252,0.005722543210614503,0.005722319669404214,0.024615844513281252,-0.01735745548671875,0.041973300000000005,0.21500722758875435,2.94926167062623,1.2479723887776222,4.3017248136094,5.368433791504096,-0.01650156759140625,0.0065855102995623785,0.00658525304804176,0.02266122759140625,-0.02699600240859375,0.04965723,-0.1567483756183613,3.3756255712874923,1.2756939019678413,4.099463181087852,5.229660181455462,-0.0106186239890625,0.004777791798873186,0.004777605162735735,0.0162314539890625,-0.0166543360109375,0.03288579,-0.09920554585896525,2.8840138042703383,1.246803930427289,3.485917199863572,4.3462552659339915,-0.0072858562453125,0.010055897694136758,0.010055504877960739,0.0302288762453125,-0.0316389037546875,0.061867780000000004,0.027797012040028584,2.717662825915962,1.2373162934760835,3.1464261753810505,3.8931243730186105
H_20HZ,-0.0141158947171875,0.006012788250507543,0.006012553371378936,0.022132094717187502,-0.022256495282812497,0.04438859,0.05669876288205131,2.894604267513111,1.2482553553398297,3.7016711383816174,4.620630822191738,-0.01637295824140625,0.006596767870857462,0.0065965101795793755,0.02253261824140625,-0.02911823175859375,0.05165085,-0.30788994136503484,3.7711494722487915,1.294170384719228,4.414187345413976,5.712710535037153,-0.01063200104609375,0.004695847462034568,0.004695664026910296,0.01883147104609375,-0.01664095895390625,0.03547243,-0.07129502128986671,2.916291171238135,1.246487112504016,4.0103957476882535,4.998906615534315,-0.009660786103125,0.009898711986000727,0.009898325310011362,0.030099116103125,-0.029670743896875004,0.05976986000000001,0.13858566443631212,2.924212564662099,1.2624101422691096,3.0408291463892545,3.838773555309314
H_20HZ,-0.013989038096093752,0.006321247050294652,0.006321000121758833,0.022470118096093752,-0.022383351903906244,0.04485346999999999,0.0392108490969705,2.888072021287531,1.2454748730207719,3.554835890406752,4.4274587792140325,-0.01622035081171875,0.006637595779102588,0.006637336492953185,0.02138618081171875,-0.02927083918828125,0.05065702,-0.282966415158608,3.648410574249849,1.2961209734637438,4.410027910948601,5.715929668940981,-0.010579660605468751,0.004643335600053896,0.0046431542162142965,0.01877913060546875,-0.018794199394531252,0.03757333,0.04019853386787571,2.980467382094744,1.2502552342392517,4.047722414409645,5.060686135363199,-0.01154689433828125,0.009471078003760928,0.009470708032550264,0.03166934433828125,-0.028608605661718745,0.06027795,0.18860556308183932,3.0802021521076246,1.2609858432570682,3.3439257370658653,4.2166430153430134
H_20HZ,-0.0139518999625,0.006398272289996719,0.006398022352603707,0.0248214499625,-0.0201020500375,0.0449235,0.15729374859065,2.794697066516782,1.2329644190648634,3.879550366434526,4.783347563783823,-0.01624266332890625,0.006815486931746952,0.006815220696588674,0.02349598332890625,-0.02607631667109375,0.0495723,-0.16899493513045136,3.24285785607705,1.2754099128108962,3.826188150318613,4.879958295195947,-0.010630853978906252,0.0048580964561122705,0.004857906683012876,0.017981023978906253,-0.01874300602109375,0.036724030000000005,0.06570596217986809,3.0035733730428653,1.2532523783183789,3.858247439506049,4.835357779701752,-0.015289161110156251,0.009468865890027274,0.009468496005228992,0.02784092111015625,-0.043230588889843755,0.07107151,-0.3273968514072121,3.921497078713946,1.2898437116909363,4.565729220983944,5.889077124969697
H_20HZ,-0.01393165493671875,0.006314539910357835,0.006314293243824787,0.02480120493671875,-0.01813165506328125,0.04293286,0.24411218128144932,2.8994484878455182,1.240965113898751,3.927787953303195,4.874247824841041,-0.016395925194531247,0.0067105280198516744,0.0067102658847309725,0.024723535194531247,-0.025012664805468755,0.0497362,-0.21176791612403428,3.431779831855475,1.2751542042193469,3.7275221630761894,4.753165557567398,-0.010761005595312501,0.0048976490749301155,0.00489745775677637,0.0181111755953125,-0.018198634404687497,0.03630981,0.04425213768654729,2.9920188349658936,1.2517903911290027,3.7159349418597736,4.651571654280573,-0.013730896061718751,0.010319162731893637,0.010318759631726218,0.02793804606171875,-0.04478885393828125,0.0727269,-0.34907795263755614,3.557756001442752,1.2758327863018886,4.340526917651299,5.537786551365404
H_20HZ,-0.013865052402343751,0.006009942966618425,0.00600970819863589,0.023997052402343753,-0.018245937597656248,0.04224299,0.23220632993257254,2.957243242933277,1.2509819231437262,3.9930478501087143,4.995230678733921,-0.01639254778359375,0.006756494165969015,0.006756230235260658,0.02472015778359375,-0.029486042216406248,0.054206199999999996,-0.42889320621839305,3.842220790999708,1.2924387497031087,4.364274334897449,5.640557264756225,-0.01080563307421875,0.004789082980721338,0.004788895903513481,0.020813963074218747,-0.01963655692578125,0.04045052,0.05068387301108326,3.1348014648552267,1.2584568993303928,4.346296827823741,5.469627229512587,-0.011737715960937499,0.01240827918993455,0.012407794482061559,0.0358369759609375,-0.0441343040390625,0.07997128,-0.3798692185254638,3.2013676899751813,1.2860986820687157,3.556982193964384,4.5746301117994825
H_20HZ,-0.0137689950125,0.005824237730750935,0.005824010217020863,0.021069995012500002,-0.0207394049875,0.041809400000000004,0.16588727778535695,2.80712366596414,1.2429848315323957,3.617781258508483,4.4968472281282255,-0.016377095668749998,0.006675569771326881,0.006675309001789433,0.02123598566875,-0.02950149433125,0.05073748,-0.34363177894272573,3.8111813077980106,1.2951882879115764,4.419494936240646,5.7240780799034034,-0.010728893767187499,0.004722123452393367,0.0047219389908431724,0.0207372237671875,-0.019713296232812504,0.040450520000000004,0.1375014610682484,3.1087002486020823,1.2600320041104882,4.391675497587181,5.533651678627701,-0.0145804157203125,0.012680672010668833,0.012680176662243454,0.0386796757203125,-0.041291604279687505,0.07997128,-0.11058481113239824,3.003000354651324,1.2744323229114942,3.256390299564008,4.150049053779815
H_20HZ,-0.0136713974515625,0.005934982152452367,0.0059347503126838275,0.0213255274515625,-0.020837002548437504,0.042162530000000004,0.1732374549892628,2.8429442514737118,1.243960740461715,3.593331872106784,4.469963776350636,-0.01642630513046875,0.006496037724618964,0.0064957839681890695,0.02128519513046875,-0.02518790486953125,0.0464731,-0.2461103849268113,3.351907866975754,1.2717759739185737,3.877577362929647,4.931409727184466,-0.010636594902343753,0.004760679761338401,0.004760493793652972,0.018792854902343753,-0.01789839509765625,0.03669125,0.09954374821619812,2.937088797950959,1.2530578281541993,3.947669237044216,4.9466578404417705,-0.01453808365625,0.010575565018674023,0.010575151902596648,0.03625781365625,-0.03467959634375,0.07093741,0.03256742630146011,3.123508889132284,1.264988449599447,3.428585611838556,4.337121197438626
H_20HZ,-0.013628200023437502,0.006226647893473857,0.0062264046602897765,0.021887270023437502,-0.019844649976562496,0.04173192,0.15421309637066616,2.82565298650542,1.2436482707347465,3.515234106615048,4.371714817919606,-0.016292222940625,0.00681327176392125,0.006813005615294655,0.022088322940625002,-0.035024867059375006,0.05711319000000001,-0.3906498778559066,3.4713751475371133,1.2715867671679653,5.140883339468702,6.53707922602266,-0.01062152611328125,0.004998321093758477,0.004998125843027187,0.01877778611328125,-0.01816825388671875,0.03694604,-0.03144242289284343,2.9378359722376355,1.252908113835494,3.7569654512556676,4.707132497277855,-0.010033779199999999,0.01288820051668689,0.012887697061520906,0.0397354392,-0.0441962608,0.0839317,0.08548823117202456,3.1717820257014653,1.2703602529087876,3.4293373431284158,4.356493854526164
H_20HZ,-0.0135874331578125,0.00645296511654563,0.0064527130426723514,0.0270346831578125,-0.020050806842187498,0.047085489999999994,0.18172401318240428,2.776769423484846,1.2417489675588516,4.189661461625489,5.20250779439456,-0.016184497803125,0.007157200454674175,0.00715692087107069,0.021980597803125,-0.03513259219687501,0.05711319000000001,-0.41469264250417665,3.5322083297216476,1.281702979168396,4.908897671187902,6.291748769594336,-0.010585192114062498,0.005035002122248299,0.0050348054386363476,0.020775302114062498,-0.018204587885937505,0.03897989,-0.0994927589355579,2.869077960812078,1.245285655937043,4.126336631528186,5.138467818809627,-0.0093098615359375,0.01312159026627762,0.013121077694146473,0.0390115215359375,-0.0449201784640625,0.0839317,-0.018039610797180538,3.0883832131256654,1.2667724181286466,3.423512878374474,4.336811687432996
H_20HZ,-0.01366495937109375,0.006050548133752464,0.006050311779599607,0.02711220937109375,-0.01997328062890625,0.04708549,0.2870148558023638,2.9331487572323187,1.2461350660974484,4.481125991310147,5.584088233372264,-0.0163006635578125,0.006741760156212475,0.006741496801062617,0.0214650035578125,-0.027852506442187498,0.049317509999999995,-0.3691111430464354,3.570358307378051,1.284228997401989,4.131501840629412,5.305794466555982,-0.010601674540625,0.004765673601940155,0.004765487439179017,0.020791784540625,-0.017034845459375003,0.03782663,-0.08983972922343357,2.875389483759672,1.2429677721323649,4.362992202998429,5.423058698391836,-0.011135747230468751,0.011193890124562884,0.0111934528546893,0.03416220723046875,-0.03527328276953125,0.06943548999999999,-0.012341524495102618,2.802525469155185,1.2472123505876966,3.151242358139216,3.930268388766328
H_30HZ,-0.01171217526796875,0.04244783483450528,0.04244617668357067,0.17863985526796874,-0.15979576473203125,0.33843562,-0.1525975666876942,3.399745769435747,1.2823758360292576,4.208620639726865,5.397033411399728,-0.01473288416328125,0.0388369645080382,0.038835447409480695,0.16942766416328126,-0.11283495583671874,0.28226262,0.6503242965329297,4.186314341362511,1.3287595842927886,4.362706636976191,5.796988257339874,-0.00888142414140625,0.02958241873458386,0.029581263148781563,0.13243222414140626,-0.12785289585859375,0.26028512000000004,-0.0741847945187721,3.658989007862574,1.29350725177727,4.4768955090026665,5.790896806344042,-0.014337001638281248,0.03259398267444986,0.032592709447133425,0.12009571163828126,-0.11520360836171875,0.23529932,0.29173452523883,3.3028100175880457,1.270127558928017,3.6847415779618116,4.680091825697205
H_30HZ,-0.0120787130453125,0.03995142681660412,0.039949866183512386,0.1790063930453125,-0.16101309695468752,0.34001949,-0.19161996928414993,3.733682303268582,1.2972234708641608,4.480775785907133,5.812567517158538,-0.014875332587500002,0.04189227067993538,0.04189063423114943,0.20325603258750002,-0.11269250741249999,0.31594854,0.6970810007138103,4.243044754772573,1.3258878762186646,4.852063863868669,6.433292651742157,-0.00880288193515625,0.034076321503036966,0.03407499037072907,0.14474601193515624,-0.12793143806484375,0.27267745,0.022646664321315364,3.741004713629211,1.309254515368208,4.247866554336439,5.561538466946574,-0.0144336726046875,0.03268882667317853,0.03268754974094604,0.12019238260468751,-0.1049525773953125,0.22514496,0.19170972909388198,3.198301921582985,1.2628778955658557,3.6770080216238603,4.643612152327111
H_30HZ,-0.01215733150703125,0.036994872571220826,0.03699342743078506,0.16619799150703124,-0.16093447849296877,0.32713247,-0.26107965498863567,3.7662590739155326,1.299716406272611,4.492635666646156,5.839152283345498,-0.014875663990625,0.042096252094519664,0.042094607677554075,0.218193623990625,-0.11063002600937501,0.32882365,0.8089986395012949,4.504398103155027,1.321190404801393,5.183410323288782,6.848271983277625,-0.008860759821875,0.03471426073995805,0.034712904687661986,0.162820969821875,-0.121594700178125,0.28441567,0.07519601162933559,3.7968157494563157,1.3113345341373774,4.6905026037693265,6.150818046784005,-0.0185404217796875,0.03150028470183947,0.031499054197934556,0.1208810717796875,-0.1008458282203125,0.2217269,0.20408928790249312,3.104971977439304,1.2603474409739177,3.837609568214079,4.8367213987556354
H_30HZ,-0.012016635,0.0372628087856152,0.037261353178716636,0.146723055,-0.14982568500000001,0.29654874,-0.2777438578317752,3.7745704069381985,1.3008132335533138,4.020940524660794,5.230492645809566,-0.014954967027343748,0.039239197973336,0.03923766516222686,0.21827292702734374,-0.13433111297265624,0.35260404,0.7501168730964168,4.46011642745701,1.312439476383764,5.562841879732175,7.3008932838413685,-0.00915048578125,0.030874509084777565,0.03087330302571014,0.16311069578124998,-0.12043183421875,0.28354252999999996,-0.0148291039127826,3.8936436895224937,1.3044465576532975,5.283227895810741,6.8916884419881965,-0.0112418113671875,0.032413649901918105,0.0324123837189882,0.1212678813671875,-0.08280847863281249,0.20407635999999998,0.37348993024319144,3.013491735405474,1.249908324137965,3.741405828666188,4.676414289228169
H_30HZ,-0.011783184590625,0.0379080609400171,0.037906580127463944,0.146489604590625,-0.148360515409375,0.29485012,-0.15814515841498408,3.6904711641303987,1.2969895310355473,3.9138459578917635,5.076217233471411,-0.01459422499375,0.037046223892159495,0.037044776745773576,0.17466790499374998,-0.13469185500625,0.30935976,0.5540479341341533,3.906867921710111,1.2989425577947884,4.715048121154564,6.1245766666180215,-0.0091332001515625,0.0284489606248056,0.02844784931557551,0.10868010015156249,-0.11744378984843751,0.22612389,-0.1359204563920021,3.375069368396281,1.2759518844422109,4.128389058364976,5.2676257987313955,-0.005545304596875,0.03284520486069402,0.032843921819819266,0.115571374596875,-0.088504985403125,0.20407636,0.23560243444554504,2.8938627998986415,1.2548274492727998,3.5188055565013205,4.415493800951507
H_30HZ,-0.01171534955234375,0.038934012510270344,0.03893249162070121,0.17333713955234373,-0.16321065044765626,0.33654779,-0.06902213543466412,3.6292658282687635,1.290202938947498,4.452248811637239,5.744304501699871,-0.014876468592187502,0.039683779955755165,0.03968222977782314,0.2115207185921875,-0.1486868014078125,0.36020752,0.5521346692853412,4.131490738952974,1.307972291756003,5.330363736525668,6.97196807235657,-0.0090927859984375,0.032471840318479994,0.03247057186244254,0.1522162159984375,-0.1382354240015625,0.29045164,-0.19290178877730813,3.8091106704608895,1.2892776961177734,4.687820610098344,6.043902556001007,-0.010970042235156251,0.031222522329730724,0.031221302676130398,0.10408610223515626,-0.09564243776484374,0.19972854,0.10511032003925791,2.8461543205696875,1.2527951310646235,3.333816763345148,4.176589408980424
H_30HZ,-0.011973100692187502,0.03927646389080456,0.039274929623967086,0.17359489069218748,-0.17503232930781248,0.34862721999999996,-0.15468451916031128,3.750536856078075,1.2922061214670806,4.456591800001622,5.758835204842091,-0.01499268055703125,0.043826509235942286,0.04382479722948698,0.21163693055703126,-0.14857058944296875,0.36020752,0.6713798008998606,4.151467506471489,1.3080182707556496,4.829159378623068,6.316628699629971,-0.00906884530859375,0.03596652525225654,0.035965120282422526,0.15794069530859375,-0.13825936469140623,0.29620006,-0.12943486133618193,3.672368031686176,1.290458369335398,4.391496373940536,5.667043249657617,-0.0180417577765625,0.030482513463156696,0.030481322716717323,0.0968895777765625,-0.11124703222343749,0.20813661,0.03431623507068757,3.097784245957574,1.262353724264323,3.6496786329559323,4.6071854146798445
H_30HZ,-0.01215910111328125,0.03623611351247714,0.03623469801164601,0.15940686111328126,-0.17484632888671875,0.33425319,-0.2553661606132123,3.793019620521948,1.2965566710449832,4.825383913245869,6.2563837030720775,-0.014881258592968748,0.04167465161569307,0.04167302366781785,0.20694969859296874,-0.12453208140703124,0.33148178,0.8109891145068658,4.390031229236152,1.3156180268096798,4.966035108049681,6.533405309919916,-0.00907779310625,0.032175209941061676,0.03217395307237465,0.15794964310625,-0.13238578689375,0.29033543,0.005327848799667745,3.8060056440903334,1.2978969496680346,4.909239556325128,6.371687045344038,-0.01647723135234375,0.029064390349666496,0.029063254999743226,0.09938530135234375,-0.11281155864765624,0.21219686,0.0329924912123753,3.277114708798413,1.2676807723873804,3.8815872017312905,4.920613461979692
H_30HZ,-0.01210553910546875,0.034340409180169514,0.034339067731735236,0.12750752910546875,-0.12675054089453125,0.25425807,-0.23906170442161262,3.417228675697619,1.2816146144345621,3.713191345251046,4.758880294265673,-0.0150964717515625,0.03576263859863148,0.03576124159327542,0.19503036175156252,-0.1058512982484375,0.30088166000000005,0.8219537454196296,4.5017715404125855,1.3183393317358378,5.453679823807802,7.189800614419998,-0.009343876257031251,0.026411698637936087,0.026410666910806728,0.12286697625703125,-0.11127162374296876,0.2341386,0.009697400072596825,3.5348228468752017,1.2823109260186694,4.652172422300948,5.9655315268392455,-0.0048850101656249985,0.031720403976650206,0.031719164874168176,0.10636146016562499,-0.090853449834375,0.19721491,0.31419578097403045,3.035200399799794,1.2502699244225755,3.353223850235883,4.192434929806395
H_30HZ,-0.01224294399140625,0.03838609564051789,0.038384596154369524,0.16071102399140624,-0.13386645600859376,0.29457748,-0.12997602287220084,3.352643752976507,1.2802870049298773,4.1868624420348795,5.3603855759662284,-0.0148904127796875,0.03457551760701838,0.034574166974481804,0.1731909927796875,-0.1077619172203125,0.28095291,0.6740483025361078,4.26092871402368,1.3195970540855892,5.009260032425793,6.610204781937759,-0.00928011310390625,0.025693083886370687,0.025692080230678344,0.09381526310390625,-0.10617849689609375,0.19999376000000002,-0.17734607500596375,3.2064410809085317,1.2676343989617553,4.132732575282415,5.238793974137793,-0.0049056008015625,0.03417091202685762,0.034169577199535214,0.10638205080156249,-0.10036438919843749,0.20674643999999998,0.13215475618596384,3.0318132820492485,1.2543570618434003,3.1133557837235846,3.9052598133446725
H_30HZ,-0.01215348846484375,0.04058468499085539,0.04058309962063306,0.16062156846484377,-0.14960687153515623,0.31022844,-0.12144951852530118,3.458134084035486,1.2889621126151065,3.957843781434115,5.101510681917879,-0.0147392918546875,0.03877739561583722,0.038775880844235014,0.1908125918546875,-0.1099424181453125,0.30075501,0.684193017738972,4.31768815912922,1.32122638266391,4.920909279177766,6.5016351663453085,-0.0090431230171875,0.029865926523890186,0.02986475986334856,0.1285366530171875,-0.15094562698281253,0.27948228,-0.15642956099368463,3.501890881929943,1.2816702257987553,5.054305732692668,6.477953169676155,-0.0086607144,0.032303529844576434,0.032302267963295286,0.1095590444,-0.09660927559999999,0.20616832,0.09912760171183009,2.994368291203492,1.2562349262997428,3.391682730280448,4.260750304705969
H_30HZ,-0.011990129640624998,0.03844586012336491,0.03844435830262082,0.15705503964062498,-0.149770230359375,0.30682527,-0.2128122459265592,3.637208363301935,1.2934593087480757,4.085255849618857,5.2841122073070395,-0.0148912990953125,0.04135278034690299,0.04135116497236979,0.1909645990953125,-0.1104802809046875,0.30144488,0.7041385435237268,4.184937425718614,1.3173699287084115,4.618118962861435,6.083771048871732,-0.00904611372578125,0.03307447270129943,0.03307318070447472,0.13865376372578125,-0.15094263627421875,0.2895964,-0.042083620201251865,3.6065400919049013,1.2921510567263095,4.563898393171376,5.8972461315279,-0.01351931093984375,0.03142419968488293,0.03142297215310704,0.10042058093984375,-0.11032948906015624,0.21075007,0.19541232398815453,2.926630982889281,1.2536141908330745,3.5111092777150645,4.401576416109271
H_30HZ,-0.01214565746953125,0.03626552675159396,0.03626411010178574,0.15132804746953124,-0.13243351253046876,0.28376155999999997,-0.19611350605548739,3.511701106848877,1.2901779359921521,4.172942533121182,5.3838383843961495,-0.015138245650000002,0.04063140657193151,0.04062981937661178,0.18886925564999998,-0.12710460435,0.31597386,0.714698607551274,4.313915618372344,1.324998455940537,4.648537910033659,6.159305553175649,-0.00910750451875,0.03318618096675344,0.03318488460623938,0.14958023451875,-0.11968361548125,0.26926384999999997,0.08704469929605604,3.799751622457399,1.3084958317926572,4.507480929755173,5.898020008469533,-0.019458421372656253,0.03027480499257702,0.030273622359908253,0.10063809137265625,-0.10439037862734374,0.20502847,0.16047743630142228,2.899314176943585,1.2565527416839841,3.448228870212415,4.3328814408192775
H_30HZ,-0.012263678393750001,0.03600158088630041,0.03600017454707894,0.14487962839375002,-0.13231549160625,0.27719512,-0.17445796523965926,3.4904348607590054,1.2937431082836464,4.024414609553763,5.206558665986202,-0.0151745479875,0.03939913632677555,0.03939759726795246,0.18916780798750002,-0.1270683020125,0.31623611,0.7072259610856818,4.3882684596478185,1.3274181116008252,4.801506211176398,6.373606307679407,-0.0092641987390625,0.03275149988047992,0.032750220500027453,0.1514742687390625,-0.12394776126093748,0.27542203,0.003187358410477792,3.776608961372541,1.3097633829197834,4.625137370874664,6.057835569345514,-0.0135289846484375,0.029291865071084878,0.02929072083525675,0.09766928464843751,-0.0896058353515625,0.18727512000000002,0.17229808611046135,2.909445371409859,1.247466500657523,3.334478697119486,4.159650471812702
H_30HZ,-0.012331558140625,0.037916124989233364,0.03791464386167214,0.14494750814062501,-0.155831341859375,0.30077885000000004,-0.19544982729222096,3.4495864650014507,1.2866576004603298,4.1100568537030275,5.28823588914107,-0.015072607535937501,0.03745852453193554,0.037457061279741306,0.18906586753593752,-0.10864805246406249,0.29771392,0.6332096468305144,4.210581989583215,1.3200272381612683,5.047536060662453,6.662885085675666,-0.00928994652109375,0.030810741687990452,0.030809538119885616,0.15150001652109374,-0.12392201347890625,0.27542203,-0.12231596619924652,3.575805540032342,1.2915604548567883,4.917308916854876,6.351001741324424,-0.007527849240625,0.028666627912968007,0.028665508100943402,0.102549619240625,-0.08955757075937501,0.19210719,0.1633329238926989,3.0150479452871797,1.2475727981180789,3.5774568823097197,4.463137892809916
H_30HZ,-0.012141285374218751,0.03889756413051084,0.03889604466473435,0.14962209537421875,-0.15602161462578126,0.30564371,-0.20070304633168573,3.4955397400706296,1.2863951935039148,4.011246284053157,5.16004793976642,-0.014974041244531252,0.03736841097121332,0.037366951239148814,0.18640449124453126,-0.13590633875546876,0.32231083000000005,0.5731200650172913,4.109491112906481,1.316372359790771,4.988485414599144,6.566704316997718,-0.009111062825,0.03005007212592326,0.030048898272053558,0.134634632825,-0.124510647175,0.25914528,-0.10420960918630282,3.368622257751809,1.2736643164068857,4.4805181077209255,5.706676032819045,-0.0062692879140625,0.03019446936538438,0.030193289870887343,0.10129105791406251,-0.0908161320859375,0.19210719,0.149087080508408,2.8873429090391998,1.2434430877801859,3.3547539319896473,4.171445587935927
H_30HZ,-0.012050521557812499,0.0390832124516998,0.03908168573389412,0.1497384415578125,-0.1840066684421875,0.33374510999999996,-0.23375241794409957,3.904836212960112,1.3058035968313482,4.7082582285493695,6.148060529650558,-0.015144707474999998,0.0396745115476667,0.03967296173178894,0.191215027475,-0.13573567252500002,0.32695070000000004,0.606492646559581,4.138302168949159,1.3165198856075007,4.819782015966411,6.345338868313189,-0.00907937541640625,0.033776137067828636,0.03377481766170427,0.16815028541640625,-0.14505516458359374,0.31320545,-0.06775035299910935,3.7388965697680483,1.294080776211596,4.978569746863925,6.442671402445236,-0.01247696945,0.031253865081403834,0.031252644203453354,0.10136440945,-0.08990540055,0.19126980999999998,0.1976945574026921,2.8543707978254638,1.2439935509428668,3.24338666482497,4.034752094256356
H_30HZ,-0.012280112392968752,0.038062004033834244,0.03806051720776153,0.14996803239296874,-0.21015453760703126,0.36012257000000003,-0.2707511417803887,4.2526312115327025,1.3167614219495702,5.521589117138305,7.270615537304306,-0.01533007476875,0.04086862440241283,0.040867027940590606,0.19140039476875,-0.13288022523124998,0.32428062,0.7007722296633595,4.122318284655602,1.309451185519186,4.683491910568917,6.132804034663986,-0.009168585209375,0.0343972980370151,0.03439595436631645,0.168239495209375,-0.144965954790625,0.31320545,-0.009831459772660449,3.8777126095656125,1.3124020669680627,4.891258239780954,6.4192974239630916,-0.0124526859421875,0.031170880218414708,0.031169662582123753,0.1064836059421875,-0.1022296340578125,0.20871324000000002,0.04812994735638666,2.936389182786363,1.2566546386111126,3.4162578969737507,4.293056332923908
H_30HZ,-0.012441303385937501,0.0351273067990027,0.03512593461177981,0.1490802533859375,-0.20999334661406252,0.3590736,-0.30450649076741065,3.939830596925236,1.2950568133647598,5.978299195023818,7.7422371048486545,-0.015196590560937499,0.03868235850846083,0.03868084744931814,0.1879978505609375,-0.11682337943906249,0.30482123,0.7721451473927914,4.278286787282073,1.3147996308627037,4.860230914207944,6.390229811908105,-0.0093113353546875,0.0304437154495373,0.030442526218674933,0.16457976535468752,-0.11851873464531248,0.28309850000000003,-0.01206043410930187,3.817368489241322,1.3003300870902426,5.406245334979008,7.0299034672644725,-0.013080424571875,0.030749692560129067,0.030748491376802366,0.107111344571875,-0.105106375428125,0.21221772,0.014807282854142017,3.117106379127342,1.2756792966238686,3.4834666605036495,4.4437862992839925
H_30HZ,-0.01239121459453125,0.0367460983928224,0.03674466297031778,0.15985651459453123,-0.14860328540546877,0.3084598,-0.22041834918162523,3.3263413288379677,1.2720812469973084,4.350468929968491,5.534149941457364,-0.01507007558671875,0.03584090161399332,0.03583950155142852,0.17274782558671875,-0.11245157441328124,0.2851994,0.6832650945297015,4.203343297142871,1.3176783859193726,4.820039847340825,6.351262326111117,-0.00936426632421875,0.026886381824573837,0.026885331554770332,0.13465687632421874,-0.11846580367578124,0.25312268,-0.09558825482616612,3.359539049428544,1.274460481084007,5.008562979775722,6.383215584744514,-0.015889360814843753,0.030203542609848665,0.030202362760921093,0.09037893081484376,-0.11234449918515625,0.20272343,-0.0899300532831308,3.097202166724247,1.2695372818269335,3.7197255087114924,4.7223302114718955
H_30HZ,-0.0123018652296875,0.03961908713862967,0.03961753948781017,0.15976716522968748,-0.1760788347703125,0.335846,-0.1431999670933303,3.3981764797328573,1.2786090122758886,4.444466694467227,5.682735170305825,-0.014905756867968752,0.03660505913256789,0.03660362921951699,0.16411883686796874,-0.12614956313203127,0.2902684,0.5361525834901947,3.98269245012267,1.3221142930072567,4.4836766289956,5.927932956417676,-0.009334584478125,0.02724972142658962,0.027248656963555693,0.12111885447812501,-0.123886315521875,0.24500517,-0.15267031726028038,3.4882253776716583,1.2847805928400144,4.546510886300541,5.841268951854789,-0.012056325221874999,0.030129008485172262,0.030127831547790803,0.103151945221875,-0.11617753477812501,0.21932948000000002,-0.05182859448334188,3.0765585768348056,1.2669505213634098,3.856153224762836,4.885555338570469
H_30HZ,-0.0122593385359375,0.03967719925242422,0.039675649331555936,0.1596456685359375,-0.17612136146406251,0.33576703,-0.17132664983336746,3.619041999867085,1.2978909880941059,4.439029087899131,5.7613758490718805,-0.014851878934374998,0.03984002462272978,0.03983846834137124,0.201684468934375,-0.126203441065625,0.32788791,0.6388407256502816,4.244842369702783,1.3259394571917176,5.062555799238165,6.712642488444634,-0.00942842677109375,0.032038819506255735,0.03203756796542413,0.17804576677109377,-0.15537600322890624,0.33342177,-0.1181397247735963,3.974789212933433,1.3134260371049316,5.5574058231650385,7.299241506903527,-0.011707156642968751,0.030882754907069283,0.030881548525893133,0.10280277664296875,-0.09247513335703125,0.19527791,0.043634363353740026,2.762908379579522,1.2505508284906464,3.3289385264075118,4.163006832193345
H_30HZ,-0.012447720984375,0.037486373156748264,0.037484908816695875,0.14578186098437498,-0.155007419015625,0.30078928,-0.18412979631831475,3.6436439901014888,1.296229449827539,4.135195306826632,5.360161937497306,-0.0154046411171875,0.041259304291394225,0.04125769256834076,0.2250848811171875,-0.1242158088828125,0.34930068999999997,0.8151668764777165,4.7255784631856725,1.3340976458610192,5.455585785471366,7.27828415319019,-0.00959181726171875,0.035454041864897465,0.03545265691433677,0.17820915726171876,-0.15521261273828124,0.33342177,-0.08582264700252817,4.225692630482776,1.3296448778552843,5.026679881632578,6.683699157230964,-0.01732427749375,0.03274857689434678,0.03274729762807568,0.11844014749375,-0.10483486250625,0.22327501,0.08130536693463046,2.8674424871799693,1.2479285826307611,3.6167914934210055,4.513497482055869
H_30HZ,-0.012583778584375,0.035571443355152825,0.03557005381850685,0.145917918584375,-0.142578871415625,0.28849679,-0.23699402345294523,3.6078041225374977,1.2932215086204342,4.102268704143904,5.305142122339372,-0.01552235414140625,0.03904196623063008,0.039040441124036374,0.22520259414140625,-0.12409809585859376,0.34930069,0.8412443354906722,4.832545620772101,1.3342080740040554,5.768443891960887,7.696304415093593,-0.009572225859375,0.03284810830631221,0.0328468251520194,0.161958995859375,-0.140214504140625,0.3021735,-0.08183114190388423,4.319076786339345,1.3206435204057896,4.930735165721728,6.511743447447367,-0.015518698985937503,0.03182109858759565,0.03181985555165356,0.11663456898593749,-0.1066404410140625,0.22327501,0.1774474063539168,3.2361424630239504,1.2648482585466847,3.6654650677657283,4.636257107727187
H_5HZ,-0.01386544608828125,0.0011181831503892772,0.0011181394705068258,0.0044456660882812495,-0.005206553911718748,0.009652219999999998,-0.1179669584177942,3.7303680925880474,1.2861746750409206,4.656444074332464,5.989000444150778,-0.0165159541234375,0.0013884027095661519,0.001388348474026001,0.0048269041234375,-0.004519865876562501,0.00934677,0.0611608162353164,2.877232827608186,1.2496136760527563,3.4767237575737786,4.344561555321722,-0.0109513149140625,0.0009842771697545602,0.0009842387206766435,0.0042448249140625,-0.0040425550859375,0.00828738,0.04111819800053668,3.391750302147299,1.2764400778093612,4.3128001620829055,5.505030974465329,-0.0128382434640625,0.0024954724166889857,0.00249537493539374,0.007410173464062499,-0.0085283565359375,0.01593853,-0.21652627486665096,2.583350409982604,1.2185807321111146,3.417665383655794,4.164701185326091
H_5HZ,-0.0139707216890625,0.0011863562236940372,0.0011863098807488959,0.004595641689062501,-0.005394808310937499,0.00999045,-0.11440459186051292,3.563150976403823,1.277921759350665,4.5475540568977255,5.811418281132997,-0.01650327783203125,0.001469807429753791,0.0014697500142796483,0.005563697832031249,-0.005118112167968751,0.01068181,-0.04464372689698893,2.7977756883652476,1.2440862315474674,3.785472208182369,4.7094538541052735,-0.0106991442875,0.0010178811170181495,0.0010178413552604042,0.0045961042875000005,-0.003838785712499999,0.00843489,-0.03738079720199064,3.343272254459178,1.2764524231607646,4.515540917792768,5.763873146398161,-0.012550897778906252,0.0027007593524595954,0.0027006538519867935,0.011007257778906251,-0.008815702221093747,0.01982296,-0.13996064577981784,2.6709611805325597,1.2166655198218053,4.075775120461486,4.958855055613055
H_5HZ,-0.014132174247656252,0.0011803058447389639,0.0011802597381413667,0.004757094247656253,-0.005233355752343747,0.00999045,-0.09298485258770206,3.024007707935708,1.2464481642003196,4.434071232985596,5.526839948288344,-0.01649900560625,0.001376016575621544,0.0013759628239242007,0.005559425606249998,-0.005122384393750002,0.01068181,-0.0548923535478084,3.009874043487639,1.2550662192416695,4.040389398308523,5.070956246399202,-0.0105162765875,0.000966553537515424,0.0009665157807804142,0.0044132365875,-0.0037370634125,0.0081503,-0.05622453120042368,3.359865241137411,1.280132334986831,4.5661298814350735,5.845250506974622,-0.011689876600781251,0.002167431911436769,0.0021673472444740448,0.01014623660078125,-0.006882973399218747,0.017029209999999996,0.01444980569487008,3.045739267418013,1.244736284742393,4.681407940813592,5.827118327611847
H_5HZ,-0.014178320362500002,0.0011378606639381992,0.0011378162153878615,0.004663180362500002,-0.004318539637499999,0.00898172,-0.02173933822585445,2.9638710341262846,1.2496297237065248,4.098359910357233,5.121432362429607,-0.016516507867968752,0.0013682365435038115,0.0013681830957199084,0.0050509578679687524,-0.004823272132031247,0.00987423,-0.05714143311403353,3.068627144482954,1.2624842001024208,3.6917265560213983,4.66074644807554,-0.010570098646875,0.000973770127263541,0.000973732088624988,0.0037205686468749994,-0.003683241353125,0.007403809999999999,-0.012062056745181354,3.3471349965088617,1.275368731468386,3.820936672764716,4.873103157364971,-0.012224991475781249,0.0022525653012924686,0.0022524773087417484,0.008213911475781249,-0.00731486852421875,0.015528779999999999,0.11361991673467933,2.7738583092001763,1.2293928373314398,3.6466123072154737,4.48311905101538
H_5HZ,-0.014090373927343748,0.0011989007655719911,0.0011988539325961116,0.004579703927343748,-0.004533136072656251,0.009112839999999999,0.03327008557077559,3.0039604622689136,1.2493050084115764,3.8200683192709093,4.77243048373954,-0.01654251651640625,0.0014316453370594076,0.0014315894123211274,0.0050769665164062516,-0.00489709348359375,0.009974060000000002,-0.04882713525987155,2.8054612627238424,1.2391355507362674,3.5463845099096125,4.394451122809415,-0.01070249946484375,0.0010045233969169156,0.001004484156955303,0.003852969464843749,-0.004154290535156251,0.008007259999999999,-0.05998990896382907,3.367640416269943,1.2771663285267607,4.135745204531987,5.282034518594275,-0.01122818287265625,0.0022948947066364273,0.002294805060561015,0.007221572872656251,-0.008311677127343748,0.015533249999999998,-0.14765994565433802,2.8690066767714897,1.2443909844732761,3.621953459224017,4.5071262308401625
H_5HZ,-0.01398622385859375,0.0012107495034432577,0.0012107022076170146,0.00447555385859375,-0.004637286141406249,0.009112839999999999,0.023799562339870323,2.990500233395467,1.2474236442357867,3.830245053020649,4.777938242355111,-0.016553303883593752,0.001424791608162832,0.0014247359511535662,0.0048448838835937515,-0.0051202361164062495,0.009965120000000001,0.006851092955305402,2.927007354695572,1.246776049398348,3.5938140763981896,4.480681316443907,-0.010867265643750002,0.0010432857926104397,0.001043245038463171,0.004014755643750002,-0.004627244356249997,0.008642,-0.04366000350539885,3.309279099707975,1.2716905936603198,4.4354338488553955,5.640499504391995,-0.0106977322796875,0.002033333426280724,0.002033253997642389,0.0066911222796875005,-0.0077663477203125005,0.01445747,-0.1409525994703179,3.2359179208664695,1.261789115482969,3.819664306239055,4.819610846411246
H_5HZ,-0.0139362214375,0.0012219708732489104,0.0012219231390793478,0.0040828514375,-0.0046768585625000005,0.00875971,-0.024520795246866182,2.9453271682751154,1.2495504425348065,3.8274572376326037,4.782600885066867,-0.016586208205468748,0.0014734829764766289,0.001473425417423638,0.004877788205468747,-0.005087331794531254,0.009965120000000001,0.02374539308521923,2.8962959165575524,1.2508981688255272,3.452724334989905,4.3190065480982085,-0.010925166810937501,0.0010309688932027034,0.0010309286201937151,0.003910246810937501,-0.004569343189062498,0.008479589999999999,0.03403268766349736,3.2824503828106635,1.2703135345227008,4.432259517835389,5.630359254023354,-0.012106673485937499,0.0025040372133962414,0.00250393939753209,0.0080702634859375,-0.008418076514062503,0.016488340000000004,-0.1972393940014294,2.850393218477129,1.2389336559297985,3.361933009384912,4.165211954308319
H_5HZ,-0.01389189219140625,0.0011983396711281414,0.0011982928600704416,0.00434248219140625,-0.00478823780859375,0.00913072,-0.08255432638444775,3.153167585477978,1.2675116670682844,3.9958827830387587,5.064828047738913,-0.01661451028984375,0.0014463354477174414,0.0014462789491355055,0.004694510289843749,-0.004860859710156252,0.00955537,0.0403435830249442,2.775966854675793,1.2444709386109944,3.3609420320068737,4.182594685188737,-0.010894492600000001,0.0009825239060740328,0.0009824855254843162,0.0036858726000000017,-0.0038132973999999986,0.00749917,0.03287348941688519,3.2151457292762267,1.2706883518552448,3.881275907978628,4.931892086604832,-0.012600860389062498,0.0022407031604162538,0.0022406156312394622,0.007360530389062498,-0.007923889610937504,0.015284420000000002,-0.11671990085977732,3.0903663338516822,1.253969753112724,3.536478769700527,4.434637409729761
H_5HZ,-0.01395001522890625,0.0010822838856892282,0.001082241608149194,0.00440060522890625,-0.00473011477109375,0.00913072,0.07118738718261336,3.3081570508563427,1.2718568033406399,4.37066430959257,5.558859137273432,-0.01658726144921875,0.0013831898798635307,0.001383135847953517,0.005068071449218751,-0.004520078550781247,0.009588149999999998,0.00879991036604114,2.8747772074857774,1.2498698115696174,3.664189209409511,4.579759476720091,-0.010787671473437501,0.0009872963301386327,0.00098725776312246,0.0035790514734375016,-0.004013988526562498,0.00759304,0.016289330412131982,3.186659378693258,1.268892941587001,4.065795860512875,5.159059669338434,-0.0127489039953125,0.002148670711260495,0.0021485867771714666,0.0075085739953125,-0.0066955960046875,0.01420417,0.12331676217302395,2.886632461086643,1.238402538353578,3.4946570811523165,4.3277921999743345
H_5HZ,-0.01408940542734375,0.0010925442765666697,0.0010925015982222886,0.0040825654273437505,-0.00523738457265625,0.00931995,0.0842887038885701,3.210541502217544,1.2633502908888825,4.793937675861058,6.056422557302242,-0.016527023659375,0.0014215403012380245,0.001421484771235416,0.005377353659375,-0.005131616340624999,0.01050897,0.004895072352483698,3.083912787453462,1.260085289613143,3.782913308808457,4.766793412311318,-0.01069398714140625,0.000999361563819518,0.0009993225254959492,0.00415139714140625,-0.00410767285859375,0.00825907,0.0519541750254958,3.3194268502226714,1.2803366561809721,4.154211513791277,5.318789278636019,-0.013145195104687502,0.002026257491672918,0.002026178339443678,0.006408905104687502,-0.006299304895312498,0.012708210000000001,0.12859507145055,2.8574155163481585,1.2434124484413827,3.1630508430206477,3.932976793264883
H_5HZ,-0.014100083256249998,0.0012263117106961832,0.001226263806959346,0.0048754932562499985,-0.005226706743750002,0.0101022,0.075644463730158,3.12525920373687,1.2596097261606451,4.26230205449037,5.36883712367057,-0.01654028570703125,0.0014954696393275108,0.0014954112214037273,0.005845065707031251,-0.005832064292968748,0.011677129999999999,0.01174745152726552,3.129072542369213,1.260918824113495,3.908667812151729,4.928512821548625,-0.0107964897125,0.0010004904674670754,0.0010004513850448466,0.004253899712499999,-0.004350850287500001,0.008604750000000001,0.07764260105523124,3.382329668507568,1.2811477822176436,4.348887264826935,5.571567274447581,-0.012690685388281251,0.0022038824671819683,0.0022037963763415994,0.006504205388281251,-0.007311074611718749,0.01381528,-0.09382573064420356,2.926684147893598,1.2569209289456655,3.3174909851950387,4.16982385088022
H_5HZ,-0.014052334692968748,0.0011705456861877046,0.0011704999608537477,0.0048277446929687485,-0.0042955253070312525,0.009123270000000001,0.017987759090056014,3.176220729726009,1.2675041226508743,4.124515040092315,5.227839817252546,-0.016562190453125,0.0014178950612514295,0.001417839673643789,0.005866970453125,-0.005810159546874999,0.011677129999999999,0.006707489402220062,3.258643197971957,1.2673885352021572,4.137964652975982,5.244408960253532,-0.010860479392187499,0.0009618028155678576,0.0009617652444115485,0.004118229392187499,-0.004286860607812502,0.00840509,0.013282221410949617,3.401520942959286,1.2824901129154391,4.457283763082328,5.716422356611608,-0.012026846270312499,0.0023440735672259185,0.002343982000063743,0.006713506270312499,-0.007974913729687502,0.01468842,-0.31785225268403794,3.0377005121234117,1.2609316002629034,3.402293076256827,4.290058853207917
H_5HZ,-0.014038984875,0.00104458510858432,0.0010445443036815295,0.004102174875,-0.004638165125,0.00874034,-0.003526166695133992,3.317238847142396,1.2725000512094402,4.440371852732947,5.650373409991633,-0.01652648853984375,0.0013191606284768656,0.0013191090977583367,0.004970048539843749,-0.00472836146015625,0.00969841,0.008905920810996672,3.104150909938333,1.262637385685664,3.767731227303135,4.757278306808269,-0.01075499426015625,0.0009694394850422005,0.0009694016155726635,0.004012744260156249,-0.003760585739843751,0.00777333,0.07029326409305588,3.2697801423613773,1.2761789868466404,4.139403314059637,5.282619527486252,-0.011577234579687498,0.0022811663227115726,0.0022810772129116317,0.007178754579687498,-0.007542445420312502,0.0147212,-0.14457325198332927,2.8457657826263527,1.2476785714368395,3.306527888499272,4.1254839923388404
H_5HZ,-0.01401629555078125,0.0011316164526845652,0.0011315722480534935,0.00455032555078125,-0.00466085444921875,0.00921118,0.037073318368331304,3.221744441166329,1.266770200056691,4.118919014880625,5.217723864497638,-0.01654657304140625,0.0013095936889337804,0.0013095425319311267,0.004523763041406248,-0.005071836958593753,0.009595600000000001,0.010083168117600913,3.0509082099996694,1.2607705436054026,3.872983759538173,4.882943839887838,-0.0107032192046875,0.0009955747137199943,0.0009955358233231467,0.0040175892046875,-0.0036991207953125,0.00771671,0.0684300781193385,3.1864717166015226,1.2676995484841402,4.035604857770555,5.115934456056135,-0.011911365217187503,0.0026579675019829797,0.0026578636730994858,0.007931575217187502,-0.008225984782812496,0.016157559999999998,-0.03162892776303369,2.471436620637497,1.215979056471699,3.094961139680918,3.7634079264457774
H_5HZ,-0.0140235989953125,0.0011656661185025718,0.0011656205837804504,0.0045576289953125,-0.0041454610046875,0.00870309,0.0446894790623447,3.068317018388817,1.2591377244916047,3.910045051307149,4.923285228562543,-0.01658863434453125,0.0012599430772693865,0.001259893859781633,0.004494304344531248,-0.005029775655468752,0.00952408,0.031945243200013816,3.0220156540045684,1.2583758832171565,3.9922217386951324,5.02371555642922,-0.0108087079453125,0.0009980366234568735,0.0009979976368897985,0.004562627945312499,-0.0039616620546875005,0.00852429,0.0511078263523002,3.429233164047559,1.2817953116198724,4.571782313565053,5.860089135274339,-0.011455642547656249,0.0026748140804483695,0.0026747095934825512,0.008375812547656248,-0.00868170745234375,0.01705752,-0.13688536494765713,2.633020315243597,1.2315300043897834,3.2458504928902987,3.9973622717577704
H_5HZ,-0.014039954073437501,0.0011270599962890121,0.0011270159696479948,0.004512894073437501,-0.004249795926562499,0.00876269,0.04543380456092766,3.192696595887029,1.2695415025991046,4.0042858264439944,5.083607044940006,-0.01659296209609375,0.0013115169590113376,0.001311465726879479,0.00644457209609375,-0.005658697903906249,0.01210327,0.09387329802609085,3.3983516697529974,1.2754731931524588,4.9140225047497506,6.267703975356207,-0.01096960012421875,0.000981367811861956,0.0009813294764330516,0.004723520124218749,-0.0038156698757812503,0.008539189999999999,0.003659468066015723,3.428622443085516,1.2815917672309256,4.813388609692901,6.168799214665533,-0.011069841853124998,0.002349365096785816,0.002349273322919229,0.007990011853124998,-0.0069233981468750025,0.01491341,-0.04519742947930414,2.7992815816785033,1.2435852402092207,3.401056733235507,4.229503954565866
H_5HZ,-0.014064812046093752,0.0010911457543184996,0.0010911031306049608,0.004443882046093752,-0.004470787953906248,0.00891467,0.027698001908180486,3.1362447706025836,1.2646578317725312,4.097493471059353,5.1819272088120245,-0.016500276296875,0.0012963707491920602,0.0012963201087205789,0.006351886296875001,-0.005751383703124998,0.01210327,0.03629703953769227,3.517776323475927,1.2844468092953412,4.899936562076541,6.293707882908796,-0.01096884348359375,0.0009664043232050992,0.0009663665722988873,0.003554603483593751,-0.003816426516406249,0.00737103,0.006646938785864691,3.2950354501998107,1.2755103067296036,3.9492534466784797,5.037313475125812,-0.011654454178906249,0.002257432497780346,0.00225734431510105,0.007741714178906249,-0.007201495821093751,0.01494321,-0.0400167096054205,2.7268843128745637,1.239059952320709,3.429567269430801,4.249439457341593
H_5HZ,-0.01408737355625,0.001171546717487245,0.001171500953049739,0.003998583556249999,-0.0046195764437500005,0.00861816,-0.05898827404370083,3.2172705039620713,1.2651768269609234,3.9432972134798296,4.988968256314262,-0.01643095020546875,0.0012648710720790611,0.00126482166208775,0.0058519502054687495,-0.003952249794531251,0.0098042,0.04844353646896513,3.0054629747919535,1.254710100291517,4.626699858863389,5.8051670439332295,-0.01092097001640625,0.0009507107726936304,0.000950673634828709,0.0036661600164062495,-0.00368549998359375,0.0073516599999999994,0.061212791248493055,3.351324112253356,1.2805949579992628,3.8767247229463746,4.964514133756216,-0.012389544747656252,0.002209689882573414,0.0022096035648764504,0.007180504747656252,-0.006466405252343748,0.01364691,0.06092163364017825,2.8051586934599118,1.240785266497095,3.249680106330634,4.032155196763765
H_5HZ,-0.01400928766171875,0.0011979915459177592,0.0011979447484589659,0.00444944766171875,-0.00469766233828125,0.00914711,-0.05413595571334753,3.3186446078387983,1.2728386690882758,3.9214348944926845,4.9913539720223925,-0.016478159109375,0.0012907181025246129,0.0012906676828639547,0.005899159109375001,-0.004955490890624997,0.010854649999999999,0.03730210991831429,3.0280166851334176,1.2482588883846866,4.570625876588879,5.705324375933119,-0.01095037912421875,0.0009573152837252704,0.0009572778878665978,0.003695569124218749,-0.004037530875781251,0.0077331,0.04000919620956234,3.395038838255999,1.2854861334096004,4.217720817493597,5.421821625481023,-0.0133072628703125,0.0022475135318430154,0.0022474257366308942,0.0080982228703125,-0.0078805371296875,0.01597876,0.2542968295087518,3.2276085550300406,1.2673259019343825,3.603332799086171,4.566596989571625
H_5HZ,-0.013948126770312501,0.001136164544271219,0.00113612016197685,0.004388286770312501,-0.0043058632296875,0.008694150000000001,-0.07096882601889407,3.10198619737095,1.2596074024873811,3.862519931586179,4.8652586980810035,-0.01649970253046875,0.0013607619033201603,0.0013607087475200922,0.005504992530468751,-0.005370517469531249,0.01087551,-0.006954547220171521,3.271953694111752,1.265886749198518,4.0456802680968025,5.121373042877649,-0.01082989749140625,0.0009806569013945448,0.000980618593736123,0.003554227491406251,-0.00415801250859375,0.00771224,-0.02279497595631316,3.230827180425982,1.2711784406749427,4.240193419902294,5.390042459671551,-0.013496802394531248,0.0019476727429726234,0.0019475966605200863,0.007206022394531248,-0.007690997605468751,0.01489702,0.07092209410216946,3.33095578264294,1.2726601034650473,3.9489683677188823,5.025694491441311
H_5HZ,-0.0139894630953125,0.0010725007412009035,0.0010724588458224152,0.0034432430953124996,-0.004264526904687501,0.007707770000000001,-0.09178663356074132,2.981477608783698,1.2522122663753736,3.9764014454253935,4.9792986659944445,-0.01643148893359375,0.0013466119601542482,0.0013465593570971312,0.005436778933593749,-0.005438731066406251,0.01087551,-0.006299759773554916,3.1915510973070287,1.2642581831288742,4.038983530685859,5.106317980192349,-0.0106978905921875,0.0009623722941360288,0.0009623347007340288,0.0037619405921875005,-0.0041559194078125,0.00791786,-0.03994013635974123,3.3019922307692604,1.2769179585047954,4.318580016539504,5.514472378359228,-0.013225633802343748,0.0018251002277416323,0.0018250289333714908,0.006022973802343748,-0.007239516197656254,0.013262490000000002,-0.007845541203580754,3.3172172053748734,1.2750563687337686,3.9667953013118757,5.057887612400895
H_5HZ,-0.0140450922453125,0.0010612956236088406,0.0010612541659388076,0.0042185422453125,-0.004325117754687502,0.008543660000000002,-0.0013736951567085542,3.1329778062928915,1.256864403928556,4.075477763483183,5.1223229299243735,-0.016460829478125,0.001356159403768879,0.0013561064277574613,0.004829889478125002,-0.004861070521875,0.009690960000000002,-0.06481274015088018,2.866243549056759,1.2451020502345105,3.5845789256478615,4.463166569551571,-0.010823906178125,0.0009877857200433497,0.0009877471339100104,0.0038879561781250006,-0.004435183821874999,0.00832314,-0.06187954340483703,3.258231028533175,1.2769706437524277,4.4902016615510325,5.7338557063290425,-0.0128846951453125,0.002531191139949278,0.002531092263364153,0.009971745145312499,-0.007580454854687502,0.0175522,0.3654982354895459,3.166675017530946,1.2644729193047364,3.939700377440506,4.9816444374481685
H_5HZ,-0.01409892373359375,0.0012660929558875524,0.001266043498165473,0.00429621373359375,-0.004718286266406252,0.009014500000000002,-0.08172591687272451,2.977160991939809,1.2523597712205135,3.7267963330194895,4.667289803005737,-0.01652727009140625,0.001338126343308943,0.0013380740717277083,0.0048963300914062514,-0.0047946299085937505,0.009690960000000002,-0.05620620748988481,3.006363994129346,1.259696037435691,3.659236954710704,4.6095262918873185,-0.010961848049999999,0.0009809530417352833,0.0009809147225086534,0.0037323680499999987,-0.004297241950000001,0.00802961,-0.044988799102968435,3.2446829758716125,1.2776523092854688,4.380851720738743,5.597205317639075,-0.011300445428125002,0.0029928093831493472,0.002992692474249396,0.008387495428125002,-0.008106804571875,0.016494300000000003,-0.18292158903730724,2.3226628625444503,1.2008816689478319,2.802658642775746,3.3656613884276037
H_5HZ,-0.014065521076562499,0.0012787617766379683,0.0012787118240304126,0.004262811076562499,-0.004751688923437502,0.009014500000000002,-0.11528149687598231,2.984488261657002,1.2533795069826834,3.715996703980184,4.65755411678396,-0.0164729862484375,0.0012070072070835603,0.001206960057443624,0.004332466248437502,-0.004337843751562497,0.008670309999999999,-0.02421517082692703,3.186219585232143,1.2710693569851867,3.594024280099355,4.568254130695036,-0.01089440890390625,0.0009624464144034576,0.0009624088181060779,0.00366492890390625,-0.00420376109609375,0.00786869,-0.008597964700915277,3.3914262252901026,1.2877937733498337,4.367957791956147,5.625028846736015,-0.0111790041421875,0.00288895725307821,0.002888844400981326,0.007783294142187501,-0.008865965857812498,0.01664926,-0.23784050134438744,2.3750174100350034,1.202384762658472,3.0690354436537923,3.6901614535081038
MISAL_10HZ,-0.014013208689843747,0.008230302235656543,0.008229980733195995,0.022901058689843747,-0.030335151310156256,0.053236210000000006,-0.2569422883330412,3.077320485184427,1.2625866682285236,3.6859322389174096,4.653808904850835,-0.01644592284296875,0.01777112868858039,0.017770434490307168,0.05182597284296875,-0.05630481715703124,0.10813078999999999,0.08827555584536455,2.949695776415166,1.2612867662312774,3.168454726739661,3.996330016239673,-0.0109409081953125,0.0005378491685985162,0.0005378281584550055,0.0025834981953125006,-0.0020667918046875008,0.004650290000000001,0.06751409040246094,3.4823922967131598,1.2805098121928056,4.803575556054928,6.151025633137847,-0.01184312333359375,0.010748495304447618,0.010748075433149018,0.029739513333593752,-0.03259314666640625,0.062332660000000005,-0.09237632811615733,2.60178725220916,1.2255857756539896,3.0324635204813566,3.716544155891572
MISAL_10HZ,-0.01416939863828125,0.00812332890819383,0.008123011584460504,0.02801149863828125,-0.030178961361718753,0.05819046,-0.12836423301715344,3.0300815523817217,1.2578905938994611,3.7152429302762235,4.673369136045933,-0.01657771846484375,0.01694941627348129,0.016948754173976222,0.05195776846484375,-0.05617302153515624,0.10813078999999999,0.06459772663186304,3.0578516847875483,1.27176328921811,3.3142861686793763,4.214987479289772,-0.010900045178125001,0.0005474429155233869,0.0005474215306168172,0.002116495178125002,-0.002602334821874998,0.00471883,-0.051183770169479954,3.353808081865094,1.2694374872022849,4.75380429217457,6.034657375309522,-0.012397662221093751,0.010724620122354686,0.0107242011836986,0.030654632221093752,-0.03203860777890625,0.06269324,-0.10276771471714465,2.900153363278981,1.2497667151445038,2.987505291080026,3.7336846741099086
MISAL_10HZ,-0.014009879354687503,0.008428167050046564,0.008427837818340738,0.0278519793546875,-0.026531530645312495,0.054383509999999996,-0.033961773194258506,2.9179990055910907,1.250735982127044,3.3047597681668446,4.1333819543321,-0.01673269988359375,0.01572366658186048,0.015723052364137954,0.04442285988359375,-0.050408190116406244,0.09483105,0.007984928185852603,2.8658716736334093,1.259542400354516,3.206005357546233,4.03809968359322,-0.010727756361718752,0.0005732367184317695,0.0005732143259350938,0.002614706361718752,-0.0027746236382812477,0.0053893299999999995,-0.04437543600763504,3.42259469096383,1.2731299199467108,4.840464574493946,6.1625402762303665,-0.012201610698437499,0.01070852122759529,0.010708102917814565,0.0320871506984375,-0.032169099301562504,0.06425625,-0.05104052139031625,2.9040441479085946,1.2598279205357366,3.004182864925989,3.784753451628801
MISAL_10HZ,-0.013845722329687503,0.008052303403847666,0.008051988854602293,0.026670152329687502,-0.026695687670312496,0.05336584,-0.05468286292012431,3.120730143558619,1.2648938618787515,3.31541537778632,4.193648560940337,-0.016650211504687498,0.016436766544155983,0.016436124470422104,0.054739081504687495,-0.051211838495312495,0.10595091999999999,0.03373894542304846,2.742788508880976,1.238288442559543,3.3304129329997534,4.124011843884424,-0.0107601902859375,0.0006013804594409973,0.0006013569675579655,0.0026471402859375003,-0.002463559714062499,0.005110699999999999,-0.06275673638044629,3.2660257447961363,1.2684022025036978,4.401944982340858,5.583436710901245,-0.011649332071093749,0.010475089384465055,0.010474680193293803,0.03153487207109375,-0.03313559792890625,0.06467047000000001,-0.0734251488566243,2.9901074761874806,1.2747501775237198,3.1633994849905425,4.0325440550701375
MISAL_10HZ,-0.014054406025781252,0.008047192007916842,0.008046877658339273,0.026878836025781252,-0.02843741397421875,0.05531625,-0.1942852465600107,3.3086195913390912,1.2658281531285827,3.533968724471413,4.473397103711822,-0.016376540178125,0.017046149628196866,0.017045483749971325,0.05446541017812499,-0.054063209821875,0.10852861999999999,0.05143583680996047,2.750881116906694,1.2381137438698426,3.1952985891771255,3.956143099028117,-0.01095673932890625,0.0005760899919977791,0.0005760674880429278,0.002273019328906249,-0.00226701067109375,0.004540029999999999,0.03894976780164251,3.2075490161726576,1.2618604319884383,3.9457518018042816,4.97898807314391,-0.010984348796093753,0.010155510844708027,0.010155114137317312,0.028554428796093753,-0.03380058120390625,0.06235501,-0.02418479885087175,3.0129250127425102,1.2643989647559988,3.3284294737464553,4.2084627808683726
MISAL_10HZ,-0.013991615563281247,0.00820459712498974,0.00820427662665469,0.025197905563281248,-0.029061934436718756,0.054259840000000004,-0.1744727615175888,3.330046088161406,1.2686771603807145,3.542290900126416,4.494023560414827,-0.016233025124218748,0.017275863107725758,0.01727518825614216,0.05278719512421874,-0.05420672487578125,0.10699391999999999,0.05109248298245427,2.752455551283459,1.2451308735176674,3.1378369990560393,3.907017723590702,-0.010883715127343749,0.0005694086296898546,0.0005693863867308161,0.002480115127343748,-0.0023042748726562513,0.0047843899999999995,0.1419718544714501,3.392489075839925,1.273076383010157,4.355768218456285,5.545225648782923,-0.012144944834375,0.01083776371330473,0.010837340354890798,0.029715024834375,-0.038270695165625,0.06798572,-0.0635484349033403,2.803578360554252,1.2410716166093412,3.531373373205333,4.382687261135125
MISAL_10HZ,-0.01399660054453125,0.008010154929033916,0.0080098420262455,0.024061550544531247,-0.02905694945546875,0.0531185,-0.05989139008896513,3.190285720888546,1.275374890083864,3.6276557465501957,4.626621049018554,-0.016475911537500002,0.017344600575146547,0.017343923038453182,0.053030081537499996,-0.047756498462500005,0.10078658,0.04935022480437192,2.6829498269483327,1.240048861212608,3.0575597815976865,3.7915235252596817,-0.010632985028125002,0.0005929138211109956,0.0005928906599624835,0.0025139750281250022,-0.002663774971874998,0.00517775,0.043616539590417565,3.199933232352645,1.2637909175961357,4.492860407083414,5.678036176499296,-0.013184559740625,0.011073406102940712,0.011072973539566147,0.029508999740625,-0.03723108025937499,0.06674008,-0.09550705123191111,2.7318560839521626,1.2412010698562472,3.3623380500585713,4.173337584951066
MISAL_10HZ,-0.014205406001562499,0.008491414425988037,0.008491082723633333,0.0242688660015625,-0.029350273998437502,0.05361914,-0.1711615586378527,3.076918072609388,1.2614839998084653,3.4565997003829128,4.360445215775779,-0.016649818982812502,0.01725898049037716,0.01725830629828368,0.0518749089828125,-0.051647311017187496,0.10352222,0.027611441400559135,2.8971075954985306,1.2654525471327065,3.005793737011807,3.8036893406571273,-0.0105935370453125,0.0005858589124142665,0.000585836026853508,0.002474527045312501,-0.002703222954687499,0.00517775,-0.0394070748652295,3.2294934517987723,1.2623751230677167,4.614299617601799,5.824977047641389,-0.012131743434375002,0.010795917363525016,0.01079549563976605,0.031172453434375,-0.034549956565625,0.06572241,-0.059897344433551006,2.839022865252127,1.2532899203196959,3.2004048464766677,4.011035135031511
MISAL_10HZ,-0.0141667931171875,0.008386369523086483,0.008386041924128446,0.0287673031171875,-0.0293888868828125,0.058156189999999996,-0.14338103647776726,3.2036601177121664,1.2631679813695513,3.504500352932216,4.4267726365222675,-0.016540001559375003,0.016998641145060937,0.016997977122671766,0.051765091559375004,-0.051757128440624994,0.10352222,0.08601396617616257,2.96950064405286,1.2644269278702678,3.04536776263401,3.8506450043424727,-0.010684134050781249,0.0005514826858617191,0.0005514611431485384,0.002536814050781249,-0.0025396159492187508,0.00507643,0.0029611620593010634,3.3644383829842557,1.268832143298259,4.605249129102636,5.843288122901739,-0.0117105830609375,0.010702523417905164,0.010702105342418455,0.030751293060937497,-0.0349711169390625,0.06572241,-0.041009364972301086,2.6653664204375622,1.2311593915127497,3.267685732867188,4.023041978531661
MISAL_10HZ,-0.014102046796874998,0.008331421210209676,0.008331095757712034,0.028702556796875,-0.029116893203125,0.05781945,-0.025875628245191372,3.348889787878335,1.2781921026333078,3.494965614357716,4.467237447246999,-0.0164719208984375,0.01692934474715459,0.016928683431708835,0.0538724108984375,-0.0515540291015625,0.10542644000000001,0.1701235554820648,2.930889031106298,1.256154408284663,3.1823154538722123,3.9974795859339873,-0.010691160099218751,0.0005424516765878355,0.0005424304866553448,0.002497650099218752,-0.0025325899007812482,0.00503024,0.030772456193302506,3.37863277202261,1.2715664820830914,4.6689667396781696,5.936901612135531,-0.012264593231249999,0.010573142601242433,0.01057272957979259,0.02860691323125,-0.04169724676875,0.07030416,-0.12990131634503146,2.7931905690924124,1.2390707658119784,3.9438487908027997,4.88670774146667
MISAL_10HZ,-0.014005280725781248,0.008667558894913996,0.008667220311781583,0.028535760725781248,-0.029213659274218748,0.057749419999999996,-0.03606416483399356,3.1097259422505372,1.266602117293826,3.3705915187719233,4.269198354209131,-0.016442483387499998,0.0166146077975443,0.016613958776750776,0.0538429733875,-0.051583466612500004,0.10542644000000001,0.11870796284022099,2.9635114100302498,1.2626358313446218,3.2408274337869867,4.091984841104089,-0.01061730382578125,0.00055236365738859,0.0005523420802617868,0.002423793825781251,-0.0022488461742187493,0.0046726400000000005,0.022539198626471003,3.2956222824036328,1.2672514378778152,4.388211422588833,5.560967234987552,-0.01229011448671875,0.010749944720181573,0.010749524792264063,0.031070074486718748,-0.041671725513281244,0.0727418,-0.1558225566880261,2.948515601791936,1.252984153603876,3.8766109496552312,4.857332089605277
MISAL_10HZ,-0.013960021160937499,0.008436482408498825,0.008436152851967966,0.0310026411609375,-0.036485418839062506,0.06748806,0.024595846162636797,3.250288905475892,1.2643126901143993,4.32488830860281,5.4680111718939335,-0.016548559746875,0.016192668523655262,0.01619203598518655,0.049824729746875004,-0.044776860253124995,0.09460159,0.049494782106559304,2.8714397454752083,1.251705962283127,3.077113328580647,3.851641100005275,-0.010771390778906249,0.0005838939993319896,0.0005838711905271476,0.0021740907789062486,-0.0024702392210937518,0.00464433,-0.011010869095741853,3.236774571288018,1.2696277513942933,4.230794841690165,5.3715345414656595,-0.011003550821875001,0.010764587700836709,0.010764167200916594,0.033228390821875,-0.030783499178125,0.06401189,-0.10533852011472365,2.7044147979918534,1.2355674778909718,3.0869448794000083,3.8141286990287186
MISAL_10HZ,-0.013991418487499997,0.00819809446685467,0.008197774222534664,0.0310340384875,-0.036454021512500004,0.06748806,0.008308894748904132,3.288799388241616,1.2542892241670034,4.446819407674393,5.577597664862688,-0.01668309103203125,0.01627286409479021,0.016272228423620808,0.04894606103203125,-0.04487327896796875,0.09381934,-0.035910508754564224,2.8292377777015565,1.2436919866094396,3.0079507095033784,3.7409641935255302,-0.0109715640140625,0.0005618853210648688,0.0005618633719908136,0.0023012540140625003,-0.0025323059859374986,0.004833559999999999,-0.07085086955004095,3.309682861420869,1.2666341008344082,4.506978230250079,5.70869231815306,-0.01169703721484375,0.010385626881019214,0.01038522118454526,0.03392187721484375,-0.033269672785156246,0.06719154999999999,-0.030242502435735227,2.6383578376298953,1.2234208204022334,3.2663605918499363,3.996133555010574
MISAL_10HZ,-0.014031646625,0.008117130161932995,0.008116813080342924,0.027686006625000002,-0.029485293375,0.0571713,-0.08649916125045465,3.0590299019285374,1.2539578771694992,3.6326194878636144,4.555151821566011,-0.0166269824046875,0.016018795001750186,0.01601816925534858,0.0484206024046875,-0.044929387595312495,0.09334999,0.025352086193575225,2.784980966993184,1.2444365948602842,3.0228549613133544,3.761751334813307,-0.010844250265625001,0.0006020898030497243,0.0006020662834574167,0.002655210265625001,-0.0026596197343749985,0.0053148299999999996,-0.038652071097570975,3.2098302394105445,1.2621619011572323,4.4174865915126595,5.575583274680201,-0.013244033090625001,0.010294177165245619,0.010293775041095962,0.027886263090625002,-0.032025146909374996,0.05991141,-0.19124478316492538,2.6547002633689107,1.225677365858952,3.111117814554973,3.813226687820599
MISAL_10HZ,-0.013959145902343751,0.007830517605044645,0.007830211719476255,0.02793683590234375,-0.030197004097656247,0.05813383999999999,-0.07840945557284626,3.3188367268518455,1.2730151681934756,3.8564735130400862,4.90934927783641,-0.0165426302453125,0.01686017698207038,0.01685951836854322,0.0504997302453125,-0.0463025897546875,0.09680232,0.13768874979377763,2.852961420071115,1.2539532962399271,2.9953246078212867,3.755997165286069,-0.010845300715625,0.0005797574652973709,0.0005797348180790456,0.002656260715625001,-0.0023262992843749997,0.0049825600000000005,0.015089140066787188,3.2203719388702585,1.263651723801738,4.581854725280318,5.789868621809612,-0.013059363654687501,0.010600761511405432,0.010600347411070838,0.0274140236546875,-0.032209816345312496,0.05962384,-0.21566494647162138,2.5934681893648097,1.2198448430770317,3.038562331615006,3.706574590588686
MISAL_10HZ,-0.013915245264062499,0.00837187797606129,0.008371550943190365,0.027892935264062498,-0.0310455047359375,0.058938439999999995,-0.11755535043252383,3.0748090419407346,1.25293597470045,3.708453182285263,4.646454402577572,-0.01664529788046875,0.017494976705233024,0.01749429329435735,0.05077225788046875,-0.053739322119531245,0.10451157999999999,0.09225982354342228,2.8652522367711764,1.2518570435742178,3.071820119585194,3.8454796532957207,-0.010871864971093749,0.0005625605529710743,0.0005625385775202575,0.0022671149710937494,-0.0022997350289062513,0.004566850000000001,0.07014658633728263,3.2771132989360727,1.2697264626214873,4.0881374554679955,5.190816310041785,-0.012167106023437499,0.01075169176660933,0.010751271770446488,0.0286360760234375,-0.0404596939765625,0.06909577,-0.16407962216598063,2.8218034714714726,1.2395431141837143,3.763247254876365,4.664707221752764
MISAL_10HZ,-0.013842806702343748,0.00853509127333901,0.008534757864824133,0.02678196670234375,-0.031117943297656252,0.05789991,-0.09559618325487694,2.8535516235009486,1.2398811270419379,3.6460253226290527,4.520637986244755,-0.01657490655546875,0.016780907859243608,0.01678025234222704,0.05070186655546875,-0.05380971344453124,0.10451157999999999,0.06387797014588698,3.0352819833428692,1.258449233634937,3.206728501282462,4.035505024914225,-0.010752090971875,0.0005514360077652915,0.0005514144668755095,0.002425970971875,-0.002721979028125,0.00514795,0.039702207960699634,3.3344357206469,1.2732758491150815,4.936357661322531,6.285344992756183,-0.013521417660156252,0.011344994067961307,0.011344550895474646,0.02999038766015625,-0.03910538233984375,0.06909577,-0.14448406529736524,2.9058725890935566,1.2490981856702195,3.4470630613894935,4.305720215872448
MISAL_10HZ,-0.014045360678124999,0.007921082883084808,0.007920773459741145,0.027462810678124998,-0.028790649321875,0.05625346,0.056944934392074924,3.1645566637940896,1.2595120701438698,3.6348280213048656,4.5781097657306375,-0.0163489842578125,0.01655210066389822,0.01655145408483729,0.0489188942578125,-0.05068164574218749,0.09960053999999999,0.07145791654297003,3.0130526332691843,1.257237260761916,3.062066056698711,3.849743541395929,-0.0107427028078125,0.0005234552923485604,0.0005234348444768227,0.0024165828078125014,-0.0027313671921874987,0.00514795,-0.0005068453579425736,3.4327017648485656,1.2737713341511097,5.218160810286755,6.646743657133995,-0.01206177454765625,0.011721472476551389,0.011721014597589651,0.03304395454765625,-0.03911078545234375,0.07215474,-0.0984155700490244,2.82485019336233,1.2440362506813687,3.3368088680980414,4.1511111935090295
MISAL_10HZ,-0.013995048150781248,0.00825819948086292,0.008257876888644947,0.02741249815078125,-0.032749231849218755,0.060161730000000004,-0.04736385533284162,3.363728301068871,1.2689136724784744,3.9658173996576314,5.032279920978598,-0.01623208432890625,0.016642728797222034,0.016642078677930505,0.04880199432890625,-0.05025320567109375,0.09905520000000001,0.06885568703389643,2.8387462259088823,1.249168004413648,3.0196471632919173,3.7720466210026973,-0.0108621793890625,0.0005489775696818869,0.0005489561248267182,0.0022976593890624997,-0.002243860610937499,0.0045415199999999985,-0.014181792270508673,3.318707779013756,1.2701036285884226,4.1855064278366,5.316026901475432,-0.0107350679546875,0.011191444645901204,0.011191007471555995,0.0317172479546875,-0.0344894120453125,0.06620666,-0.13686091658611046,2.658930830885836,1.2300856515467395,3.0818862495600765,3.7909840552830443
MISAL_10HZ,-0.013839819717968748,0.008467277936870498,0.008466947177365817,0.027050159717968748,-0.03290446028203125,0.05995462,-0.1563356312742407,3.3165121029169193,1.267823471968797,3.8862248213845922,4.927047045899132,-0.01637889216640625,0.017043200109693662,0.01704253434668594,0.05536325216640625,-0.050945267833593745,0.10630851999999999,0.08447522413436637,2.780547150497323,1.2430759725889724,3.2485339938406574,4.038174553881815,-0.01091702384453125,0.0005716333589623759,0.0005716110290981528,0.00240763384453125,-0.002189016155468749,0.004596649999999999,0.048403655075568326,3.268706750806307,1.2691590350304283,4.2120143278723,5.345716039896747,-0.01183989562109375,0.01102727196070297,0.011026841199478535,0.03228865562109375,-0.035759644378906254,0.0680483,-0.18014291543085315,2.647485115631326,1.2244913808112623,3.242963576966842,3.970980948280759
MISAL_10HZ,-0.014194207603906248,0.008537746214434013,0.008537412702208473,0.030192337603906248,-0.02788339239609375,0.05807573,-0.08147411376430719,3.202210790120326,1.2612092587272883,3.5364739479088367,4.46023368635047,-0.01649642196953125,0.017446538940824232,0.01744585742208568,0.05589649196953125,-0.06302338803046875,0.11891988,0.07692382247066763,2.8269180948707846,1.2492826369590613,3.61251307434646,4.513049859568631,-0.010791277040625,0.0005824434381278283,0.00058242068598664,0.002646937040625,-0.002256652959374999,0.004903589999999999,0.049275458318666025,3.4226883295667405,1.276237799132271,4.5447167387968035,5.800139288401626,-0.012061169584375,0.01091104325112742,0.010910617030175632,0.032509929584375,-0.035538370415625006,0.0680483,-0.13893171172075217,2.9211317949679096,1.2552221514740245,3.2572282866620728,4.088545097826017
MISAL_10HZ,-0.014210660230468748,0.008712911665489442,0.008712571310729824,0.032759670230468746,-0.029327139769531253,0.06208681,0.01823412837693644,3.1968618078292454,1.2596466114492768,3.7600461519464536,4.736329394192243,-0.01662543967265625,0.017084655483041337,0.017083988100651464,0.05602550967265625,-0.06289437032734374,0.11891987999999999,0.04040082124564536,2.819142875655322,1.2567926605112851,3.6814805744886576,4.626857765832214,-0.010655193710937498,0.0005628837162272148,0.0005628617281525867,0.0029220937109374987,-0.0025044862890625016,0.00542658,0.06995143013644509,3.6697601161206235,1.2824078615744983,5.191494757563878,6.6576136904227114,-0.0129399732140625,0.010847941096814662,0.01084751734083892,0.0332561232140625,-0.0295950567859375,0.06285118,-0.06862190132344001,2.8011619095662543,1.2577209347489258,3.065781982100114,3.8558981802633694
MISAL_10HZ,-0.01398902715390625,0.008296244519781514,0.00829592044140018,0.032538037153906255,-0.03121310284609375,0.06375114000000001,-0.045104972339986435,3.450297738014566,1.2791825842062827,3.9221732396959323,5.017175700458971,-0.01677227591328125,0.017019396506747293,0.017018731673585974,0.04926768591328125,-0.05233392408671876,0.10160161000000001,0.06480376523658,2.7145545498011536,1.2425129443438987,3.0750778078218337,3.8208239810832882,-0.0107660022171875,0.0005862396201310364,0.0005862167196985921,0.003032902217187501,-0.002393677782812499,0.00542658,0.06806265051809056,3.3400738022614878,1.26709375841275,5.173687674324422,6.555547360113453,-0.0124760044421875,0.010865368294954249,0.010864943858215285,0.0322050944421875,-0.0321792955578125,0.06438439,-0.005381454697368548,2.70889592061093,1.2493688577484778,2.964128932689913,3.7032903788540112
MISAL_10HZ,-0.014165259232031251,0.008354742038267714,0.008354415674782432,0.03177258923203125,-0.03257455076796875,0.06434714,-0.11239999555870385,3.533854974659138,1.2813298320240816,3.899081879094682,4.99600992918853,-0.0166279597515625,0.017120829154470576,0.017120160359019063,0.04912336975156251,-0.0524782402484375,0.10160161000000001,0.10054531833486582,2.79917822947544,1.2437715435404948,3.065289059678198,3.812519305153744,-0.010898428295312498,0.0005685317688044233,0.0005685095600984321,0.0027466382953124976,-0.002356611704687501,0.005103249999999998,0.055003857612752595,3.2374128033853316,1.263963388224448,4.831296583362544,6.106581999024121,-0.011866886621875001,0.010687967415880652,0.010687549908998879,0.028598096621875,-0.032788413378125,0.06138651,0.016446865769903497,2.7437049881902196,1.2407764784144582,3.0679073929299054,3.8065873311012495
MISAL_20HZ,-0.01380775957421875,0.01837428584939273,0.018373568089832724,0.055499449574218755,-0.06865927042578125,0.12415872,-0.27897593575948426,2.8971215259418894,1.2458289256606434,3.7368501365706335,4.655475990998621,-0.0164980177796875,0.03278258469008813,0.03278130409536157,0.14889644777968752,-0.14701756222031248,0.29591401,0.15005158307331054,4.7241344882630125,1.3533275855180178,4.542114839194448,6.146969308472582,-0.01081322741796875,0.0005353708270172695,0.0005353499136858676,0.0027627574179687493,-0.002400092582031251,0.00516285,0.12107084702621325,3.6117137135111568,1.276622180693691,5.160657258627819,6.588209523322173,-0.0156435167515625,0.016995441926675223,0.016994778029257966,0.0630076367515625,-0.059363083248437504,0.12237072,-0.11987481431427255,2.9749420390303847,1.2519871656638115,3.7074704149174207,4.6417053765548975
MISAL_20HZ,-0.0140534651140625,0.018857502580584554,0.018856765945002303,0.0557451551140625,-0.0694982848859375,0.12524343999999998,-0.20719436406013783,2.880299634249119,1.2461041046666876,3.6855887742700095,4.592627299731325,-0.016291870228125,0.031927189466955254,0.031925942286757235,0.14869030022812502,-0.13864428977187498,0.28733459,0.19190629916746552,4.404679098328767,1.3395609650937617,4.657350404651994,6.238804802835446,-0.01084851899921875,0.0005361982431102904,0.0005361772974573161,0.002200558999218751,-0.0023811910007812496,0.004581750000000001,0.03435289370446377,3.30841084339754,1.2687548530831874,4.44105151798377,5.634605666234365,-0.01656040699296875,0.017390801716786964,0.017390122375326254,0.06392452699296874,-0.05844619300703126,0.12237072,-0.1396674328528911,2.973460222204503,1.2486541217297569,3.675910129515087,4.589940334327178
MISAL_20HZ,-0.014159003909374999,0.01812234177210523,0.01812163385430297,0.051379203909375004,-0.069392746090625,0.12077195,-0.1552315255208574,2.9070910161164703,1.2440986690324967,3.829276468586619,4.763997757926072,-0.01663928177421875,0.031015307166573053,0.031014095607473133,0.12432009177421875,-0.12258780822578125,0.2469079,0.15566109933348826,3.874463540594637,1.313413449931079,4.0085028868055295,5.26482160561794,-0.01093731112578125,0.0005512393309554751,0.000551217797748531,0.0022088911257812493,-0.0022923988742187505,0.00450129,0.059344849904389714,3.237728509950947,1.267412556948613,4.1587896537124465,5.270902228823128,-0.01085895970859375,0.01772358677430125,0.01772289443317033,0.06575204970859375,-0.06246096029140625,0.12821301,-0.030095353986536396,3.0452793172504924,1.25134625940165,3.710006283484464,4.6425024851949015
MISAL_20HZ,-0.0142405672078125,0.018218720161287193,0.01821800847863057,0.0562302572078125,-0.0796145327921875,0.13584479,-0.21931112219832802,3.071274398997352,1.2503380782865898,4.370100765161793,5.464103392631153,-0.01676843299453125,0.031212256675476713,0.031211037422886334,0.12444924299453125,-0.12205039700546876,0.24649964000000002,0.14515201371708883,3.9326977153777443,1.31642133371549,3.9873472101659617,5.249028932393413,-0.010839133396093749,0.0005530248894335734,0.0005530032864768889,0.0021107133960937483,-0.0021938966039062504,0.004304609999999999,-0.042265689442546946,3.192075006068773,1.265267653180292,3.967239720912468,5.019620091282555,-0.00770477544921875,0.0175970726581606,0.017596385259083868,0.06259786544921875,-0.06163237455078125,0.12423023999999999,-0.005589161563303194,3.0337326513520146,1.253772377431907,3.557427535686828,4.460204378959804
MISAL_20HZ,-0.014166530271875,0.018759714267153397,0.01875898145150175,0.056156220271875,-0.07968856972812499,0.13584479,-0.2472442983041773,3.0930265675447957,1.2580902752570238,4.248022203878533,5.3443954237754925,-0.01629979295625,0.030462240075121504,0.030461050120626814,0.12193632295625001,-0.12251903704375,0.24445536,0.17121324270099358,3.9919286011298256,1.3209433183056063,4.0221540806561284,5.313037558038341,-0.010764015046093749,0.0005347101564770287,0.0005346892689535739,0.0023097550460937488,-0.002561054953906251,0.00487081,-0.03375257181493884,3.5062663742176334,1.278189175275501,4.789800548865369,6.122271213288368,-0.010829141898437502,0.017556257515837878,0.017555571711133783,0.053617471898437505,-0.058508008101562495,0.11212548,-0.08323614025971321,2.903902549002364,1.2473311073515827,3.3327315717355184,4.157019761878445
MISAL_20HZ,-0.0138440013796875,0.019711546698872404,0.019710776701540176,0.0633999113796875,-0.0789636286203125,0.14236354,-0.3132763836413114,3.1335604173260925,1.2590965182684024,4.006114513698609,5.044084835982433,-0.016220097860156248,0.03093934424031576,0.030938135648575605,0.12590644786015626,-0.11426815213984376,0.24017460000000002,0.2485861120322445,3.973518048840516,1.3204307894131118,4.069619749887967,5.373651218955759,-0.01078096123515625,0.0005531309779450646,0.0005531093708442168,0.002326701235156251,-0.002544108764843749,0.00487081,0.031270565957477583,3.4443745304240543,1.2770681803076436,4.599648639039777,5.874064917513058,-0.013407835774999998,0.018068102160270428,0.018067396361244388,0.059632105775,-0.061270964225,0.12090307,-0.03665792743085692,2.8678154248951397,1.246186788072943,3.3912448146889482,4.226124483186243
MISAL_20HZ,-0.013785685457031249,0.01977029802477028,0.01976952573241956,0.06334159545703125,-0.07902194454296875,0.14236354,-0.3370476850323297,3.0496753935998893,1.247668819878724,3.9971593457794796,4.987131083815896,-0.016752773790624998,0.0328909960096703,0.03288971118004385,0.14743174379062501,-0.149254086209375,0.29668583000000004,0.23490584826764901,4.335589871872441,1.3365078280653802,4.538017539659526,6.0650959656529535,-0.010817795199218749,0.000549927716994897,0.000549906235023874,0.002363535199218749,-0.002689054800781252,0.005052590000000001,0.04350496644982058,3.3847489471756775,1.2737548967558514,4.890024206880483,6.228692278768663,-0.01641311397421875,0.018230168125897898,0.01822945599604642,0.06263738397421875,-0.06310073602578124,0.12573812,0.021748971153223096,3.0232124336839092,1.2594294029739637,3.461471150837767,4.359478544911208
MISAL_20HZ,-0.0138623013734375,0.018930946070970518,0.018930206566445888,0.0566238113734375,-0.0695344886265625,0.1261583,-0.21933446602914622,2.84424919795066,1.240276730012397,3.673202845541768,4.555788013940776,-0.016737568686718753,0.03342680551040077,0.03342549975030689,0.14741653868671875,-0.14926929131328126,0.29668583000000004,0.1808546851354046,4.300251786585716,1.331143392123027,4.465731026561862,5.944528347006604,-0.01078702914375,0.0005558049538027374,0.0005557832422476674,0.0023357491437499996,-0.002719820856250001,0.0050555700000000005,0.021441223422775053,3.2725671088386346,1.2635768063055561,4.893671938093445,6.183530358643236,-0.01446491592578125,0.018131555333698427,0.018130847055984386,0.06398506592578125,-0.06504893407421874,0.12903399999999998,-0.0852556837999904,2.950567737662352,1.2449246216902197,3.5877493132759217,4.466477456549372
MISAL_20HZ,-0.014066834721093751,0.019065605960366768,0.01906486119558747,0.05682834472109376,-0.06170115527890624,0.1185295,-0.19097906808354062,2.9157558806888644,1.2450232044945135,3.236381038703123,4.029369491771445,-0.016480614928906248,0.03222613165618013,0.03222487279832476,0.12686875492890626,-0.13721139507109376,0.26408015,0.16098805405914132,3.963005357946794,1.3158027341162755,4.2579344200926315,5.602601751645682,-0.010755791992187498,0.0005522090372416451,0.0005521874661548093,0.002352191992187497,-0.002257868007812502,0.004610059999999999,0.02187007204152092,3.1251478714275756,1.2559189737002787,4.25977070534963,5.34992685246122,-0.0101395172828125,0.018108577866027042,0.018107870485887863,0.059659667282812495,-0.0566810227171875,0.11634069,-0.1256912955593019,2.708080165975232,1.2328066835718852,3.294681576682774,4.06170546797568
MISAL_20HZ,-0.014298059789062501,0.019087911240305143,0.01908716560420883,0.0530663697890625,-0.0639135302109375,0.1169799,-0.2215390830408338,2.9759512203368614,1.2476762049012526,3.3485081827363725,4.177853981517307,-0.01668391239453125,0.030700785106627777,0.030699585833785795,0.11438023239453125,-0.12562300760546874,0.24000324,0.10272828789228178,3.807636524496424,1.307672158997666,4.09200984943637,5.351007354452173,-0.010916987991406248,0.0005616438921054508,0.0005616219524623984,0.0025133879914062476,-0.002677772008593751,0.0051911599999999985,-0.06649942026326254,3.244979998860805,1.2655249193389269,4.767926176769296,6.033929390269921,-0.008849903308593752,0.0182227091501417,0.018221997311662158,0.055588223308593754,-0.05829545669140625,0.11388368,-0.06304666805927979,2.7113031301315287,1.2407261690023903,3.199180402364394,3.9693068445731
MISAL_20HZ,-0.01416682966875,0.019439541210122962,0.019438781838212668,0.06816293966875,-0.07750095033125,0.14566389000000002,-0.24563039329848738,3.166356360128246,1.2575315287193993,3.9869242309669315,5.013682923056261,-0.01662723174765625,0.03263639346727942,0.032635118583259036,0.13133935174765626,-0.13557626825234376,0.26691562,0.13408560680374498,3.9252948510798884,1.3158446345050292,4.154305978893879,5.466421232419674,-0.010973312901562499,0.0005711825547642981,0.000571160242509958,0.0024579629015624993,-0.0026214470984375,0.0050794099999999995,-0.12868365634936071,3.1899023220145644,1.2648556586472155,4.589687627621938,5.805292367220723,-0.009560790806249999,0.018013074678537147,0.018012371029064098,0.05629911080625,-0.05987916919375,0.11617828,-0.0838654616224006,2.844806220581839,1.243912207060496,3.3243357633001884,4.135181836336876
MISAL_20HZ,-0.014142221620312501,0.01997043746799887,0.019969657357548447,0.0681383316203125,-0.0775255583796875,0.14566389000000002,-0.2759875842139352,3.283194038627225,1.2693397821735952,3.882167680277356,4.9277898776446305,-0.01646617555390625,0.03504719014729793,0.03504582108969287,0.13117829555390625,-0.13573732444609374,0.26691562,0.13231336167447993,3.865817894541061,1.320629541754767,3.8731386574935946,5.1149813303984395,-0.010876126138281251,0.0005942640903290907,0.0005942408764346571,0.0024576261382812502,-0.002667973861718749,0.005125599999999999,-0.05336162948064313,3.2184669529906125,1.2683147355834592,4.489717835848205,5.694375289818156,-0.011405414182031249,0.017338795835454335,0.017338118525513046,0.05194235418203125,-0.05803454581796875,0.10997689999999999,-0.07019671973207306,2.8395052008625417,1.2414693230716696,3.34722281039727,4.15547443659395
MISAL_20HZ,-0.01396285251015625,0.019885436945811692,0.01988466015575902,0.06802750251015625,-0.07585732748984375,0.14388483000000002,-0.2621511354946728,3.2468574315121455,1.2722120804634602,3.814866680931123,4.853319476838119,-0.01661309176328125,0.03425316680807242,0.03425182876760987,0.13243079176328124,-0.12575937823671876,0.25819017,0.07333608690502104,3.5989399761414758,1.2939218406974238,3.866386015818051,5.002801310434071,-0.010804239225781252,0.0005845534654449651,0.0005845306308792249,0.0025451692257812512,-0.0027398607742187484,0.00528503,0.011694439749633644,3.2245782602278297,1.2656269895693466,4.68728348777475,5.932352489890464,-0.012466663073437498,0.017924945194932155,0.017924244988084294,0.0529231430734375,-0.06433389692656251,0.11725704,-0.04681182427693157,2.905600678031973,1.2502302529173657,3.589210980397249,4.487340151795839
MISAL_20HZ,-0.013962568246093751,0.019370406030632937,0.019369649359368343,0.06802721824609376,-0.06870859175390624,0.13673581,-0.27933317683273484,3.2299667486862393,1.2664272520032371,3.5472295073155045,4.492308117174371,-0.016501634290625,0.03252128620038577,0.03252001581283082,0.132319334290625,-0.110565555709375,0.24288489000000002,0.0628991094089333,3.273789186770904,1.271743068886759,4.068858239558979,5.174542264441913,-0.010708704034375,0.0005595232540579396,0.000559501397253929,0.0024496340343750003,-0.002364555965624999,0.0048141899999999994,0.03024698613431461,3.242733561273832,1.2666322416809732,4.378244712878236,5.545625915300829,-0.0163729746546875,0.018575131623626107,0.018574406018374803,0.0568294546546875,-0.0637070753453125,0.12053653,-0.08488733040357545,2.8026892293302,1.2420900732116846,3.4298310956641105,4.2601591567171475
MISAL_20HZ,-0.01425012451015625,0.019736279070467,0.019735508107007634,0.06774112451015625,-0.06965922548984374,0.13740035,-0.307036221362204,3.0392968358521957,1.2519907946034967,3.5296393238089125,4.41907594167927,-0.01628549523984375,0.03356403577287168,0.033562724652115974,0.13570005523984374,-0.11078169476015624,0.24648175,0.10489453876508532,3.249060439107802,1.2655824117590329,4.043177562203326,5.116974410343293,-0.01070642235546875,0.0005433373031999301,0.0005433160786719743,0.0020718723554687506,-0.0021954876445312507,0.004267360000000001,0.029314368119975426,3.3152485644367418,1.272468548891589,4.040903133030176,5.141922145898385,-0.01515510674140625,0.01909522578563503,0.01909447986380871,0.061982826741406254,-0.06492494325859374,0.12690777,-0.007950235828908773,2.7327811171631335,1.2364253262183902,3.4001943871564246,4.204086454345821
MISAL_20HZ,-0.01420142479140625,0.019159583395347415,0.019158834959502862,0.05368046479140625,-0.06970792520859374,0.12338838999999999,-0.2962602726419094,2.959031523642002,1.2463349461434925,3.6384219267997984,4.53469239618533,-0.016577698554687503,0.03550373256095848,0.03550234566931705,0.15341780855468748,-0.1292486014453125,0.28266641,0.13245159057450104,3.2915162802606255,1.2515323275183083,4.321342876430811,5.408300308144114,-0.010877199403906248,0.0005443926392229314,0.0005443713734701069,0.002242649403906248,-0.002331650596093752,0.0045743,-0.08589633651995471,3.3306799727707688,1.2710272113196601,4.283198400442322,5.4440617184430335,-0.01083897415234375,0.01883747571000177,0.01883673985673443,0.05766669415234375,-0.05666994584765625,0.11433664,-0.037935965595871354,2.6858212293200214,1.2380593674538976,3.0613946251281376,3.7901882931129034
MISAL_20HZ,-0.0141910773234375,0.01825152295646811,0.018250809992427272,0.050754187323437505,-0.06707948267656251,0.11783367000000002,-0.29657599750891195,3.0557054246271753,1.2569444886611278,3.6754249649410355,4.619805153170154,-0.01654196614375,0.03651545694164935,0.03651403052875239,0.15338207614375,-0.13717686385625,0.29055894,0.16590794233646838,3.6186545751961336,1.2723756961978272,4.200633945983359,5.344784541492802,-0.010977803738281252,0.0005631793545397529,0.0005631573549165277,0.0021927637382812525,-0.002231046261718748,0.00442381,-0.03897849214420519,3.191917720015328,1.2625789385653454,3.961674729524642,5.001927074944375,-0.011355735370312502,0.019642798280819877,0.01964203096902518,0.0527434653703125,-0.06288500462968749,0.11562846999999998,-0.06728088771006237,2.7543807290942923,1.2449302137198375,3.2015530740611813,3.9857101527263894
MISAL_20HZ,-0.01404119158828125,0.018157645683945522,0.018156936387057267,0.055390181588281254,-0.06722936841171875,0.12261955000000001,-0.33659075344787986,3.1571835441305183,1.2645637773268739,3.7026823787101875,4.6822780150634085,-0.016221068571875,0.037911036807954816,0.03790955587915455,0.150803828571875,-0.137497761428125,0.28830159,0.13399616354313812,3.6955629024562544,1.2855661825681992,3.9779898517565586,5.113969228017716,-0.010931498146875001,0.0005539333090410194,0.0005539116705985009,0.002171788146875001,-0.002484461853124998,0.004656249999999999,-0.01025849027371276,3.203061339021842,1.2655466921752678,4.485303316394363,5.676360775465645,-0.012395979917968751,0.019808203886196953,0.019807430113119598,0.052907589917968754,-0.06184476008203125,0.11475235,-0.06592936107374334,2.717712626309323,1.2389167351022456,3.1223010622194707,3.86827103801122
MISAL_20HZ,-0.013919974035156248,0.01857271112719474,0.018571985616495926,0.05526896403515625,-0.06800469596484376,0.12327366000000001,-0.396403540612204,3.211705178382856,1.2644724381546508,3.661681490020159,4.630095321431545,-0.01627576274921875,0.03843220150125703,0.0384307002140633,0.15406946274921873,-0.14105333725078126,0.2951228,0.06980230055224367,3.410035568073848,1.2642576427783634,4.0090204417571,5.068434733546105,-0.01082370921875,0.0005169497845902636,0.0005169295908448863,0.002436499218749999,-0.0025922507812499995,0.0050287499999999985,-0.01121590109045238,3.3107988173425253,1.26613590860088,5.014707664564417,6.349301445241066,-0.010005653238281252,0.01998592438577306,0.019985143670353096,0.06927189323828126,-0.06947988676171873,0.13875178,-0.0040875961881162584,2.914640813792316,1.2427610311753159,3.476576796632614,4.320554164743324
MISAL_20HZ,-0.014083436929687498,0.018705078378878647,0.01870434769748307,0.054824506929687496,-0.0678412330703125,0.12266574,-0.41796729661130455,3.2852833270061086,1.2663256110810381,3.6270301518957266,4.593001173508706,-0.01659433685625,0.03652325553243149,0.036521828814896136,0.15438803685625,-0.14073476314375,0.2951228,0.07875255380219723,3.226813097180158,1.2469355899063121,4.227281104643912,5.2711472579189635,-0.010697275501562499,0.0005147573845897703,0.0005147372764866908,0.002310065501562498,-0.002092884498437501,0.004402949999999999,-0.020313459788544465,3.2506399136570234,1.26664363209617,4.487853526617919,5.684511091270927,-0.01082529571953125,0.02036690879289577,0.02036611319498172,0.07009153571953125,-0.07554404428046875,0.14563558,-0.06185322776868958,2.989688659240404,1.2459774813336717,3.7093010117945853,4.621705532184258
MISAL_20HZ,-0.014131662875,0.01886380191242311,0.018863065030768403,0.054872732874999997,-0.068570787125,0.12344352,-0.4011319419341841,3.1011768536901356,1.25653063464082,3.6351879725352734,4.567725050168423,-0.0165377192984375,0.03497806199976465,0.0349766956425306,0.1523899492984375,-0.1305655207015625,0.28295547,0.12458013205658088,3.3329795777506774,1.252788521720794,4.3568995440820295,5.458273739116526,-0.0107403798046875,0.0005288791924406559,0.0005288585326936827,0.0022384398046875007,-0.0022673201953125003,0.004505760000000001,-0.04747839645148069,3.1605254041943387,1.2641931525270824,4.287196017740613,5.41984384916906,-0.01350127984453125,0.019102631597824132,0.019101885386702624,0.05089282984453125,-0.07286806015546875,0.12376089,-0.1368627643060156,2.7724275682196082,1.237993399038511,3.814705128855726,4.722579768801742
MISAL_20HZ,-0.01413070648125,0.01987412086799628,0.01987334451998653,0.059061656481249995,-0.08218289351875,0.14124455,-0.4280946608774794,3.154939423957228,1.25689991286971,4.135332804002821,5.1976994410384,-0.01638532151640625,0.03571716741080373,0.03571577218170065,0.15223755151640625,-0.12694074848359374,0.2791783,0.11806386400432302,3.3138349569272503,1.2548526528230157,4.262474033654151,5.348776848720131,-0.010820228671875003,0.0005271501139199484,0.0005271295217164242,0.0023555386718750026,-0.0023722313281249966,0.004727769999999999,-0.05766660666488931,3.1762809280808835,1.2635827565261737,4.500281677263311,5.686478326900608,-0.012680272150781251,0.01863444768730339,0.018633719764973095,0.057022672150781245,-0.06396830784921874,0.12099097999999998,-0.09675898407514531,2.7901618043825724,1.2405424900904258,3.4329328044024656,4.258699009486543
MISAL_20HZ,-0.0142138049453125,0.019204851383377502,0.019204101179217628,0.0621202849453125,-0.0820997950546875,0.14422008,-0.3624076034677157,3.2764093453397987,1.2612657806954088,4.275117814081014,5.392059807341741,-0.01658960319140625,0.037466372745960666,0.03746490918718959,0.14192245319140626,-0.13854473680859375,0.28046719,0.08896201529983287,3.145870494851107,1.2423026219576976,3.788143526047407,4.706020634760772,-0.010821708777343751,0.00054923994477005,0.0005492184896656541,0.002357018777343751,-0.0027894412226562495,0.00514646,-0.13779454777468506,3.2792664547279493,1.266683357979744,5.078928104467801,6.433393706304971,-0.014006363536718748,0.01949965413445985,0.019498892414342585,0.058348763536718744,-0.07991727646328126,0.13826604,-0.0876651465573885,2.9445678903987544,1.2481036634224907,4.098554664802263,5.115421091877042
MISAL_20HZ,-0.01406057125,0.018422442050781695,0.01842172241008333,0.06196705125,-0.07156078874999999,0.13352784,-0.3128569489547239,3.118398026777089,1.2544514383277687,3.884587290862141,4.8730261143317835,-0.016521835316406247,0.038497585093975245,0.03849608125268504,0.14601773531640624,-0.14392285468359375,0.28994059,0.11822588665391372,3.441523373103648,1.2617613190826733,3.793054528276738,4.785929484950964,-0.010913181739843751,0.0005956039417836884,0.000595580675550285,0.002479781739843751,-0.002697968260156249,0.00517775,-0.012582468319806162,3.3296490269972816,1.2699032940225166,4.529979515644071,5.75263590877093,-0.013147476667187501,0.020378740641928295,0.020377944581823616,0.0570205266671875,-0.0807761633328125,0.13779669,0.024432630733844666,2.829317235848322,1.2398356047934131,3.9639014135342134,4.914586106390657
MISAL_30HZ,-0.01394011080234375,0.04109874344935998,0.04109713799833691,0.15613229080234375,-0.11806048919765624,0.27419278,0.15107692576705897,3.010524822166374,1.249206659371338,3.799103743152674,4.745865695588898,-0.01628619893046875,0.06702792735691393,0.0670253090273613,0.18497058893046875,-0.21825767106953123,0.40322826,-0.2844330539439243,3.0298265903080392,1.2726266010115217,3.2563471058437545,4.144113949023644,-0.01057468726484375,0.000581203932953119,0.0005811812292310473,0.00219939726484375,-0.00222739273515625,0.00442679,-0.010735148978546345,3.1116260310587376,1.2585898703293172,3.8325269694330664,4.8235796214923745,-0.006497953442187499,0.03926436981408285,0.039262836019679476,0.11783373344218749,-0.1228340565578125,0.24066779,-0.01736731101402562,2.7493546052828526,1.240649207368613,3.128506980398592,3.8813797054786856
MISAL_30HZ,-0.0140027813671875,0.04045597265625639,0.04045439231395784,0.1469271713671875,-0.12499484863281252,0.27192202,0.09674822438647696,3.005550940204649,1.252515432558117,3.6319213554591876,4.549037547550027,-0.0169378208796875,0.063620694577919,0.06361820934599641,0.19111733087968752,-0.21760604912031248,0.40872337999999997,-0.3186562366405997,3.0733728056710223,1.2727218202696038,3.4204994349468714,4.353344267076734,-0.01070570343046875,0.0006443028625097624,0.0006442776939376124,0.002330413430468749,-0.00309169656953125,0.005422109999999999,-0.24793840169054185,3.29613909872779,1.269207181116126,4.798701861981007,6.090546863261618,-0.003451601996875,0.04122443966095577,0.04122282929982854,0.134917271996875,-0.125880408003125,0.26079768000000003,-0.01113419086594405,2.83169024105865,1.249606020920186,3.272877536269355,4.0898074750566105
MISAL_30HZ,-0.01408143183203125,0.03941200191695387,0.03941046235555884,0.14700582183203126,-0.12491619816796876,0.27192202,0.11802388464233583,3.038716709874068,1.2574598028701731,3.7301217251843815,4.690478129232103,-0.0169259894484375,0.0604802104005282,0.06047784784616489,0.19110549944843752,-0.18990538055156247,0.38101088,-0.329562470607637,3.109543403500541,1.273139736339695,3.159925596799427,4.023026841162276,-0.01085329281953125,0.0006945420238417692,0.0006945148927640487,0.0025331328195312506,-0.002944107180468749,0.0054772399999999995,-0.20331795428865732,3.0639807796746563,1.255912797654426,4.239084303508185,5.323920227111929,-0.0076194313953125,0.041980550313523775,0.04197891041624728,0.1390851013953125,-0.12902547860468752,0.26811058,-0.03752648430724172,2.792411938822381,1.2401027644532447,3.313213706982775,4.1087254772537225
MISAL_30HZ,-0.014069741382812499,0.039836573901705474,0.03983501775514336,0.1450347813828125,-0.12300280861718749,0.26803759,0.14034658810517484,3.063261942382525,1.2582983430681194,3.640886575583015,4.581321545355067,-0.016517238209375,0.061432422026704674,0.06143002227584821,0.188735908209375,-0.196972931790625,0.38570884,-0.3003694111256262,3.185981771573628,1.281504638408984,3.2064603673123973,4.109093833585412,-0.0108705434109375,0.0006747851563637408,0.00067475879705373,0.002550383410937499,-0.002745076589062501,0.00529546,-0.212061952689004,3.1500827536506217,1.2616727643630061,4.0682338652695105,5.13277986686978,-0.01795435356640625,0.039834967658879436,0.0398334115750624,0.11824923356640625,-0.14181386643359373,0.2600631,-0.086222744335917,2.946883203927832,1.2542386034043045,3.5601737542956506,4.465307357464436
MISAL_30HZ,-0.01375236777265625,0.04055988769554669,0.04055830329398764,0.14471740777265626,-0.12990300222734374,0.27462041000000004,0.1531111976090473,3.0818233020862125,1.2541469225335042,3.568132688482291,4.474962630451264,-0.0164348145453125,0.06510315028897604,0.06510060714749617,0.1909197645453125,-0.1983799854546875,0.38929975,-0.31716253169962466,3.1440986546049725,1.2798743438927305,3.0472831843983403,3.900139566287176,-0.010873226109375,0.0006309129470961146,0.0006308883015777515,0.002554556109375,-0.0028109338906250007,0.0053654900000000005,-0.3017312050331006,3.3875652389757946,1.2730835319161804,4.455517535505574,5.672246000615912,-0.021338854573437503,0.03880482513445595,0.038803309291367244,0.12163373457343751,-0.13842936542656248,0.2600631,0.02842854028936257,2.9849439661243853,1.2591716917541704,3.567462877640684,4.492048266909022
MISAL_30HZ,-0.014091036977343752,0.04057294066126067,0.04057135574981018,0.13992004697734375,-0.12956433302265624,0.26948437999999997,0.20014026705776963,3.03836061985268,1.2496279463365578,3.4487397423981423,4.30964156174226,-0.0167581360359375,0.0701987573013441,0.07019601510882753,0.1984219160359375,-0.2183102339640625,0.41673214999999997,-0.3357903851834175,3.007863737790678,1.2697826655608757,3.110008931783491,3.9490354313181726,-0.0108193668,0.0006678073210430773,0.0006677812343100826,0.0025006968000000004,-0.0028647932,0.0053654900000000005,-0.24057558556202222,3.2711238611043187,1.2726430396896133,4.290017527910556,5.45966094704181,-0.01903733980625,0.03934734935954641,0.03934581232369124,0.11308315980625,-0.10506476019375001,0.21814792,0.12538390040823127,2.6227712166195416,1.2378870268458007,2.8740837493945803,3.557790987443888
MISAL_30HZ,-0.0140501435796875,0.04284652874780183,0.042844855022582035,0.16764530357968752,-0.1282090964203125,0.2958544,0.24618876683701005,3.177916327056751,1.260298407224266,3.912845626186096,4.931353110396773,-0.01672569628828125,0.0701835297369325,0.07018078813925427,0.19838947628828124,-0.21834267371171875,0.41673214999999997,-0.30572542996367097,2.9713125614657754,1.2674511887875957,3.111145934674863,3.9432256133953505,-0.0108252092296875,0.0006696426317965195,0.0006696164733702983,0.0024826992296875013,-0.0028753407703125,0.005358040000000001,-0.2913910438446115,3.376148952727527,1.2756852001009038,4.294011400048748,5.47780679210675,-0.01368778279375,0.042026082797500426,0.04202444112157654,0.13070791279375,-0.12368873720625,0.25439665,0.04677918360243023,2.5301677684506916,1.2186817432731827,3.110283190099126,3.790445340183279
MISAL_30HZ,-0.013662346978906248,0.043118518759016164,0.04311683440897904,0.16725750697890626,-0.14923935302109376,0.31649686,0.20309190430431034,3.2787721898208644,1.2646148748921777,3.87916945368501,4.905655393357427,-0.01613669965078125,0.06389600028882268,0.06389350430256072,0.17777488965078123,-0.20442501034921876,0.3821999,-0.27844373793237587,3.147159887347119,1.28600844830838,3.1994646808099056,4.1145386095858125,-0.01075362485703125,0.0006232356982409989,0.0006232113526210266,0.00247220485703125,-0.002946925142968751,0.005419130000000001,-0.30035078490757283,3.655272109047888,1.2836883627827507,4.728612742009482,6.070065149023806,-0.0096384312125,0.04376989390505041,0.043768184110174656,0.1368695412125,-0.1277380887875,0.26460763,-0.05953079354113067,2.7172151784030065,1.236647983266859,3.127146898943024,3.8671799059571024
MISAL_30HZ,-0.014136918034375001,0.041618229670384546,0.041616603926534615,0.152496818034375,-0.148764781965625,0.3012616,0.16876321797040095,3.1889184535218247,1.2594203418060117,3.664326342043098,4.614927134184691,-0.01643076859921875,0.0666456335908763,0.06664303019496558,0.21092046859921873,-0.21015800140078125,0.42107847,-0.2862960919201789,3.2250158787354444,1.288061301764861,3.164929145360985,4.07662275496722,-0.01073424880390625,0.0006155872235754868,0.0006155631767298917,0.0024528288039062512,-0.0028739211960937486,0.00532675,-0.0930731533263852,3.288395763666111,1.2704168849381607,4.668767243942568,5.931280738550839,-0.0064728188875000005,0.04244774379317171,0.04244608564579346,0.13370392888750002,-0.1276837911125,0.26138772,-0.015483293655121865,2.805062602991129,1.2482785987875218,3.1499707653431286,3.932041093184178
MISAL_30HZ,-0.014101276303125,0.04171714425863835,0.04171551465086185,0.186033866303125,-0.125413373696875,0.31144724,0.2829046991750887,3.3961428981317043,1.2678702318896018,4.459584590053272,5.654174548322136,-0.01688242822578125,0.07024039192663166,0.07023764810773077,0.21137212822578125,-0.21368017177421875,0.4250523,-0.2981830781322796,3.0844646948021195,1.2678251479611349,3.042245541116002,3.8570354032994985,-0.0107665209234375,0.0005936852478741122,0.0005936620565911534,0.0024567909234375004,-0.0028416490765624993,0.00529844,-0.09928215426001946,3.3743830255878096,1.2747084314093233,4.786644261685571,6.101575798527653,-0.005117270899999999,0.039473491686632944,0.03947194972324688,0.1288960409,-0.1151689391,0.24406498000000001,0.0660330937435692,2.713373360840054,1.2413784792470048,3.26550985709447,4.053733660366037
MISAL_30HZ,-0.01382751708671875,0.040282452502289005,0.04028087893825386,0.18576010708671875,-0.12568713291328124,0.31144724,0.2595621749707843,3.367379789599553,1.2657581199454406,4.611620003909757,5.8371954660516,-0.016391364170312502,0.06653606473712695,0.06653346562133318,0.21056368417031252,-0.2259318158296875,0.43649550000000004,-0.345506171004277,3.172895518424734,1.2640798341218986,3.395762023213249,4.292514295020847,-0.01085924583515625,0.0006414320270560512,0.0006414069706281014,0.00254951583515625,-0.002516484164843751,0.005066000000000001,-0.2419656194332978,3.0768782715565526,1.2597578196644574,3.9748801492749952,5.0073863502782014,-0.007511823941406249,0.03952656907767753,0.039525025040915374,0.13221439394140624,-0.11277438605859376,0.24498878000000002,0.03326992840617692,2.8397204359209,1.24544894059558,3.345080586401679,4.166127072540813
MISAL_30HZ,-0.0142857803234375,0.03964944860562569,0.03964789976878822,0.15337431032343748,-0.1218778696765625,0.27525217999999996,0.1467264916139204,3.019220769817342,1.2508842669002385,3.868409454671226,4.838932524776369,-0.016553539390625,0.0684659344520898,0.06846325994928787,0.238916669390625,-0.226344780609375,0.46526144999999997,-0.36651354266606906,3.249550175778749,1.2731573560767047,3.489706297473936,4.442945243176143,-0.01105172380234375,0.000626702498490029,0.000626678017445527,0.0023262838023437506,-0.0024730061976562506,0.004799290000000001,-0.036831381259910645,2.9443799693865476,1.2483212338618852,3.9462150080463174,4.9261439879286675,-0.010723337349218749,0.04235698812758478,0.04235533352541897,0.13542590734921875,-0.12971662265078127,0.26514253,-0.014921259289960994,2.800757235578827,1.2417845752763352,3.1973755387369285,3.97045162536938
MISAL_30HZ,-0.01412774208125,0.042108624616871315,0.042106979716594634,0.17336702208125002,-0.13204722791874998,0.30541425,0.23499606225926128,3.2132136186156806,1.2591444347311584,4.117298919279289,5.184274020335129,-0.01693107814140625,0.07245040504906745,0.07244757489984278,0.23929420814140623,-0.22596724185859374,0.46526144999999997,-0.3160699648485448,3.1362467759557773,1.2764393793397075,3.302998181405317,4.2160769486331855,-0.011006231192187499,0.0005867962465518386,0.0005867733243757502,0.0020960311921874985,-0.002518498807812502,0.00461453,-0.035448231115354785,3.0842247533471805,1.2592075945968495,4.292115376055744,5.404664278415305,-0.013979100844531252,0.041971326489866075,0.041969686952902235,0.12927530084453126,-0.12646085915546876,0.25573616,-0.009251520598344758,2.6488371974177487,1.2292678097967185,3.0802064592381186,3.7863986478693477
MISAL_30HZ,-0.013824896790625001,0.044119255231718085,0.04411753178964896,0.18248842679062502,-0.13714636320937498,0.31963479,0.2647116494957287,3.3137046479642476,1.2615519247968743,4.136415148080456,5.218302491819847,-0.01673149742734375,0.07091918773085017,0.07091641739597027,0.21470631742734375,-0.22592394257265624,0.44063026,-0.27355848075918276,3.1498638146266855,1.2838506985323956,3.1857777207100435,4.0900629521025325,-0.01072832069921875,0.0006144046648957789,0.0006143806642447845,0.0024260406992187497,-0.00269657930078125,0.00512262,-0.10834656480695465,3.2152919954812615,1.2674983389386927,4.389101834928297,5.563179285204385,-0.0176388042703125,0.039178303885696535,0.03917677345330916,0.1268200442703125,-0.1100079957296875,0.23682804,0.06914114762059201,2.635244688125823,1.2297080644020062,3.2371232516495136,3.980716568016651
MISAL_30HZ,-0.014384725753125,0.042909246053486755,0.04290756987832435,0.183048255753125,-0.136586534246875,0.31963479,0.17269516265599416,3.235646967143185,1.2525140642573536,4.26610633676543,5.343358186416118,-0.01666569134609375,0.07002832208745213,0.07002558655269113,0.22075845134609376,-0.20614592865390624,0.42690437999999997,-0.29356328933315473,3.137547052835968,1.2827741066609712,3.152539838848517,4.043996475492029,-0.01058776969765625,0.0005865705634120107,0.0005865476500518422,0.0022854896976562504,-0.0024065203023437495,0.00469201,-0.09566744559750193,3.1873814337255686,1.2636824991605522,4.102855585784119,5.184706800338507,-0.023932943871093747,0.03964907423138788,0.03964752540917469,0.12045812387109375,-0.12425947612890624,0.24471759999999998,0.03754314994644453,2.770060513001323,1.2421833072719972,3.1341042056600035,3.8931319275218184
MISAL_30HZ,-0.014025684059375002,0.041180628820574765,0.04117902017084191,0.15526874405937502,-0.13196301594062498,0.28723176,0.16380819937150803,3.032065823046688,1.2442472935759727,3.7705788873849384,4.6915325758434125,-0.01653967131640625,0.0677862387271986,0.0677835907755295,0.22063243131640625,-0.20627194868359375,0.42690437999999997,-0.3173371383984912,3.0996727443880325,1.2813338440229058,3.2549534303522996,4.1706819910288555,-0.0106450561234375,0.0005822924857876845,0.0005822697395431872,0.0021356661234374994,-0.0023119838765624998,0.004447649999999999,-0.08923877074708919,3.0907621709189312,1.259549268590041,3.9706406147369764,5.0012174821258695,-0.018585652475000002,0.04297625425763825,0.042974575464916745,0.140352922475,-0.129606767525,0.26995969,0.07902801110489889,2.643658843217434,1.2244343433899387,3.265952506955659,3.998944413396977
MISAL_30HZ,-0.013533737165624999,0.04133351684805893,0.04133190222602085,0.148576907165625,-0.139013952834375,0.28759086,0.19825148701274378,3.012689623514743,1.2423855971821398,3.594727054979026,4.466037118906913,-0.01651263539296875,0.06234702960143619,0.06234459412302352,0.19450505539296875,-0.20784263460703126,0.40234769000000004,-0.3167345717039311,3.1957789879602503,1.2917767416687744,3.3337715567912585,4.306488559099849,-0.01072223847265625,0.000582528819018493,0.0005825060635420486,0.002212848472656249,-0.00227801152734375,0.004490859999999999,-0.09757553045915483,3.0295759052839237,1.256549710891267,3.9107086945873664,4.913999879563719,-0.011912999212500002,0.0432015709537951,0.04319988335946825,0.1336802692125,-0.11905651078750001,0.25273678,-0.027528840213597566,2.600121763135328,1.2318450876340643,3.0944590312927525,3.8118941565828424
MISAL_30HZ,-0.014388026804687499,0.0396495209591891,0.03964797211952526,0.1494311968046875,-0.1381596631953125,0.28759086,0.14410065647473363,2.9587864286493892,1.2429868686184626,3.768949300968101,4.684754489592084,-0.01683693864765625,0.06090101251384523,0.06089863352157831,0.19971656864765625,-0.20865370135234373,0.40837027,-0.3472771127678399,3.3840983955040214,1.2942125670101177,3.426246030272767,4.434290670047543,-0.010835240654687502,0.0006027659167297091,0.0006027423707261949,0.0021321506546875015,-0.0028906393453124977,0.005022789999999999,-0.16396650213088038,3.0937111207900942,1.2581338400855913,4.7958124162232085,6.0337738915530625,-0.005810591647656249,0.041345247293975707,0.04134363221370813,0.11941564164765625,-0.12515891835234377,0.24457456000000002,-0.21046251724588735,2.917284597921549,1.257496625987436,3.0272840495820144,3.8067994782549652
MISAL_30HZ,-0.01429296317421875,0.03887050537395019,0.03886898696517702,0.13262280317421876,-0.11703116682578127,0.24965397000000003,0.17148221043502004,2.890129349857224,1.2461291951127214,3.4120468149333654,4.251851151179839,-0.01677522085859375,0.06712183494240295,0.06711921294451363,0.20732982085859375,-0.23567398914140622,0.44300381,-0.3355529960262426,3.2221073653634793,1.2771121868254038,3.5112746232026604,4.484291612582895,-0.0109356056578125,0.0005870387117902395,0.0005870157801426677,0.0022325156578125,-0.0027902743421874994,0.005022789999999999,-0.0983085118687979,3.1687021343840875,1.2625363735275366,4.753320841748674,6.0012404577542275,0.0012971594273437504,0.039326932042938786,0.03932539580465062,0.11230789057265625,-0.12370810942734375,0.236016,-0.02401909831338728,2.842463423561729,1.246745197971387,3.1457562446889353,3.921956492054434
MISAL_30HZ,-0.013645614049218751,0.040089341685579934,0.040087775665083404,0.14935481404921874,-0.12109955595078124,0.27045437,0.18290627533496945,2.9959689466130204,1.250728010185234,3.7256947179363538,4.659830741122172,-0.0160400650015625,0.07240126545983225,0.07239843723016029,0.20659466500156248,-0.2364091449984375,0.44300381,-0.2967455982399777,2.9391839727139573,1.2573090115214027,3.265390166460007,4.10560448242354,-0.01079676827265625,0.0005915604870690375,0.000591537378786169,0.0025287582726562507,-0.002385261727343751,0.004914020000000002,-0.02262416616188915,3.15867622893001,1.2604503256544513,4.2748917707368665,5.388288724562817,-0.0057193205328125,0.04058418972208355,0.040582604371208045,0.1205849105328125,-0.1162133394671875,0.23679825,0.11872331762259018,2.703825630192996,1.2357580806787352,2.9713448015761976,3.6718633490305392
MISAL_30HZ,-0.0142639322703125,0.039367649836633364,0.03936611200777532,0.1499731322703125,-0.1204812377296875,0.27045437,0.17581846749372132,2.9688632552434444,1.242200255033006,3.809701406140664,4.732412058307534,-0.016431225628125,0.06768237137034172,0.0676797274760705,0.20078743562812498,-0.224311054371875,0.42509849,-0.2864503376659209,2.9796572956651834,1.2664058464158465,3.314301973972703,4.197251396626611,-0.01062538311796875,0.0005985571851641567,0.0005985338035674305,0.0023573731179687505,-0.0032241668820312507,0.005581540000000001,-0.1606616598809177,3.169132918962092,1.261246168424994,5.386774920337507,6.794049228443533,-0.01165232697109375,0.04019488048568359,0.040193310342497165,0.12651791697109374,-0.11028033302890625,0.23679825,0.0358656957547838,2.7598720683000204,1.2444629288245863,3.1477356777285372,3.9172403606716992
MISAL_30HZ,-0.01424040354140625,0.03975099989885096,0.03974944709508862,0.14452303354140625,-0.13021212645859376,0.27473516,0.19279058787903552,2.9194669723209183,1.2417687977895475,3.6358501590142445,4.514885280902053,-0.01721975028125,0.06213385526547122,0.06213142811434369,0.19634606028125,-0.20011909971875,0.39646516,-0.28042415503494317,3.0469485926147866,1.2723033720266346,3.2208997248616344,4.097961580901116,-0.0106503148921875,0.0006478650066991167,0.0006478396989779915,0.002131984892187501,-0.0031992351078125,0.005331220000000001,-0.4194785701288143,3.3366635196560073,1.2709323379694555,4.938312846309817,6.276261491385132,-0.015773866259375,0.04212039114465297,0.042118745784737316,0.11733524625937501,-0.138277233740625,0.25561248000000003,-0.1895514313199863,2.8057980794044073,1.2342876127190017,3.2830330334939104,4.052207005388821
MISAL_30HZ,-0.013789832432031251,0.04288684962790197,0.042885174327617036,0.15906185243203125,-0.13066269756796875,0.28972454999999997,0.22462425551983262,2.906561321442045,1.2437588974296407,3.7090172752218287,4.613123236777392,-0.01650255951328125,0.06533406128126779,0.0653315091196511,0.22098122951328125,-0.19827349048671875,0.41925471999999997,-0.20306121950195904,3.0056721230486976,1.2729600700377044,3.382460201685624,4.305736775237479,-0.010799911707031252,0.0006650819065647244,0.0006650559262953122,0.0022815817070312525,-0.003016858292968749,0.0052984400000000015,-0.3926479228748629,3.260652092650022,1.2690238478197284,4.5362475149633354,5.7566062761014525,-0.017974136103125003,0.04246241288939769,0.04246075416899668,0.12278073610312501,-0.136076963896875,0.25885769999999997,-0.20715823009145765,2.683685549963918,1.225921638853358,3.2047703004821684,3.9287972589156683
MISAL_30HZ,-0.01411279505,0.04410858177431966,0.04410685874919061,0.15938481505,-0.12172455495,0.28110936999999997,0.2590758598762667,2.981100342007263,1.2488231810492472,3.613606127707401,4.512755099462609,-0.01620941921796875,0.06817895594114083,0.06817629264865592,0.22881453921796877,-0.20963584078203124,0.43845038000000003,-0.21807603514533333,2.9439007640576076,1.2741166521410363,3.3562185670194227,4.276213964464373,-0.010873322377343751,0.0006485535222585473,0.0006485281876417578,0.002332642377343751,-0.0026335276226562496,0.004966170000000001,-0.1977989291986007,3.159323031819622,1.2691874627097983,4.0607758812034715,5.153885837297779,-0.01645509495546875,0.041870289942167585,0.04186865435202098,0.12896201495546875,-0.13269092504453123,0.26165293999999995,-0.07450217461721188,2.8748123802657863,1.2488048054456904,3.16921876516259,3.9577356234436993
MISAL_5HZ,-0.013956440271875002,0.0028165153755437726,0.0028164053532630006,0.010155450271875002,-0.009855249728124998,0.0200107,0.058597173622129795,3.1462641604387898,1.2506443786215107,3.6058198299151822,4.509598300605394,-0.01641916546953125,0.0060243308643331914,0.006024095534312424,0.02242237546953125,-0.026910034530468748,0.04933240999999999,-0.022447331839237545,3.7885307542454183,1.2824725007133917,4.467066363272772,5.728889769759108,-0.010814302662499999,0.0006550110069666476,0.0006549854200994347,0.0030499126624999985,-0.0028057873375000007,0.005855699999999999,-0.04688969795652085,3.2961654778589993,1.2691443119340666,4.656458859858263,5.909718275744102,-0.012928746529687498,0.003574723594798848,0.0035745839544310217,0.012237386529687498,-0.011475963470312501,0.02371335,0.20864498692271075,3.0416407448791505,1.2541980749139878,3.423443591111672,4.293676361548888
MISAL_5HZ,-0.0141681387734375,0.002841049153660169,0.0028409381730099704,0.0109184487734375,-0.008885141226562499,0.01980359,0.15354687349122537,3.1013233445079993,1.2519526499152238,3.843254625238612,4.811572812366421,-0.01634350932265625,0.005991512957738957,0.005991278909692705,0.01942035932265625,-0.02377623067734375,0.04319659,0.17120948509476022,3.303925323829435,1.258453437456704,3.9684733486332124,4.9941389270427825,-0.0106974999328125,0.0006523546001619522,0.0006523291170626569,0.0029331099328124997,-0.0029181200671875,0.00585123,-0.14844467537942074,3.3059867484263488,1.2732238151855086,4.4963651875909925,5.724879238611909,-0.0127984760625,0.0035471783256909597,0.0035470397613312243,0.0121071160625,-0.010262253937500002,0.02236937,0.3997633011146793,2.975398552096567,1.249822589950913,3.4133014787395926,4.2660212944415985
MISAL_5HZ,-0.014199288969531251,0.002935253377616548,0.0029351387170419765,0.012414268969531251,-0.01081036103046875,0.023224630000000003,0.10576875822362115,3.22567008820017,1.2568067329470989,4.22953399014896,5.315706796047822,-0.01645706618046875,0.006163675291321807,0.0061634345180530455,0.02062608618046875,-0.02167352381953125,0.04229961,0.2063160690812812,3.3797425929385825,1.2674861285381713,3.5164685786874643,4.4570751449267,-0.010704426919531251,0.0006155375886714231,0.0006155135437647294,0.0028089169195312513,-0.002911193080468749,0.0057201100000000005,-0.21824602773889965,3.5492747390230557,1.2820492912702763,4.729697843304498,6.063705767931086,-0.013312644214843749,0.0038701526777038127,0.003870001496912032,0.01174218421484375,-0.01119189578515625,0.02293408,0.09972165446244574,2.86122168655819,1.2545602065832646,3.0341549542585766,3.806530066220276
MISAL_5HZ,-0.014052071731249999,0.002926088305428007,0.002925974002871061,0.012267051731249999,-0.01174876826875,0.02401582,0.048995556418868214,3.395701359225019,1.2655941012643415,4.192467779690855,5.305962491717556,-0.01662090518359375,0.006266983640039123,0.006266738831209168,0.02078992518359375,-0.023713394816406247,0.04450332,0.13669674756313768,3.459427543461837,1.28507347969276,3.784008789118589,4.862729341820613,-0.0107777587828125,0.0005933417641789303,0.0005933185863135654,0.002882248782812501,-0.0027946512171874993,0.0056769,-0.02962208439940557,3.4219470609368976,1.2709011568036648,4.857843407065036,6.17383880561001,-0.012576486899218748,0.004123254556113784,0.004123093488336768,0.014675896899218747,-0.01192805310078125,0.026603949999999998,0.050767049534004724,2.9935352343859636,1.2682715154930757,3.5594383054212333,4.514334213920693
MISAL_5HZ,-0.014000225085937498,0.002905809539152164,0.0029056960287499978,0.011584935085937498,-0.0118006149140625,0.023385549999999998,0.013414399090534511,3.394100015609828,1.2681990230352718,4.061200757857321,5.15041083346476,-0.016554454908593752,0.006076080564842033,0.006075843213309106,0.02146996490859375,-0.023779845091406245,0.045249809999999994,0.06146334461942641,3.643387379532901,1.292820001236233,3.9138345504565697,5.059883588359674,-0.0106781383140625,0.0006210198910454487,0.0006209956319821356,0.002675348314062501,-0.0028942716859375,0.005569620000000001,0.07610893538514646,3.319595360021536,1.2673462763789336,4.660695722930239,5.90671536979086,-0.011926442853124998,0.004027647436738903,0.004027490103687935,0.014025852853124998,-0.012105767146875,0.026131619999999998,0.33796166076793455,3.0662616552291992,1.26925965394918,3.4825294394346633,4.420234111164673
MISAL_5HZ,-0.01400571748203125,0.0029162044368804068,0.0029160905204196168,0.01159042748203125,-0.00991772251796875,0.02150815,0.030353654140896847,3.2895270274161557,1.2625186573059115,3.9746459860798224,5.018064713611828,-0.016523876965625003,0.005789875519613676,0.005789649348183694,0.021439386965625,-0.023735923034374995,0.045175309999999996,0.12328321770263846,3.6219707790939513,1.2790526087015524,4.099716857951222,5.243753542100242,-0.0106038743859375,0.0006384550842999502,0.000638430144161098,0.0030704343859375,-0.0026049756140624995,0.00567541,-0.056783315416206716,3.3583672171682353,1.2681530962550698,4.809350582861456,6.09899283263188,-0.0119383141953125,0.004184136108873682,0.004183972662864563,0.0138946841953125,-0.012093895804687498,0.025988579999999997,0.21519874945039205,2.8852228527232535,1.254316098624949,3.3209309225743087,4.16549711860636
MISAL_5HZ,-0.0139296521671875,0.0028361042126275496,0.0028359934251428833,0.011712532167187501,-0.0093083878328125,0.021020920000000002,0.1390674113312408,3.193451809837327,1.254787585001544,4.129957447485055,5.182219331688914,-0.0165095000953125,0.00573288214739511,0.005732658202312215,0.0200944400953125,-0.023984229904687498,0.04407867,0.10457196378401842,3.440841643922626,1.264962506811573,4.183788577350326,5.292335686774694,-0.010805837367187501,0.0006383118996665963,0.0006382869651210033,0.0032723973671875016,-0.0027472026328124993,0.006019600000000001,-0.022607917371678676,3.3259036504502046,1.266787579492774,5.12684348264442,6.494621645817428,-0.012409586528125,0.00390794527867855,0.0039077926215844595,0.014365956528125001,-0.011336543471875,0.025702500000000003,0.17659133349431969,2.936913277381468,1.2526794356202962,3.6762330858540184,4.605141587196272
MISAL_5HZ,-0.013965866035156252,0.0027664690356634263,0.00276636096835599,0.011748746035156252,-0.00927217396484375,0.021020920000000002,0.18520486888976462,3.4638052898488785,1.2722775179502273,4.247003977264171,5.403367678918403,-0.016480715972656254,0.00590935781317042,0.005909126974372185,0.021227855972656254,-0.024758014027343747,0.04598587,0.08122670070836893,3.4554551189532186,1.2602783324238895,4.189792186683238,5.280304310235794,-0.010945445478125,0.0006063086163436674,0.0006062849319507465,0.0033762454781249996,-0.002607594521875001,0.005983840000000001,0.01565082421141703,3.4290071171609453,1.2745199710905848,5.568743836766307,7.097475233846266,-0.013055311669531248,0.0035903953613606737,0.003590255108802509,0.013231131669531248,-0.010573108330468753,0.02380424,0.030590738970140165,2.9770846006531553,1.252894821468799,3.685290116875385,4.617280903043316
MISAL_5HZ,-0.013989171846874999,0.002624580945231118,0.00262447842053547,0.012645191846874999,-0.009761428153125001,0.022406620000000002,0.027426089091078396,4.0530917162739115,1.2958473339320538,4.818173297951907,6.24361702257359,-0.0164113724203125,0.005872815164350839,0.005872585753027704,0.0211585124203125,-0.0248273575796875,0.04598587,0.0021921043248754124,3.225053428394867,1.2556457835761692,4.227670505600939,5.3084566447071495,-0.010942410068749998,0.0005849420049435114,0.0005849191552001505,0.0033732100687499985,-0.002405009931250002,0.005778220000000001,-0.07012577711787622,3.5228663720650335,1.2813065204278884,5.766968030984961,7.3892537412002115,-0.0119486845953125,0.0036805544823326824,0.0036804107078650663,0.0124701845953125,-0.0116797354046875,0.02414992,-0.0034289328746081793,3.116860270468168,1.2682046936953346,3.3882589703001402,4.297005929589959
MISAL_5HZ,-0.01395158438515625,0.002823246248150706,0.0028231359629400875,0.01260760438515625,-0.00979901561484375,0.022406620000000002,-0.04149252649572614,3.9634826390153837,1.307645316017806,4.465815515320191,5.839702740808092,-0.01638468221328125,0.0061309249686594,0.006130685474725105,0.020263152213281253,-0.02285297778671875,0.04311613,-0.07878810850427086,3.198874762540354,1.2604777641051899,3.727638268336292,4.698605149865472,-0.010621852516406249,0.0006420251097450107,0.0006420000301493159,0.0027010125164062485,-0.0027508974835937505,0.005451909999999999,-0.0618538182593651,3.3995354662904185,1.2752356456016443,4.284886844871251,5.464240441949384,-0.0114691038828125,0.0037013354799556304,0.003701190893714439,0.0119906038828125,-0.011998396117187499,0.023988999999999996,-0.057658668125204926,3.007045584902315,1.263076967104209,3.2417663562189727,4.094600417273522
MISAL_5HZ,-0.01407064271875,0.003020726652954957,0.0030206086535153544,0.01172538271875,-0.01017612728125,0.02190151,0.07240157271518673,3.3333221599234997,1.2724511661965356,3.881794718790902,4.939394216861036,-0.01641901390859375,0.0064883349322397135,0.006488081476706023,0.02066253390859375,-0.022818646091406252,0.04348118,0.16074566205985077,3.0654000811727813,1.2482153481751614,3.517009793007593,4.389985603314425,-0.01039746969140625,0.0006227442172917392,0.0006227198908706165,0.0024766296914062493,-0.00297528030859375,0.005451909999999999,-0.08994252764349149,3.3519572750899806,1.26966149400295,4.777879030705201,6.066289028290532,-0.01202122093828125,0.004380071040139693,0.004379899940272828,0.015615100938281251,-0.013448839061718749,0.02906394,-0.13498317643126984,2.9529968484776346,1.256068608645058,3.565172983679753,4.478101869189578
MISAL_5HZ,-0.01422165992265625,0.003053946293643883,0.0030538269965367203,0.012146089922656249,-0.01032609007734375,0.02247218,0.02112379894068284,3.094873215594264,1.2437185115531724,3.977333993193088,4.946683913963943,-0.0164462863796875,0.00621972845226836,0.006219485489380231,0.0213454063796875,-0.0222490136203125,0.04359442,0.33232711576146656,3.099717745420821,1.2442967250414207,3.577307746485249,4.4512323134169005,-0.01058653195,0.0006444514922946859,0.0006444263179165715,0.0025375519499999995,-0.0030842180500000003,0.00562177,-0.019207099168956247,3.2621128013594944,1.2637806100202666,4.785990212149108,6.048441629860825,-0.01205123826875,0.004427165829564154,0.004426992890021145,0.01564511826875,-0.013418821731249999,0.02906394,-0.04809114310695921,2.933482818423976,1.2566784358831131,3.5340283251901212,4.44113718806654
MISAL_5HZ,-0.014140924505468751,0.0029822890255312914,0.0029821725275908373,0.012650924505468751,-0.010406825494531249,0.023057750000000002,-0.07777116687382268,3.3323741068529333,1.2618149444214612,4.24218397440904,5.352851135894556,-0.0165505817234375,0.005769544727686058,0.005769319350443147,0.0214497017234375,-0.0223577882765625,0.04380749,0.12932123043049748,3.286172536960504,1.2584416583936355,3.875290466430009,4.876826961331226,-0.010596042224218751,0.0007553206527475725,0.0007552911474582882,0.002946382224218751,-0.0030747077757812494,0.006021090000000001,0.23636392385825933,3.258394759423031,1.281294389831047,4.070890789768,5.216009530544619,-0.013109333482031249,0.004269332479544887,0.004269165705487535,0.01369192348203125,-0.015261756517968753,0.028953680000000002,-0.1663211584885873,3.166286223523673,1.2657756219193972,3.5748803327899576,4.524996376524631
MISAL_5HZ,-0.01395240376875,0.0028043588843780958,0.002804249336969535,0.01246240376875,-0.00906660623125,0.02152901,0.033450791161042444,3.6651014627640848,1.2850739248354632,4.444114010995089,5.711015034525732,-0.01654532470078125,0.005571503934341056,0.005571286293217735,0.018239454700781248,-0.02347905529921875,0.04171851,-0.024967161067742404,3.463027597491158,1.2745686666230516,4.214297033667293,5.371410950954803,-0.010622873981250001,0.0007616623993065182,0.0007616326462879203,0.002973213981250001,-0.002632166018749998,0.005605379999999999,0.3536346498687427,3.217089063097394,1.279829312975127,3.9037375770865212,4.99611778131783,-0.0130289993171875,0.004261248152674646,0.004261081694417481,0.0140272993171875,-0.015342090682812502,0.029369390000000002,-0.22936675743497112,3.2192941092799328,1.2722521195445473,3.600515498896078,4.580763474923529
MISAL_5HZ,-0.01396800232265625,0.0027357303800569907,0.0027356235135017415,0.011242792322656249,-0.01070788767734375,0.02195068,0.09109226601210507,3.4670932553732245,1.2735140837738512,4.109773244442136,5.2338541079140155,-0.016518285391406252,0.005649611847688212,0.005649391155414931,0.02080203539140625,-0.02360443460859375,0.04440647,0.05205026423244839,3.5075008941064874,1.2741073020253109,4.178226283016169,5.3235086167049745,-0.01067325053203125,0.0005998220776784398,0.0005997986466708847,0.0026332105320312493,-0.002455139467968751,0.00508835,0.10302579381440773,3.5335625550045404,1.283397632134869,4.39015750810141,5.634317750596467,-0.01274531879921875,0.003799008528597141,0.003798860126927966,0.013743618799218751,-0.01091886120078125,0.02466248,-0.0007680871444992122,2.9819901238201036,1.2515491547371298,3.617827016530045,4.52788834452333
MISAL_5HZ,-0.01400196384609375,0.002705608644157414,0.0027055029542554557,0.01118735384609375,-0.010673926153906249,0.021861279999999997,0.06561336614915145,3.2784968268650068,1.2694758572275993,4.135036640228866,5.249329183522071,-0.01650293187265625,0.005765144203431592,0.005764918998087518,0.020917801872656253,-0.024177048127343746,0.04509485,0.08694799351112172,3.56810023240572,1.2726935620243809,4.193822694709909,5.337451143829043,-0.010691543425,0.0006133282768254087,0.0006133043182216446,0.0024980334250000007,-0.003502196575,0.0060002300000000005,-0.08336983308116189,3.5572523551412623,1.2805702420917038,5.7103732534528255,7.312534059608075,-0.012051672696874998,0.004010549595923786,0.004010392930770269,0.012480792696874998,-0.011612507303125002,0.024093299999999998,-0.03932092868368265,2.6158872700618083,1.227891371654395,3.112112182602974,3.8213356966387186
MISAL_5HZ,-0.01390540346484375,0.0028385242780781003,0.0028384133960577813,0.01134111346484375,-0.009295386535156248,0.0206365,0.12436803488106582,3.3750200075290264,1.2816907004066307,3.995581996827949,5.121100288046538,-0.01650532565078125,0.006022148742741655,0.006021913497961677,0.02201981565078125,-0.024174654349218748,0.04619447,0.031109936366795286,3.6000620892815802,1.2699653389988084,4.014447294435811,5.098208919171024,-0.0106420863671875,0.0006770401281085643,0.0006770136807119993,0.0027063463671874993,-0.0035516536328125004,0.006258,0.023631837881380305,3.279801754383282,1.2682092187874783,5.246058881819508,6.65310023622543,-0.011087081036718752,0.003961260233324456,0.003961105493574272,0.013639451036718752,-0.011930438963281248,0.025569889999999998,0.20934866298071342,2.735493807041217,1.2215664571894935,3.443344555918732,4.2062742100563755
MISAL_5HZ,-0.0139570053078125,0.0029134394627100633,0.0029133256542581863,0.011392715307812499,-0.009307854692187499,0.020700569999999998,0.025651766218052555,3.307819581069673,1.2720349456877527,3.9105533194205853,4.974360479278225,-0.01656786840078125,0.006266321148804908,0.006266076365854022,0.022082358400781252,-0.02388861159921875,0.04597097,0.0695687605914694,3.346271626103362,1.2637260450404246,3.8123716029692694,4.817793288044778,-0.010772225528125002,0.0007057170489664678,0.0007056894813558022,0.0028364855281250018,-0.0028925644718749977,0.005729049999999999,0.12836983715665923,3.1976360507421373,1.2639071412443608,4.098919635754912,5.180653799017367,-0.0116876133140625,0.003620897496303139,0.003620756052232056,0.0142399833140625,-0.0106757966859375,0.02491578,0.44777127953873924,3.3416141174983487,1.2531418809613717,3.932875650455407,4.928451190198867
MISAL_5HZ,-0.014076875691406249,0.0029154904566064494,0.0029153765680360586,0.011719695691406249,-0.00918798430859375,0.020907679999999998,-0.08508108393668042,3.3687922545641324,1.2699078399699246,4.01995948650339,5.104978068272127,-0.016508562093750002,0.006184077059337352,0.00618383548910896,0.02078933209375,-0.02394791790625,0.044737250000000006,0.18860124276489998,3.284941187972102,1.2669990053961586,3.872664133518322,4.906661605401091,-0.010927001140624998,0.0006300936328019806,0.0006300690192887073,0.002946561140624998,-0.0027377888593750014,0.0056843499999999995,-0.08740952586067521,3.5427071267990566,1.2826187936201758,4.676568836778243,5.998255079710218,-0.012627859072656249,0.003585892489211432,0.0035857524125501466,0.01362913907265625,-0.011885620927343752,0.02551476,0.18690719585916013,3.0294344027606086,1.2554045710578103,3.800914704806225,4.7716856946145825
MISAL_5HZ,-0.01405377778125,0.002940824492123997,0.0029407096139235146,0.01169659778125,-0.00886242221875,0.02055902,-0.015690581512206467,3.207773061449052,1.2556047004457425,3.9774745952029993,4.994135797640412,-0.01648654373515625,0.005845634225309949,0.0058454058757629835,0.020689833735156253,-0.02168278626484375,0.04237262,0.23792191336422502,3.522025940818843,1.281283145538937,3.7093722361945587,4.752756126766165,-0.010698848964843749,0.0006204682269488753,0.0006204439894353619,0.0031668989648437488,-0.0028556810351562517,0.0060225800000000005,-0.11946997808512265,3.8197130896815064,1.2938221485184953,5.104246344179756,6.603986971594327,-0.012417117546875,0.004007517887007932,0.0040073613402828575,0.013610607546875,-0.012096362453125,0.025706970000000003,0.22027440638109574,2.9465548898638008,1.2474611902081962,3.3964013701630167,4.236878895648306
MISAL_5HZ,-0.013893350645312502,0.002848974483448022,0.002848863193208582,0.011536170645312501,-0.0104994393546875,0.02203561,-0.030424637579574244,3.1524285549064395,1.2508260763964607,4.049394394512742,5.065088102270194,-0.01649066661171875,0.005824559293583432,0.005824331767292067,0.023498136611718748,-0.02417292338828125,0.04767106,0.12433408781203234,4.01133948473677,1.3087238409886073,4.150334210703811,5.43164132961871,-0.010742648096875,0.0006216448758087829,0.0006216205923315257,0.003210698096875,-0.002588381903125001,0.005799080000000001,-0.07680032983078654,3.634698265800276,1.2871695307448672,5.165044621241658,6.648288061399925,-0.01220403835078125,0.003975182590526579,0.003975027306923695,0.01339752835078125,-0.012275171649218751,0.0256727,0.11062250555676695,3.0275933846229144,1.2618110886051834,3.37042423015446,4.252838666912487
MISAL_5HZ,-0.01378468285,0.002806330116464542,0.0028062204920532244,0.01142750285,-0.01060810715,0.02203561,0.040070793481832026,3.2578184371377303,1.260409901459754,4.072204191495605,5.132646483726973,-0.016447560096875,0.005839989726295314,0.005839761597240899,0.023455030096875003,-0.024216029903125,0.04767106,0.07209060890751905,3.829962287983798,1.2903475629861312,4.146749743100181,5.350748425322683,-0.010872012225,0.0006019030229882029,0.0006018795106921339,0.0023849722250000004,-0.0024768977750000004,0.004861870000000001,-0.16161433959594132,3.608498949431099,1.287250327836941,4.115271796096998,5.297384968663978,-0.0124710017671875,0.00403047571290875,0.004030318269376085,0.0140042117671875,-0.012410508232812499,0.02641472,0.21571047737395702,3.0137483712108546,1.2683698478457335,3.474716097137268,4.407225127433118
MISAL_5HZ,-0.013904082137500001,0.002909954995739482,0.0029098413234022544,0.012189092137500001,-0.010718167862499997,0.02290726,0.06248571153684064,3.204774466299117,1.2548917819153411,4.18891986977772,5.256641119685943,-0.01646836806328125,0.005803154377927434,0.005802927687781918,0.01878829806328125,-0.024581131936718754,0.04336943,0.02784181974799669,3.4119007382653708,1.260601700475325,4.235987980424847,5.3398936513166,-0.010941272197656251,0.0006085961388553186,0.0006085723651043045,0.00237675219765625,-0.00243296780234375,0.00480972,-0.23426870247545317,3.778759846239842,1.2993935457149803,3.997828264723717,5.194752244058917,-0.012263069007812499,0.003953091825792369,0.003952937405126838,0.013796279007812499,-0.0126184409921875,0.02641472,0.16442069128072126,2.8894320225125227,1.2484635813071827,3.4901334359403595,4.3573044886740435
MISAL_5HZ,-0.01400138786796875,0.003041307846533044,0.0030411890431248645,0.01228639786796875,-0.010620862132031249,0.02290726,0.06919823995168714,3.219454025478303,1.261801877847972,4.039998071065093,5.09767715257212,-0.01645833058515625,0.006278666803306241,0.0062784215380938075,0.01922526058515625,-0.02532871941484375,0.04455398,-0.05392042354039111,3.397403459063207,1.2679731699913617,4.034249573903859,5.115320220759175,-0.0109010176359375,0.0005967013280153438,0.0005966780189144535,0.002527217635937499,-0.0024732223640625012,0.00500044,-0.21029222929144464,3.884392856566377,1.3065346728597256,4.2354796989761905,5.533801082905865,-0.01275644397734375,0.0037326432149290354,0.0037324974057055603,0.01194588397734375,-0.012868576022656248,0.024814459999999997,0.08844113597253629,3.0071432755102823,1.2580978704732344,3.4477119804517797,4.337559100611442
UNBAL_10HZ,-0.013505402721093749,0.002720260262298294,0.0027201540000563232,0.011115442721093749,-0.010626637278906252,0.02174208,-0.14614461774212573,3.2638694918983115,1.2661321294232089,4.086328465544081,5.173831761602,-0.01617737106328125,0.0034395781536021106,0.003439443792456193,0.013700991063281251,-0.011830158936718748,0.02553115,0.08153068719842932,2.821291120032493,1.2385756719127952,3.9834903228632297,4.933854203198442,-0.010733025141406251,0.000613316111910061,0.0006132921537814982,0.0025678251414062523,-0.002209114858593748,0.00477694,0.04362722783097538,3.2226503771175867,1.265558227507428,4.1869525406012436,5.298832235941033,-0.013574431627343748,0.004089086203536765,0.0040889264704870925,0.015770691627343746,-0.012183198372656252,0.02795389,0.11069191800998954,2.9892062224679443,1.2549122156443262,3.856927176649637,4.840105028828211
UNBAL_10HZ,-0.01351965387265625,0.0026983913346237754,0.002698285926653477,0.01112969387265625,-0.01061238612734375,0.02174208,-0.21051495314214094,3.2144660428438625,1.2593373523568323,4.124727391829726,5.19442327282055,-0.016087328384375002,0.00312836608859419,0.0031282438844070074,0.011390848384375003,-0.009525771615624998,0.02091662,-0.0006179831325967511,2.736954849108262,1.240786987124863,3.641291665638231,4.518067315050135,-0.010608870542187501,0.0006225865899109169,0.0006225622696472341,0.0024302605421875016,-0.0023332694578124986,0.00476353,-0.04264662272985333,3.158413123452651,1.2614836233997304,3.9036425120407205,4.924381100546355,-0.013356764744531251,0.004263005003046122,0.004262838476160648,0.013253954744531251,-0.01281210525546875,0.026066060000000002,0.11168153906683517,2.778109181465886,1.243763283115236,3.1091853042643334,3.8670905218454514
UNBAL_10HZ,-0.013556310084375,0.0025983597002413664,0.002598258199833107,0.010422840084375,-0.011730479915625,0.022153319999999997,-0.23998124517453348,3.357377904946672,1.25939223647663,4.514747578350173,5.685838049825873,-0.0160690924140625,0.002818210756015435,0.0028181006675075696,0.0096308024140625,-0.0089539675859375,0.01858477,-0.02489750110373398,2.864039100451306,1.2486083996038928,3.417479909466943,4.267094120437976,-0.01037492994921875,0.0005664397079294375,0.0005664175809461703,0.0029442999492187505,-0.0024480100507812495,0.00539231,0.006231734313637971,3.272999183762604,1.2635666173619953,5.198108336080343,6.568156166902229,-0.013021236184375,0.0042970377600944935,0.004296869903778482,0.012918426184375,-0.013147633815625,0.026066060000000002,0.09650165815817202,2.707343221465985,1.2395842962653592,3.0598165897607323,3.7929005941196285
UNBAL_10HZ,-0.01366861732109375,0.002653531301746911,0.0026534276461558735,0.01053514732109375,-0.01161817267890625,0.02215332,-0.1396630924097811,3.356675453913592,1.2706719555678838,4.378552660268676,5.563704071380558,-0.016149924448437502,0.0030793044972596837,0.003079184209578345,0.011526454448437501,-0.0104525355515625,0.02197899,0.03698437605615475,3.0637625488867677,1.2564034740561973,3.7433468295214145,4.703153961207957,-0.010425409985156252,0.0005622963683238559,0.0005622744031929535,0.002994779985156252,-0.002506300014843749,0.005501080000000001,-0.022352694607242398,3.330138609778674,1.2689946777566363,5.3261894337533,6.7589060441565705,-0.012497401540625,0.004410827513295844,0.00441065521198078,0.013185781540625,-0.013412208459375,0.026597990000000002,0.06882626043463463,2.616260324748166,1.2380106532509276,3.040865317003937,3.764623657552133
UNBAL_10HZ,-0.013716079641406248,0.0026405425600892684,0.0026404394118808624,0.00864560964140625,-0.014024740358593751,0.02267035,-0.1451611488283033,3.3710650508982134,1.2668557027119793,5.311517581311786,6.728926337939774,-0.016157213575,0.0036066497372839773,0.0036065088497768513,0.011533743574999998,-0.012635546425000001,0.02416929,0.0973329024757512,2.796403837951843,1.2436337720329094,3.503539558978709,4.357120117199208,-0.010511193359375002,0.0005563833860793273,0.0005563616519288051,0.002413043359375002,-0.0026633866406249977,0.00507643,-0.07946253150072102,3.315343865804417,1.2706921580971198,4.787149925577219,6.082993870066182,-0.012059878522656251,0.00416816815650485,0.004168005334256052,0.013323398522656252,-0.01209153147734375,0.025414930000000002,0.08633925385512618,2.785615951995685,1.247432238921522,3.196588644729829,3.987527730006444
UNBAL_10HZ,-0.013636605369531249,0.002812571963691921,0.002812462095453683,0.008530375369531249,-0.01410421463046875,0.02263459,-0.21652428609076302,3.220249462033638,1.2544889908519277,5.014899455273752,6.29113615687025,-0.016101166060937498,0.0038066587084215567,0.0038065100079113946,0.012309116060937498,-0.015072613939062503,0.02738173,-0.03480806332632433,2.8580715061122657,1.2476861135201083,3.959693763509305,4.940454922522735,-0.0105885916421875,0.0006090992812045328,0.0006090754877991367,0.0023742216421875004,-0.0027424383578125,0.00511666,-0.08231181568804212,3.2980846260821637,1.2727631255209342,4.502624736585872,5.730774732784909,-0.011693647115624999,0.003588464083944194,0.0035883239068280268,0.012957167115625,-0.012457762884375003,0.025414930000000002,0.03345259532809698,2.9626308788531874,1.2511488092810625,3.610924613290765,4.517804030322422
UNBAL_10HZ,-0.01360791122890625,0.002873616906002467,0.002873504653149595,0.00973987122890625,-0.010771468771093749,0.02051134,-0.19122358791236188,3.016679989758882,1.2473858573574563,3.7485475303780498,4.675885175025799,-0.01606427866640625,0.0039823401199571345,0.003982184556757795,0.01254042866640625,-0.01510950133359375,0.027649930000000003,-0.08803256943304053,2.8590667805909775,1.2519711673457592,3.7942745039159025,4.750322279897844,-0.01043596523828125,0.0006568378175962238,0.0006568121593678269,0.0025657852382812516,-0.00289506476171875,0.0054608500000000015,-0.049824123738227116,3.178523859974638,1.2622579796444295,4.407751471143914,5.563719466740879,-0.01304744656484375,0.003795749098760836,0.003795600824415626,0.011330966564843751,-0.01267591343515625,0.02400688,-0.22440849164035867,2.769047821688637,1.2453506466217277,3.3396329122959982,4.159014006807025
UNBAL_10HZ,-0.013641585345312502,0.002673522755218398,0.0026734183186959567,0.009773545345312502,-0.010520254654687498,0.0202938,-0.1336886148713179,3.1430740437265876,1.2572566518793036,3.9351322541318865,4.947471202532112,-0.0160426276859375,0.00384220491458579,0.00384205482552483,0.012518777685937501,-0.013256732314062498,0.02577551,-0.03262425744285121,2.710725768079376,1.2357565400491177,3.4504276789573427,4.263888570238034,-0.0101660669875,0.0006249093484921727,0.0006248849374939606,0.0024821369874999995,-0.0027820330125000008,0.00526417,-0.03743715589897665,3.2049803775074555,1.2642750121148236,4.452072446580437,5.628643946336554,-0.013350262175,0.003922254589411893,0.003922101373349435,0.011811092175000001,-0.012373097825,0.02418419,-0.040362276889781515,2.7144950265291086,1.244489028756056,3.1547113771905138,3.926003697805502
UNBAL_10HZ,-0.01370944076015625,0.0026351959523666754,0.0026350930130142123,0.009719220760156251,-0.00956137923984375,0.019280600000000002,-0.12541893179944524,3.085415162815889,1.2627700436721303,3.688378631097615,4.657574045070488,-0.0161002268953125,0.003799006816021588,0.003798858414419312,0.0152539068953125,-0.0128504731046875,0.028104379999999998,0.0016629709256719449,2.848527409205728,1.2430569443717365,4.015392318232579,4.991361305555933,-0.01043588654765625,0.0007186182666458498,0.0007185901950715253,0.00275195654765625,-0.0028370334523437502,0.00558899,-0.014519255503783413,2.9119237632303996,1.2464377574335053,3.9480547769808694,4.921004542444673,-0.011597030277343752,0.004026603352696954,0.004026446060431314,0.012024660277343752,-0.01231746972265625,0.024342130000000003,0.0019418923802692945,2.6229113318853674,1.235796085095644,3.0591418679868765,3.7804755442103573
UNBAL_10HZ,-0.013624711328125,0.0025443272839021686,0.002544227894176398,0.008682381328125,-0.009646108671875,0.018328490000000003,-0.24088915172640377,3.261326260937001,1.2706322418760625,3.7913697487376936,4.817436643619659,-0.016114771390625,0.00386885371767684,0.003868702587626677,0.015268451390625002,-0.012835928609374998,0.028104379999999998,0.09433062100901653,2.8616581179962326,1.246910721585011,3.946659388979213,4.92113190656233,-0.010687928778125,0.0006026203459823063,0.0006025968056652605,0.0023394587781249993,-0.002584991221875001,0.00492445,-0.01673778022846964,3.2551571735339975,1.264861292488841,4.289752613310318,5.425942034929072,-0.01263476661953125,0.004377840531946617,0.00437766951921068,0.01306239661953125,-0.01521631338046875,0.02827871,0.006283234012954537,2.6850440848611923,1.2352689811974504,3.4758935807498648,4.2936635222436434
UNBAL_10HZ,-0.01344367493125,0.0023098669230001466,0.0023097766920611093,0.00799027493125,-0.009225185068749999,0.01721546,-0.2861616616585232,3.5383401563135215,1.2841917841280113,3.993972707603169,5.129026937135498,-0.016164891265625002,0.0033986181655559266,0.0033984854044407935,0.012387741265625002,-0.010376478734375,0.02276422,0.11469759272105876,2.7939274107514636,1.238145511069112,3.645077083290682,4.51313582817725,-0.01050136226953125,0.0005726025784491462,0.0005725802107240474,0.002526882269531249,-0.002445247730468751,0.00497213,-0.006712374894341977,3.362640431260934,1.272754406975707,4.413149847312955,5.616855916811732,-0.013422670238281248,0.004221536646201463,0.004221371739205317,0.01619854023828125,-0.014428409761718752,0.03062695,0.07990454763378779,3.044517351026437,1.259623210585046,3.8372693141046756,4.833513493312009
UNBAL_10HZ,-0.013418182428125001,0.0024903513605539075,0.0024902540793038247,0.007964782428125,-0.012388617571875,0.0203534,-0.261942756821414,3.6381021362923867,1.2828157284914656,4.9748407902772565,6.381804012508577,-0.016087484252343753,0.003047060642789907,0.003046941614658734,0.009273714252343752,-0.010079895747656248,0.01935361,0.017843815572047728,2.781347681649773,1.2444078652913575,3.3082011480502964,4.116751528599687,-0.01036966245,0.0005718828961605067,0.0005718605565485463,0.0024369024500000003,-0.00257694755,0.00501385,0.046874164516762684,3.3512346852650574,1.2706679277814537,4.506251603630646,5.725949387247204,-0.01297553660390625,0.004188470768567584,0.004188307153232512,0.01575140660390625,-0.01751135339609375,0.03326276,-0.06562703869913122,3.4945702603819857,1.2810568653691343,4.181009834147093,5.356111352209999
UNBAL_10HZ,-0.01339378379453125,0.0025508165432888584,0.002550716900071441,0.00855277379453125,-0.012413016205468752,0.02096579,-0.1840483237052683,3.4414111027608545,1.2770667642532145,4.8664813429985445,6.21482158200179,-0.0160778647890625,0.003186438543109452,0.003186314070422707,0.0117479247890625,-0.013824945210937498,0.025572869999999998,0.07891664946532874,3.383596780092816,1.2840718240633353,4.338852010625379,5.5713976156246,-0.0104299359765625,0.0005721442307129145,0.0005721218808923739,0.0024971759765625,-0.002319994023437499,0.004817169999999999,0.10646504065858921,3.3597924032777264,1.2734456974905086,4.364762229802328,5.558287682110854,-0.01290240344609375,0.004306759670501026,0.004306591434415472,0.01335089344609375,-0.01758448655390625,0.03093538,-0.015295426206190541,3.2021397074046876,1.2638457426472784,4.083156440934354,5.160479884437697
UNBAL_10HZ,-0.013406837707812501,0.002538981017815722,0.0025388818369325495,0.008565827707812501,-0.009002762292187497,0.01756859,-0.19282145314212548,3.160840120284769,1.271198665679445,3.5459556097595075,4.507614039684829,-0.016270271515625,0.003661514492904417,0.0036613714622009148,0.012046121515625001,-0.013632538484374998,0.02567866,0.10090225728327198,2.9128916932902302,1.2538622089795244,3.723342093287699,4.668557941876161,-0.010545326698437501,0.0005499663639872523,0.0005499448805065516,0.002558926698437502,-0.002241853301562499,0.004800780000000001,0.0016926536755097388,3.360334630106338,1.2723734306883898,4.653060314118184,5.92043031507455,-0.012675302651562501,0.004102337970191327,0.004102177719484408,0.0130641926515625,-0.014779437348437497,0.027843629999999998,0.10050211815251242,2.899565660832118,1.2506466588062113,3.6028271710995217,4.505863763791851
UNBAL_10HZ,-0.0135299801546875,0.002662643890649068,0.002662539879090574,0.0083269001546875,-0.008879619845312499,0.01720652,-0.22769384806943227,2.8978889490030433,1.2499546163103112,3.3350185343873426,4.168621812537907,-0.016072993653125,0.003907110914308731,0.003906958289807636,0.012720493653125,-0.012748076346875001,0.025468570000000003,0.04067530786552363,2.748437612596754,1.2354628108497574,3.2629159057397232,4.031211256471581,-0.01041650327734375,0.0006056652743499013,0.000605641615088018,0.0026685032773437495,-0.0024496467226562506,0.00511815,0.09044762975179474,3.2174895315109144,1.2641460109198297,4.4060764829641625,5.56992400974682,-0.0124081051421875,0.004085488484378814,0.0040853288918677915,0.0145924451421875,-0.014332924857812498,0.02892537,0.06709462711671325,3.0778755156746973,1.2633849421281467,3.571914410914395,4.512702881319775
UNBAL_10HZ,-0.0136184572859375,0.002899202438681536,0.0028990891863742724,0.0099605072859375,-0.010649172714062499,0.02060968,-0.1027548458871351,3.0307476484690783,1.2626737034782163,3.673282203291172,4.638156843550286,-0.01599837736328125,0.004212111435278043,0.004211946896461391,0.01264587736328125,-0.01524692263671875,0.027892800000000002,-0.008818919788617801,2.9065897649669323,1.2516817095297692,3.6199228080316592,4.53099116872287,-0.01028702763203125,0.0005919029554322662,0.0005918798337714658,0.0025390276320312495,-0.0029024523679687508,0.00544148,-0.010739263092772565,3.3140868528459406,1.2647734714309928,4.903786549837807,6.202179137794974,-0.012640869449999998,0.004339669991400304,0.00433950046973023,0.014825209449999998,-0.014100160550000001,0.02892537,0.04553002321370375,2.9428957380936573,1.2540128287095749,3.416340095688853,4.284134307228719
UNBAL_10HZ,-0.013614418338281248,0.0029761927850339848,0.002976076525232576,0.009956468338281248,-0.01065321166171875,0.02060968,-0.09047315673795421,3.0336050173253875,1.256239272371293,3.579616172969953,4.496854416500287,-0.01611013423125,0.004127707974083969,0.004127546732341917,0.01277253423125,-0.01513516576875,0.0279077,0.033519557959203444,2.886175638061059,1.2487969387804825,3.666867209559733,4.579172546212725,-0.01046743613359375,0.0005914949186837018,0.0005914718129621483,0.00249295613359375,-0.002722043866406249,0.005214999999999999,-0.09621082830889868,3.2821086715626473,1.2689600794258755,4.6021531487257,5.839948625137007,-0.013000928764843751,0.004196778261079682,0.004196614321226846,0.011166738764843752,-0.013734141235156249,0.02490088,-0.06851135725549926,2.6988636444303564,1.2385010683750368,3.272671773931607,4.053207488455122
UNBAL_10HZ,-0.013447194590625,0.002779657265397741,0.0027795486829150185,0.009246884590625,-0.010647595409375002,0.019894480000000003,-0.11427251973999666,3.0463669630027486,1.2450675329176464,3.8306921820877995,4.769470464518972,-0.016047337366406247,0.0035190262714717424,0.0035188888068231044,0.012709737366406248,-0.013126862633593753,0.0258366,-0.06192697175919264,2.9182879645085187,1.2462833396662079,3.7303999512973656,4.64913530959354,-0.01049830730390625,0.000575020459902934,0.0005749979977274959,0.00251190730390625,-0.0022858926960937515,0.004797800000000001,-0.09886638918146488,3.2745591646475782,1.2691152879183458,4.368549653796703,5.544193151663793,-0.0122975555234375,0.00424588964103857,0.004245723782734984,0.0114512355234375,-0.0152868144765625,0.02673805,-0.21226836013108444,2.8669310434508577,1.2453302012302947,3.600520254926978,4.483836613601966
UNBAL_10HZ,-0.01329293908125,0.0026979846671214202,0.0026978792750368815,0.00994937908125,-0.010801850918750001,0.020751230000000002,-0.05219434509113407,3.029265280145796,1.244396521633748,4.003830348784726,4.98235255923935,-0.016036161784375,0.0032112075147107603,0.0032110820744671643,0.010824141784374998,-0.013138038215625002,0.02396218,-0.13362823173042634,2.9484500450359024,1.2548830204746881,4.091467583495224,5.134313199350761,-0.010267042192187499,0.0005660086574014722,0.0005659865472564454,0.0023268321921874995,-0.0025171578078125017,0.004843990000000001,-0.03622865410225533,3.425089679419798,1.2786631316293178,4.44738098460844,5.686702097328107,-0.011998678751562498,0.004275777073231965,0.004275610047427756,0.015123208751562499,-0.015585691248437502,0.0307089,-0.1733875243953687,3.207918943711379,1.2626390818419204,3.6452555484600353,4.602642118786744
UNBAL_10HZ,-0.013429692096093748,0.0026853474500631086,0.002685242551629503,0.010086132096093747,-0.008868157903906253,0.01895429,-0.06321954299473836,2.8971109990493438,1.2422801930292815,3.7561344653849296,4.666171448702327,-0.01606855426796875,0.003471619925673623,0.0034714843128715368,0.01487059426796875,-0.012210155732031248,0.02708075,-0.04913401330801945,3.089099944033163,1.2642727423250992,4.2836414996408605,5.415691185888551,-0.010291155746875,0.0006371338135676722,0.0006371089250419661,0.0026742757468750005,-0.0025243342531249997,0.00519861,-0.018749812764535426,3.270245073743942,1.2684110154837298,4.197517318877376,5.3241772049477945,-0.012398638520312501,0.0041102651410857794,0.0041101045807177,0.015523168520312502,-0.013771721479687499,0.02929489,0.013702348652169292,3.1663665066833255,1.262097727147286,3.776830544200379,4.766729245655745
UNBAL_10HZ,-0.01368277930546875,0.0026414806307953707,0.002641377445942862,0.00919340930546875,-0.008609110694531252,0.017802520000000002,-0.058621312922757296,2.9799513120149665,1.2544159246232556,3.48053600578356,4.366039791879517,-0.016134742396093752,0.003543402646571338,0.003543264229701949,0.014936782396093752,-0.012143967603906246,0.02708075,-0.011262527802011557,2.9414614742210086,1.2481646795984396,4.215542908396137,5.261691763591739,-0.010264896708593752,0.0006218874260859887,0.0006218631331339261,0.002648016708593752,-0.0025505932914062484,0.00519861,-0.038425867952886925,3.3486814855609293,1.2709394581874398,4.258198576990522,5.411912592294861,-0.01268971165,0.004067639041771885,0.004067480146518332,0.01493812165,-0.01528354835,0.03022167,-0.05871865682464414,3.078050944811034,1.257476917512247,3.7574979592911744,4.724966951408025
UNBAL_10HZ,-0.013759735942968749,0.002611858584138888,0.002611756556420177,0.010149465942968748,-0.009746504057031253,0.01989597,-0.12481721224059289,3.253866832245277,1.2708622863738095,3.8860689056257933,4.938658414409764,-0.01617712591171875,0.0034883668318835817,0.0034882305648926944,0.01148213591171875,-0.011878084088281251,0.02336022,-0.07485963233700138,2.704288996535138,1.2378676557360369,3.405188925247161,4.215173232234018,-0.01036522143515625,0.0006063946947097908,0.0006063710069543682,0.0026097714351562508,-0.0027423085648437488,0.0053520799999999995,-0.07111963275342496,3.1827938755009955,1.2626971214823415,4.522492885366662,5.710538748276853,-0.012411557867968749,0.0040040180912234834,0.004003861681211853,0.014659967867968748,-0.01556170213203125,0.03022167,-0.18198945293273705,3.191791602282957,1.2621745764065782,3.8866732597318836,4.905660175232864
UNBAL_10HZ,-0.013663729771875,0.0025035508268418903,0.0025034530299775843,0.010053459771874999,-0.009842510228125002,0.01989597,-0.2011547738537233,3.3420350814202093,1.2681871369090967,4.015837186274278,5.092833063554259,-0.016205963115625003,0.0033571245017288078,0.0033569933614915758,0.011510973115625003,-0.011849246884374998,0.02336022,-0.06172917040791295,2.7844974887245453,1.2452694390476513,3.5297200823507593,4.39545254694416,-0.010633370565625,0.000587787833878656,0.0005877648729679311,0.0022253005656249995,-0.0024741594343749996,0.004699459999999999,-0.03978136857637221,3.135175314633612,1.2583976716583845,4.209437392679967,5.29714621394021,-0.0126063962046875,0.0035425175997401757,0.003542379217443604,0.012983366204687501,-0.013730843795312501,0.026714210000000002,-0.0340357673164285,3.1285080194113597,1.2536761008368387,3.876164281818905,4.859454523033749
UNBAL_10HZ,-0.013553187486718752,0.002427628550920976,0.0024275337198285,0.009849047486718752,-0.009112692513281248,0.018961739999999998,-0.0560396735947576,3.2026027784710753,1.2636644182305217,4.057223760176878,5.126969302534965,-0.01624551598046875,0.003377771729992062,0.003377639783206723,0.01184554598046875,-0.01429054401953125,0.02613609,0.0063807167333961076,3.057601696038038,1.2579303716500978,4.2309260124724855,5.32221033129358,-0.0105592493515625,0.0005862087004716947,0.0005861858012470733,0.002461099351562499,-0.0025065606484375013,0.0049676600000000005,-0.0635336399397768,3.193701659980549,1.2632618904708413,4.276051455195523,5.401772845040888,-0.0126651031359375,0.0035069374905127636,0.003506800498091355,0.0130420731359375,-0.012350506864062501,0.02539258,0.048410490325811996,2.8606841565311107,1.2444586061400695,3.71908043900299,4.628241659244458
UNBAL_20HZ,-0.013759858984375,0.005819939459853618,0.005819712114028034,0.021406538984375,-0.021907761015625,0.0433143,-0.14339115002829847,2.919846240844849,1.2531314908033844,3.7644063119235365,4.717296093650412,-0.016331097971875,0.007657672641968162,0.007657373508288016,0.031989507971875,-0.023137512028125,0.05512702,0.10009947807482816,2.8409700703373977,1.2473198469112843,4.177608410671219,5.210813883253718,-0.010674490374999998,0.0005820284622672358,0.0005820057263363588,0.0024377703749999986,-0.002138019625000001,0.00457579,-0.009646301769627712,3.0061695846326004,1.2522404939444678,4.188567680159108,5.245094060722274,-0.00994514201015625,0.008066981711408513,0.008066666588780552,0.030605482010156247,-0.028626487989843755,0.05923197,0.026456586927805434,2.7379669342279294,1.2306858386581325,3.7940680544208427,4.669305825480944
UNBAL_20HZ,-0.013723525217968748,0.0061595472404739095,0.006159306628460284,0.018579435217968746,-0.023188244782031256,0.04176768,-0.24458597617058195,3.036979459300544,1.2570116834132856,3.7647492129853424,4.7323337458435475,-0.016303235437499997,0.007117405646207427,0.00711712761711901,0.0252804854375,-0.024880364562500003,0.05016085000000001,0.003757819738505084,2.8998903180293585,1.2519182290057451,3.552062966623248,4.44689237849187,-0.010454331234374998,0.0005452039845833581,0.0005451826871367364,0.002217611234374998,-0.002487808765625002,0.00470542,-0.05916855601398984,3.370705566544517,1.2731068163836052,4.563257095875165,5.809513713669527,-0.010440519632812499,0.008160015006703387,0.008159696249891348,0.0311008596328125,-0.028131110367187503,0.05923197,0.05286321693764773,2.813898914680475,1.2399744404481134,3.8115217381071784,4.726189534465269
UNBAL_20HZ,-0.013718692612500001,0.006607247963410732,0.006606989862746034,0.024899652612500003,-0.024621987387500002,0.049521640000000006,-0.15492430602752827,3.221578028374725,1.2641051620979553,3.7686833383684157,4.76401206234407,-0.0162185401125,0.00769147214226554,0.007691171688266626,0.028983370112499997,-0.0270406298875,0.056024,-0.043993563783820286,2.9548467228813773,1.2545728404911332,3.7683946331241027,4.727725558970047,-0.01043662479609375,0.0005736892756677284,0.0005736668654926902,0.00226546479609375,-0.0025055152039062493,0.004770979999999999,0.017421375278697707,3.2035601388242094,1.2669585741391851,4.367543873663338,5.533497158666837,-0.0121393931875,0.008243118410397678,0.008242796407295527,0.026815893187500002,-0.0317828268125,0.05859872,-0.19444025474041407,2.989844392471054,1.2468343834733877,3.855830623739497,4.807582198528044
UNBAL_20HZ,-0.013779614754687499,0.006447875881888395,0.006447624006817229,0.0249605747546875,-0.024561065245312503,0.049521640000000006,-0.04389680775027207,3.2210365873431908,1.2604579195237364,3.871282619503879,4.87958883646826,-0.01623042297890625,0.00767439528442845,0.007674095497507325,0.028995252978906247,-0.028135817021093752,0.05713107,-0.0717922501556129,3.0516731931125043,1.2539868974276713,3.778328402132133,4.7379743104525245,-0.01055207209140625,0.0005697712248844939,0.000569748967761304,0.0023809120914062495,-0.002086107908593751,0.00446702,0.13876776998433107,3.058843341147163,1.257729329409834,4.17887916631335,5.2558988915320155,-0.0122958937078125,0.007966306215494847,0.007965995025580257,0.027429823707812502,-0.0316263262921875,0.05905615,-0.14558089303113456,3.1518170198215865,1.2451663957345138,3.9701664626490003,4.9435178647627005
UNBAL_20HZ,-0.013676101078906249,0.006122655861867069,0.0061224166909510675,0.022805331078906248,-0.026078588921093753,0.04888392,-0.20149525039621874,3.1308216327374363,1.2543011815676601,4.25952532104486,5.342727643103934,-0.0162447066078125,0.007355873261072162,0.007355585916660596,0.024426296607812502,-0.028121533392187502,0.052547830000000004,-0.11413226438554773,3.0515471020385796,1.2520090135052713,3.823153411680161,4.786622531436991,-0.01078276879140625,0.0005545493782900281,0.0005545277157818345,0.0028812987914062487,-0.002092321208593751,0.00497362,0.10814407169042592,3.1748106637503604,1.260440982711498,5.195950913551498,6.549189475597556,-0.010738732539843749,0.007998894386299256,0.00799858192338438,0.03409150253984375,-0.023237737460156255,0.057329240000000004,0.3004071091147644,3.367640633728737,1.259404762236346,4.2621933320674,5.367826579977684
UNBAL_20HZ,-0.01359436154140625,0.006274043427373457,0.006273798342765173,0.01886598154140625,-0.02616032845859375,0.04502631,-0.22185209095811373,2.979803311911221,1.2511290863746312,4.169775155231337,5.216926980352218,-0.01619447556484375,0.008128890061918385,0.008128572520948249,0.03135373556484375,-0.028432514435156247,0.05978625,-0.011793173829043706,3.0870098978776706,1.2580719440788697,3.8572252980509965,4.852666929469215,-0.010664583621093748,0.0006138205063126425,0.0006137965284807884,0.002763113621093747,-0.0022701063789062528,0.00503322,0.09797290043591993,3.010043719699601,1.250193180146886,4.501676847102323,5.6279656934724605,-0.01097951491015625,0.009947725743573516,0.00994733715294685,0.03965009491015625,-0.03809363508984375,0.07774373000000001,-0.06815727023854383,3.546730023954431,1.2817354467147652,3.9860009066255593,5.10899865265917
UNBAL_20HZ,-0.01365644704765625,0.0060031220689128586,0.006002887567376844,0.02008579704765625,-0.021950082952343748,0.04203588,-0.04291350572115267,2.88011475170892,1.2497555999331826,3.656587384983382,4.569840561028014,-0.016124980102343752,0.008169614920166157,0.008169295788350173,0.03128424010234375,-0.028502009897656246,0.05978625,0.08189968410322962,3.016904710670441,1.2548564740004589,3.8294904374691208,4.805460867580975,-0.010479108188281249,0.0005639623070962328,0.0005639402768883259,0.00229900818828125,-0.0024555818117187513,0.004754590000000001,-0.01233113308908111,3.1342043488202114,1.262390788101818,4.354329549341653,5.496865511448443,-0.014208767697656251,0.010461390610545247,0.010460981954492804,0.04287934769765625,-0.03697124230234375,0.07985059,-0.05428307930192187,3.2121302112300056,1.2624534144958877,4.098979224339484,5.174770317715087
UNBAL_20HZ,-0.013691045778906251,0.005557485898093905,0.00555726880456082,0.02012039577890625,-0.020394194221093752,0.04051459,-0.12093729067029989,3.0419899821015646,1.2581233984803082,3.6698232420134778,4.617090489064019,-0.01624041715390625,0.007436102531507899,0.007435812053079245,0.02808442715390625,-0.02420414284609375,0.05228857,0.031150369756965297,2.849327287772589,1.2480349555052046,3.7769146064250245,4.713721452776613,-0.010373489421875,0.0005594216065836181,0.0005593997537502895,0.002507779421875,-0.0026669905781250003,0.00517477,-0.035864126426445896,3.2245172707791836,1.2637126380651718,4.767593407478542,6.02486804218683,-0.015497977509375,0.009206424804126334,0.009206065171133204,0.029575497509375,-0.035682032490625,0.06525753000000001,-0.11414640348311245,2.9103434275051034,1.2456746027685592,3.8759265579077784,4.828143275381881
UNBAL_20HZ,-0.013650941381250002,0.0059934274776893125,0.005993193354855665,0.022030701381250004,-0.023004548618749995,0.04503525,-0.18076928494841893,3.0679352550237606,1.2606574468566734,3.8384459263460586,4.838965441404821,-0.0161927842984375,0.007352819705221522,0.007352532480091812,0.0239437642984375,-0.0242517757015625,0.048195539999999995,-0.04824441717162203,2.8402637938420683,1.2467792927125665,3.2984248307951254,4.112407777604313,-0.010374833681249997,0.0005798784409112432,0.0005798557889672157,0.0025091236812499976,-0.0026656463187500028,0.00517477,-0.08753073936320653,3.2452282505244234,1.2630855888214054,4.597084946755124,5.8065117468342144,-0.012754244714062501,0.008753591574243614,0.008753249630394025,0.029032494714062503,-0.0310666552859375,0.060099150000000004,-0.012933818948150417,2.829595459927256,1.245523235478614,3.549156781507104,4.420557237723592
UNBAL_20HZ,-0.013626500259375,0.0060542070981670325,0.006053970601083087,0.022006260259375,-0.023097529740624997,0.04510379,-0.12271725243170475,3.102207266954605,1.261253910113503,3.815269558212379,4.81202364843238,-0.01605922756640625,0.007448399007628905,0.00744810804885977,0.02568164756640625,-0.025031992433593747,0.05071364,-0.04086893534374711,2.889763295409824,1.2523706650564188,3.4480766656356243,4.318270066907606,-0.01040542955078125,0.0005704837348040417,0.0005704614498478894,0.00224320955078125,-0.00230278044921875,0.00454599,-0.08417107315539493,3.240402998716904,1.2654617499549785,4.036697746767594,5.108286594663839,-0.010945508919531251,0.008462417676697736,0.008462087107050676,0.02722375891953125,-0.028110371080468752,0.05533413,-0.06702685120772864,2.9870006749656195,1.2627228888775872,3.3219193710552775,4.194663624837338
UNBAL_20HZ,-0.013678387879687502,0.005828203978797339,0.005827976310132677,0.018966397879687503,-0.024212312120312496,0.043178709999999995,-0.14667410452670815,3.1675114387375043,1.2623478299472064,4.154497347255224,5.244420710829058,-0.0162759256,0.007886364682018128,0.007886056614880682,0.0272914956,-0.0301629044,0.0574544,-0.1133603984533051,3.055746797689376,1.2624612358173055,3.8248399514509916,4.828712171912223,-0.01039253592890625,0.0005422668333026053,0.0005422456505906966,0.0022303159289062506,-0.00211601407109375,0.004346330000000001,-0.06513705844864287,3.26293216845468,1.2646318587561123,4.113109854319072,5.2015697603356115,-0.010776821014062498,0.008650221273613694,0.008649883367745338,0.0297147210140625,-0.0282790589859375,0.05799378,-0.029390515826623335,3.0248559657235323,1.2598356476212653,3.4352741824087603,4.327880874351553
UNBAL_20HZ,-0.013667407627343751,0.005903859361590832,0.005903628737580057,0.01908951762734375,-0.024223292372656247,0.04331280999999999,-0.14891357696941376,3.052200914256005,1.2597685213860244,4.1031191915001015,5.168980396946702,-0.01632861048671875,0.00809323287271916,0.00809291672463518,0.02734418048671875,-0.03011021951328125,0.0574544,-0.02590874770997403,2.928776444892585,1.2518034459780591,3.720564604554063,4.657415592964771,-0.010579518473437499,0.0005579972649933611,0.0005579754677994624,0.002377068473437499,-0.0021435915265625004,0.004520659999999999,-0.04348485516092801,3.2149739873425265,1.2638683407554383,4.260166639246982,5.3842897416867554,-0.010347367277343748,0.008220347176432519,0.008220026062849068,0.02928526727734375,-0.03573088272265625,0.06501615,-0.03089818443441233,3.1868812733699126,1.2566735255949915,4.346808933385778,5.4625197074057095
UNBAL_20HZ,-0.0135789639046875,0.006371445390416614,0.006371196500969834,0.0225189639046875,-0.0220692860953125,0.04458825,-0.15614911896428882,2.9874556499889553,1.2610118806366712,3.5344952712194053,4.457040529061804,-0.01636849778671875,0.0079823377288892,0.007982025912731385,0.02807691778671875,-0.02772060221328125,0.05579752,0.04367415923394602,2.880582475119019,1.245657448187864,3.5175177447038695,4.381622177823352,-0.0105653648703125,0.0005644238767026333,0.0005644018284643115,0.0022869248703125,-0.0021577451296874994,0.0044446699999999995,-0.02359560485854388,3.188959600431972,1.2610000806529649,4.051944474621963,5.10950230929963,-0.011900874802343751,0.009176357036427274,0.00917599857797926,0.03317509480234375,-0.03417737519765625,0.06735247,0.04293277842856277,3.0648426915190163,1.262339458953638,3.7246491384246485,4.701771578191105
UNBAL_20HZ,-0.01365712115625,0.00628407322397394,0.006283827747569074,0.02259712115625,-0.02199112884375,0.044588249999999996,-0.13569994960476817,3.0346357761309606,1.2629387213016605,3.596075841670198,4.541623425182752,-0.016493902821875,0.007844465380158192,0.007844158949744193,0.028202322821875,-0.027595197178125,0.05579752,-0.018077867385829463,2.9825325260139937,1.2553835350238536,3.5953278104843487,4.513515336295414,-0.0104361227359375,0.0005435843624310325,0.0005435631282521368,0.0021129827359374995,-0.002173747264062501,0.004286730000000001,-0.017566177680810115,3.1543842840778997,1.2638895679685291,3.9990704870882783,5.054383470201699,-0.012692823771093749,0.009921359094014877,0.009920971533355574,0.03396704377109375,-0.031169796228906248,0.06513684,0.07382065881163621,2.780679738344466,1.2441521531129713,3.4237618419619698,4.259680667423017
UNBAL_20HZ,-0.01372181881875,0.005818993073546372,0.005818765764689724,0.01920501881875,-0.023291271181249996,0.04249628999999999,-0.22645553617122446,3.1873719129884273,1.2700054886208734,4.00278549148506,5.083559543958026,-0.0164767410484375,0.007303015687416488,0.0073027304077942215,0.0279288810484375,-0.030765198951562503,0.05869408,-0.025518335957672847,3.061171088482435,1.2609029280349568,4.2128350950388,5.311976106662849,-0.010517131009375,0.0005467156593490047,0.0005466943028514341,0.002311701009375,-0.0023877589906250007,0.004699460000000001,-0.01862637835700557,3.3816020816406787,1.273094501609009,4.367631010915952,5.560407025054096,-0.011217200641406251,0.009394601660533521,0.009394234676738365,0.03081666064140625,-0.03264541935859375,0.06346208,-0.23466211429655395,2.8605313325527284,1.2435893310304365,3.4750483122833895,4.321533005970947
UNBAL_20HZ,-0.01366832095078125,0.006375990810615902,0.0063757417436101785,0.01915152095078125,-0.026782199049218747,0.04593372,-0.2467539719436347,3.0869832094383174,1.2603973226825327,4.2006405099547965,5.294476052298815,-0.01634980503828125,0.0072611527639823,0.00726086911966242,0.02544178503828125,-0.03089213496171875,0.05633392,0.004107313950278258,3.038218943237725,1.2556542571026026,4.2546056749684285,5.3423137280669994,-0.01055768031171875,0.0005389083419709253,0.0005388872904526465,0.00244016031171875,-0.002347209688281251,0.004787370000000001,-0.007463570124094154,3.531158706693278,1.2759317620524233,4.528145968462349,5.777605264370742,-0.012608046379687501,0.009805643047950507,0.009805260007537543,0.0322075063796875,-0.0332005136203125,0.06540802,-0.22789337875040394,2.9949946246091184,1.2557946143340868,3.3859901312959013,4.25210817106976
UNBAL_20HZ,-0.0135878475640625,0.006187302749152457,0.006187061052918096,0.0188728775640625,-0.0268626724359375,0.04573555,-0.20134528119118006,3.0957994155401445,1.2583155476595103,4.3417500176869686,5.463291551306466,-0.0163077401265625,0.007637039101637555,0.007636740773970822,0.0288833401265625,-0.0271048998734375,0.05598824,0.01925696231043883,2.9727620647388555,1.2511430628642228,3.7821553698678496,4.732017453684828,-0.0105493192,0.0005427612261272069,0.0005427400241027012,0.002431799200000001,-0.0022959708,0.004727770000000001,-0.025412778091985153,3.31812318518236,1.268839970372454,4.48059677194516,5.68516027536581,-0.01438068901953125,0.009655676313652129,0.009655299131429143,0.032624249019531246,-0.031427870980468744,0.06405211999999999,-0.05323040816773826,2.9884934727422707,1.2604567579099437,3.378895731291789,4.258951958779796
UNBAL_20HZ,-0.013629225096875,0.005926978706149982,0.00592674717902217,0.019909575096875,-0.024960284903125,0.04486986,-0.24179160194293245,3.1446332448991963,1.2594273999299783,4.211464425456241,5.304033691249954,-0.0162701967828125,0.007611555564941777,0.007611258232745138,0.0288457967828125,-0.027142443217187503,0.05598824,-0.03288367865643977,2.8974112582041927,1.245624981126193,3.7898854434753213,4.72077598399938,-0.01058861806640625,0.0005495024120031402,0.0005494809466459179,0.0019868480664062497,-0.002180681933593751,0.004167530000000001,-0.03875192247308295,3.162660500652171,1.2638678401139143,3.9686215635043105,5.015813163695698,-0.013444212728125,0.009227438625166562,0.009227078171305015,0.028770352728125,-0.031169367271874998,0.05993972,-0.07890438059051237,2.9480188704113006,1.2526007493239653,3.3780322105439167,4.2313256781678
UNBAL_20HZ,-0.013671677641406248,0.006260523692730258,0.006260279136246923,0.019952027641406248,-0.024917832358593753,0.04486986,-0.298064536965699,3.077169862806244,1.2506605027293298,3.980306918635604,4.978012651877834,-0.01619142851484375,0.0076938750345231476,0.007693574486659422,0.031440088514843756,-0.02603964148515625,0.05747973000000001,-0.04324231968886038,2.939361500371847,1.2450805977580266,4.086538522420306,5.088069826256277,-0.010438153210156249,0.0005684938945969559,0.0005684716873704548,0.002505393210156248,-0.002331146789843752,0.00483654,-0.012780112092968494,3.2002052125374663,1.2604055516482418,4.407243607408654,5.554914310244092,-0.011460882109374999,0.00900712551425636,0.009006773666543798,0.028819382109375,-0.033152697890625,0.06197208,-0.11036070389047577,3.069271065443735,1.2565982048093616,3.6808627726233074,4.6253655522280575
UNBAL_20HZ,-0.0136429975859375,0.006135523296919789,0.0061352836233597875,0.0197594475859375,-0.0221184924140625,0.04187794,-0.2172753231801733,2.9694686164079616,1.2481627953879593,3.60512957051365,4.499788602468111,-0.0162171506875,0.007708576974858265,0.007708275852688778,0.0314658106875,-0.0260139193125,0.05747973,-0.009428011916998318,2.956203057156571,1.244779967606684,4.082081556088083,5.0812933471551665,-0.0103742681796875,0.0005488183304596507,0.0005487968918248857,0.0024415081796874995,-0.0023935418203124992,0.004835049999999999,-0.020680941746000343,3.23169226615378,1.2632654644588794,4.448837477138181,5.620062741859033,-0.01113755827890625,0.008533011033059075,0.00853267770580517,0.029987548278906248,-0.030425991721093747,0.060413539999999995,-0.03329754302253406,3.186801169314249,1.265636696155767,3.5658198715736744,4.513032481345086
UNBAL_20HZ,-0.013651820481249998,0.005880879252146804,0.005880649525814087,0.02172017048125,-0.022009839518749998,0.04373001,-0.007281555062729721,2.956515333275003,1.2516814715321258,3.742756547917735,4.684739023484171,-0.016181516639062497,0.007711671609242429,0.007711370366186425,0.027252216639062497,-0.028284553360937506,0.05553677,-0.03467102116203205,2.94784690313274,1.249100709461522,3.667902333541441,4.581579407062186,-0.01043297906875,0.0005338891017064824,0.0005338682462561061,0.0026209090687500007,-0.0023348309312499985,0.004955739999999999,0.023095773184550215,3.2165725287848623,1.2630750416328194,4.909280683258139,6.20078990339347,-0.0122497088296875,0.008489079846825549,0.008488748235667126,0.0310996988296875,-0.030026061170312496,0.06112576,-0.1906307447235416,3.203351700783766,1.269405268293075,3.663637790436059,4.650641112297134
UNBAL_20HZ,-0.013633166030468748,0.005675838240183512,0.005675616523421764,0.02170151603046875,-0.024352893969531254,0.046054410000000004,-0.10925245478607014,3.2054978857075787,1.2633332491616143,4.290792704023135,5.420701088252495,-0.0162491449453125,0.007543763921313126,0.007543469237279289,0.027319844945312498,-0.029395515054687498,0.05671535999999999,-0.034349077136291255,3.0118391800915965,1.250547498642865,3.8968164554071425,4.873154070979758,-0.010327367635937501,0.0005444671014226746,0.0005444458327611136,0.002515297635937501,-0.0022512123640624996,0.004766510000000001,0.005402016287653382,3.248817277534491,1.2671559953917377,4.619922652693234,5.854162687606333,-0.01315353316796875,0.00855117474762832,0.008550840710840456,0.02576042316796875,-0.03459351683203125,0.060353939999999995,-0.2628949583357238,3.0947759779140056,1.2673383234052713,4.045627558957425,5.127178847691263
UNBAL_20HZ,-0.01362586712578125,0.006006310805671266,0.006006076179572789,0.02041579712578125,-0.024360192874218752,0.04477599,-0.1915414818549716,3.0227134860482043,1.251469649417122,4.055924724543119,5.075866693086215,-0.0162801867671875,0.007450549933117312,0.007450258890326009,0.0281405867671875,-0.031451963232812505,0.05959255000000001,0.028006695162822726,3.028789251830203,1.2521122108753555,4.221593329280431,5.2859085569419735,-0.0102933949375,0.0005702043411150389,0.0005701820670729157,0.0023561649375000004,-0.0022717750625,0.0046279400000000005,-0.05719228436010208,3.2141816468067748,1.2678921464765636,4.132302774086879,5.239314234128071,-0.012856509234375,0.008790662248412446,0.008790318856461362,0.025715209234375,-0.034890540765625,0.06060575,-0.2304394361053447,2.956255211214665,1.2594797829839055,3.969200814595998,4.999128180586908
UNBAL_20HZ,-0.013479480562500002,0.005950681107457811,0.005950448654436865,0.0202694105625,-0.022909299437500003,0.04317871,-0.1170173514119064,2.918087665399231,1.243292706119612,3.8500121197446213,4.7866919869505935,-0.01617826436484375,0.007389377299827014,0.007389088646638372,0.02803866436484375,-0.03155388563515625,0.05959255,0.07350314435286433,3.0570330794189546,1.2574389244138093,4.270335239449527,5.369685750379801,-0.010404672328125,0.000582691425404861,0.0005826686635764804,0.0024674423281249996,-0.002166457671875,0.0046339,-0.0019483215703682965,3.1592339405464496,1.2617868465627975,4.234726324528221,5.34332197508293,-0.011020858219531249,0.007935982414369056,0.007935672409001086,0.02387955821953125,-0.028024591780468754,0.05190415,-0.133530463190479,3.01878215382588,1.2623056155737071,3.531470345056291,4.457794847796573
UNBAL_30HZ,-0.013677867892968749,0.013006993459917373,0.013006485364311407,0.04187760789296875,-0.049085402107031245,0.09096301,-0.05839446757495252,2.8875797170211586,1.2521166574506717,3.7739174521133165,4.725384905634881,-0.01646583296796875,0.014997421069660963,0.014996835221457859,0.07465331296796875,-0.05825468703203125,0.132908,-0.011960486308775402,3.267693399380844,1.2652311319291938,4.977937802580698,6.2982418806323,-0.0106287601796875,0.0005838985785722074,0.0005838757695884853,0.0021804601796874996,-0.0025264498203125003,0.00470691,-0.08215457779817094,3.1663288933775044,1.2609809505501552,4.32703316682098,5.4563063957599685,-0.00881661344921875,0.019042056242382643,0.01904131239753217,0.055303123449218755,-0.05137193655078125,0.10667506,0.19670327619115566,2.5435593007233823,1.2216787238256033,2.9043756173227986,3.548213897681115
UNBAL_30HZ,-0.013659496192968747,0.013392582736682247,0.013392059578700967,0.041859236192968746,-0.04910377380703125,0.09096301,-0.09028798873878136,2.8154949965334697,1.245497892504527,3.6666334642900633,4.566784252359847,-0.016377299030468747,0.015053214516663365,0.015052626488986167,0.06707156903046875,-0.05834322096953125,0.12541479,-0.13637217652294947,3.201991259053234,1.264476540720097,4.455805043694151,5.634260947773542,-0.0105630358140625,0.0005768834860175242,0.0005768609510662072,0.002131125814062499,-0.0022584141859375,0.004389539999999999,-0.08400808214861392,3.1359750935865254,1.2642654717034043,3.9150061756880787,4.9496071294280295,-0.010274210489062501,0.02032167104594686,0.02032087721516682,0.0579586804890625,-0.0629428995109375,0.12090158,0.11191867185566885,2.688362063620899,1.238626214589032,3.097449920319337,3.83658266968424
UNBAL_30HZ,-0.013830457861718748,0.013199665421491933,0.013199149799490465,0.04928053786171875,-0.042028152138281254,0.09130869,-0.10362179744308916,2.720907707593221,1.2377492990689218,3.7336145592969294,4.621278803763296,-0.016248136983593748,0.015037962555352296,0.015037375123466474,0.051760796983593746,-0.05613308301640625,0.10789388,-0.19922909451245835,2.948079710886393,1.2496199814646474,3.73290435036153,4.664711865108076,-0.01056647154453125,0.0005797848135505473,0.0005797621652639099,0.00213456154453125,-0.002254978455468749,0.004389539999999999,-0.113156926716133,3.1540095006548268,1.2662453776770373,3.8894888120929285,4.925047229839221,-0.01331479353984375,0.021612296608847843,0.021611452362022044,0.08275326353984375,-0.06253663646015625,0.1452899,0.3972421165520762,3.328561659091771,1.2644178211997104,3.8291393911714438,4.841632086054982
UNBAL_30HZ,-0.014117822986718749,0.013121599226842924,0.01312108665436175,0.04956790298671875,-0.04174078701328125,0.09130869,-0.06655736491355702,2.743334750263273,1.24074668254046,3.777728498595141,4.687204102170474,-0.0162700030828125,0.015457154508262955,0.01545655070137164,0.0676720230828125,-0.0559741369171875,0.12364616,-0.05778347200917452,2.895011793934955,1.2417105170931375,4.3782098859098735,5.436469261375435,-0.01053277275,0.0005779967999352196,0.0005779742214942283,0.0019056727500000002,-0.0024197972499999994,0.00432547,-0.09427554465090358,3.158008476570802,1.2658482352462166,4.186687156641923,5.299710548763178,-0.0072784139281250005,0.021901738824018194,0.021900883270635028,0.081002123928125,-0.06857301607187499,0.14957514,0.3783641620015324,3.2498792357568407,1.2655125784683783,3.698577948987731,4.6805969168897485
UNBAL_30HZ,-0.01395535583125,0.013122046118688158,0.01312153352874993,0.04400269583125,-0.04169018416875,0.08569288,0.014258979527287306,2.7391708927241556,1.2394099436017858,3.3534720415748596,4.156326593918462,-0.01637755000234375,0.015584486096606466,0.015583877315727832,0.06777957000234375,-0.055790599997656246,0.12357017,-0.04148169576973866,2.9789739301325233,1.2494118953441449,4.3493392965778845,5.434116254032145,-0.010497441590625,0.0005904133722640966,0.0005903903087912753,0.001983581590625,-0.002455128409375,0.00443871,-0.11900371796050074,3.153885470882201,1.2665474802304335,4.158483587580328,5.266916909429477,-0.0097335144,0.020868262805056687,0.02086744762261902,0.0834572244,-0.0723565456,0.15581377000000002,0.15060679234082122,3.2592678051056816,1.2682032928269318,3.999397813728668,5.072049476695529
UNBAL_30HZ,-0.013749954209375,0.012858898690859018,0.012858396380317962,0.043797294209375,-0.043020535790625,0.08681783,-0.0757540194717055,2.867192105090528,1.2498600708078709,3.4061241319652007,4.257178548758423,-0.016396303165625,0.015113810393110574,0.01511321999836072,0.051673543165625,-0.055771846834375,0.10744539,-0.13911794395299548,3.1961272782901937,1.2639827725840984,3.6902689724906,4.664436407429741,-0.010414641825,0.0006058014279146591,0.0006057777633341734,0.001979751824999999,-0.0026154081750000002,0.004595159999999999,-0.1840564624065982,3.088140680752646,1.2582009182430476,4.317438396227871,5.432204954591698,-0.0133363062296875,0.02029464241219451,0.020293849637241096,0.0633258062296875,-0.06875375377031251,0.13207956,0.010555535402705374,2.817719984882631,1.2416373874532822,3.387910869515018,4.206556800949205
UNBAL_30HZ,-0.014018625887499999,0.013017431607811826,0.013016923104457746,0.045664735887499995,-0.0427518641125,0.0884166,-0.09963013735288992,2.7655172797042256,1.2416318389576055,3.508105219724449,4.355775135223243,-0.0162319661765625,0.01537419973409409,0.015373599167686934,0.0532793261765625,-0.0764817938234375,0.12976112,-0.18169612880697714,3.1872766529290537,1.2572530430414521,4.974878880944879,6.254681611830605,-0.01076829670078125,0.0007165262016339124,0.0007164982117824735,0.0023334067007812504,-0.0026521332992187497,0.00498554,-0.09729699257723973,2.8771319793167907,1.2433087673897114,3.701521170054125,4.602133723406917,-0.013922903864062499,0.02011034528672363,0.02010955971101729,0.0639124038640625,-0.0606426561359375,0.12455506,0.13926583169602416,2.6590969898608163,1.219341263560669,3.1782100047196575,3.8753226030160275
UNBAL_30HZ,-0.0139193669765625,0.014049492990836382,0.014048944171797096,0.0455654769765625,-0.050408403023437506,0.09597388000000001,-0.02872377222338075,2.674339977638562,1.2276157297621897,3.5880563270107597,4.404754386311156,-0.01638363292734375,0.016592255772567944,0.016591607624917445,0.053430992927343754,-0.07633012707265625,0.12976112,-0.10368319144120522,2.917634539019626,1.2459660119037987,4.6005262900517785,5.732099394274393,-0.0109766723859375,0.0006561563608755711,0.0006561307292670973,0.002532842385937501,-0.002481007614062499,0.00501385,-0.06458658292824097,3.0921336602045266,1.2615575813883848,3.8602709383337435,4.8699540684681875,-0.016415684689843748,0.018191006130731213,0.01819029553067505,0.055252534689843744,-0.05345339531015625,0.10870592999999999,0.1877321631975589,2.656874645643137,1.2259296609047772,3.03747317335604,3.723728457419728
UNBAL_30HZ,-0.013685294844531248,0.013711220528943868,0.013710684923930717,0.04513472484453125,-0.050642475155468755,0.0957772,-0.09390354275001415,2.7930688306997644,1.236960631748594,3.6936502761490093,4.568899979043647,-0.01651000215546875,0.016457626500920523,0.01645698361232867,0.056996282155468744,-0.06117412784453126,0.11817041,-0.02575975845446094,2.926011475183259,1.2546771503451923,3.717213876223524,4.663903313443737,-0.0107418600265625,0.0006353316883731409,0.0006353068702443253,0.0022980300265625,-0.0027158199734375003,0.00501385,-0.12723670158808395,3.12900554707415,1.2603299079298882,4.274815999381613,5.387678454917841,-0.012126009960937498,0.019892955654453825,0.01989217857069586,0.059229379960937495,-0.0497462400390625,0.10897562,0.3209965022115406,2.6560577359203488,1.229331950260567,2.9775210266909222,3.660361730683798
UNBAL_30HZ,-0.013944464629687498,0.012234991757055625,0.012234513818355193,0.0412561646296875,-0.0415625053703125,0.08281867000000001,-0.1155933580090252,2.839039937400289,1.2445316564176243,3.3971521866244587,4.227863437922492,-0.016258816325781248,0.015345470004526542,0.015344870560396368,0.056745096325781244,-0.05235121367421876,0.10909631,-0.1104922997111887,2.9895111225025754,1.2535515474638548,3.6979846850083486,4.635614424389851,-0.0105799156515625,0.0005901236502691865,0.0005901005981138516,0.0022225056515625015,-0.002478444348437499,0.004700950000000001,-0.02693752970369843,3.127538584844962,1.2591947360850788,4.200037004469055,5.288664487389977,-0.00938442427890625,0.02060788824767505,0.020607083236317186,0.056487794278906246,-0.05622176572109375,0.11270955999999999,0.1433604849867899,2.5712022790225433,1.2210467080129235,2.741183389765427,3.347112954132781
UNBAL_30HZ,-0.013923006767187501,0.012857856215878045,0.012857353946059464,0.0421406267671875,-0.0456159032328125,0.08775653,-0.08363967522811885,2.8946767788757306,1.2510417354515362,3.5478453361543267,4.438502586456148,-0.016447586055468748,0.015170533028964548,0.015169940418443455,0.07477959605546874,-0.05285380394453126,0.1276334,-0.14051014673729786,2.939088557967524,1.243956197133114,4.929458784462494,6.132030803444388,-0.010627820315625001,0.0006891572156203596,0.0006891302948908186,0.0022704103156250023,-0.002965449684374998,0.00523586,-0.4129368331623517,3.4526054101784656,1.2774571121830203,4.303177071681088,5.497124155201909,-0.01221837331484375,0.020122692490101225,0.020121906432072834,0.06303184331484375,-0.054076196685156244,0.11710804,0.0779247517556782,2.6924681923526452,1.2355957626648835,3.1324985794773226,3.8705019713559463
UNBAL_30HZ,-0.013603604314062498,0.013786215468391804,0.013785676933831611,0.0449248943140625,-0.045935305685937504,0.0908602,-0.055143120127551785,2.7570201716177842,1.240978635255393,3.332103741181332,4.135069553260599,-0.01640004364765625,0.015499725447501831,0.015499119977650725,0.07473205364765625,-0.05734899635234375,0.13208105,-0.09702528872380096,2.897053956580131,1.24216735131267,4.8216965708645185,5.989354058264163,-0.010782860985156248,0.0006988650383072255,0.0006988377383584541,0.0026802409851562486,-0.002810409014843751,0.00549065,-0.30307500541942156,3.1676356362315823,1.261555435554954,4.0215472928598635,5.073404846648672,-0.013888415369531249,0.02086930050309424,0.020868485280120704,0.06470188536953125,-0.05362199463046876,0.11832388000000002,0.14887132528850489,2.6527790642362077,1.234361343367033,3.1004591133965147,3.8270868762666823
UNBAL_30HZ,-0.013547056951562499,0.013040034831288705,0.013039525444978961,0.0448683469515625,-0.0432413130484375,0.08810966,-0.014630312208399523,2.7671418985513685,1.2388216777428713,3.4409493766385215,4.26272267979562,-0.01606596166796875,0.01503912804188661,0.01503854056447308,0.05048645166796875,-0.05768307833203125,0.10816953,-0.14209223367269516,2.910611946824827,1.2490909655885511,3.8356832622642423,4.791117309753487,-0.010652646858593748,0.0006325414402201484,0.0006325167310875302,0.0025500268585937486,-0.0024727631414062524,0.005022790000000001,-0.08435638440931967,3.219833857639019,1.265974377842197,4.031556373551272,5.103847071742315,-0.01388882279140625,0.019792701121165473,0.019791927953676704,0.062123102791406246,-0.05362158720859376,0.11574469000000001,0.19366191426346852,2.6791991196380276,1.233972699860198,3.1388100712980704,3.8732059380280606
UNBAL_30HZ,-0.013621423200781248,0.012264358281520919,0.01226387919566822,0.04404573320078125,-0.041538376799218756,0.08558411,-0.025153789551451068,2.8812339857474227,1.2456002574459726,3.591500902613167,4.473574448912403,-0.016188120482031252,0.01520318226142129,0.015202588375514643,0.057143750482031255,-0.06458328951796875,0.12172704000000001,-0.1672255857736243,3.0672292132901453,1.2557584475525765,4.248177213163706,5.334684422130687,-0.010431212953125,0.0006222181492690995,0.0006221938433979104,0.002547622953125,-0.0026092670468750006,0.005156890000000001,-0.04642085274978463,3.1675278667140594,1.2624322199506026,4.193656164492617,5.294206661449944,-0.012152214171875,0.01786566102556521,0.017864963134550448,0.059070824171875,-0.050737705828125,0.10980853,0.21567648616644555,2.7841929701596073,1.2343374149466861,3.3065181118472795,4.081359018651969
UNBAL_30HZ,-0.013750088309374998,0.013000880048815805,0.013000372192019627,0.047704208309374996,-0.043397371690625,0.09110157999999999,-0.020395570558329423,2.832633705632446,1.2454024429724746,3.6694494284293313,4.56994128252984,-0.01627556020078125,0.016028261843459148,0.016027635727251816,0.057231190200781254,-0.06449584979921875,0.12172704000000001,-0.13175772880424946,3.0410671734102857,1.2551714274239205,4.024040157685662,5.050860228733491,-0.0105393550578125,0.0006291612724550261,0.0006291366953627902,0.0026557650578125005,-0.002775284942187501,0.0054310500000000015,-0.11351368624724394,3.423995002279454,1.278289624584217,4.411259051718704,5.638866677165231,-0.010270461160156251,0.01792132163163444,0.017920621566334786,0.05718907116015625,-0.05470396883984375,0.11189304,0.17950440925743766,2.7690347039185226,1.2353284081510212,3.1912437271478438,3.942234033479478
UNBAL_30HZ,-0.013686418397656252,0.013787920505671706,0.013787381904507193,0.04764053839765625,-0.04741848160234374,0.09505902,-0.0485508880155104,2.7565246272787753,1.2411091175401339,3.4553723634856466,4.2884941448182365,-0.016145837308593747,0.016148573882177553,0.016147943066189416,0.06954147730859375,-0.054371392691406256,0.12391287000000001,-0.0868626155623496,2.902905944024758,1.243537930258752,4.3065223244562825,5.355323857967474,-0.010728319185937498,0.0006198664806528496,0.0006198422666455099,0.0024185891859374985,-0.0027800208140625025,0.005198610000000001,-0.18877668298013683,3.328415721508819,1.2727083366735146,4.485045573138378,5.708154891293855,-0.011922686307031251,0.019408230265178034,0.019407472116375418,0.055675046307031247,-0.055034933692968746,0.11070997999999999,0.09912971005002466,2.486689463828136,1.219766469671412,2.8687428209701964,3.4991963031300233
UNBAL_30HZ,-0.0136219112921875,0.013450292610367539,0.013449767198050288,0.0448597612921875,-0.04748298870781249,0.09234275,-0.0778950213600695,2.7703523072219607,1.2411798440504282,3.530394839450883,4.381854916266083,-0.01617991,0.01614055992939494,0.016139929426457946,0.06957555,-0.06623497,0.13581052,-0.14549753472259636,2.9730190052829966,1.2433486411758683,4.310771637324872,5.359792057687352,-0.010665369479687499,0.0006396222496009559,0.0006395972638688187,0.0024554694796875,-0.0028429705203125016,0.0052984400000000015,-0.11147754358172512,3.104826002236989,1.2549717179444635,4.444938527591316,5.578272140128808,-0.014498764651562501,0.021092363878498933,0.021091539941942104,0.0690059446515625,-0.07118964534843751,0.14019559,0.09482014937092843,2.879446174775711,1.2356888212986719,3.375270157816764,4.170783602877179
UNBAL_30HZ,-0.0138439296734375,0.01324867926124661,0.013248161724604633,0.0501418196734375,-0.0477794903265625,0.09792131,-0.055766905519406974,2.7823688964343773,1.240109145923959,3.784813373791592,4.693581680454269,-0.0163459258,0.01600126387547322,0.016000638813894612,0.0513966858,-0.0660689542,0.11746564000000001,-0.15495309530408338,3.0378760813617247,1.2518630573851106,4.129144777808942,5.169123805933665,-0.0106495936390625,0.0005912921818223612,0.000591269084020371,0.0024396936390625006,-0.0027663663609374996,0.00520606,0.01506598171076428,3.013882145852422,1.250839275522435,4.67869272333236,5.852292616445137,-0.012320989149218751,0.021090852945166993,0.02109002906763215,0.06689521914921875,-0.07336742085078125,0.14026264,0.05676777028684309,3.056474672102713,1.2434199854107102,3.478772865390767,4.325575705531362
UNBAL_30HZ,-0.01384292124609375,0.013651936239244654,0.013651402950069301,0.05014081124609375,-0.04983818875390625,0.099979,-0.04113531597451674,2.831348699832217,1.243995029799433,3.672941999403747,4.5691215919998545,-0.0164365105828125,0.015566255532913237,0.015565647464179908,0.0493148505828125,-0.055461949417187496,0.1047768,-0.09822628806664266,2.940970496880416,1.2507592425700595,3.563099417792806,4.456579529000351,-0.010726998091406249,0.0005680481640178552,0.0005680259742030449,0.002017948091406249,-0.0020780619085937514,0.004096010000000001,0.01817334499282075,3.0388455172715614,1.2611826120927474,3.6583924027582113,4.613900886570864,-0.00870283867890625,0.019495709516418568,0.019494947950390955,0.06327706867890626,-0.06734974132109374,0.13062680999999998,0.08460025196539425,2.6717355847747553,1.217964642413497,3.4547279373343027,4.207736476831292
UNBAL_30HZ,-0.013884629954687502,0.013635414350499303,0.013634881706722836,0.0485792799546875,-0.049796480045312494,0.09837575999999999,-0.02063801334717912,2.7958473019180348,1.2380882808521574,3.652138765586779,4.521670205718856,-0.016460245933593753,0.0162734381280617,0.016272802434468693,0.05960468593359375,-0.10042578406640625,0.16003046999999998,-0.08582528163432179,3.0912734352470768,1.2469287122054078,6.171388393045721,7.6952813814599015,-0.010746210360937498,0.0005545560529277261,0.0005545343901587994,0.002113150360937498,-0.0020141496390625024,0.0041273,0.020648928066612324,3.1185077023999592,1.2679746631693778,3.810675042773028,4.831839403808084,-0.00764101881484375,0.01900981566155597,0.019009073076127786,0.05851557881484375,-0.06841156118515625,0.12692714,0.0738161213858629,2.4767248977945955,1.200871377109182,3.598889904372545,4.32180387552819
UNBAL_30HZ,-0.01405811077109375,0.01353650336614778,0.013535974586157105,0.04875276077109375,-0.04645525922890625,0.09520802,-0.018819246199620353,2.818076970607702,1.2404549061064054,3.60171781209991,4.4677685304301615,-0.0164520834109375,0.016298000275867808,0.016297363622797163,0.07381559341093749,-0.1004339465890625,0.17424953999999998,-0.13208373161422593,3.306263424915434,1.2563465363760398,6.162588558101076,7.742346790080901,-0.01082327164765625,0.0005467914998987783,0.0005467701404386284,0.0022676916476562503,-0.002208268352343749,0.004475959999999999,0.01887304301962697,3.1023855002317338,1.2664066305566917,4.14743139747366,5.25233462153965,-0.012727263142187502,0.019097805431553944,0.01909705940895824,0.0636018231421875,-0.0596152168578125,0.12321704,0.1653869355831479,2.5432774044273656,1.2136525225480401,3.3304511328248014,4.042010418575798
UNBAL_30HZ,-0.01381769100625,0.013494439005721993,0.01349391186890249,0.04796998100625,-0.046695678993749996,0.09466566,-0.08225214399652037,2.852728816495662,1.2492697458579098,3.5549351049786853,4.441072875138084,-0.01661899914765625,0.015119761950363325,0.015119171323126224,0.08014216914765626,-0.06632334085234376,0.14646551000000002,-0.12554661476165815,3.4548970225931788,1.268054457840844,5.3006985260542105,6.721574395633431,-0.01083541724296875,0.0005977986516542592,0.0005977752996883269,0.00237519724296875,-0.00262524275703125,0.00500044,-0.14416062159668605,3.2755263485759905,1.2712548668516876,4.391688245399268,5.582955055659168,-0.01841014188359375,0.01754180334402855,0.017541118103951567,0.056390241883593754,-0.05393233811640625,0.11032258,0.19576040092720967,2.6432713490663815,1.2233589289268938,3.2147461495564795,3.932788406293271
UNBAL_30HZ,-0.013574029909375,0.013112448856263852,0.01311193664122601,0.045884679909375004,-0.044184330090625,0.09006901,-0.1243007371468967,2.8128773755886116,1.2445814878258166,3.4994586356607527,4.355361435355562,-0.016459984834375,0.01435323125575085,0.014352670571703849,0.079983154834375,-0.06075628516562501,0.14073944,-0.08406937671886033,3.3583424092885448,1.261107593295989,5.572701918767718,7.027776704933097,-0.010802297336718749,0.0006306779647360718,0.0006306533283968864,0.00234207733671875,-0.0026583626632812503,0.00500044,-0.1635858194558952,3.1570195925759856,1.264616777434388,4.215251935700994,5.330678319000257,-0.01573180402421875,0.01811990471368235,0.018119196891079537,0.06278600402421874,-0.04783159597578125,0.1106176,0.19332615610041096,2.5855930085919296,1.212568206220302,3.465164841557057,4.201748716184498
UNBAL_30HZ,-0.01385980620546875,0.01321957396406336,0.01321905756436926,0.04617045620546875,-0.04800052379453125,0.09417098,-0.09146332888616254,2.8576543516352433,1.2429727078575445,3.6311608116385083,4.513433786708516,-0.01609331713671875,0.015429721972424064,0.015429119237137112,0.06256045713671875,-0.062362632863281246,0.12492308999999999,-0.14615840278814887,2.9757438068416535,1.2489385737871446,4.054700477402422,5.064071831381035,-0.01078153488515625,0.000632424600228026,0.0006323998956595591,0.0020888748851562496,-0.0023885751148437512,0.004477450000000001,-0.09198195456731054,3.0076119863918094,1.2576289552642013,3.7770011210273777,4.750065973869378,-0.01177994547109375,0.019025605036793486,0.019024861834580784,0.05883414547109375,-0.05775686452890626,0.11659101000000001,0.04497798400427706,2.6245112115200104,1.2227292865766928,3.0924873979454146,3.78127490983721
UNBAL_5HZ,-0.0127561989421875,0.0010925420865148586,0.0010924994082560282,0.0042959789421875005,-0.004198511057812502,0.008494490000000002,-0.15756430300850385,3.287625373086505,1.2692500475323507,3.93224830120982,4.99100634321957,-0.015573319010156248,0.0013093580907572668,0.0013093069429578465,0.0049302490101562485,-0.004215370989843753,0.009145620000000002,0.10702846335700375,3.038936894362587,1.2635745952044295,3.765541026627688,4.758041978446752,-0.0102467851765625,0.0005698945243409819,0.0005698722624013128,0.0024555751765625005,-0.002358614823437499,0.0048141899999999994,0.22751926238205833,3.5789420784339994,1.285583459065952,4.308992275242986,5.539569194295344,-0.01848362961484375,0.016367419580998962,0.016366780216183742,0.03056603961484375,-0.06886762038515626,0.09943366000000001,-0.9756590599816626,3.5062438458419596,1.2877110357794388,4.207768386665254,5.418389787512692
UNBAL_5HZ,-0.01278437332890625,0.001034325112513455,0.001034284708399589,0.00429435332890625,-0.0040734866710937494,0.00836784,-0.10093823696059152,3.202413936665362,1.2654173844363998,4.152003112906079,5.2540169193054,-0.01558714318359375,0.00137357010246569,0.0013735164463355707,0.00521972318359375,-0.004842246816406248,0.010061969999999998,0.1323232195375925,3.038885005456939,1.2624397368828886,3.800262601528758,4.797602518759846,-0.01039947560390625,0.0005749407766615511,0.0005749183175988006,0.00260826560390625,-0.002311714396093751,0.004919980000000001,0.14709630458593717,3.5552350817112104,1.282334098313732,4.53675856911276,5.8176402089903085,-0.01597048060546875,0.009345686605035488,0.009345321532022008,0.02461695060546875,-0.03893154939453125,0.06354850000000001,-0.38311637275265975,3.0084015323847986,1.2402573768935896,4.1658865627181685,5.166771540713087
UNBAL_5HZ,-0.013049040864843748,0.0010301062197518797,0.0010300659804417312,0.004559020864843749,-0.0044405791351562526,0.008999600000000002,-0.07575433488450414,3.3189927488556554,1.2715867539895436,4.425950328821333,5.627979811944872,-0.015554206035156249,0.0012530340982656763,0.0012529851506651864,0.005186786035156248,-0.00487518396484375,0.010061969999999998,-0.0360245417394647,3.143434322755121,1.2676003083056355,4.139543100253567,5.247286110125888,-0.010511091154687499,0.0005581186566669379,0.0005580968547310845,0.0024546611546874993,-0.0022000988453125016,0.004654760000000001,0.020416660580325062,3.2905620906543773,1.2737503562260692,4.398270898463068,5.602299123696086,-0.02320884147109375,0.00924680972651487,0.009246448515954898,0.025829751471093752,-0.03480877852890625,0.06063853,-0.2221053763463084,2.8796770127576923,1.2416939473303144,3.764556572055004,4.674427109903255
UNBAL_5HZ,-0.0131615306265625,0.0010734678857124344,0.0010734259525541259,0.0040233606265625,-0.004496459373437499,0.008519819999999999,-0.1384206383842059,3.269369863320408,1.2681473406934811,4.188886399419127,5.312125147890458,-0.015505564868750002,0.0012290635693214395,0.0012290155580880254,0.007411884868750001,-0.005333575131249997,0.012745459999999998,-0.046401667343676796,3.7577594046233727,1.2817737084221408,6.030749423775108,7.730056053476908,-0.01026016782109375,0.0006190194577728373,0.0006189952768529752,0.00233187782109375,-0.00227222217890625,0.0046041,-0.002282152679924394,3.129771035891132,1.2613922729460652,3.7671980842070645,4.751914554076011,-0.028662567641406247,0.010073275927330913,0.010072882432304402,0.03243077764140625,-0.03432569235859376,0.06675647000000001,-0.03254965863325335,2.9345396012405214,1.2561831515853668,3.4077328499843285,4.280736591254298
UNBAL_5HZ,-0.013150612884375001,0.0011041559742527528,0.0011041128423175716,0.003990092884375001,-0.004507377115624997,0.008497469999999998,-0.21429966213791032,3.1794170394096297,1.269275294496211,4.082351860126773,5.181628359499565,-0.015596718179687498,0.001322962799124825,0.0013229111198811041,0.007503038179687498,-0.0061215218203125015,0.013624559999999999,-0.11017756908675044,3.7886962877691044,1.2881869055654438,5.67161169554749,7.306095919656101,-0.01005563621953125,0.0005729308917227751,0.0005729085111726885,0.0021273462195312513,-0.0026302237804687496,0.004757570000000001,-0.09500976697761634,3.4014517100454293,1.2711356790988824,4.591001406288999,5.83578569032709,-0.0228903892421875,0.012496208100200877,0.01249571995753774,0.0280800592421875,-0.0400978707578125,0.06817793,-0.2898873589341406,2.3881214635094112,1.1930734678470012,3.208928408612777,3.8284873445364047
UNBAL_5HZ,-0.01321289243984375,0.0011244295528239797,0.0011243856289366674,0.00352193243984375,-0.004610487560156249,0.00813242,-0.2425471816366737,3.2566762953665647,1.2753537984347647,4.100450451787072,5.22952505898019,-0.015743728796875002,0.0013569059009353051,0.0013568528957632723,0.004732628796875003,-0.005974511203124998,0.01070714,-0.1759658144307182,3.2161178711332696,1.2701585494807057,4.403212184445498,5.592777601251064,-0.0099930395734375,0.0005756764024582312,0.0005756539146595368,0.0022748395734374996,-0.002692820426562501,0.0049676600000000005,-0.04782604639019411,3.4833874198961414,1.2774840957089952,4.677846112025722,5.975874010287019,-0.016477086309375003,0.008133567720246293,0.008133249996551559,0.021666756309375004,-0.036502843690624995,0.0581696,-0.31923229165688616,3.000112600706838,1.2438954825062023,4.488100538665594,5.582727985079786
UNBAL_5HZ,-0.013236607885156251,0.001100871898141493,0.0011008288944930405,0.0036141878851562517,-0.0045867721148437485,0.00820096,-0.16865097947188964,3.384697171306331,1.2792360710038044,4.1666530900390955,5.330132928137473,-0.015864189709375,0.0013504032889703952,0.0013503505378116038,0.005708349709375001,-0.004779760290625001,0.010488110000000002,-0.030912946197193304,2.96709380277926,1.2500959253851,4.227309538918709,5.284542429943843,-0.0100809570234375,0.0005690736748778277,0.0005690514450032171,0.0023627570234375003,-0.0023843829765625,0.00474714,0.12519385333384875,3.3941585763218245,1.2772143275971009,4.190100908273803,5.351656914124927,-0.009218159602343751,0.015390030366705835,0.015389429181902517,0.04079572960234375,-0.04376177039765625,0.0845575,0.325640685369505,2.153764185277336,1.178702138392895,2.8436253145190538,3.3517872390117773
UNBAL_5HZ,-0.01317074173671875,0.0010041960488071388,0.0010041568216328117,0.00414283173671875,-0.003934458263281251,0.00807729,-0.09854903882324048,3.3912282577885033,1.2753979952810928,4.125682012479174,5.261886567883203,-0.015891930250000002,0.0012805072459957838,0.0012804572252044994,0.005736090250000003,-0.006467009749999999,0.012203100000000001,-0.07609423325377865,3.434513110077708,1.2632557266490476,5.05054727538217,6.380132768338271,-0.0102965334828125,0.0005382677685318706,0.0005382467420364806,0.0024323134828125002,-0.0025576965171874994,0.00499001,-0.02422964938714431,3.51730902869115,1.282881074671428,4.751903388231093,6.096126925428705,0.0006756597070312497,0.012501045068933686,0.012500556737322767,0.03090191029296875,-0.05116132970703125,0.08206324000000001,-0.6766933759323607,3.197012068505062,1.2653186073016809,4.09272409078225,5.178599946618635
UNBAL_5HZ,-0.0131366811515625,0.0011175212364947704,0.0011174775824688353,0.004108771151562499,-0.0044527688484375,0.00856154,-0.22560917221419366,3.575982158518975,1.2895054806138821,3.9846605590064987,5.138241629224855,-0.01591314168046875,0.0014434607211116564,0.0014434043348259219,0.005578501680468749,-0.007035838319531251,0.01261434,-0.058013044363030966,3.7212314584226998,1.28578903237726,4.874474982354678,6.267546470908982,-0.01036877624921875,0.0005740423395850708,0.000574019915618204,0.0025209462492187494,-0.0025688937507812506,0.00508984,-0.08832551160263652,3.4114123281258992,1.2779393889751864,4.475269378092259,5.719123014538583,-0.0032251523773437502,0.009321531968125274,0.009321167838670727,0.029388062377343753,-0.03651761762265625,0.06590568,-0.015264550906927141,2.804981481527693,1.241513784561899,3.917708408935157,4.863888993587063
UNBAL_5HZ,-0.013112388796875001,0.0011971611726461402,0.0011971144076244366,0.003963788796875001,-0.004477061203124999,0.00844085,-0.2127165203748474,3.272726942726591,1.2795918488059468,3.7398774708670617,4.785516727254492,-0.015820327717968753,0.0015491444202575845,0.0015490839056217186,0.005485687717968752,-0.007128652282031248,0.01261434,-0.01898294491030047,3.055346107600242,1.246778334278685,4.601850329837487,5.737487288834599,-0.010273638003125,0.0005998963969731084,0.0005998729630623991,0.002425808003125,-0.0027251219968749997,0.00515093,-0.011574867457960493,3.329594789524867,1.2746011873933172,4.542831840533428,5.790298858072076,-0.0120260249078125,0.008765416119754121,0.0087650737139992,0.025219974907812498,-0.037503065092187496,0.06272304,-0.22265845169064527,2.890052592569169,1.2437822715379496,4.278693632922813,5.3217632859716995
UNBAL_5HZ,-0.01311876983828125,0.0012276704416696242,0.0012276224848563218,0.005071279838281251,-0.00416374016171875,0.009235020000000002,0.0016776750863340296,3.19782315625936,1.2756866013062151,4.13097666492707,5.269831581756098,-0.01574284701953125,0.0014382035908018583,0.0014381474098767873,0.004530597019531249,-0.0053376729804687495,0.009868269999999998,0.07536089376370557,2.655027394643447,1.224948531566381,3.7114922599805347,4.546386993783145,-0.010080456360156252,0.0005739418739907541,0.0005739194539484014,0.002451656360156252,-0.002918303639843748,0.00536996,0.03220724131906428,3.3210324953688564,1.2681424187486319,5.0848662120906605,6.448334537213843,-0.017628749215625003,0.00887378149109986,0.00887343485223994,0.029073439215625003,-0.032770500784374997,0.06184394,-0.10102599577425404,2.9997913066871185,1.254675767910568,3.6931020884322683,4.6336456987758785
UNBAL_5HZ,-0.013176393027343752,0.0011583121936140286,0.0011582669461602088,0.005128903027343753,-0.004106116972656249,0.009235020000000002,0.10643873909851251,3.4372281290732167,1.2833893189942829,4.428083736954309,5.6829553716194505,-0.01576814256328125,0.001223799199677188,0.0012237513940872293,0.00455589256328125,-0.00385068743671875,0.00840658,0.09346762980324948,3.0266224803980735,1.253890200331091,3.7228906012232947,4.668096041778613,-0.010013284599218752,0.0005536387793772171,0.0005536171524399883,0.002384484599218752,-0.0027008854007812486,0.0050853700000000005,0.018398640999035383,3.404367985616483,1.2756617833527635,4.878615824812297,6.223463763373068,-0.015037017373437503,0.011355122398797251,0.01135467883066494,0.030059197373437502,-0.0353622326265625,0.06542143,0.05552274160373024,2.386647209678169,1.2040785287672282,3.1143313830296733,3.749899549771976
UNBAL_5HZ,-0.013200191703125001,0.0011004032573991116,0.0011003602720572956,0.004172281703125001,-0.004633618296874998,0.008805899999999998,-0.06917388631572954,3.2274611611799155,1.2676093347993524,4.211001082592452,5.337904281144372,-0.01575564937890625,0.001253368672737712,0.0012533197120676515,0.00460299937890625,-0.005329340621093751,0.009932340000000001,-0.05586126801020223,3.092545725242007,1.2617255741075617,4.252179687098135,5.365083856912406,-0.01002335560234375,0.0005904812570109416,0.0005904581908863205,0.002327505602343751,-0.00234811439765625,0.004675620000000001,0.010675079705720094,3.240995298315569,1.2695898463060933,3.9767665753464447,5.048862465189301,-0.01257381910078125,0.010105007852467372,0.010104613117888324,0.027595999100781247,-0.03395739089921875,0.06155339,-0.15963595267973255,2.6753373755513876,1.2343166912533539,3.360582983538831,4.148023668923974
UNBAL_5HZ,-0.01316192524375,0.001121720393999107,0.0011216765759403783,0.003804725243750001,-0.004671884756249998,0.008476609999999999,-0.13974618582343395,3.0634117385149455,1.252927759485204,4.165090772563595,5.218557849720601,-0.015714257877343752,0.0013902219356684016,0.0013901676290633427,0.006050117877343752,-0.005370732122656249,0.011420850000000001,0.011584335725876445,3.0732748127000855,1.2518889829241204,4.352077944312484,5.4483184313118524,-0.010223119553125,0.0006357542113201463,0.0006357293766862057,0.002527269553125,-0.002331620446875,0.00485889,0.05617348252398131,3.1301599155285755,1.2649038450536727,3.9753858258031287,5.028480816630248,-0.016785101437499998,0.009874113353001845,0.009873727637915348,0.0292951414375,-0.0363423385625,0.06563748,-0.33344531736722816,2.7460000296324854,1.2302172266268852,3.6807110642736953,4.528074157505676
UNBAL_5HZ,-0.0131228120453125,0.0010946610434482782,0.0010946182824160759,0.0044569720453125,-0.004246117954687502,0.008703090000000002,-0.1591077335426976,3.2247728430747498,1.2646323257423275,4.071713506807991,5.149220521871038,-0.01569188692421875,0.0014432428644090252,0.0014431864866334843,0.006027746924218749,-0.00485372307578125,0.010881469999999999,0.008029126025483606,2.981638454628911,1.2489831737313342,4.176693019264372,5.216619302902323,-0.0103286066640625,0.0005919496152839065,0.0005919264918004202,0.002473326664062501,-0.0022514633359375005,0.004724790000000001,-0.01561363728936726,3.275386953967059,1.2688896851381337,4.178435495494654,5.3019737002482135,-0.0230128495484375,0.009797121019190147,0.009796738311675433,0.0355228895484375,-0.032318300451562504,0.06784119,0.22133405493956693,2.9370542395252603,1.2507581462187958,3.6259914696407147,4.535238368772987
UNBAL_5HZ,-0.013089201719531249,0.0011536442232290276,0.0011535991581213627,0.004855461719531249,-0.004279728280468752,0.009135190000000001,-0.13373547411588826,3.4524774407215064,1.2867477842394544,4.208967807707465,5.415880000502774,-0.0156876193546875,0.0014460029482517764,0.0014459464626583548,0.0049327993546875015,-0.004857990645312497,0.009790789999999999,0.0473872773928567,2.957585401887891,1.2606095311868544,3.4114674934911564,4.3005284376290795,-0.01018356948203125,0.0006046456673961364,0.0006046220479634277,0.0025368894820312496,-0.0023965005179687505,0.00493339,-0.022444431893311325,3.228254412990129,1.2655656539845832,4.195826947721067,5.31009447509875,-0.0267560661953125,0.007643956117989866,0.007643657520121904,0.0263075761953125,-0.028575083804687502,0.05488266,-0.18720664868200373,3.081728987557067,1.259919206222167,3.7384045176623477,4.7100876524305075
UNBAL_5HZ,-0.0131104939359375,0.0011372470169731198,0.0011372025923938349,0.0048767539359375,-0.004020036064062501,0.008896790000000002,-0.07092696355916928,3.42910867163346,1.2834189873064608,4.288377434729403,5.503785024468288,-0.0156588563015625,0.0013690897127049803,0.0013690362315935045,0.0049040363015624994,-0.004682623698437499,0.009586659999999999,0.03418810320776786,3.0326909252420258,1.2614358056484078,3.5821084850723004,4.518599902787176,-0.010129175053125,0.0005850610450029542,0.0005850381906095,0.0024824950531249996,-0.0023644749468750004,0.00484697,-0.006403386625604881,3.2925385737601767,1.272802462957891,4.243304271365098,5.400888127673235,0.00012421873906250048,0.0360887847101586,0.03608737496447123,0.0807723512609375,-0.0541471487390625,0.1349195,0.5996037516983599,1.7022226214716638,1.0873740089216672,2.2382440213636916,2.4338083744551917
UNBAL_5HZ,-0.013162339184374998,0.0011156392444144608,0.0011155956639052774,0.004651459184374998,-0.004550780815625001,0.009202239999999999,-0.06877478169395712,3.25979191838451,1.2719981484739828,4.169484818623267,5.303576969379176,-0.0156693235515625,0.0014278531522277835,0.0014277973756246167,0.004781893551562499,-0.004672156448437499,0.009454049999999999,-0.029498936723476303,2.651833099918383,1.2300882948203353,3.349140174368629,4.119738126203387,-0.010150623370312499,0.0005774088255883235,0.0005773862701155287,0.002483083370312499,-0.0020643966296875014,0.0045474800000000004,0.08663037678445505,3.346030916043605,1.2753444631644337,4.3005583936307685,5.484693335832332,0.030598917279687502,0.024363519650356262,0.024362567931781303,0.0502976527203125,-0.08032617727968751,0.13062383,-1.1884225418889973,4.014357263241291,1.3630817419476673,3.297114553137927,4.494236648492251
UNBAL_5HZ,-0.013077958389062498,0.0010893046516349983,0.0010892620998409377,0.004713098389062498,-0.004635161610937501,0.009348259999999999,-0.06958611032314602,3.3068670721237434,1.2692695686208686,4.326872650531714,5.491967782617822,-0.015643909040625,0.0014221715617651221,0.0014221160071034174,0.004756479040625001,-0.004490460959374998,0.009246939999999999,0.0693064786487573,2.728798178269659,1.242410532601833,3.34464911221487,4.155427284873125,-0.010221755039062499,0.0005651980412464268,0.0005651759627667118,0.002554215039062499,-0.002188454960937501,0.00474267,0.1506844307190134,3.34495134804012,1.2766744327522888,4.519327089847954,5.769709348853688,0.0248527378671875,0.013087220527055568,0.013086709297518583,0.0321397621328125,-0.0555288578671875,0.08766862,0.010702833683305072,2.999620238820123,1.2696123220398563,4.243149030422532,5.387154293275915
UNBAL_5HZ,-0.01304791405234375,0.0011399592476390324,0.0011399147171111677,0.00468305405234375,-0.003820375947656251,0.008503430000000001,-0.058783176412446146,3.086771929321303,1.2615192847611332,4.108249487480777,5.182635955067043,-0.015642190884375,0.0014161813564190812,0.0014161260357543433,0.005134710884375001,-0.004445989115625,0.009580700000000001,0.08140693981693481,2.9047862234788897,1.2558975331785351,3.6258855177673777,4.553740677351826,-0.0102335986765625,0.000549012390774804,0.0005489909445594098,0.0021488586765625005,-0.0023330613234375,0.00448192,0.0707415305021108,3.3424170986938155,1.2744881458548012,4.249726423647821,5.4162259500650665,0.013154959377343749,0.008337839057941178,0.008337513354741461,0.02067102062265625,-0.04383107937734375,0.0645021,-0.7699916744146263,3.5811917614155133,1.2785870355468176,5.257092554150747,6.721650384406851
UNBAL_5HZ,-0.0131829330796875,0.0011129507553361315,0.0011129072798481041,0.0044515330796875,-0.0044020469203124996,0.00885358,-0.004053470092888176,3.0506345324054998,1.2648588782535037,3.99991370376791,5.059326360458696,-0.0157789950015625,0.0014216674166596705,0.0014216118816915185,0.005271515001562501,-0.004468614998437499,0.00974013,0.10898270187847693,2.825082789893301,1.2460668630206493,3.7081253114528967,4.620572074529579,-0.0102440296078125,0.0005800652916169068,0.0005800426323738809,0.0024543096078125,-0.0023226303921875004,0.00477694,-0.026055373655292015,3.3435642519428104,1.2747715039389051,4.231257274604108,5.393886199499512,0.005427204286718751,0.008168799287322453,0.008168480187367749,0.01811181571328125,-0.03467441428671875,0.052786229999999996,-0.12122407079041572,2.8315276808682652,1.2300803311419453,4.2449040080113605,5.221572927840385
UNBAL_5HZ,-0.013262824784375,0.001086551059768257,0.0010865086155384797,0.004525464784375001,-0.004322155215625,0.00884762,0.09949508711672611,3.448355657066336,1.2804347546985806,4.165143947921807,5.333195069241537,-0.015879170960937498,0.0014415189741614368,0.001441462663726674,0.004841250960937498,-0.005281809039062502,0.01012306,0.06404565112076968,2.7488101464227452,1.239268127175142,3.6642010729623884,4.540927601283245,-0.010350345531250001,0.0005783175520222409,0.0005782949610516264,0.002560625531250001,-0.0025977544687499996,0.005158380000000001,-0.09298727148429364,3.418975001411238,1.273599591331302,4.492092519751506,5.721127197377918,-0.007668534225781251,0.011168332683408347,0.011167896411891807,0.022185604225781252,-0.061086025774218754,0.08327163000000001,-0.7774452753446346,3.3900330816900452,1.230403762295379,5.469787999571082,6.730047733630375
UNBAL_5HZ,-0.01327436890859375,0.0011544249158585076,0.0011543798202544413,0.004537008908593751,-0.00424803109140625,0.008785040000000001,0.16772679054089984,3.2659256806090373,1.2716300257124307,3.9302566009805435,4.9978323025613385,-0.015865009442187498,0.0014023101584081875,0.001402255379597705,0.004999929442187499,-0.005352590557812502,0.01035252,-0.04733366993396999,2.9836398978014733,1.2440911552878509,3.8171296296599793,4.74885721084717,-0.01023289849296875,0.0005920899712859661,0.0005920668423197163,0.002256928492968749,-0.0027152015070312507,0.00497213,-0.12229198235569616,3.434702707436733,1.2729371517520207,4.585971233236266,5.837653159652474,-0.022240026242968752,0.010671002384548042,0.01067058554037575,0.02590691624296875,-0.046514533757031254,0.07242145,-0.22570634473620174,2.5356707271393613,1.2111394113694327,4.359136017515428,5.279521430332929
UNBAL_5HZ,-0.013238656984375,0.001136083060996301,0.0011360386818849344,0.004332926984374999,-0.004353773015625,0.008686699999999999,0.043909622335235605,3.0119274220727412,1.2516480277554964,3.8324161712532065,4.796836142287346,-0.0158271625109375,0.0015177347779500444,0.0015176754902772956,0.005993162510937499,-0.0065749874890625,0.012568149999999998,-0.0468140446976151,3.61899063283943,1.2832817102782874,4.332274937023052,5.559529190578702,-0.010110429572656248,0.0005933710719067198,0.0005933478928964995,0.0023370995726562475,-0.0027587004273437517,0.005095799999999999,-0.046865797663998114,3.4422838996594205,1.27386616833646,4.6493810130121505,5.922689176182077,-0.030534251978125,0.008565419056255666,0.008565084463038629,0.023975271978125,-0.03438653802187501,0.058361810000000014,-0.3143336858436552,2.9163700561353743,1.238059129131061,4.014734258636339,4.970478399939942
