file_id,Sound_mean,Sound_std,Sound_rms,Sound_max,Sound_min,Sound_pk_pk,Sound_skewness,Sound_kurtosis,Sound_shape_factor,Sound_crest_factor,Sound_impulse_factor,Sound_dominant_frequency,Sound_spectral_centroid,Sound_spectral_bandwidth,Sound_spectral_entropy,Sound_spectral_energy,Sound_band_1_energy_ratio,Sound_band_2_energy_ratio,Sound_band_3_energy_ratio,Sound_band_4_energy_ratio,Sound_band_5_energy_ratio,Sound_band_6_energy_ratio,Sound_band_7_energy_ratio,Sound_band_8_energy_ratio,Health label,Operating frequency
BF_10HZ,-0.011602541065624998,0.005613800506542105,0.00561358121317666,0.023284141065625,-0.020626158934375,0.0439103,-1.4551915228366852e-13,3.725290298461914e-11,1.2513789928585268,4.147822963142088,5.19049852309685,476.0,533.5334586949864,792.5770163523198,7.108487871171988,2581.4871361089167,0.9624175480046848,0.023131828543734707,0.006111229054998715,0.0024293327728625537,0.004049333679887751,0.0009806164249354142,0.0008197912196302381,6.031363363838481e-05,BF,10HZ
BF_10HZ,-0.01161352876796875,0.006036495686774827,0.006036259881556403,0.02329512876796875,-0.02019499123203125,0.04349012,5.820766091346741e-13,1.1175870895385742e-10,1.2449425962622735,3.8591991102449152,4.804481360597298,496.0,498.10611903730967,714.9998360473688,6.790608469798362,2984.8726306322246,0.9714456571680168,0.016785870417368145,0.005023752980613407,0.0020308657518770534,0.0033669663379245606,0.0007323734249032808,0.0005740652278830497,4.044201074043518e-05,BF,10HZ
BF_10HZ,-0.012129147575,0.005769773575097903,0.005769548188915466,0.020432917575,-0.019679372425,0.04011229,5.820766091346741e-13,0.0,1.2443450356759227,3.5415108605409493,4.40686145887031,496.0,491.9006248031216,749.6877421877286,6.82804806133953,2726.9272667338482,0.9692831983552019,0.017763105523289784,0.005625986002119699,0.0021129528840014167,0.0036769072331128017,0.000861111960706444,0.0006216861271017128,5.504847298731465e-05,BF,10HZ
BF_10HZ,-0.013332847334375,0.005135534725844091,0.005135334115100608,0.017551037334375,-0.017288142665625,0.03483918,5.820766091346741e-13,0.0,1.246686302159878,3.4177011539225717,4.260801214300982,496.0,518.8674009779314,900.9233908635613,7.156404030992312,2160.3661372563733,0.9549290943926035,0.025546564532972212,0.008406681051158533,0.003556641654211083,0.005239634791540728,0.001280918809944201,0.0009383702526345113,0.00010205847516680016,BF,10HZ
BF_10HZ,-0.012278751374218749,0.00585720541523836,0.005856976613682959,0.020570601374218747,-0.01982031862578125,0.04039092,-1.1641532182693482e-12,-1.4901161193847657e-10,1.2509753442152045,3.5121535781191167,4.3936175320743756,2.0,462.5243424057877,788.5469471821417,6.637633715825365,2810.1980266324535,0.9645950095201645,0.02094949987056833,0.006126433439707648,0.0027280170344558758,0.004088016409521127,0.0008564849993494064,0.0006028969187890814,5.36373437532992e-05,BF,10HZ
BF_10HZ,-0.01104831589296875,0.005755410409178326,0.0057551855840680165,0.01934016589296875,-0.02105075410703125,0.04039092,2.9103830456733704e-13,0.0,1.2417337154783976,3.6577020490265326,4.541891956239847,496.0,497.33488439600035,808.4845032831857,6.845467226447481,2713.3674634130057,0.9653560280799071,0.020763478449229725,0.005399816370043863,0.002322739007594305,0.0038345541284165474,0.0010888779621470244,0.0011571700203633387,7.73171700316015e-05,BF,10HZ
BF_10HZ,-0.011357660962499998,0.005458209482146831,0.005457996266674488,0.0180537209625,-0.0220049290375,0.04005865,4.3655745685100554e-13,1.1175870895385742e-10,1.242842352243639,4.031686347575268,5.010750544647068,68.0,486.47755525702297,905.3140110055928,7.0056932025257375,2440.374131819794,0.960735306480874,0.02096351888076341,0.007441290438459852,0.0031869686823986503,0.004720324591667057,0.0012337824489807095,0.0016109449285388042,0.00010786074310701882,BF,10HZ
BF_10HZ,-0.01190665670078125,0.005443975030963796,0.005443762371535563,0.01860271670078125,-0.021455933299218747,0.04005865,-5.820766091346741e-13,0.0,1.2577202336759699,3.941379478183418,4.957152719217134,496.0,503.2970014766802,881.3446418757406,6.934860542750496,2427.6622342345945,0.9584288250512474,0.022555146052092148,0.008224154115346594,0.0036523109904354396,0.005064003813537056,0.001026704954874728,0.0009591159381074162,8.973908435708882e-05,BF,10HZ
BF_10HZ,-0.012128946308593751,0.0052254873817370135,0.005225283257149278,0.019896316308593752,-0.019132743691406252,0.039029060000000004,0.0,0.0,1.247392822488059,3.8077010040678148,4.749698903563752,56.0,545.2949182113624,871.4011896363673,7.072291516015342,2236.7096946199276,0.9563676722355708,0.025425195270401078,0.007461740347365792,0.0033228025569426453,0.005343360983025961,0.001115033965775771,0.0009065658501152248,5.762718230746643e-05,BF,10HZ
BF_10HZ,-0.011452692464062502,0.0051858854127706105,0.005185682835165003,0.019220062464062503,-0.017988217535937497,0.037208279999999996,-4.3655745685100554e-13,-1.30385160446167e-10,1.2489168043652938,3.7063706114114034,4.62894854069001,496.0,537.5869295085095,844.6649894753062,7.294146651117909,2202.9358266145564,0.9595730826202945,0.02404056774460193,0.006556830152818836,0.002838178796178083,0.004981618073827098,0.0010471457676928648,0.0009089217242995648,5.365435397782017e-05,BF,10HZ
BF_10HZ,-0.0123314343984375,0.005634968946849214,0.00563474882657542,0.0213951043984375,-0.0213097856015625,0.042704889999999995,1.1641532182693482e-12,2.2351741790771484e-10,1.2482373477417283,3.796993451373344,4.739549035976103,496.0,502.05246006260376,782.7792627621167,6.770472470321687,2600.992304248875,0.9682885758560191,0.01810099125274844,0.005316108840783546,0.002445189347871152,0.004014705700083184,0.0010754002681781219,0.0007145956582930665,4.4433051928185404e-05,BF,10HZ
BF_10HZ,-0.012459852958593748,0.005498984132377107,0.00549876932411388,0.02152352295859375,-0.021181367041406253,0.04270489,-5.820766091346741e-13,7.450580596923828e-11,1.245491859443905,3.9142436581749123,4.875158613023375,496.0,528.6678976870166,816.1008724356794,6.864791703553749,2476.9711404004624,0.9647210470724173,0.01885022220230172,0.0072181406676546395,0.003037927502640184,0.004115256580508827,0.0012374705257733889,0.0007760544478746419,4.387859309149983e-05,BF,10HZ
BF_10HZ,-0.011572044607031248,0.0050081110610303995,0.005007915427871043,0.016535234607031248,-0.01950786539296875,0.036043099999999995,7.275957614183426e-14,-2.7939677238464354e-11,1.2424081431773242,3.8954063162697006,4.839684529284266,502.0,582.3109518209575,877.9473004321899,7.236270215672789,2054.489475098602,0.954348295145109,0.025334555416659625,0.009156389542973844,0.003965032770153034,0.005155172216531134,0.0010875972778122865,0.0008654452346398883,8.748906078969785e-05,BF,10HZ
BF_10HZ,-0.012234981343749998,0.005230703099343111,0.005230498771012427,0.01719817134375,-0.019968388656250002,0.03716656,-5.820766091346741e-13,-1.4901161193847657e-10,1.2359790186164439,3.817683461297744,4.718576658785142,496.0,588.3979325621543,940.4256213371757,6.907775526117265,2241.17697865978,0.9571088608604359,0.023079008313659954,0.006958182491866106,0.0034616627871764164,0.005663939810168331,0.0018953534041188927,0.0017254888326702967,0.00010750191221835619,BF,10HZ
BF_10HZ,-0.01275993406953125,0.005188853946093692,0.005188651252527487,0.01679336406953125,-0.019443435930468753,0.0362368,-5.820766091346741e-13,-1.1175870895385742e-10,1.2477033083993314,3.7473005951691585,4.675519351060448,496.0,602.8473077139802,981.9496829954476,7.280615606260479,2205.4585896469393,0.9551654752073209,0.024310897799432695,0.0067857520169074615,0.0030653203040020816,0.0059702357480125885,0.002465274917233798,0.002122308974517702,0.00011472730315708176,BF,10HZ
BF_10HZ,-0.012321246174218752,0.0053574711541679075,0.005357261873863362,0.021316376174218752,-0.01983295382578125,0.04114933,-1.1641532182693482e-12,-1.1175870895385742e-10,1.255119812455944,3.9789684865391104,4.994082181525289,496.0,574.2125555033928,895.2829698229193,7.2353877233090875,2351.124887056747,0.9599163559482614,0.022567341051183243,0.006066142892877778,0.002562697718546609,0.005567207278125905,0.0017838505940509482,0.0014535617913066768,8.282991708660874e-05,BF,10HZ
BF_10HZ,-0.0113090080390625,0.005622571652994501,0.005622352016999456,0.020304138039062503,-0.020845191960937502,0.041149330000000005,8.731149137020111e-13,1.4901161193847657e-10,1.2439943526365032,3.707557245473689,4.612180276266149,502.0,545.018652791625,807.6394043004173,6.726387123152012,2589.5602133625375,0.9653921374195604,0.019832963787034624,0.005412270786058994,0.0024087849802775637,0.004726726050412172,0.0011967498515457126,0.0009535426516496544,7.680895882787993e-05,BF,10HZ
BF_10HZ,-0.01176103318046875,0.005572284409453153,0.005572066737841928,0.020641433180468752,-0.01681418681953125,0.03745562,-5.820766091346741e-13,-7.450580596923828e-11,1.2417154615793846,3.7044483039983778,4.599870736521837,496.0,502.70875898086905,799.6442239416261,6.6554661807231374,2543.446242587249,0.9634301185408786,0.021722448055526034,0.006386695558569426,0.002544321377819939,0.004109990855960758,0.0008821487927594035,0.0008543520408914767,6.992252345154434e-05,BF,10HZ
BF_10HZ,-0.0125408771796875,0.005258294921666108,0.005258089515508813,0.0187809971796875,-0.0161028828203125,0.034883880000000006,-5.820766091346741e-13,-1.4901161193847657e-10,1.2429416043496562,3.571829106507381,4.439575000949415,58.0,581.3980720874216,1047.424611287093,7.329418706381068,2264.883643879378,0.951321847924223,0.025873030718635823,0.007929437078633705,0.003386702351716926,0.005607609198469162,0.002034441874043471,0.0037438939791779556,0.00010303214803787262,BF,10HZ
BF_10HZ,-0.011821656857031248,0.005232856640687533,0.005232652228232498,0.018753136857031248,-0.016822103142968753,0.03557524,-8.731149137020111e-13,-2.2351741790771484e-10,1.2451883787105384,3.5838683779261733,4.462591255874695,496.0,586.2168029977516,1056.5799158231616,7.160920622800884,2243.0228058126036,0.950430285339553,0.025569874434848042,0.008512407600198437,0.003707741928141697,0.005817005266558647,0.0021173411516770004,0.003738552552612465,0.00010678125254438302,BF,10HZ
BF_10HZ,-0.011473388564062499,0.0052981551964698176,0.005297948233240126,0.0184048685640625,-0.0189479414359375,0.03735281,-8.36735125631094e-13,-1.8626451492309571e-10,1.2428391626457638,3.576467832108813,4.444974286526627,496.0,526.8464369988992,868.630244080925,6.763889238409898,2299.351490445937,0.9583250172096763,0.022449641661077362,0.008580282396333502,0.0035050067609070294,0.00504536997037358,0.0010425231884305668,0.0009850447434607574,6.711289293409632e-05,BF,10HZ
BF_10HZ,-0.010882568525781249,0.005297184241887842,0.005296977316586805,0.01635235852578125,-0.01953876147421875,0.03589112,-5.820766091346741e-13,0.0,1.2379828097424013,3.6886624772484793,4.566500738637534,496.0,527.5200755622834,850.8030169778349,6.782083370076646,2298.5087965528096,0.9625469028514295,0.01948352155218576,0.007599458328039413,0.0031166271551018236,0.005327787827554048,0.0009283976992442352,0.0009255476780366461,7.175580462863495e-05,BF,10HZ
BF_10HZ,-0.0112090243828125,0.005372089303036095,0.005371879451698956,0.0157967343828125,-0.018538825617187497,0.03433556,5.820766091346741e-13,2.2351741790771484e-10,1.2404855609487306,3.4510874230197333,4.281024118624676,496.0,516.1576658039531,808.7248450846557,6.900873614878867,2363.9727182973415,0.962667400746865,0.02178559751556076,0.006814647362252533,0.0026080686597138823,0.004409980470430628,0.0008348281375884899,0.0008163807443882946,6.309616791879808e-05,BF,10HZ
BF_10HZ,-0.01184557298671875,0.005487957876838938,0.005487743499297232,0.01901098298671875,-0.01790227701328125,0.03691326,-2.9103830456733704e-13,3.725290298461914e-11,1.2466225380249725,3.4642623121304887,4.318627476719328,496.0,513.6747464353077,836.4600728945426,7.048806911876887,2467.0477342578683,0.9613726645169689,0.02383402316992687,0.005936948583647334,0.002327915789952011,0.0039469854632454325,0.0012887167105282511,0.001223880037861897,6.886086333867829e-05,BF,10HZ
BF_20HZ,-0.01093938292421875,0.011683974359058059,0.011683517944895146,0.04127131292421875,-0.041030327075781255,0.08230164000000001,-3.2741809263825415e-13,-3.259629011154175e-11,1.2449106065637947,3.5324388694690105,4.397570616016583,496.0,729.54100909892,1123.7885800027757,7.237834596637619,11182.456206388671,0.8703458097002728,0.0985064721576929,0.014894730483501512,0.007059975591117189,0.005369895037270156,0.0017060242502025058,0.0019976592281617618,0.0001194219117909152,BF,20HZ
BF_20HZ,-0.01190844563203125,0.011444240722079741,0.01144379367269493,0.04437256563203125,-0.04006126436796875,0.08443383,1.8189894035458566e-13,1.746229827404022e-11,1.2498712424112441,3.8774349570831084,4.84629444760174,496.0,778.6687240885641,1130.011338716965,7.155952366079035,10728.277084791238,0.8638366041048865,0.10336794323108707,0.01547192918257208,0.007069549487689829,0.006302878282748685,0.001829792762987002,0.0020031637737722542,0.00011813902927984781,BF,20HZ
BF_20HZ,-0.0122586863125,0.011587829989770438,0.011587377331320304,0.04621578631249999,-0.0411056636875,0.08732145,-2.5465851649641993e-13,-1.3969838619232177e-11,1.2493384755067607,3.98845959590802,4.982936031602068,496.0,735.5270452996393,1112.0277672544075,6.902679123583384,10999.178338215783,0.8621389459798992,0.10693928854024173,0.014255505015329064,0.006699958888946145,0.006645889191947079,0.0016153362088245308,0.0016006883802070857,0.00010438361596290307,BF,20HZ
BF_20HZ,-0.01180348945,0.011855252292118089,0.011854789187280236,0.04576058945,-0.045688160549999995,0.09144875,-1.0913936421275138e-13,-1.3969838619232177e-11,1.252471747448846,3.860093058022439,4.834657498104346,496.0,716.5416201691405,1121.8597848002396,7.1556839116154425,11512.71136858047,0.870279166359171,0.09898727177920838,0.013554443355986925,0.006973326751162388,0.006502894959352673,0.0016979403578136854,0.0019150544372935582,8.989099022599626e-05,BF,20HZ
BF_20HZ,-0.012979143917187502,0.011733047783061031,0.011732589451930052,0.0429221839171875,-0.0445125060828125,0.08743469000000001,1.4551915228366852e-13,9.313225746154785e-12,1.2436794921222685,3.7939200260430246,4.718420531543856,496.0,704.0418724325367,1111.887393173848,7.135527490081928,11276.5874424349,0.8718678589336653,0.09822685293650191,0.013018606025366582,0.0071613981547647395,0.005975044160179859,0.0017599160731257227,0.0018971867761307794,9.313613214842256e-05,BF,20HZ
BF_20HZ,-0.013563233578906249,0.011901861020278893,0.011901396094752036,0.05650354357890625,-0.04317298642109375,0.09967653,0.0,4.656612873077393e-12,1.255056585660386,4.747639951171279,5.958556787562528,496.0,721.0254905173134,1118.2308895769063,7.18806236401016,11603.413380136968,0.8637721662542323,0.10496081593957766,0.01476622338378639,0.007274097288054889,0.005326641887396528,0.0019374194130960482,0.0018572179183278265,0.00010540755398528792,BF,20HZ
BF_20HZ,-0.012075977041406248,0.012115073833811364,0.012114600579496301,0.05501628704140625,-0.045081912958593755,0.1000982,7.275957614183426e-14,9.313225746154785e-12,1.258927449998603,4.541320753899126,5.717193356803886,496.0,725.8681778099425,1092.6868672509204,7.117956801519459,12022.869786692767,0.867409118041618,0.10256584407611037,0.014929190750640704,0.006686575546304366,0.004703683318537149,0.0017697724211184686,0.001846601846888702,8.921399732002611e-05,BF,20HZ
BF_20HZ,-0.01101724473671875,0.011955073826657487,0.01195460682246478,0.04563590473671875,-0.04614064526328125,0.09177655000000001,-2.5465851649641993e-13,-1.3969838619232177e-11,1.247975328646936,3.8596539346417753,4.816752887950929,496.0,742.0786772041544,1134.84797322337,7.342768644996631,11707.40221251825,0.8658495543327552,0.10228700335225625,0.015043025998290209,0.007391942750701091,0.004989302446646392,0.0019295250946795978,0.0024124299282532406,9.721071119686079e-05,BF,20HZ
BF_20HZ,-0.01107079743203125,0.012152673021065472,0.01215219829800347,0.045689457432031254,-0.04276439256796875,0.08845385,-2.1827872842550277e-13,-2.3283064365386964e-11,1.255187717311565,3.7597689165241794,4.719215764339303,496.0,752.456027328694,1144.704541836754,7.364835382308087,12097.611655018352,0.8637992489375298,0.10498506345001103,0.01430760132032407,0.007210231020181313,0.004623242564879497,0.0020860398837753407,0.002902128284677244,8.64438726381431e-05,BF,20HZ
BF_20HZ,-0.0121137263078125,0.011430558330924412,0.011430111816018445,0.0413251763078125,-0.0417214636921875,0.08304664,-2.1827872842550277e-13,-2.561137080192566e-11,1.2654072039475646,3.6501360931629607,4.61890850808153,496.0,795.2200936660319,1161.1478511726825,7.267118175312037,10702.639622062381,0.846277376948721,0.1202029828333588,0.015600087722125806,0.008030639619836268,0.004991396265943531,0.0020448298752955988,0.0027602062235730484,9.247749050957584e-05,BF,20HZ
BF_20HZ,-0.012364413336718751,0.010937486593171928,0.010937059339256917,0.042872163336718755,-0.042376696663281255,0.08524886000000001,1.3642420526593923e-13,2.9103830456733705e-12,1.2568203440665549,3.919898576294244,4.926608277814582,496.0,817.1197418725852,1176.020467130253,7.442587957045306,9799.210372928355,0.8414830087077114,0.12324238581166816,0.01623173688229071,0.008367778524117492,0.0058210691682086466,0.002337392529921994,0.002409653225581238,0.00010697084962724948,BF,20HZ
BF_20HZ,-0.0123657686546875,0.0109263021019727,0.01092587528496041,0.0428735186546875,-0.042375341345312505,0.08524886000000001,-2.8194335754960775e-13,-1.979060471057892e-11,1.2540960789889724,3.924035148907415,4.921117094510106,496.0,808.6448596176693,1162.2636936559818,7.452378770507077,9779.179580893486,0.8485812999328651,0.11659110887565888,0.01594109809311739,0.00857889626687766,0.005865858183067196,0.002187604483717552,0.002163259460365161,9.08746905921238e-05,BF,20HZ
BF_20HZ,-0.012268430097656248,0.011376175872028892,0.011375731481479218,0.039741050097656244,-0.04249502990234375,0.08223607999999999,-1.8189894035458565e-14,9.313225746154785e-12,1.247777466195101,3.7355865834029354,4.661180762200678,496.0,759.4267297774778,1129.802349495722,7.405246443443107,10601.043304302972,0.8570292535263501,0.10979731646488161,0.015562548995161631,0.008143373187955431,0.005562826885461966,0.0019702127873171427,0.001851206448698618,8.325923889812276e-05,BF,20HZ
BF_20HZ,-0.013378843750781251,0.011486348837661774,0.011485900143396571,0.03910667375078125,-0.04138461624921875,0.08049129,0.0,9.313225746154785e-12,1.248381216349237,3.6030799266009943,4.498017301765281,496.0,744.1774575556245,1115.5269798286165,7.436397520798555,10807.369900441634,0.8629557566098863,0.1060705713783423,0.014578220866818993,0.007022197131072741,0.005542927446136075,0.0018517857684913297,0.0018890773365301111,8.946344872794939e-05,BF,20HZ
BF_20HZ,-0.012323684303125,0.011882905412451671,0.011882441227392704,0.042001504303125,-0.045972565696875,0.08797407,2.1827872842550277e-13,9.313225746154785e-12,1.2510873038983792,3.8689495544926458,4.8403936674563965,496.0,729.3228986176471,1105.6390429192252,7.2906290311455395,11566.4821882223,0.8705103653285559,0.09949246662556598,0.013822400627752304,0.007333984838019444,0.0049759616320676795,0.001709798664885179,0.002064175016044632,9.084724223260929e-05,BF,20HZ
BF_20HZ,-0.011699247885937498,0.01195296907116947,0.01195250214919538,0.0465384278859375,-0.0465970021140625,0.09313542999999999,-2.9103830456733704e-13,-1.862645149230957e-11,1.25316418780978,3.89851443057894,4.885478670469905,496.0,696.1543151115652,1097.0204667635871,7.024914756052222,11703.280344950876,0.8711705103573779,0.0989402382499539,0.01395446841205937,0.007405362318721489,0.004880915501125647,0.0016734790941263166,0.0018737001942713194,0.00010130806772452313,BF,20HZ
BF_20HZ,-0.012657838803906252,0.01140751170175946,0.01140706608713003,0.04749701880390625,-0.043540491196093746,0.09103750999999999,1.8189894035458566e-13,2.0954757928848266e-11,1.2514681105215604,4.163824285486583,5.210893311558493,496.0,716.244554076342,1135.421983137956,7.1343934300032,10659.525168277776,0.8583964956772266,0.10921234234610441,0.015224820858941194,0.00786563789843997,0.0055040440717882685,0.001737764881405766,0.001972842518014821,8.604985482327457e-05,BF,20HZ
BF_20HZ,-0.010641271290625,0.011299950078024004,0.011299508665102567,0.041719691290625,-0.045452758709375,0.08717245,1.4551915228366852e-13,9.313225746154785e-12,1.2545568223547818,4.022542931068222,5.046508677833253,496.0,772.9485630353798,1143.8040951884595,7.1493299707779805,10459.45526043687,0.8421401517031984,0.12489131314858042,0.015611374689474955,0.00794659754407349,0.005437905926464349,0.0017768823183598134,0.0020949293170126728,0.00010082734826656454,BF,20HZ
BF_20HZ,-0.01116104370546875,0.011498392122205258,0.011497942957490064,0.04595254370546875,-0.044932986294531255,0.09088553,0.0,0.0,1.2555855446302213,3.996588248121153,5.018058432616371,496.0,725.6758413899564,1093.4915455498983,7.10100101649588,10830.044557701876,0.8551501094576752,0.11527877111462771,0.0141127698188278,0.007146914833435013,0.004925508643098075,0.0015435985883434217,0.001763111996431863,7.921401863602148e-05,BF,20HZ
BF_20HZ,-0.012496601014843749,0.012307816341235579,0.012307335557769266,0.04728810101484375,-0.04676814898515625,0.09405625000000001,-1.8189894035458565e-14,-6.984919309616089e-12,1.2517863455696312,3.8422695789057175,4.809700595262553,496.0,677.7811781113875,1038.0514717304027,6.897864148717285,12408.464078493684,0.8766052936242674,0.09681907683046855,0.012804897110691622,0.006354741919545116,0.004365581553431619,0.001405932809815208,0.0015724089975128548,7.20639966480014e-05,BF,20HZ
BF_20HZ,-0.0119683428171875,0.011805853495846211,0.011805392320686527,0.0453562628171875,-0.0472964071828125,0.09265266999999999,-3.637978807091713e-14,-1.5133991837501526e-11,1.2593168306354523,4.006339297672379,5.045250507222413,496.0,713.2763652251665,1083.7146602602875,7.217272073113597,11416.968304811597,0.8629829463883077,0.10756278974309282,0.014298737401155252,0.0071461581780731635,0.004760308909274587,0.0015076566904450555,0.0016559501992726283,8.543768388760687e-05,BF,20HZ
BF_20HZ,-0.011862592162499998,0.01174889509717694,0.011748436146998161,0.0455559621625,-0.0481128878375,0.09366885,6.366462912410498e-14,5.820766091346741e-12,1.2587944576541308,4.095258912029585,5.155089221560317,496.0,731.2751347745174,1145.0177066627687,7.259170519727225,11307.069649613797,0.8581996358966814,0.10947460133536108,0.01519751291273529,0.007792344483089947,0.004840232569909031,0.002005843475409234,0.002411213610871803,7.860617179106881e-05,BF,20HZ
BF_20HZ,-0.012011035973437499,0.012030789737453687,0.012030319775550444,0.0457044059734375,-0.0479644440265625,0.09366885,0.0,-2.3283064365386963e-12,1.2514520435255918,3.9869633490586853,4.989493431055872,496.0,725.0761475192877,1123.7742087047884,7.087976681093222,11856.166487383174,0.8601950335811128,0.10885265398063936,0.014974047491941844,0.007229602045875937,0.00418393062749167,0.0019518622490648924,0.0025393773225869127,7.348006122567268e-05,BF,20HZ
BF_20HZ,-0.013230434978124999,0.011691802559030998,0.01169134583907305,0.044928694978124996,-0.041176915021875,0.08610561,-1.0913936421275138e-13,0.0,1.2425854719115916,3.8429018859512474,4.77513405387311,496.0,752.7340814305653,1132.1363079737393,7.039361340026703,11197.445535718358,0.8580253003689297,0.10927345205116619,0.016219281509351105,0.007695412710063577,0.004342622800866579,0.0018192361234362683,0.002550882988320287,7.381077660867538e-05,BF,20HZ
BF_30HZ,-0.0129733240703125,0.023652303902996497,0.023651379966829304,0.0779045440703125,-0.0790565259296875,0.15696106999999998,2.7284841053187846e-14,1.1641532182693482e-12,1.2470404427163926,3.342575614497779,4.168326974292568,176.0,779.8466082307402,1236.6984451179103,7.876178032245674,45825.04665168946,0.8436321665027781,0.1123005998670815,0.02342728295595141,0.010947693701510273,0.005409726998215127,0.002282875803863201,0.0019458913397882274,5.3755056076007515e-05,BF,30HZ
BF_30HZ,-0.01018396479765625,0.023935365493657337,0.023934430500180796,0.07987126479765624,-0.08402128520234375,0.16389255,3.637978807091713e-14,0.0,1.2399469518446407,3.510477727815525,4.352806158305224,340.0,790.2797023047217,1240.6150645883363,7.810081662518254,46928.44246810238,0.8454889855780068,0.11296305493775276,0.020809693337772096,0.01006196587894128,0.005426896299226908,0.002821462626154418,0.0023649768439292385,6.29632624190673e-05,BF,30HZ
BF_30HZ,-0.010005727621875,0.022498111400406497,0.02249723255076455,0.079693027621875,-0.089643982378125,0.16933701,1.8189894035458565e-14,1.7462298274040222e-12,1.2465366807255198,3.9846670994692572,4.9670337001893765,176.0,876.8583134607674,1311.113207971142,7.951718766485258,41461.79922448622,0.816202068490512,0.13569814027390184,0.025160462512316496,0.011153167340373055,0.005939122495987773,0.0029789385521791457,0.0027745411220644607,9.353403571074946e-05,BF,30HZ
BF_30HZ,-0.01141480001796875,0.021753076797588453,0.02175222705142912,0.08051355001796875,-0.08823490998203125,0.16874846,4.547473508864641e-15,8.731149137020111e-13,1.2531788405848678,4.056362126478349,5.083347186886199,176.0,945.810697544401,1339.6177094780267,8.15761861265003,38761.21702026762,0.7976974048583697,0.14965716116824132,0.028222546509842714,0.01210783406817439,0.006380197843903372,0.0029728881004241025,0.0028754040464363836,8.653906814086e-05,BF,30HZ
BF_30HZ,-0.0124536302296875,0.02205849134172987,0.022057629665081884,0.0762166902296875,-0.09684829977031251,0.17306499,-2.2737367544323207e-14,0.0,1.2452076344894727,4.390693888529491,5.467325550951056,176.0,931.3628094761795,1318.9030523403064,8.155145506395412,39857.27704832737,0.7992369071847961,0.15058739794454887,0.026012465523452183,0.012300675251594435,0.006313621002197104,0.0029188267814798086,0.0025549447440780357,7.516145711362586e-05,BF,30HZ
BF_30HZ,-0.0122227531,0.0214183543348239,0.021417517664016148,0.0699870731,-0.09707917690000001,0.16706625000000003,6.366462912410498e-14,2.3283064365386963e-12,1.2459501593250437,4.532699746925915,5.6475179721186155,58.0,940.9627410194157,1331.8398712120363,8.011492357508136,37577.528658149095,0.799149797566885,0.1464169039240205,0.029479344972835476,0.013321664683672057,0.0065104552845541685,0.0027051893200313953,0.002328984836104762,8.7643108120926e-05,BF,30HZ
BF_30HZ,-0.013455521362499999,0.021987499430232392,0.021986640526760113,0.0712198413625,-0.1034766986375,0.17469654,-5.456968210637569e-14,-1.7462298274040222e-12,1.2583469484243073,4.7063442232955675,5.922213891887699,58.0,883.6261035992003,1295.7999725739269,7.989029501856169,39601.14088505228,0.8227110566128286,0.12685216375232103,0.02666426435501537,0.012832996394122921,0.0060401201878000415,0.0026387302597671624,0.0021827340492987907,7.792335679326177e-05,BF,30HZ
BF_30HZ,-0.015209271733593748,0.023425034703222138,0.023424119644931463,0.07943870173359376,-0.10172294826640625,0.18116165,-5.456968210637569e-14,-3.2014213502407074e-12,1.2579177897165346,4.342658328424075,5.462707166218521,176.0,817.882040614859,1251.7503430678562,7.760990430467287,44948.63421397683,0.8350322918154668,0.1205753266357304,0.022302466960713963,0.012002602817840963,0.005570619044032253,0.002552944123778626,0.0018923753209145531,7.136834331804858e-05,BF,30HZ
BF_30HZ,-0.0122291035265625,0.023087888174143832,0.02308698628589668,0.07645853352656251,-0.08525414647343749,0.16171268,0.0,0.0,1.2596972755352107,3.692736046792932,4.651729537617208,176.0,820.74965973398,1255.1742907870266,7.8976809825700505,43664.09226063489,0.8278569579234278,0.1277628837930925,0.02264380277855561,0.011693682809966488,0.005640746296502089,0.0024055928993662818,0.0019231601633946686,7.3162216662961e-05,BF,30HZ
BF_30HZ,-0.00993679032734375,0.022346657474089583,0.02234578454073219,0.07898190032734376,-0.09245451967265625,0.17143642,1.8189894035458565e-14,1.4551915228366853e-12,1.2459364333699299,4.1374479155113795,5.154997099336791,176.0,842.9885819956706,1250.0680318849534,7.9690466506014115,40905.4484219626,0.8280395142223402,0.12701109011235717,0.02329590277819819,0.01130144589900543,0.00583334026690302,0.002535123927428964,0.0019271365031048595,5.644452296875928e-05,BF,30HZ
BF_30HZ,-0.010664411456249998,0.022913736573044016,0.02291284148772665,0.07970952145625,-0.09553384854375001,0.17524337,2.2737367544323207e-14,4.3655745685100554e-13,1.24768161105996,4.169445705402956,5.202140735171232,58.0,822.3904006194242,1249.4091236547467,7.909180967214268,43007.86141090871,0.8406559903947792,0.11433014261964847,0.023242735347465477,0.010804938376180791,0.005812260122853587,0.0032852507064301943,0.0018030354184066187,6.563483536140734e-05,BF,30HZ
BF_30HZ,-0.0093754953375,0.022710710014913326,0.022709822860475792,0.0736377053375,-0.0968227646625,0.17046047,-2.7284841053187846e-14,-1.7462298274040222e-12,1.2465285235598802,4.263475116168652,5.314543342026018,58.0,826.9736919372893,1265.8892417680054,8.029706701526862,42249.09821913657,0.8377249298844487,0.1162563759995535,0.02459653622422842,0.010136767395617925,0.005961595252609487,0.003387659859512742,0.0018539651569789448,8.213962562023011e-05,BF,30HZ
BF_30HZ,-0.011790252196875,0.023196079697771637,0.023195173583210545,0.080967972196875,-0.08118723780312499,0.16215521,-3.637978807091713e-14,0.0,1.2440887964683922,3.5001780654226664,4.354532317024485,176.0,786.2588215928896,1217.638623707429,7.8021175240350304,44074.277178895005,0.844520223987352,0.11166361813603447,0.026102815477937934,0.008408463797341455,0.005307898176328453,0.0024057078708853343,0.001540405056849455,5.086270683958075e-05,BF,30HZ
BF_30HZ,-0.014063409932812498,0.023423689671590194,0.02342277466584084,0.0885336099328125,-0.08991475006718751,0.17844836,1.8189894035458565e-14,2.9103830456733705e-12,1.2502892706672597,3.8387744981587533,4.799578567763894,2.0,787.5289034821212,1225.7810170782664,7.895587319951561,44943.472968869784,0.8396615779330341,0.1164124955353477,0.026312200230155694,0.008030886836599133,0.005292460777272267,0.0027523264752068954,0.0014767637742091545,6.126668286747676e-05,BF,30HZ
BF_30HZ,-0.011839721593750002,0.023230875627623184,0.023229968153819537,0.08630992159375,-0.09213843840625,0.17844836,6.821210263296962e-14,2.0372681319713594e-12,1.2570574725287096,3.966360943423591,4.985943662891281,58.0,805.9947599934818,1231.5820541283856,7.954395444675119,44206.6061471742,0.8332544473181764,0.12301587856518276,0.025617799782973016,0.007982378908124343,0.005622429322919575,0.0028952051256557055,0.0015524486016828347,5.940397129688145e-05,BF,30HZ
BF_30HZ,-0.00910261115,0.022933309555028272,0.02293241370512637,0.07998638115,-0.08932529885,0.16931168,3.637978807091713e-14,1.7462298274040222e-12,1.2541897484011426,3.895154692161203,4.885263083558217,176.0,853.6907177793954,1226.7790201388896,8.111800216532611,43081.36776576283,0.8247730646921103,0.1295634883886499,0.02785926108574329,0.007945389412905369,0.005838227943238465,0.002433992540359933,0.001513725553013555,7.28341589268762e-05,BF,30HZ
BF_30HZ,-0.01085040780703125,0.022522729843873778,0.0225218500325551,0.08173417780703125,-0.09015371219296875,0.17188789,3.637978807091713e-14,0.0,1.2535506425551262,4.002944343322132,5.017893453906667,176.0,881.2590870037008,1260.9444635476714,7.986029357926996,41552.587079213416,0.81970257586285,0.1323619165502811,0.028892968376792283,0.008177242371631135,0.006415224410261891,0.002714496952790936,0.0016736213904153146,6.19536693813152e-05,BF,30HZ
BF_30HZ,-0.015062746646875,0.021141336135633966,0.021140510286060978,0.070040766646875,-0.085941373353125,0.15598214,-1.5916157281026246e-14,-1.382431946694851e-12,1.2580442038488642,4.065245927659812,5.114259076754543,176.0,955.5798689431946,1311.501678674097,8.081528811520922,36611.78267247624,0.8002911756135132,0.146190329690065,0.03182664089774606,0.009649351363338176,0.00702671016468431,0.0029362747565896785,0.0020065586361068507,7.295867176335492e-05,BF,30HZ
BF_30HZ,-0.0160905097671875,0.02152154209206602,0.021520701390407775,0.0717956497671875,-0.0978289302328125,0.16962458,2.7284841053187846e-14,8.731149137020111e-13,1.2597185381827651,4.545805847753228,5.726435897660452,58.0,920.461085063574,1286.8747237094276,8.098419499450115,37940.47700111277,0.8068602149983126,0.14107802789103382,0.03086803874373518,0.010678413094943617,0.00606660931696515,0.002554952593780671,0.0018291338152443902,6.460929815076711e-05,BF,30HZ
BF_30HZ,-0.01507971716484375,0.02231007010200761,0.02230919859787235,0.07078485716484376,-0.09883972283515624,0.16962458,-3.637978807091713e-14,-2.9103830456733705e-12,1.2538666167184405,4.43044703722133,5.555189637359955,340.0,888.1825843903915,1277.9269804395428,7.92102493777855,40771.61202702292,0.8204124700096864,0.12933865701784245,0.028162372567557485,0.011157307204329073,0.006137289548455507,0.003002492430829557,0.0017305205948208897,5.8890435862123534e-05,BF,30HZ
BF_30HZ,-0.015640746049999998,0.023069580113614013,0.023068678940539447,0.06793229605,-0.08796193395,0.15589423,-1.8189894035458565e-14,0.0,1.2450744851556474,3.813045999422541,4.747526284811621,176.0,830.389124685297,1296.7664496951859,7.670846697756962,43594.87157700979,0.8260881628665048,0.12625188647556299,0.025029891601371448,0.010933538747584206,0.006091042093434271,0.0032145713658054357,0.0022739872501505365,0.00011687593406893911,BF,30HZ
BF_30HZ,-0.01101363451328125,0.02576949336641274,0.025768486725916785,0.08845489451328124,-0.09258904548671876,0.18104394000000001,-3.637978807091713e-14,1.1641532182693482e-12,1.253608512980192,3.5931114802330923,4.504355139881864,2.0,681.5140451732159,1241.774125945157,6.933312087223704,54396.10128511976,0.857451126720639,0.10067301529346272,0.02201723459828197,0.009954586130331622,0.005590483415447558,0.002190827281312029,0.0020210055611013826,0.00010172063234570891,BF,30HZ
BF_30HZ,-0.0031322320195312503,0.02453902362122041,0.024538065046887686,0.08057349201953125,-0.11074250798046875,0.19131599999999999,2.2737367544323207e-14,4.3655745685100554e-13,1.2585295871432076,4.513090488771112,5.6798579098045145,6.0,793.6599844284457,1331.2855863088384,7.76032053269622,49325.395315711365,0.8481179941130674,0.09938485006409208,0.027805295265381957,0.011428625500287703,0.008112979609281779,0.0025800815470932146,0.0023931620183502895,0.00017699264298191004,BF,30HZ
BF_30HZ,-0.005661331246093749,0.023171363417747202,0.023170458268684656,0.07904681124609375,-0.10821340875390625,0.18726022,-3.637978807091713e-14,-2.3283064365386963e-12,1.256252368047883,4.67031801850413,5.867098070535723,340.0,870.0632939500117,1397.9371600464056,7.77175973891599,43980.40157242581,0.8385829159257954,0.1021347781517293,0.03140511805975176,0.01127551345016975,0.010111740603961333,0.003100130312807382,0.0031880720436765547,0.000201731447287795,BF,30HZ
BF_5HZ,-0.010894177255468752,0.002360083870181229,0.0023599916776043785,0.009089787255468752,-0.007248062744531249,0.01633785,-4.656612873077393e-12,-1.1920928955078125e-09,1.2546156813906308,3.8516183501308587,4.832300782853677,56.0,423.4689224998567,632.5580300896577,7.201077300166507,456.258415580772,0.9762515727236518,0.015342581702310022,0.003594811765034316,0.001581212295022677,0.0021992724711622836,0.0006822419655137141,0.00032079574674671705,2.750461259623915e-05,BF,5HZ
BF_5HZ,-0.0108830733796875,0.0024787315149950064,0.0024786346876540057,0.0090786833796875,-0.007546736620312501,0.016625420000000002,9.313225746154785e-12,2.384185791015625e-09,1.2548699751054146,3.662775890793966,4.596307492751707,54.0,384.490280060199,578.2904704395598,6.932680605938043,503.2861627318864,0.9790643813564677,0.01435805569115956,0.003002582030707514,0.0013716855734069416,0.001434264656977184,0.0005369100766846178,0.00021355439994606647,1.8565785243517293e-05,BF,5HZ
BF_5HZ,-0.01167389239296875,0.00246387887879337,0.0024637826316448036,0.00956107239296875,-0.00901624760703125,0.01857732,2.3283064365386963e-12,5.960464477539063e-10,1.2572435067381933,3.8806476944377186,4.878919117750617,56.0,383.31485501189763,551.8102936335627,6.768670956045764,497.27282023329826,0.9774362692730525,0.01677954687160748,0.0029937186488388366,0.0012024802055188224,0.0011328050225706335,0.0002959849700636165,0.00014269326504104054,1.6501621758577482e-05,BF,5HZ
BF_5HZ,-0.011990027322656251,0.0026743312636778533,0.0026742267955724335,0.009877207322656251,-0.009592622677343747,0.01946983,2.3283064365386963e-12,8.940696716308593e-10,1.259401046474498,3.6934815458867982,4.651574525763489,496.0,427.4980116437306,530.917420221678,6.614387465301157,585.8499753900273,0.9788496711186457,0.015601989520919702,0.0027494780707503236,0.0010492304893343918,0.0013449489091929155,0.000234966626893319,0.0001544709778129775,1.5243380291552412e-05,BF,5HZ
BF_5HZ,-0.0129020906625,0.002952433707418375,0.0029523183757240623,0.010229030662500001,-0.0097444193375,0.019973450000000004,-6.984919309616089e-12,0.0,1.243222393834143,3.464745111213341,4.307448712646799,498.0,385.1081742713249,494.17694758652544,6.547151827868334,714.0297797836073,0.9833337540267189,0.012235757393675543,0.0022245574863203935,0.0008071918065633452,0.0010665464185856653,0.00017744021880813495,0.00013585525616312394,1.888738622607403e-05,BF,5HZ
BF_5HZ,-0.013208135265624999,0.0028344817201919354,0.002834370996087118,0.008431195265624998,-0.009438374734375003,0.01786957,0.0,0.0,1.2379268545093414,3.329971533040247,4.122261186956545,2.0,350.9733603106963,528.8996276494807,6.625494481984722,658.1173430144162,0.9820641499219274,0.012531193642003311,0.0027761660563929147,0.0011202594527948665,0.0010561952894918524,0.00024566757017814166,0.00018678488440105405,1.9575992046671107e-05,BF,5HZ
BF_5HZ,-0.012440230822656249,0.0027606327286960864,0.0027605248893738435,0.007783980822656249,-0.00893083917734375,0.01671482,4.656612873077393e-12,2.9802322387695314e-09,1.248397789098349,3.2351960340898405,4.038811577720563,500.0,365.2961493701993,539.396976025527,6.746325323327419,624.271168803954,0.9811815873803807,0.012827029673430081,0.002956235305397347,0.0012563387240625095,0.0013309320521998598,0.00024870667417566756,0.00018314096310871977,1.602890930595782e-05,BF,5HZ
BF_5HZ,-0.012221759339843749,0.00255256298434375,0.0025524632729046473,0.007572959339843749,-0.00914931066015625,0.016722269999999997,-2.6193447411060332e-12,-1.4901161193847657e-10,1.2613860309275151,3.584502372157556,4.521441221837485,56.0,401.2975025864934,522.6502846233611,7.015192666781172,533.7144353417464,0.9796881496317003,0.014786746906866696,0.0027222575495161874,0.0010945191488425329,0.0013430192739423647,0.00020290657137594597,0.00013955221769514176,2.283910209496966e-05,BF,5HZ
BF_5HZ,-0.011750546141406248,0.0024980336717026347,0.0024979360903564112,0.008964246141406248,-0.00868033385859375,0.01764458,4.656612873077393e-12,1.1920928955078125e-09,1.260398596626922,3.5886611240476323,4.523143446329981,56.0,372.4992948363885,530.1795877724119,7.039898562841988,511.1549733597158,0.9793973723588365,0.014862510745673225,0.003096550351009665,0.0011014273665969248,0.0011437195690204918,0.0002278182795164778,0.00015151659186877014,1.9077721128078005e-05,BF,5HZ
BF_5HZ,-0.01118914661875,0.0026086190651203925,0.002608517163947865,0.00931323661875,-0.009241733381249999,0.018554969999999997,-3.4924596548080443e-12,-1.9371509552001954e-09,1.2563994030968497,3.5703183187357475,4.485745806244995,54.0,373.166103387025,517.556299526677,6.944714791793597,557.4133191096503,0.9809638286858015,0.013438621237253905,0.0029994470809999326,0.0011277204959497123,0.0010864350107386215,0.00022626340770026744,0.00014343154889800324,1.4249320860033367e-05,BF,5HZ
BF_5HZ,-0.011286694357812502,0.0028566848139120757,0.0028565732224819698,0.009410784357812502,-0.008890885642187499,0.01830167,2.3283064365386963e-12,0.0,1.2439801080333093,3.294431341879412,4.098207058014129,56.0,339.8894883639283,494.0444370894272,6.468147760500324,668.4680678151233,0.9836853921656876,0.011713876510424189,0.0022938668832843782,0.0009493283314172746,0.0010163947206432602,0.0001970205996549779,0.00012981631396169282,1.4300052063482042e-05,BF,5HZ
BF_5HZ,-0.01131979831640625,0.003016416245698809,0.0030162984146377787,0.00911161831640625,-0.00914684168359375,0.01825846,2.9103830456733705e-12,2.9802322387695313e-10,1.2391652251458916,3.032472396024418,3.757734340614109,2.0,336.6054051433989,485.18348076930494,6.250949405095624,745.3127594179372,0.9849733196594864,0.010556795992797208,0.0022811473447136694,0.0008652910173795938,0.0010298060810418272,0.00017096719542480986,0.00010905648234875754,1.3612029841500555e-05,BF,5HZ
BF_5HZ,-0.011498826821875,0.0029884573527720138,0.00298834061387657,0.009290646821875,-0.009210683178125,0.01850133,2.3283064365386963e-12,8.940696716308593e-10,1.2455414671474023,3.1089651479567832,3.87234501299205,56.0,382.97389906760463,484.1572284431121,6.718571471162896,731.5603205023216,0.9844385468541889,0.010924386976856059,0.0023835171848076843,0.0009309848064645269,0.0009869855525623133,0.00020046555140839668,0.0001113149662411267,2.3782634620030663e-05,BF,5HZ
BF_5HZ,-0.01226355267578125,0.0028078451389993955,0.002807735455406354,0.00830611267578125,-0.00886464732421875,0.01717076,1.1641532182693482e-12,0.0,1.251235643001971,3.15722312940575,3.9504301138296793,498.0,393.74688420087483,493.36221172220377,6.807211037662037,645.8063578902511,0.9829962261527128,0.012310889241101944,0.0023452000070525916,0.0009058161293263125,0.0011075030560483577,0.00021818042822623128,0.00010347503401329803,1.2708766987274501e-05,BF,5HZ
BF_5HZ,-0.01329456609140625,0.00278358633510483,0.002783477599139824,0.00849527609140625,-0.008294043908593752,0.016789320000000003,6.984919309616089e-12,2.9802322387695314e-09,1.2443152176750545,3.0520368085518284,3.7976958471498174,56.0,345.9763764439551,507.1322069628322,6.464889010980533,634.6954803910543,0.9824826990174262,0.01270714073166337,0.002423153007529491,0.0009167791732738928,0.0011500359135434351,0.00019686541694656018,0.00010764633304940538,1.567564281733718e-05,BF,5HZ
BF_5HZ,-0.012755546834375,0.00286623911535733,0.002866127150705034,0.009079716834375,-0.008833063165625002,0.017912780000000003,0.0,1.1920928955078125e-09,1.2266921206146448,3.1679392971011615,3.886086175695358,2.0,302.8659824991315,505.22999252089573,6.421496419612195,672.9469843670721,0.9828393704228463,0.012453255707523871,0.0023750815144057886,0.0009776282785547514,0.0010647616489863141,0.0001634079342336792,0.00011012053105289603,1.6368179202816692e-05,BF,5HZ
BF_5HZ,-0.01187831736640625,0.002485769304853889,0.0024856722025938527,0.00820248736640625,-0.00932885263359375,0.01753134,4.656612873077393e-12,1.7881393432617187e-09,1.2597221199705129,3.753050229272324,4.727800393076772,56.0,399.06364407765625,540.6119788930067,7.08064204823553,506.1481515135218,0.9784757452617816,0.015378804076542501,0.0031463414695596732,0.0013254899093935598,0.001289099435599857,0.00020663087640763992,0.0001615115814843976,1.637612436723603e-05,BF,5HZ
BF_5HZ,-0.012226529318749998,0.002451155871369229,0.002451060121222847,0.007839969318749997,-0.00911921068125,0.016959179999999997,7.566995918750763e-12,3.874301910400391e-09,1.2610059859726732,3.7205169300293868,4.691594121593838,484.0,418.6395976862716,534.2597917788112,6.965034131002826,492.1504332711956,0.9779895491138966,0.01581431417920857,0.003156001138511594,0.0014429496241931186,0.0011982259051013103,0.00024163354869428483,0.00014044348084664573,1.6882745363275958e-05,BF,5HZ
BF_5HZ,-0.011650062985937501,0.0024937769760140375,0.0024936795609482366,0.0081858129859375,-0.009695677014062497,0.01788149,4.656612873077393e-12,0.0,1.2691300316093732,3.8881006052307527,4.934505245995734,2.0,384.1281538015208,549.5545592917682,6.826127944832943,509.41442110809624,0.9781989705687529,0.015646800451560795,0.003007345491865442,0.0013691796787944088,0.0013958689569058187,0.00024550316653680496,0.00011859329975115054,1.7736785362462567e-05,BF,5HZ
BF_5HZ,-0.011623480454687498,0.0025019342349039413,0.0025018365011889913,0.008159230454687498,-0.008555589545312502,0.01671482,0.0,1.1920928955078125e-09,1.2597152910175042,3.4197236861108857,4.3078782201705135,2.0,373.73051196503707,567.1948854253259,6.882606025791941,512.752508659866,0.9780695384311056,0.015269590713283735,0.0033803065847599913,0.0012772102625682141,0.0015546567543253272,0.0002652174716147231,0.00016579012880121405,1.7683887516514135e-05,BF,5HZ
BF_5HZ,-0.011555825258593751,0.0028896961817090213,0.002889583300747174,0.00950707525859375,-0.010582594741406248,0.020089669999999997,4.656612873077393e-12,-2.384185791015625e-09,1.2465434865377654,3.6623255453502686,4.565248055717145,2.0,299.67812093684313,516.2125959581457,6.131442309203757,684.006740534618,0.9833502342709471,0.011673701161995093,0.002565504274072729,0.0009360283266809991,0.0011200734174441397,0.00020518239084566577,0.00013842403216719672,1.0850937825456608e-05,BF,5HZ
BF_5HZ,-0.011433127017968751,0.0028579231040220966,0.0028578114642203384,0.00938437701796875,-0.010705292982031248,0.020089669999999997,4.656612873077393e-12,1.1920928955078125e-09,1.2436554901495018,3.7459759372915333,4.658703542010707,2.0,308.5829171490246,507.9474812779958,6.17559952863426,669.0477177698202,0.9831297164280975,0.012442408304458256,0.002165985191781969,0.0008660706918003689,0.0010345845221072867,0.00021114091538680763,0.00013256701074453427,1.7518725060550717e-05,BF,5HZ
BF_5HZ,-0.012146797323437502,0.002410810717745162,0.002410716543612126,0.009220437323437502,-0.0085001326765625,0.01772057,-4.074536263942719e-12,-2.086162567138672e-09,1.2611899024500117,3.8247704169305523,4.8237618310233,496.0,433.40275355798707,578.0393124566763,7.251127401157981,476.082524471087,0.9736275595124054,0.019358361585569278,0.00341502142553906,0.0013925023045434058,0.0017135759163492714,0.0002900994429999264,0.00018527522805816216,1.7604532137419747e-05,BF,5HZ
BF_5HZ,-0.0119007587453125,0.002368084363744658,0.0023679918586424235,0.0069435287453125,-0.009085891254687499,0.01602942,2.3283064365386963e-12,1.1920928955078125e-09,1.2544702182957677,3.83696051052283,4.813352691260488,490.0,470.04619997547536,578.6801247286321,7.070963684922543,459.35701800198206,0.9728746704682761,0.01977160167033,0.003620797143924725,0.0015507696035617483,0.0016657906352301184,0.00029119987247233685,0.0002003290655165125,2.483046236375263e-05,BF,5HZ
BOW_10HZ,-0.01326374148359375,0.004002941355664027,0.004002784987713201,0.01663114148359375,-0.01265182851640625,0.02928297,-1.1641532182693482e-12,0.0,1.264987839654631,4.154892538692232,5.255888537830491,4.0,265.9638034487115,431.5100032840809,6.65857529099132,1312.5458104869465,0.9866702025512504,0.011330888047833517,0.0012282247354043557,0.0005591316755711146,0.00010542926348873579,4.7030888985982994e-05,2.8228410694156117e-05,3.085596248820029e-05,BOW,10HZ
BOW_10HZ,-0.01116559798359375,0.004253807495675039,0.004253641328074215,0.014532997983593749,-0.013262952016406251,0.02779595,-1.1641532182693482e-12,0.0,1.2359184413909463,3.4166016500401044,4.222640987164014,2.0,247.4130653994656,403.01255995952124,6.2545916987795165,1482.216617712879,0.9890776867854566,0.009424212962907746,0.0008883864100273259,0.0004642397805963622,6.993966555399456e-05,3.052135919282969e-05,2.1195117391981274e-05,2.381528925518873e-05,BOW,10HZ
BOW_10HZ,-0.011942173993750001,0.004541819322736511,0.004541641904453948,0.015026473993750001,-0.01620243600625,0.031228910000000002,2.3283064365386963e-12,0.0,1.2560379237003108,3.5675282956132857,4.480950834150857,2.0,231.62683169436028,384.1198613319177,5.857964311264805,1689.7237974241577,0.9908328380472717,0.00796993480424807,0.0007004234908443945,0.0003777456584293185,5.4984137574187144e-05,2.3895074354869346e-05,1.6029424274868647e-05,2.4148322274588092e-05,BOW,10HZ
BOW_10HZ,-0.0118729607,0.004420326286330869,0.004420153613962736,0.0134121307,-0.0162716493,0.02968378,1.1641532182693482e-12,2.9802322387695313e-10,1.259343431040324,3.681240680169704,4.635946269698952,2.0,242.1484499271246,402.6105275933654,6.068552075683806,1600.533138516674,0.9905318757189042,0.00800012355643735,0.0008411039816962984,0.0004040734292549283,7.335610959201026e-05,8.354560860791256e-05,3.503098072317718e-05,3.088370449226038e-05,BOW,10HZ
BOW_10HZ,-0.010994009816406252,0.0038579635225319438,0.003857812817888337,0.012533179816406252,-0.014003720183593747,0.0265369,-1.1641532182693482e-12,0.0,1.2574625741883017,3.6299636195488207,4.564543398430939,56.0,313.1000850007005,438.785498127005,6.715550738021188,1219.1924073356652,0.9873906120314961,0.010528204792479439,0.0012230669928017456,0.000556407737466082,0.00010318233730766483,0.00011472172715704398,4.695228258435924e-05,3.684158374155217e-05,BOW,10HZ
BOW_10HZ,-0.01168694258125,0.0037324365685067287,0.0037322907673555373,0.01217417258125,-0.01331078741875,0.02548496,0.0,1.4901161193847657e-10,1.2600087142071237,3.5663854305260325,4.493676721888125,56.0,342.8269907923964,427.10644843524193,7.01833673527738,1141.145139647183,0.9866407699106179,0.011489984977479877,0.0011486601065574362,0.0005441011746919053,8.21954025114502e-05,3.8009670046784185e-05,2.3437232166880436e-05,3.2840324004176594e-05,BOW,10HZ
BOW_10HZ,-0.011279808928125,0.004061888601270671,0.004061729930648088,0.011767038928125,-0.014020391071874999,0.02578743,1.7462298274040222e-12,2.2351741790771484e-10,1.2499814063921502,3.4518274990740414,4.314720192977955,56.0,278.93486980057884,401.37007000516047,6.535424660555799,1351.4874904602627,0.9893496819231662,0.009175383914859236,0.000911410055661593,0.00041132786678640157,6.817036831758205e-05,3.1159197544973155e-05,1.9605587525396718e-05,3.326102431503473e-05,BOW,10HZ
BOW_10HZ,-0.012445133388281251,0.0042352565431665245,0.004235091100226436,0.012929383388281252,-0.012855066611718747,0.02578445,-2.3283064365386963e-12,-8.940696716308593e-10,1.242989665838639,3.052917417652962,3.7947448016974406,4.0,225.60844707311898,388.0007660864952,5.975531713518993,1469.3168455402829,0.9904550252854457,0.008177080940157715,0.0008470074243393614,0.00037546457112991826,6.473299480642909e-05,3.1990429359669214e-05,1.9036756675041268e-05,2.9659095353306077e-05,BOW,10HZ
BOW_10HZ,-0.012664039066406252,0.004088122818236577,0.0040879631228198775,0.013321129066406253,-0.011926920933593746,0.02524805,-1.1641532182693482e-12,-2.9802322387695313e-10,1.2366941337098845,3.2586226105578744,4.029919467437114,56.0,260.97814925126073,392.62264922804746,6.345958800543913,1369.0013721403272,0.9897125139270179,0.008793007093110159,0.0009136507564145556,0.0004256590978681803,7.268061401627652e-05,3.4888940149536904e-05,2.107119893072134e-05,2.6523887586631837e-05,BOW,10HZ
BOW_10HZ,-0.011766678301562502,0.003988712149147588,0.003988556337035997,0.012423768301562502,-0.012374301698437498,0.02479807,-1.4551915228366853e-12,-7.450580596923829e-10,1.2309017979198937,3.114853407757074,3.8340786608263606,50.0,286.5281776333932,393.5677709080598,6.523925947478539,1303.2310109020145,0.989430292081845,0.009050757395647823,0.0009102863842379484,0.0004480522998902523,7.665259896638899e-05,3.5410590537365876e-05,2.1148134346254412e-05,2.739770598712117e-05,BOW,10HZ
BOW_10HZ,-0.012315618514062501,0.0037240264838740798,0.0037238810112482355,0.011734518514062502,-0.012178491485937498,0.02391301,1.4551915228366853e-12,7.450580596923829e-10,1.2452417090217585,3.270376106508549,4.072408733106222,56.0,326.10593083161206,456.48256339412995,6.4958113669478665,1136.008380115636,0.9853587156830014,0.011316020053765398,0.0023539124312294316,0.000602740673207677,0.00022246981688427072,6.974485889631722e-05,3.904442052054105e-05,3.735056281435263e-05,BOW,10HZ
BOW_10HZ,-0.01193751506640625,0.0036768919314078634,0.0036767483000114376,0.012429215066406249,-0.01255659493359375,0.024985809999999997,0.0,8.940696716308593e-10,1.2442492631729984,3.415135849832188,4.249280265945109,56.0,340.6495656379562,456.2905311987662,7.009672283794011,1107.433726703501,0.9859507667531752,0.010555605791089247,0.002487793796133854,0.000615489415632204,0.0002335953399496767,7.544266815043942e-05,4.3041614959648935e-05,3.82575880754856e-05,BOW,10HZ
BOW_10HZ,-0.0112593097875,0.00382748757811588,0.0038273380639621043,0.0119268297875,-0.011159230212500001,0.02308606,-2.473825588822365e-12,-7.078051567077637e-10,1.2362816990338619,3.1162206173229934,3.852526520355001,56.0,311.881721920229,398.7995783095034,6.852852715740724,1200.006485915534,0.9892529043143072,0.009091087533193976,0.0010099048203658797,0.000481628398476644,7.892895618413671e-05,3.652749754307883e-05,2.206962335037443e-05,2.69464098545776e-05,BOW,10HZ
BOW_10HZ,-0.01190159535703125,0.003982564480087322,0.003982408908123745,0.012569115357031249,-0.015465234642968752,0.02803435,1.1641532182693482e-12,0.0,1.2464115469628263,3.8833869137691304,4.840298291861598,50.0,283.9263360371964,399.2678922988214,6.913216493058206,1299.2168558306128,0.9890039478122699,0.009452265183576928,0.0009215007500851337,0.0004462544258121912,7.786131286243882e-05,3.8804924869183324e-05,2.6326626385124577e-05,3.3032892392832974e-05,BOW,10HZ
BOW_10HZ,-0.0126145115828125,0.004083852118197109,0.004083692589607888,0.0132283915828125,-0.0150905484171875,0.02831894,1.4551915228366852e-13,-1.1175870895385742e-10,1.2550809045265579,3.695319391056602,4.637924804977567,54.0,276.54645931439086,382.25268372642387,6.927990517005566,1366.1425820202544,0.9906487702505787,0.00794158060842839,0.0008624565788687627,0.00039004878225181653,7.294267130727119e-05,3.153708550921562e-05,2.078145834399252e-05,3.1879655410812846e-05,BOW,10HZ
BOW_10HZ,-0.011460407171875003,0.004075798671690312,0.00407563945769499,0.012074287171875003,-0.016244652828124997,0.02831894,-1.1641532182693482e-12,0.0,1.2677613277095272,3.985792411904485,5.053033481330403,2.0,269.6891499873168,382.68599221866873,6.577602797773759,1360.7597674006993,0.9908902394782481,0.007744999445116982,0.0008276180474824349,0.0003886121651117994,7.057526433397677e-05,2.986348965580492e-05,2.013894529108965e-05,2.7951324665708696e-05,BOW,10HZ
BOW_10HZ,-0.010959293282031251,0.003740931625898595,0.003740785492902742,0.01200974328203125,-0.013925196717968748,0.025934939999999997,1.1641532182693482e-12,2.9802322387695313e-10,1.2502766816059843,3.722532805119671,4.654195963998615,56.0,314.5639579702341,411.8803870188644,6.723561449365519,1146.3455640123168,0.9876942652237546,0.010596186573955719,0.0010681025155807274,0.00046029653711281696,8.303086594288094e-05,4.100116618697101e-05,2.8935152542177955e-05,2.817920854885705e-05,BOW,10HZ
BOW_10HZ,-0.01292946696796875,0.0038822448564084446,0.0038820932032567076,0.01397991696796875,-0.011955023032031248,0.025934939999999997,2.3283064365386963e-12,0.0,1.252338647487732,3.6011286263399858,4.509832554501673,58.0,288.9735999462151,419.62985196853055,6.655673850224202,1234.5874545744398,0.9883158326031048,0.009883150858201304,0.0011236521780741604,0.0004132264946994915,9.845611015853268e-05,9.7953879785632e-05,3.71135630136231e-05,3.061430284668611e-05,BOW,10HZ
BOW_10HZ,-0.012900010948437499,0.0038989799323807597,0.0038988276255023492,0.013226320948437498,-0.0115985690515625,0.02482489,0.0,5.960464477539063e-10,1.249729380337053,3.392384125559014,4.239562112187516,2.0,278.56517098737777,424.104291491173,6.269696784176976,1245.254196758868,0.9889278808063344,0.009310648779149267,0.001048890203177536,0.00043829049554864284,9.849980999118063e-05,9.695171770645704e-05,3.6661456894941084e-05,4.217138296606479e-05,BOW,10HZ
BOW_10HZ,-0.011638390465624999,0.0037965318204795286,0.003796383515558654,0.011964700465624999,-0.011201819534375,0.02316652,0.0,0.0,1.251093498638227,3.1516047874085076,3.9429522608425027,56.0,298.5305543117787,426.2142785574621,6.426962794120831,1180.6742885566514,0.9885457729485035,0.009700802648447504,0.0010156450559789733,0.0004920697972536345,0.00010763089373077958,5.025201080729867e-05,3.804465441293551e-05,4.9762663639558254e-05,BOW,10HZ
BOW_10HZ,-0.012536229078124999,0.0038546846428689037,0.0038545340663090357,0.011716729078124998,-0.011494490921875,0.023211219999999998,-2.3283064365386963e-12,0.0,1.255019221871361,3.039726429582394,3.814915099346028,2.0,278.74679996175024,418.29727201551,6.420716538190357,1217.1209100518568,0.98920857703063,0.009118231437736577,0.001005909463024451,0.00045995531989046027,9.037422160975144e-05,4.593776849603262e-05,3.151100370028165e-05,3.948818094617695e-05,BOW,10HZ
BOW_10HZ,-0.01101548467421875,0.0043894241264175035,0.00438925266118857,0.012389264674218749,-0.01301523532578125,0.025404499999999997,-2.3283064365386963e-12,5.960464477539063e-10,1.238551045417428,2.9652508815228673,3.6726145800718264,2.0,219.81550809171685,394.29337630083074,5.568243452547751,1578.2329661378792,0.9914284579811785,0.007213971552436745,0.0007718380212280353,0.00036909986662604226,8.776005155437032e-05,4.942942708899985e-05,3.6101628848372415e-05,4.331928901563045e-05,BOW,10HZ
BOW_10HZ,-0.010168906601562501,0.0040256115392599085,0.0040254542857377385,0.011542686601562501,-0.014472713398437498,0.0260154,2.3283064365386963e-12,0.0,1.2352375240621851,3.5952994041242246,4.441048735315899,2.0,265.449810939663,411.30529523732366,6.042391428970493,1327.4548058887945,0.9902261666282082,0.008374761557142306,0.0007996223371716858,0.0004035399741327023,7.95269011452391e-05,4.199138131748735e-05,2.9629323528500357e-05,4.4750556787558106e-05,BOW,10HZ
BOW_10HZ,-0.01198101189140625,0.0039038152191399962,0.0039036627233795074,0.011991441891406251,-0.012660608108593749,0.024652050000000002,5.820766091346741e-13,-1.4901161193847657e-10,1.2342743109085128,3.2432638274624943,4.003077226761243,2.0,285.42708626297787,424.409902749572,6.2275877563152955,1248.3447037557673,0.9885917886160925,0.009774534717263006,0.0009415839946479876,0.0004485068891846437,9.854867158261987e-05,5.495703228219275e-05,3.7665880121702405e-05,5.239429986745935e-05,BOW,10HZ
BOW_20HZ,-0.010975795264843751,0.00909386126839234,0.009093506032498205,0.034821755264843754,-0.02983977473515625,0.06466153000000001,-1.4551915228366852e-13,-4.656612873077393e-11,1.2486072072104224,3.8292991874167237,4.7812905644993275,2.0,304.0772474726477,464.04605431172746,6.9305821818904265,6774.116548817896,0.9704121345340186,0.028368232969669338,0.0005432778933233181,0.0005401005967386314,4.63642666810464e-05,3.8002334275808314e-05,2.5643908216306813e-05,2.623286771038995e-05,BOW,20HZ
BOW_20HZ,-0.01174179541796875,0.010171314344716915,0.010170917019989924,0.02936104541796875,-0.04451166458203125,0.07387271,2.9103830456733704e-13,2.7939677238464354e-11,1.2755135341441994,4.376366898891382,5.582115210465468,4.0,278.323147945,411.46691463862084,6.658932631391406,8474.423562033762,0.9788595296408155,0.020207142704546856,0.0004285957376750399,0.00041822592494630855,3.0686525631693144e-05,2.031909484550366e-05,1.5271680711941286e-05,2.0224438204004277e-05,BOW,20HZ
BOW_20HZ,-0.012538335332812501,0.01019019635377393,0.010189798291454057,0.0313555453328125,-0.043715124667187494,0.07507066999999999,4.3655745685100554e-13,1.862645149230957e-11,1.2748671419854494,4.2900873415286584,5.469291388499338,4.0,273.3962148224412,422.0889340074482,6.598836847003076,8505.91662351418,0.9788331166032951,0.020068349227905076,0.0004949894636142577,0.00047361625755400796,4.6993651069864094e-05,3.04034787125868e-05,2.490891250604044e-05,2.7606752901609977e-05,BOW,20HZ
BOW_20HZ,-0.01219427489296875,0.008397078196744316,0.008396750179470544,0.031011484892968753,-0.03471390510703125,0.06572539,3.637978807091713e-13,6.51925802230835e-11,1.2517266702271663,4.1342072064701965,5.1748974212003915,96.0,325.9595611576426,473.4879760660814,7.0536690837037845,5775.803509726144,0.9699855677563796,0.02853411665185178,0.0006474477881484533,0.0006937996415376498,5.185851183242959e-05,3.564469440498317e-05,2.477270389527865e-05,2.6782021582726077e-05,BOW,20HZ
BOW_20HZ,-0.01254547790390625,0.008392968082418193,0.008392640225698897,0.02802061790390625,-0.02724795209609375,0.05526857,-4.3655745685100554e-13,-7.450580596923828e-11,1.2521737301068403,3.338713104222708,4.180648841969269,6.0,322.49407323288165,472.9343185220864,6.835770056382055,5770.150710096346,0.9697111392889588,0.028921265330513726,0.000623450082207025,0.0006282342894876084,4.440372347934363e-05,2.722138838337074e-05,1.8697301652970212e-05,2.558639939056002e-05,BOW,20HZ
BOW_20HZ,-0.0113281571,0.008798926623120384,0.008798582908335859,0.0306221671,-0.025811582899999998,0.05643375,-4.3655745685100554e-13,-3.725290298461914e-11,1.2453708038882008,3.4803521675641567,4.334328977226033,4.0,324.256367250795,470.3345742637872,7.062743556905882,6341.841813088055,0.96984715822988,0.028965845014629694,0.0005502662958621117,0.0005426995014661718,3.756951257075141e-05,2.104368621098851e-05,1.3788014673242458e-05,2.1629743087723138e-05,BOW,20HZ
BOW_20HZ,-0.01083452394140625,0.008749327642050199,0.008748985864763713,0.03012853394140625,-0.03308322605859375,0.06321176,4.3655745685100554e-13,1.862645149230957e-11,1.2554749042861655,3.7813783867286954,4.747425668690609,58.0,337.1917597830331,467.569632589345,7.136978690073434,6270.546221203707,0.9686267329509708,0.030176271415694372,0.0005504484006170473,0.000553928261364435,3.760520444127544e-05,2.19365643359528e-05,1.4061451227943754e-05,1.901536026256316e-05,BOW,20HZ
BOW_20HZ,-0.011912200897656251,0.009294115504799964,0.009293752446321933,0.031908000897656254,-0.04059837910234375,0.07250638000000001,-7.275957614183426e-14,-1.3969838619232177e-11,1.2496231065566574,4.368351678448514,5.458793195542182,4.0,287.4878161907375,448.1535000929674,6.7447267468625185,7075.744525110117,0.9732588058512562,0.02566457122239522,0.000515906108397057,0.0004771299796714971,3.3006941887538825e-05,1.8916300354924888e-05,1.3164299294287688e-05,1.8499261530272814e-05,BOW,20HZ
BOW_20HZ,-0.01264770354453125,0.011107432177759568,0.011106998285215495,0.03911457354453125,-0.04009531645546875,0.07920989,-3.637978807091713e-13,-3.725290298461914e-11,1.244739222124739,3.6099147062289223,4.493402423772601,4.0,216.16298627078288,393.16737466952725,6.317500473840066,10106.094465165896,0.9813932972499992,0.017808840649635244,0.00038617587007649365,0.0003465278297978734,2.4379263081049558e-05,1.5185534700605913e-05,1.0787446984366961e-05,1.4805443172873864e-05,BOW,20HZ
BOW_20HZ,-0.01274596834609375,0.010422283387243832,0.010421876258847135,0.03921283834609375,-0.039997051653906254,0.07920989,1.8189894035458566e-13,3.259629011154175e-11,1.271529329351909,3.837797595813416,4.879872203661235,4.0,250.63019764881997,412.3094645720243,6.604274895197559,8897.782180207534,0.9795173259088942,0.01953702439824001,0.00042940912705778753,0.00041777009053316856,3.829058309204585e-05,2.430476967006972e-05,1.7192429427101033e-05,1.8675792323338964e-05,BOW,20HZ
BOW_20HZ,-0.013499677861718748,0.009417253037688672,0.009416885169056812,0.031923527861718745,-0.031583252138281254,0.06350678,-2.1827872842550277e-13,0.0,1.258148982287832,3.3900304915288832,4.265163413294711,2.0,277.4543917894454,437.3085653134221,6.638237288669384,7264.479340743039,0.9755587101220536,0.023382135319810746,0.0005061628121471955,0.00047318848406380297,3.316877212507362e-05,1.8128395210238816e-05,1.3723855291914041e-05,1.4781332023356118e-05,BOW,20HZ
BOW_20HZ,-0.0127646472421875,0.009850483540055324,0.009850098748026425,0.029685087242187498,-0.0323182827578125,0.062003369999999995,-1.4551915228366852e-13,-1.862645149230957e-11,1.2513375600790528,3.281011041742785,4.105652351983661,4.0,254.41910063845506,430.5470300191746,6.3177371520299594,7948.242570249301,0.9760590919675949,0.02296819066918783,0.00046776315784674197,0.00042523300274630607,3.1941181740898906e-05,1.801935953293916e-05,1.2914592363022458e-05,1.684417788040801e-05,BOW,20HZ
BOW_20HZ,-0.011223876772656249,0.009277337482641108,0.009276975079567368,0.03273202677265625,-0.031627033227343754,0.06435906,7.275957614183426e-14,0.0,1.2588748389047657,3.5283081487650603,4.441698352861775,2.0,303.3698289718377,450.69523685431784,6.773193598476654,7050.2209064623385,0.9722133952405883,0.026609401175318965,0.0005494805245947326,0.0005162665279192988,4.3598589861692326e-05,2.7269200237395003e-05,1.9128463414693833e-05,2.145336039535965e-05,BOW,20HZ
BOW_20HZ,-0.0124954675671875,0.009650308334034529,0.009649931361502342,0.0340036175671875,-0.0303435224328125,0.06434714,0.0,-2.7939677238464354e-11,1.2541688678309286,3.5237160027187957,4.419334910145523,58.0,276.7109052246322,441.8747034453502,6.729227643700307,7628.486701059159,0.9740999801590172,0.02476512671860468,0.0005465509145378349,0.0004865460108060754,4.2042766847027354e-05,2.2357769682449102e-05,1.9012340270647447e-05,1.8377557159492466e-05,BOW,20HZ
BOW_20HZ,-0.011978532438281252,0.009456102876976043,0.009455733490742696,0.03180596243828125,-0.02992026756171875,0.06172623,1.4551915228366852e-13,1.862645149230957e-11,1.2547969499735907,3.3636695097272034,4.220722241971225,14.0,291.8486694476706,455.67182582664753,6.858310770305639,7324.54059710351,0.9717976120717192,0.026984436585806813,0.0006165819984578234,0.0005058376940422276,3.694009428964834e-05,2.2623466049298478e-05,1.593516904187042e-05,2.0030397786859665e-05,BOW,20HZ
BOW_20HZ,-0.01101981452109375,0.008429400557886494,0.008429071277995828,0.03084724452109375,-0.02892857547890625,0.05977582,5.820766091346741e-13,3.725290298461914e-11,1.268355510174911,3.659625538813648,4.641706217881797,214.0,373.2673086722016,489.72397144292825,7.3958358694719335,5820.354001631528,0.9652408201411318,0.033110103264753214,0.0008131454737030948,0.0006684408852526597,6.476529212338735e-05,4.064056030167586e-05,2.9441583347790542e-05,3.262662906794499e-05,BOW,20HZ
BOW_20HZ,-0.0130472220171875,0.009071451942569605,0.00907109758205686,0.0285879220171875,-0.033966747982812504,0.06255467,1.4551915228366852e-13,1.862645149230957e-11,1.2522925989159617,3.744502544681708,4.689212823843828,8.0,317.61758893052104,455.6479149535289,7.071255113849873,6740.771746125928,0.9716075130788527,0.027185603390511424,0.0005632482324398736,0.0005603399429697678,3.4076512977518106e-05,2.036621710342423e-05,1.4181020388619062e-05,1.4671340345688004e-05,BOW,20HZ
BOW_20HZ,-0.013520421222656252,0.009292044450263208,0.009291681472687325,0.02906112122265625,-0.03349354877734375,0.06255467,-2.9103830456733704e-13,-3.725290298461914e-11,1.2536248228582987,3.6046811195791153,4.518917730479362,8.0,301.20152737016844,447.2050382816511,6.940839480731515,7072.591430811151,0.9723061843754613,0.026606989886839894,0.00048814782913690977,0.0005186483035834117,3.1550457922187915e-05,1.8117607091762386e-05,1.4151388621448792e-05,1.6209583485980432e-05,BOW,20HZ
BOW_20HZ,-0.0112759221234375,0.009076860008251324,0.009076505436481887,0.0275631121234375,-0.031065407876562503,0.05862852,2.9103830456733704e-13,3.725290298461914e-11,1.259998698220107,3.4226176682797247,4.312493807012719,2.0,294.498418327388,454.6162563953342,6.872964355503783,6748.811342952015,0.9715104896112452,0.027383208360980592,0.0005108893297205881,0.000509056748981096,3.2709897625628084e-05,2.0101846232326674e-05,1.5499403983807105e-05,1.8044187401227944e-05,BOW,20HZ
BOW_20HZ,-0.010510439978125001,0.010021320571085226,0.010020929105604459,0.035742099978125,-0.029539270021875,0.06528137,1.4551915228366852e-13,-9.313225746154785e-12,1.2504914165751806,3.5667451189299975,4.46018415677847,2.0,247.22538846891038,430.6246544265332,6.543213671265482,8226.326166507484,0.9762776993842198,0.022722465653857677,0.00044209580501078475,0.00045536926898402636,3.812694301773837e-05,2.5857768840726e-05,1.990236371236665e-05,1.8473895739527216e-05,BOW,20HZ
BOW_20HZ,-0.011590348907812503,0.009966757762603362,0.00996636842852393,0.0368220089078125,-0.0284593610921875,0.06528137,0.0,9.313225746154785e-12,1.2468896501681221,3.6946264999327747,4.606791544465285,4.0,247.13708134808783,433.63251842105876,6.2596806307172335,8136.990694864165,0.9749251935971501,0.024076251012293975,0.0004434328450507851,0.00048273855695412336,3.0046228240721346e-05,1.674788319253316e-05,1.2550645248791494e-05,1.3038424697556614e-05,BOW,20HZ
BOW_20HZ,-0.011828805015625,0.008700751234682901,0.008700411354949391,0.028419955015624998,-0.027961644984375,0.0563816,6.184563972055912e-13,3.725290298461914e-11,1.2438351669419943,3.2665070481054057,4.062996339964378,6.0,308.4174503570482,485.41877252336434,7.198437041006444,6201.111209166626,0.965581126829715,0.03295435113552309,0.0006500671942926622,0.0006674771772465588,5.516831807743338e-05,3.558163970722849e-05,2.7029825465323054e-05,2.918282815229174e-05,BOW,20HZ
BOW_20HZ,-0.013064089166406249,0.008788978481242835,0.008788635155065191,0.02965523916640625,-0.037832820833593746,0.06748805999999999,2.9103830456733704e-13,0.0,1.2598691426445148,4.304743587800963,5.423413613884366,2.0,322.6415423814907,479.6416677209218,7.2391230072582555,6327.509660265821,0.9665902292078882,0.03201181821225314,0.0006128912425396909,0.0006710829829402586,4.2958537726673306e-05,2.977335358896826e-05,2.142467135687602e-05,1.9814834335098843e-05,BOW,20HZ
BOW_20HZ,-0.0137004450015625,0.008983557280279497,0.008983206353219059,0.0282085750015625,-0.0371964649984375,0.06540504,-2.9103830456733704e-13,0.0,1.2654996921392034,4.140666876807052,5.240012658433634,4.0,305.55563401208207,466.43371579488627,6.922793891054658,6610.779863957029,0.969634532381447,0.029106814503616702,0.000559704794161796,0.0006071448920098048,3.7308067247249926e-05,2.3352108706184732e-05,1.685452441285335e-05,1.4288686787534462e-05,BOW,20HZ
BOW_30HZ,-0.02031138188359375,0.02542461452422378,0.025423621355820727,0.06870807188359375,-0.07875871811640625,0.14746679000000001,-1.8189894035458565e-14,0.0,1.2227014432344978,3.0978560060750993,3.7877530097096668,58.0,157.30468556276182,372.9198453810849,4.806954649696115,52949.85403858208,0.9787989518787151,0.02006221643416203,0.00066549309779453,0.0004234910692704368,2.6354924073483835e-05,1.1770850482448733e-05,7.47824833322833e-06,4.243225597541488e-06,BOW,30HZ
BOW_30HZ,-0.011825075825,0.02880085783748287,0.028799732781999425,0.086970245825,-0.08724502417499999,0.17421526999999998,0.0,1.1641532182693482e-12,1.231271662803691,3.029369224790204,3.729976482783277,58.0,133.20519697997986,350.0349577812766,4.566936640196299,67946.46397530395,0.9820279496307923,0.01695289146205155,0.0006007850388906127,0.0003702059617907322,2.447143596516341e-05,1.1398988399565934e-05,7.801968150499532e-06,4.493683866752147e-06,BOW,30HZ
BOW_30HZ,-0.007012405508593751,0.027025982397555853,0.027024926674498455,0.08215757550859375,-0.07517152449140625,0.1573291,1.8189894035458565e-14,0.0,1.2241626583221523,3.0400665465294336,3.7215359452134242,58.0,153.27409295525314,385.13131024934455,4.713497571230962,59829.99907453846,0.9789945227325549,0.019644833904689817,0.0007613349606713382,0.000476356004168024,5.203309110265282e-05,2.858078162984568e-05,2.3442479148620408e-05,1.8877894807094376e-05,BOW,30HZ
BOW_30HZ,-0.010964143464843751,0.02502066182129928,0.02501968443260689,0.07691899346484375,-0.07121978653515625,0.14813878,1.8189894035458565e-14,-2.9103830456733704e-13,1.2193296217162886,3.07433907365853,3.7486326998614876,58.0,166.99172769451263,392.06319137642623,4.805217716929364,51280.65917942472,0.9755512690886831,0.023125751056698302,0.000778223741092943,0.0004927343460772837,2.9464342916121596e-05,1.0697117877485867e-05,7.470805479565579e-06,4.389448122519038e-06,BOW,30HZ
BOW_30HZ,-0.010653428642968752,0.023832547448850352,0.02383161647178213,0.06252628864296875,-0.09783198135703125,0.16035827,0.0,5.820766091346741e-13,1.2270599309510686,4.105134096495899,5.037245561202503,58.0,190.6566564291955,438.9152954034678,5.105602231734913,46526.13324349649,0.9737013471988953,0.024202706832522472,0.0010761867486677801,0.0006883011178894144,0.00012238579356190721,8.332331577055059e-05,6.666257846639605e-05,5.90202568465328e-05,BOW,30HZ
BOW_30HZ,-0.0117041648859375,0.024089529630094603,0.024088588614463856,0.0654767748859375,-0.0967812451140625,0.16225802,-7.958078640513123e-15,-2.1827872842550277e-13,1.2424895538481893,4.017721696319437,4.9919772381533605,58.0,166.62171109049532,389.49512510947983,4.954832106998778,47534.90764009798,0.977917259586387,0.020628885841441857,0.0008454605566453451,0.0005297750217767934,3.832794079049953e-05,1.8348348712207487e-05,1.290877112810298e-05,9.028447089037119e-06,BOW,30HZ
BOW_30HZ,-0.01072140395625,0.02338614894515775,0.02338523540587167,0.06449401395625,-0.08689147604375,0.15138549,-9.094947017729283e-15,1.1641532182693482e-12,1.2296658463089487,3.7156553924711506,4.569014532970826,58.0,189.53231223312878,432.5938217951868,4.7971268544554935,44799.52854388802,0.9738731078791668,0.024251818362119443,0.00105849151612615,0.0005997331492710835,8.817301239794785e-05,5.323808617431314e-05,4.103574334323063e-05,3.436592654301413e-05,BOW,30HZ
BOW_30HZ,-0.01132814161796875,0.023181241423999323,0.023180335889069623,0.061232711617968755,-0.06323145838203126,0.12446417000000001,5.456968210637569e-14,4.074536263942719e-12,1.1994386717409733,2.7278059594088715,3.271835956861635,58.0,192.86923629350173,426.79681393750775,4.211837979816225,44017.90773674954,0.9711984953015681,0.027182939187978882,0.0009759637251768839,0.0005262898879664976,5.405753010915874e-05,2.6386449614853318e-05,2.040233476056946e-05,1.5453031723199804e-05,BOW,30HZ
BOW_30HZ,-0.01352939591171875,0.022876854203811737,0.022875960559240065,0.06134498591171875,-0.061030204088281255,0.12237519,0.0,-5.820766091346741e-13,1.1979995169254838,2.6816354115568988,3.2125979277558705,58.0,185.24500221238418,418.90027361652875,4.418627862111337,42869.52014921118,0.9711660577143822,0.02728816780951576,0.0009246142956333237,0.0005476980178327658,3.8153402808919783e-05,1.682317441099099e-05,1.1078288653918608e-05,7.404904228784288e-06,BOW,30HZ
BOW_30HZ,-0.012177602374999999,0.022883045719012722,0.022882151832580265,0.069260992375,-0.060027797625000004,0.12928879,-6.366462912410498e-14,-1.1641532182693482e-12,1.2204520952114095,3.0268566032918875,3.694133483553516,58.0,194.00670364794615,423.0750537801328,4.840540988768788,42892.72822688439,0.9714773499411661,0.026951611352487654,0.0009169097854972327,0.000572923966116132,3.9005750452545135e-05,1.9414297753906896e-05,1.3033603693263923e-05,9.7460541767226e-06,BOW,30HZ
BOW_30HZ,-0.00927627123203125,0.02433287933485828,0.024331928813194025,0.06635966123203124,-0.09185896876796876,0.15821863,-3.637978807091713e-14,-5.820766091346741e-13,1.2181450833134877,3.7752440207034823,4.598794942317592,58.0,187.43589923606484,406.9734461036055,4.756130419154202,48500.14288579327,0.9725455780210004,0.02610934157029177,0.0007881304914726647,0.0004975173878646349,3.218467607459381e-05,1.3477855435418539e-05,8.45073638468511e-06,5.319038511002156e-06,BOW,30HZ
BOW_30HZ,-0.012152402633593748,0.026934862397184095,0.026933810233571234,0.09248575263359375,-0.08898283736640625,0.18146858999999999,-1.8189894035458565e-14,-5.820766091346741e-13,1.2117643448530853,3.433816152565094,4.160975980613472,58.0,162.7665913138866,385.2475111290347,4.769141115397704,59427.2367287459,0.9756503834798786,0.023185145510356872,0.0006694575024358692,0.0004273883060457051,3.122686557054202e-05,1.6159290084670425e-05,1.147288483224506e-05,8.76023073414496e-06,BOW,30HZ
BOW_30HZ,-0.014963745808593752,0.026724003860673435,0.026722959933883034,0.09529709580859375,-0.07252905419140625,0.16782615,1.8189894035458565e-14,1.0186340659856797e-12,1.2209195490994968,3.566113036909392,4.353937121224181,58.0,159.64893911306484,375.7282331085015,4.924343689527502,58500.430864204056,0.9774245549982141,0.021465387043897187,0.0006654761762136933,0.0003988757798111407,2.440839867856832e-05,1.0216252891087283e-05,6.698016184544623e-06,4.3831383837032335e-06,BOW,30HZ
BOW_30HZ,-0.0156206266265625,0.024870404374186788,0.024869432855040566,0.0725669366265625,-0.0718721733734375,0.14443910999999998,8.185452315956354e-14,-5.820766091346741e-13,1.2257523016054812,2.9179168277227774,3.5766432676183753,58.0,168.01322483927618,396.87025328918236,4.876137328971719,50666.59404040096,0.976820746404774,0.021748542884657402,0.0007913649776187237,0.0005013617250973766,5.699416137272234e-05,3.301388299085899e-05,2.5640867557941392e-05,2.2314882571043094e-05,BOW,30HZ
BOW_30HZ,-0.014093804885156248,0.027134106017098463,0.02713304607037968,0.09014638488515625,-0.07257800511484375,0.16272439,-5.456968210637569e-14,-2.9103830456733705e-12,1.2342441943408953,3.322383511530758,4.100632560631886,58.0,139.30819145040402,357.6884018070281,4.881228583944804,60309.68335020641,0.9799475101881784,0.01896942939530511,0.0006377190832829021,0.0003956763316805539,2.7078864180472642e-05,1.057943703254952e-05,7.25264167445563e-06,4.753308251927371e-06,BOW,30HZ
BOW_30HZ,-0.010021555728906251,0.026611144073905864,0.026610104555786992,0.08607413572890625,-0.07665025427109375,0.16272439,3.637978807091713e-14,7.275957614183426e-13,1.2310303879656268,3.2346410193624275,3.9819413891449003,58.0,154.0420345131525,379.2428516039683,4.944636223673519,58007.3607655211,0.9774242656767197,0.02137957135290602,0.0007159001086994214,0.00041772542802810653,3.172013344972409e-05,1.3895618214125664e-05,9.792227691375635e-06,7.126277259889685e-06,BOW,30HZ
BOW_30HZ,-0.00851485492421875,0.02398931406706463,0.023988376966180773,0.08044311492421874,-0.06861499507578125,0.14905811,4.092726157978177e-14,8.731149137020111e-13,1.211412499160388,3.3534204933612397,4.062375500767748,58.0,198.83281133367103,416.62425392391714,4.643515643182066,47140.227449686885,0.9714214813464795,0.02716021962492953,0.0008487068465459626,0.0005077453619995031,3.247390059112522e-05,1.4205675921171527e-05,8.66594082279453e-06,6.500820148794052e-06,BOW,30HZ
BOW_30HZ,-0.009127905529687499,0.02389065216224168,0.02388971891541376,0.08105616552968749,-0.0643544244703125,0.14541059,-5.456968210637569e-14,-1.1641532182693482e-12,1.2050849276404707,3.392930901083007,4.088769889591884,58.0,196.47676855962487,410.55720213362315,4.642654072665225,46753.27347808593,0.9727814642518477,0.02583250188391708,0.0008042234640266688,0.0005140325751759723,3.585808743822282e-05,1.4699778261714716e-05,9.997766868469845e-06,7.2203375638384535e-06,BOW,30HZ
BOW_30HZ,-0.0085840927796875,0.02252250302527267,0.022521623222814265,0.061938012779687496,-0.06076646722031251,0.12270448,2.7284841053187846e-14,1.1641532182693482e-12,1.2023589203469705,2.750157578082317,3.3066764965139157,58.0,199.8998422072876,427.04101001674485,4.629740985302447,41551.75018474137,0.970850240201708,0.02754791900201194,0.000955368190335187,0.0005745433145123252,3.854621865367503e-05,1.5463648896051425e-05,1.0724254462934367e-05,7.193564903391905e-06,BOW,30HZ
BOW_30HZ,-0.01041349138203125,0.0221762502045682,0.022175383927874787,0.06376741138203125,-0.06102753861796875,0.12479495,3.637978807091713e-14,4.656612873077393e-12,1.2111504537951343,2.8755944693701143,3.482777546665448,58.0,201.9479897133039,445.91047914815994,4.796512408823292,40283.96810836235,0.9702957947221068,0.02781682643678971,0.0010747832248202945,0.0006561362567098956,6.61506224156264e-05,3.6760818451196065e-05,2.861687151290243e-05,2.490979997315003e-05,BOW,30HZ
BOW_30HZ,-0.014333644481249998,0.023550792623797924,0.023549872652992524,0.06436635448125,-0.07677240551875,0.14113876,0.0,1.0913936421275138e-12,1.206600425621685,3.2599923849581587,3.9335081993809946,58.0,187.2385449151329,413.93668971568366,4.29957814029779,45432.54544463339,0.9743624063534942,0.024165671691455285,0.0008652625473935102,0.0005423917775051102,3.397068139330255e-05,1.4829973252645122e-05,9.136095929062984e-06,6.330744274372795e-06,BOW,30HZ
BOW_30HZ,-0.014721884352343749,0.024680861184817694,0.024679897069846926,0.06636528435234375,-0.07638416564765624,0.14274945,-4.092726157978177e-14,-2.1827872842550277e-12,1.2047091183017442,3.094995308464429,3.728569069359294,58.0,177.42497766200594,416.02339124830223,4.359816944215831,49897.25308195756,0.9756307220568545,0.022736326306322784,0.0009101618286474668,0.0005509742516598478,7.149871006656002e-05,4.1720284113410905e-05,3.212027303202639e-05,2.6449093727890196e-05,BOW,30HZ
BOW_30HZ,-0.0132191887375,0.023878215232148014,0.023877282471147166,0.0648625887375,-0.0723977012625,0.13726029,-5.456968210637569e-14,1.1641532182693482e-12,1.2061166248974342,3.0320745816426924,3.657035561001343,58.0,173.63794236659712,406.6179364279393,4.609770580681074,46704.6088173456,0.974142515726295,0.02432559760890996,0.0008718513401326907,0.0005850954035100906,3.833130683774929e-05,1.7066572374753583e-05,1.1792796415725235e-05,7.745227415041178e-06,BOW,30HZ
BOW_30HZ,-0.013537504887500001,0.023978680183219095,0.02397774349772944,0.0672818048875,-0.0819863951125,0.14926820000000002,5.456968210637569e-14,2.3283064365386963e-12,1.2165143647725285,3.4192706714393033,4.159591889024798,58.0,172.6496201832931,411.8693773318095,4.660217878806022,47098.44469394445,0.974751007494083,0.0236697594213994,0.0008834556312001956,0.0005949394627073831,4.6507272129860286e-05,2.3858443989405212e-05,1.7765221520820208e-05,1.2696747512762413e-05,BOW,30HZ
BOW_5HZ,-0.0118736291046875,0.0022467214117866965,0.002246633647517369,0.0072501591046875,-0.0075366008953125,0.01478676,6.984919309616089e-12,1.1920928955078125e-09,1.2347687589681522,3.3546194326280845,4.142179275480354,54.0,256.65802633694227,436.86150357317536,6.225818333731098,413.4799582002702,0.9849267675311825,0.012124998264442445,0.0019142706660474542,0.0007085738503340707,0.0001667877651434176,7.475438425121574e-05,5.592654322242659e-05,2.7911151742493744e-05,BOW,5HZ
BOW_5HZ,-0.0116037416796875,0.002135097952625948,0.0021350145487331594,0.0066211816796875,-0.0071642983203125,0.01378548,0.0,-1.1920928955078125e-09,1.2324721413408255,3.3556203732700163,4.135708628908084,54.0,269.84076334358866,461.8410821003744,6.398340291632899,373.41488403976757,0.9828239581010958,0.013714940691131336,0.0022718038622726935,0.0008101912467861896,0.00019034080300275036,8.62636139715372e-05,6.65443964945978e-05,3.5941759097634665e-05,BOW,5HZ
BOW_5HZ,-0.01180524217890625,0.002053469563472881,0.0020533893482513233,0.00757215217890625,-0.00696279782109375,0.01453495,4.656612873077393e-12,5.960464477539063e-09,1.2466230442854798,3.687635850291664,4.59709183214565,54.0,320.87898637406954,471.7204005189465,6.732168287018751,345.40813157285316,0.9817175414537748,0.014416290310900725,0.0024974046343950005,0.0009310583973492325,0.00020919621513456135,0.00010946843575424934,7.604374953819153e-05,4.297754413135432e-05,BOW,5HZ
BOW_5HZ,-0.011698966299218752,0.002218548132885952,0.0022184614691568272,0.009404366299218751,-0.006638463700781246,0.016042829999999998,-9.313225746154785e-12,-2.384185791015625e-09,1.2725894834269107,4.239138892303565,5.394683575563244,54.0,316.6199021644135,432.66157804603966,6.7964284929465455,403.1751201791675,0.9854633285107534,0.01158741761416378,0.001889173745513198,0.0007567059356589579,0.00015667473146082812,7.239613398046506e-05,4.8305182811738254e-05,2.5997692086762176e-05,BOW,5HZ
BOW_5HZ,-0.01133824032578125,0.002110861001802598,0.0021107785446841934,0.009043640325781251,-0.0067116196742187505,0.01575526,2.3283064365386963e-12,-5.960464477539063e-10,1.2701980380585012,4.284504570255532,5.442169301769534,4.0,331.89535077453655,469.9850180773617,6.897606990302284,364.9852307412758,0.9828736189202651,0.013580125587473523,0.0022567335147519905,0.0008551087280021905,0.00020524212870033984,0.00010757906292049067,7.3500308694339e-05,4.806807084078294e-05,BOW,5HZ
BOW_5HZ,-0.01149151266796875,0.0019181257825249376,0.0019180508542730867,0.00670563266796875,-0.00919564733203125,0.01590128,-2.3283064365386963e-12,0.0,1.277131923990233,4.7942666935814895,6.122911049688278,54.0,350.64581863034886,490.7000486152896,7.283838892881054,301.37705140800347,0.9783102331540617,0.017550920231265137,0.002748879950136924,0.0009880096511049328,0.0001986861782224429,9.56261578663139e-05,6.948135117707603e-05,3.816061197721197e-05,BOW,5HZ
BOW_5HZ,-0.0122991693796875,0.0022687660030886294,0.0022686773776856347,0.0075132893796875004,-0.008387990620312499,0.01590128,0.0,4.76837158203125e-09,1.2688168103908957,3.6973042968198975,4.69120184700339,54.0,285.54173788469865,440.4377599705924,6.222521605712793,421.63380626209135,0.984626385262925,0.012404763783456965,0.001958600242278291,0.0007231598511084357,0.0001408356049411566,6.584741866627716e-05,5.2201612379947055e-05,2.8204252090340142e-05,BOW,5HZ
BOW_5HZ,-0.012157649645312501,0.0025213997276752617,0.002521301233574649,0.0083521896453125,-0.0081108203546875,0.01646301,0.0,-2.384185791015625e-09,1.28455922293609,3.312650440486355,4.255295677377786,54.0,255.54994040971462,430.3670853104717,6.226522386756414,520.7621655878339,0.9870133252737336,0.010219447510111375,0.001671729700500747,0.0007255501888893921,0.00015963240975573116,9.1078755817466e-05,7.229128949690726e-05,4.690751946561259e-05,BOW,5HZ
BOW_5HZ,-0.01137175903984375,0.0024721633798528153,0.0024720668090846055,0.00790750903984375,-0.00763170096015625,0.01553921,-5.820766091346741e-12,-1.7881393432617187e-09,1.2508907413228425,3.1987440661335196,4.001279337806398,54.0,245.47853263853588,419.99712063224354,5.974158801081527,500.6224874159849,0.986729040854077,0.010574701123151014,0.0016864023835351312,0.0007132830918312595,0.00014607709780724225,7.262774410416897e-05,5.305003123466677e-05,2.480466127319686e-05,BOW,5HZ
BOW_5HZ,-0.010977875677343749,0.0026596332115420285,0.0026595293175904846,0.008222865677343748,-0.008025584322656251,0.016248449999999998,4.656612873077393e-12,2.384185791015625e-09,1.2125004874534406,3.0918499825757735,3.7488696124156364,2.0,193.0942117974593,388.92041035483084,5.186256573813625,579.4280400048846,0.9888272986330919,0.009049515827230441,0.0013760374834087673,0.0005276154348624998,0.00011631771453182439,5.041268048876827e-05,3.719169851644513e-05,1.561043100492601e-05,BOW,5HZ
BOW_5HZ,-0.011514131566406252,0.002625693554354361,0.0026255909861965703,0.008759121566406252,-0.007417808433593749,0.01617693,4.656612873077393e-12,2.384185791015625e-09,1.2261743332738726,3.33605714260874,4.090587644159781,2.0,194.84866321228904,394.8678212865777,4.610434580046654,564.7342004372576,0.9890465044905726,0.008712724817676352,0.0014282014567195544,0.0005894188319064578,0.00011516851835272875,5.163952473813454e-05,3.676596120404058e-05,1.9574691571393227e-05,BOW,5HZ
BOW_5HZ,-0.01250655165390625,0.0019079872694095145,0.0019079127372010674,0.00754336165390625,-0.0064253883460937515,0.013968750000000002,1.0477378964424133e-11,-8.940696716308593e-10,1.2599027734166146,3.953724666159907,4.981308674831414,54.0,361.9989031290737,504.84905708773033,7.125676320956197,298.1995385463366,0.9790245340774496,0.016287109568842374,0.002874300624632518,0.0012573646548722493,0.0002638774175891118,0.0001320450314803445,9.523833220456991e-05,6.549018632523998e-05,BOW,5HZ
BOW_5HZ,-0.0128625870375,0.0019039612713003258,0.0019038868963605017,0.0065852170375,-0.0076934529625000015,0.01427867,0.0,0.0,1.2448788597760523,4.040919118234387,5.030454786997077,54.0,325.6387185173521,498.4754878233229,6.643255242269493,296.94241422855595,0.9777542343217084,0.01797268754988748,0.0027490111936858074,0.0010919286385247052,0.0002158163856494354,0.00010282452315569664,6.943554874666291e-05,4.4053118008970285e-05,BOW,5HZ
BOW_5HZ,-0.011474667286718749,0.002778488431825734,0.0027783798950014645,0.008606417286718748,-0.009081372713281253,0.017687790000000002,9.313225746154785e-12,4.76837158203125e-09,1.207050443443884,3.2685856697821665,3.945347783564906,2.0,164.03497356531764,381.3695826286316,4.36272971199339,632.3728253867409,0.9892986935333312,0.008617684535543856,0.0013810650557977522,0.0005163611960023321,9.511254658822841e-05,4.287285186713447e-05,3.071181715717457e-05,1.7498412311927677e-05,BOW,5HZ
BOW_5HZ,-0.011172928899999999,0.0026285257467018493,0.0026284230679093847,0.008304678899999998,-0.0070423211,0.015346999999999998,9.313225746154785e-12,2.384185791015625e-09,1.2275783928941548,3.159567041635299,3.878616232687643,2.0,194.2167112913003,400.5188533141387,4.865408080276822,565.9531529871679,0.9887375180391421,0.009014652023655829,0.0014432768480760548,0.0005826726676198279,0.00011553579830036568,4.990466895522739e-05,3.53069201744917e-05,2.1132851054777534e-05,BOW,5HZ
BOW_5HZ,-0.011366199360937499,0.0027944023477215587,0.0027942931892478077,0.008332559360937498,-0.0068490506390625,0.015181609999999998,4.656612873077393e-12,2.384185791015625e-09,1.2236928014078174,2.981991793136975,3.6490418924247963,2.0,157.3035612143938,380.50533142428844,4.540132874054349,639.6374572197747,0.9897542975530599,0.008337456508000666,0.0012109916011809778,0.0004945993852422848,0.00010545126163574644,4.385727657810667e-05,3.089829104515835e-05,2.244774527808361e-05,BOW,5HZ
BOW_5HZ,-0.01090791296015625,0.0029108558680866273,0.0029107421605583865,0.00880552296015625,-0.00883607703984375,0.0176416,0.0,0.0,1.2073876580283747,3.035678376649132,3.6652406069689856,4.0,154.38560554285593,368.8453843937466,4.664426086278274,694.0606416173721,0.9906634056595515,0.0075293675327194115,0.0011922926583766628,0.0004236354832792156,9.431635125503776e-05,4.320308827308672e-05,3.1452996061810773e-05,2.232236707385549e-05,BOW,5HZ
BOW_5HZ,-0.011705916450781251,0.00267724443124974,0.002677139849346489,0.00960352645078125,-0.00823475354921875,0.017838279999999998,0.0,-1.1920928955078125e-09,1.246889127119489,3.5872337597672805,4.472882773160557,2.0,183.744570893547,394.2657579302541,4.5176122189075265,587.1270132655945,0.9892116148867325,0.0086437917074626,0.0014051589147043827,0.0005115345425830085,0.00011693344076472039,5.148879230450713e-05,3.862621028006588e-05,2.0844335343498086e-05,BOW,5HZ
BOW_5HZ,-0.011939219370312499,0.0028610900077930285,0.002860978244281675,0.0072337993703124985,-0.0102275106296875,0.01746131,2.3283064365386963e-12,1.1920928955078125e-09,1.23913397442123,3.5748299192958597,4.429693207325318,2.0,150.46949105676973,369.0112018786789,3.930076379631399,670.5312984490492,0.9902631255778159,0.00792102864143988,0.001173636958841676,0.0004718001519390293,9.178568216134784e-05,3.949708835898407e-05,2.8550574585811208e-05,1.0575320561243353e-05,BOW,5HZ
BOW_5HZ,-0.012032399430468748,0.002650240244129659,0.0026501367170980706,0.006652009430468749,-0.01013433056953125,0.01678634,0.0,5.960464477539063e-10,1.245960920781235,3.8240783957758895,4.764652240938444,2.0,176.05441973539942,395.87248190886015,4.676599052385007,575.3425636097227,0.9893453120101373,0.008399496211754523,0.0014726799092957914,0.0005435901054237491,0.00011852476940257875,5.948761760468711e-05,4.047345272263765e-05,2.042620513985807e-05,BOW,5HZ
BOW_5HZ,-0.0126329631375,0.002217497855453066,0.002217411232751205,0.0071274131375,-0.006684886862500001,0.013812300000000001,4.656612873077393e-12,0.0,1.2445996443099216,3.214294682471921,4.000510020315961,54.0,246.32355779032773,451.82245832613347,6.0734145041810645,402.79348168765677,0.9856640575266442,0.011208537287614936,0.0019898254284681513,0.0007541202639078083,0.00018605924725519435,9.462149971328587e-05,6.418371357706211e-05,3.8577490787413565e-05,BOW,5HZ
BOW_5HZ,-0.012298515991406252,0.0024035950975431633,0.002403501205275796,0.008092245991406252,-0.007019334008593749,0.015111580000000001,0.0,0.0,1.234461239529098,3.366857470375526,4.156255047926825,2.0,231.08269739062362,415.84830419937214,5.629448154546803,473.2369353158017,0.9880920057491375,0.009346185790849924,0.0016863295870081106,0.0006072144651500444,0.0001344969400265153,6.716108716113404e-05,4.369047102318171e-05,2.2910961583479325e-05,BOW,5HZ
BOW_5HZ,-0.01096435485859375,0.0022220743410367293,0.002221987539562408,0.007580564858593751,-0.006961835141406251,0.014542400000000002,-4.656612873077393e-12,-1.1920928955078125e-09,1.2579989065866826,3.411614475873718,4.291807282275952,2.0,278.98081194157544,436.8551240957384,6.236027230375684,404.4577693644025,0.9852903996012907,0.011624685007373042,0.002067619767194517,0.0007214174823861266,0.0001560066520374875,7.012303733872423e-05,4.7450653874344455e-05,2.22961919538921e-05,BOW,5HZ
BOW_5HZ,-0.01111489770703125,0.0023898092894284644,0.0023897159356797448,0.0077311077070312505,-0.009405382292968749,0.017136489999999997,0.0,1.1920928955078125e-09,1.2539990958299285,3.9357741849587877,4.935457271394385,2.0,229.52164821901357,422.7289096758991,5.424720898553154,467.8240053867704,0.986629876961185,0.010750396102945163,0.0016986889004797499,0.000660336502591648,0.00013845462110164037,5.914008046653637e-05,4.067638652253157e-05,2.243043953836327e-05,BOW,5HZ
BROKEN_10HZ,-0.0113545056546875,0.004472420773958326,0.0044722460666095235,0.0128266256546875,-0.0207460543453125,0.03357268,-2.9103830456733705e-12,-2.9802322387695313e-10,1.277050549995254,4.638844560805114,5.924038999043287,52.0,214.45055386883524,360.6038427918343,6.001814080033121,1638.4806934829771,0.9911768533572473,0.00762829537349392,0.0006055908523548762,0.0003774796556691091,7.277591380904876e-05,4.065487104903135e-05,2.8834925640615537e-05,6.950029506084716e-05,BROKEN,10HZ
BROKEN_10HZ,-0.011340744806249999,0.00474503214367518,0.004744846787236754,0.01304977480625,-0.020759815193750003,0.03380959,1.1641532182693482e-12,7.450580596923828e-11,1.2771134676465918,4.375234042375606,5.587670320801355,56.0,187.3821136283785,329.8361287357191,5.432843888099185,1844.3117395204383,0.9928347354131496,0.0062147302347895375,0.0005033161900690965,0.00030769099101515113,5.121798092829902e-05,2.2825154059085092e-05,1.355386127949052e-05,5.192975568215877e-05,BROKEN,10HZ
BROKEN_10HZ,-0.01137842446171875,0.0048214211017514625,0.00482123276131108,0.01676626446171875,-0.01674681553828125,0.03351308,-5.820766091346741e-13,-7.450580596923828e-11,1.2438340804876975,3.477588676652434,4.3255433148355955,56.0,181.76368888808898,326.15116946576927,5.002070016864397,1904.1718549741643,0.9928060739082868,0.006286551437720093,0.0004986132579804027,0.0002766135054150507,4.779649209325379e-05,2.2666006839400902e-05,1.4002469768687262e-05,4.768289601050207e-05,BROKEN,10HZ
BROKEN_10HZ,-0.01267552591875,0.004785243299032914,0.004785056371815552,0.018063365918749998,-0.01604124408125,0.034104609999999994,-1.1641532182693482e-12,-2.9802322387695313e-10,1.2580967240511551,3.774953628837066,4.749256794877452,56.0,201.49665987320952,337.81113320736006,5.865394008757048,1875.702950111534,0.9918189196044186,0.007217336739615425,0.0005262888394711894,0.00028602327710477223,5.451176998472721e-05,2.77123068788861e-05,1.7215164069273714e-05,5.1988256306935404e-05,BROKEN,10HZ
BROKEN_10HZ,-0.013668774353125,0.004122550154081222,0.0041223891138204485,0.015127484353125,-0.015047995646875,0.030175479999999998,-1.7462298274040222e-12,-3.7252902984619143e-10,1.2670221715090964,3.669591572212338,4.649453883503811,52.0,251.97597486159415,381.2957815784977,6.434933738203619,1392.156029287179,0.9885016559823712,0.010111362024296916,0.0007314228164433831,0.000402824922646593,9.028412570512946e-05,4.831063203735079e-05,3.291773476064083e-05,8.120426869955622e-05,BROKEN,10HZ
BROKEN_10HZ,-0.013570314105468748,0.004456264803401392,0.004456090727157516,0.01807309410546875,-0.013988725894531252,0.032061820000000005,-2.9103830456733704e-13,1.4901161193847657e-10,1.280537004581344,4.055818251470281,5.19362535602961,52.0,229.72317241058676,346.17108878065403,6.147066041863726,1626.6645175922356,0.9912265239985281,0.0077136345201492115,0.0005804975442041121,0.00031672260486073465,6.106995467157352e-05,2.808905297271383e-05,1.791050807750114e-05,5.554870873399722e-05,BROKEN,10HZ
BROKEN_10HZ,-0.013065266964843749,0.004842305918456231,0.00484211676218676,0.01756804696484375,-0.014493773035156251,0.032061820000000005,0.0,8.381903171539306e-11,1.2552610814049074,3.6281749953674445,4.554306869151745,56.0,204.7464800625515,325.05372665237667,5.563541637161585,1920.7040811479783,0.9929404362301822,0.006139398817932992,0.0005130058849395307,0.00027913078451075507,4.929462808178875e-05,2.2009420157300975e-05,1.4630235691243703e-05,4.209383421920293e-05,BROKEN,10HZ
BROKEN_10HZ,-0.012019480897656249,0.004513216589152595,0.004513040288186136,0.01388794089765625,-0.015827129102343754,0.029715070000000003,-1.1641532182693482e-12,-2.9802322387695313e-10,1.2475513400328777,3.5069771347416787,4.375134024881087,56.0,224.97251036329885,348.5587035870459,5.986600716315557,1668.5082747990348,0.9914186329928036,0.007430298764989517,0.0006615216695454284,0.0003456668507973428,5.233916308539999e-05,2.427377160003438e-05,1.6810696527533214e-05,5.0455249683953096e-05,BROKEN,10HZ
BROKEN_10HZ,-0.0115564276609375,0.004076638085084609,0.004076478838299061,0.0134248876609375,-0.0162901823390625,0.029715070000000003,1.1641532182693482e-12,2.9802322387695313e-10,1.2504806160651651,3.996140537273965,4.9970962821591645,52.0,267.19133854681115,373.85606466578895,6.783128440167935,1361.3203229493322,0.9895590687235711,0.009012100770877381,0.0008443841317095024,0.00040914529914855806,6.0766665706369784e-05,3.1072940285491074e-05,1.988115570504879e-05,6.357978313365242e-05,BROKEN,10HZ
BROKEN_10HZ,-0.012322984235937499,0.004288120850531952,0.004287953342539523,0.015305964235937499,-0.013632815764062502,0.02893878,8.731149137020111e-13,1.4901161193847657e-10,1.263816109697969,3.5695267671226745,4.511225433339816,52.0,241.58778700511118,368.2702350451169,6.307939258308977,1506.2256758881426,0.9904732298395988,0.00828012390358997,0.0007211539030052112,0.0003480758378067926,6.189259715822888e-05,3.267364598715729e-05,2.008841400863711e-05,6.275888677247993e-05,BROKEN,10HZ
BROKEN_10HZ,-0.012117995739843752,0.004685975754904118,0.004685792705400936,0.017310645739843752,-0.01383780426015625,0.03114845,-5.820766091346741e-13,-7.450580596923828e-11,1.2528464075014758,3.694283299429119,4.628369560970216,56.0,222.13960928677622,347.43622679133256,5.476884417774158,1798.6890365822487,0.9918795003462131,0.007106593570509951,0.0005779562024898523,0.00029252573383157116,5.056938104098704e-05,2.3167756653127534e-05,1.495087463821384e-05,5.4736079672381484e-05,BROKEN,10HZ
BROKEN_10HZ,-0.0122679743671875,0.00471786002651211,0.004717675731505242,0.0174606243671875,-0.015189745632812501,0.03265037,5.820766091346741e-13,2.2351741790771484e-10,1.2446966632750258,3.7011073582022833,4.606755980153517,56.0,217.95453868110295,353.46799455010625,5.5173601888264105,1823.249566928609,0.9909293438000083,0.00799562436844173,0.0005905015096249386,0.00029925891623037775,6.324623611606409e-05,3.4477513309524926e-05,2.4289400603733363e-05,6.324635683279726e-05,BROKEN,10HZ
BROKEN_10HZ,-0.01242590435625,0.004243787088821591,0.004243621312650555,0.01378329435625,-0.015031815643750002,0.02881511,0.0,-1.4901161193847657e-10,1.262209697093858,3.542214192250569,4.471017103695742,52.0,249.6581445134334,370.7717165768916,6.374116071917415,1475.2417257457357,0.9890892125733839,0.009711753304460202,0.000705429799992625,0.00033049153589345144,5.560029642684604e-05,2.9267708408089306e-05,1.736889561515949e-05,6.087563037132049e-05,BROKEN,10HZ
BROKEN_10HZ,-0.012450899804687499,0.004218822191329887,0.004218657390369206,0.0146873898046875,-0.014857820195312503,0.029545210000000002,5.820766091346741e-13,4.4703483581542967e-10,1.2533534556633992,3.5219309882119276,4.4142243757297885,52.0,254.37587213126852,393.7401159846947,6.499273116557179,1457.9360120685037,0.9888869673436552,0.009531521137860566,0.0008651677441005992,0.0004268001345751147,9.930683076766338e-05,6.186781421415527e-05,4.4541719665653906e-05,8.379552792809353e-05,BROKEN,10HZ
BROKEN_10HZ,-0.01348961593828125,0.005064564452641029,0.005064366614227991,0.01783296593828125,-0.017316134061718752,0.0351491,-8.731149137020111e-13,-2.9802322387695313e-10,1.2406086556882956,3.5212628336699576,4.368509151267043,56.0,189.96484643451825,329.7198454496686,5.00417744253557,2101.0685308724214,0.9925194038499823,0.006600043449238951,0.00048728259846654413,0.0002741467370916685,4.4484036123221876e-05,2.046754762565314e-05,1.2695946699972977e-05,4.1474942362709035e-05,BROKEN,10HZ
BROKEN_10HZ,-0.01327757345625,0.005124056163238731,0.0051238560008853564,0.01762092345625,-0.01752817654375,0.0351491,1.7462298274040222e-12,2.2351741790771484e-10,1.2384976958293354,3.438996616955329,4.259189386895302,56.0,194.02032871221175,327.870082139576,5.118878665714223,2150.719515217134,0.9924411736469385,0.00669653643398608,0.0004857390209736803,0.0002633069748102966,4.1643218352345144e-05,1.99540602209209e-05,1.2491540610342075e-05,3.915400472723939e-05,BROKEN,10HZ
BROKEN_10HZ,-0.012005297727343751,0.004953054029525081,0.004952860547073025,0.012562557727343751,-0.01864400227265625,0.03120656,-1.1641532182693482e-12,7.450580596923828e-11,1.269393709749782,3.7642897658222867,4.77836575137506,56.0,178.47405612333733,330.11042838564265,5.723887989157757,2009.5653999302594,0.9919894809906198,0.00712546679686233,0.0004968686308660735,0.0002574821047539025,4.578099717586427e-05,2.5293191209659956e-05,1.503632162139931e-05,4.458794090916404e-05,BROKEN,10HZ
BROKEN_10HZ,-0.01183926656171875,0.0049146000870032135,0.004914408106687626,0.013622796561718751,-0.01881003343828125,0.032432829999999996,1.1641532182693482e-12,-1.1175870895385742e-10,1.2635929511733477,3.8275277563653383,4.836437094347715,52.0,176.03545686779088,329.6691869361386,5.8758993151729175,1978.483264917597,0.9921945047089855,0.006916472618061555,0.0004945532492285348,0.00026759131035104946,4.4404101694826385e-05,2.1644700043455233e-05,1.2915261754729834e-05,4.791377047127155e-05,BROKEN,10HZ
BROKEN_10HZ,-0.010906969603906252,0.005115696872754719,0.0051154970369425064,0.015333759603906252,-0.016814480396093748,0.03214824,-1.1641532182693482e-12,-2.9802322387695313e-10,1.2284895089456505,3.2869690415961346,4.038006984619359,56.0,194.00628577571717,326.67363065614285,5.387625640463733,2143.7079577091063,0.9929437992398172,0.006132174757731494,0.000522013394194334,0.0002535433871159301,5.09146547996077e-05,2.6850207928635514e-05,1.8351477579997878e-05,5.234556960994497e-05,BROKEN,10HZ
BROKEN_10HZ,-0.011572307103125002,0.00570857876087452,0.0057083557651612035,0.016361167103125,-0.018884782896874997,0.03524595,1.7462298274040222e-12,1.4901161193847657e-10,1.23586327193908,3.308270134251771,4.088569553290977,56.0,166.63475088520343,304.5849618380984,4.976677956361027,2669.3898798956425,0.9941174284685901,0.005106707235576537,0.0004408828351179397,0.0002014792566417821,4.7569151967307083e-05,2.5228235696746662e-05,1.751695713234294e-05,4.317922528604568e-05,BROKEN,10HZ
BROKEN_10HZ,-0.013639190403125001,0.005016846411216672,0.005016650436826034,0.018428050403125,-0.016817899596874998,0.03524595,-7.275957614183426e-13,-2.421438694000244e-10,1.264058573504636,3.6733774121823797,4.643364212513001,52.0,206.09094249753733,345.2099560897965,6.019086193752469,2061.662771049001,0.9921473094123551,0.006746043187413031,0.0006074931089422306,0.00029102425100750067,7.163379510667273e-05,4.188221188875728e-05,3.17093273834638e-05,6.288341991539446e-05,BROKEN,10HZ
BROKEN_10HZ,-0.013612956275781251,0.004570572008997995,0.0045703934675416875,0.014436926275781251,-0.015391383724218749,0.02982831,0.0,0.0,1.2557343787885884,3.3676277174292832,4.228845900662563,52.0,233.55833837688564,384.52191470179434,6.18174490487632,1711.1856660531234,0.9905060059646741,0.007992817877642833,0.0007524038316686144,0.0004064150063651079,0.00011769002057434494,7.564818763543332e-05,5.600177431179677e-05,9.297406787523331e-05,BROKEN,10HZ
BROKEN_10HZ,-0.012810525506250002,0.004561623912341241,0.004561445720426786,0.014197715506250002,-0.01619381449375,0.03039153,-5.820766091346741e-13,0.0,1.248864504249243,3.5501495540507486,4.4336557638022445,56.0,222.65310560719226,351.6604052019754,5.616609350547991,1704.491997544085,0.9910192734445976,0.007904033940229847,0.0005777450824388515,0.0003384712609536007,5.9704161663518716e-05,2.757782044763251e-05,1.62225915070604e-05,5.6969872244315264e-05,BROKEN,10HZ
BROKEN_10HZ,-0.011724349846093749,0.004273551223524462,0.004273384284669206,0.016964679846093747,-0.01350582015390625,0.030470499999999998,0.0,0.0,1.2548067085001462,3.9698465459764054,4.981390078773006,52.0,241.1007400378754,364.4762692770044,6.2713105376597635,1496.0077437465934,0.9895238158200848,0.009277151736562137,0.0006493677449079855,0.00036600195662664695,6.757774583829331e-05,3.1715322171376434e-05,1.920750776738803e-05,6.515847539769951e-05,BROKEN,10HZ
BROKEN_20HZ,-0.0127867066921875,0.007975014852479166,0.0079747033223768,0.027846136692187502,-0.029486083307812497,0.05733222,1.4551915228366852e-13,1.862645149230957e-11,1.265137105414212,3.697452069643506,4.6777838093831505,38.0,307.8487632719497,438.6493833615562,7.021485250681672,5209.775583247787,0.9759358896769333,0.022870606009881857,0.0006992817117360511,0.0003141314786767998,5.0512595861586906e-05,2.7013693881025395e-05,2.470293516348617e-05,7.7853398412579e-05,BROKEN,20HZ
BROKEN_20HZ,-0.013167400644531249,0.008119482481950602,0.008119165308471236,0.02575194064453125,-0.022275229355468752,0.04802717,3.637978807091713e-13,1.0244548320770264e-10,1.2519435678659963,3.1717472995026816,3.9708486309977973,54.0,276.0939691096334,414.41731753687,6.844872752071663,5400.235647514027,0.9790465806904507,0.01988495776347186,0.0006302796009013123,0.0002892632237873256,3.687729681287699e-05,1.9196220481176736e-05,1.8305588299025528e-05,7.453960715087932e-05,BROKEN,20HZ
BROKEN_20HZ,-0.0131454465421875,0.007932694734504593,0.007932384857564125,0.025710616542187502,-0.0246558534578125,0.05036647,-4.3655745685100554e-13,-9.313225746154786e-11,1.252791010510236,3.2412215242468063,4.060573189160583,54.0,284.3809232594278,422.7640126215147,6.870351949019287,5154.630024622901,0.9782079464322357,0.020621755370034734,0.0006678978608090509,0.000323779076491537,4.888045679218413e-05,2.7831120125549778e-05,2.593016556981171e-05,7.597111883306522e-05,BROKEN,20HZ
BROKEN_20HZ,-0.012255347082812498,0.008048343642660626,0.008048029248096444,0.027405667082812498,-0.025545952917187503,0.052951620000000005,-2.9103830456733704e-13,-2.7939677238464354e-11,1.2465042060252889,3.40526434914353,4.244676334362796,54.0,287.9080993750308,425.2573590999311,7.0118949781992015,5306.021876140363,0.9781177414833426,0.020722181150333592,0.0006720604365519133,0.00034190255648666685,4.028057304092266e-05,2.2665880520188504e-05,2.1080055277340236e-05,6.208548642208722e-05,BROKEN,20HZ
BROKEN_20HZ,-0.011420847322656252,0.008078354093571598,0.00807803852670128,0.028359167322656254,-0.02361352267734375,0.05197269,-7.275957614183426e-14,-2.7939677238464354e-11,1.2505749070198282,3.5106501690239216,4.390331009249724,38.0,306.4540555036418,439.30788044477424,7.05357206462944,5345.665561139009,0.9757888376101481,0.023063286094478237,0.0006706347234659984,0.0003328612442591006,4.236092000814228e-05,2.2686569341839762e-05,2.059714355184045e-05,5.873207807424074e-05,BROKEN,20HZ
BROKEN_20HZ,-0.01091393058125,0.008133536973039326,0.008133219250545679,0.02785225058125,-0.02490268941875,0.05275494,-9.094947017729283e-14,-2.3283064365386964e-11,1.2438542979110003,3.4245050723250596,4.259585352953273,38.0,309.52586571950656,448.09191335679003,6.9226036299440326,5418.947018104079,0.9739817197320493,0.024866392716933597,0.0006710942527618814,0.000323626980434534,4.848086600967315e-05,2.7471806689104047e-05,2.5735112754527005e-05,5.5472042682616556e-05,BROKEN,20HZ
BROKEN_20HZ,-0.01136940868125,0.008441549128763454,0.008441219374309968,0.027900958681249997,-0.024447211318750002,0.05234817,-3.2741809263825415e-13,4.656612873077393e-12,1.245254447806118,3.3053232525692358,4.115968482186429,54.0,280.0853463574266,442.56081308521027,6.609883303709638,5837.1428179928935,0.9749897387256455,0.023945800762001458,0.0005977941078831442,0.00031702054478320054,5.033939802827066e-05,2.7263415978903233e-05,2.5787974091373367e-05,4.6247641109527255e-05,BROKEN,20HZ
BROKEN_20HZ,-0.01182035217578125,0.008861169199659706,0.008860823053477044,0.02819098217578125,-0.02476361782421875,0.052954600000000004,-3.637978807091713e-14,-2.7939677238464354e-11,1.2442921291737434,3.181530880648541,3.958753833960959,54.0,276.2067124110728,420.73031543816296,6.640139583287718,6431.882050774798,0.9772948614334286,0.02177152689994653,0.0005341948792561531,0.0002912056279656803,3.517383458014628e-05,1.7810691475822605e-05,1.5918291364696065e-05,3.930821227845119e-05,BROKEN,20HZ
BROKEN_20HZ,-0.01167126580234375,0.008747847250058489,0.008747505530600944,0.02804189580234375,-0.02491270419765625,0.052954600000000004,3.637978807091713e-13,3.259629011154175e-11,1.2341255217831228,3.205701979957662,3.9562386291487104,54.0,283.7892622645144,417.1225823790563,6.752132595672313,6268.424442039305,0.9786859517992069,0.02030134555366648,0.0005972145514144529,0.00029412150449643513,3.654967430553785e-05,1.8514126068995906e-05,1.6178223564850457e-05,5.0123408255336913e-05,BROKEN,20HZ
BROKEN_20HZ,-0.012141229030468749,0.00800460576264939,0.008004293076629518,0.028470139030468748,-0.02676267096953125,0.05523280999999999,4.3655745685100554e-13,9.313225746154786e-11,1.2418128986973478,3.5568586450235546,4.416952944785245,38.0,292.8302589261429,453.49049330206395,6.939746855527602,5248.508585697152,0.975635359555439,0.02283646373756816,0.0008292109871531665,0.00042817950661124937,7.629736180069246e-05,4.783529983559203e-05,4.486031128651391e-05,0.00010177248386202847,BROKEN,20HZ
BROKEN_20HZ,-0.014109287847656249,0.00799636794121294,0.007996055576989253,0.02836858784765625,-0.025177542152343753,0.053546130000000004,0.0,0.0,1.2364016819538746,3.547822744722595,4.386534009397816,38.0,269.53235538550905,450.38778151041316,6.890989200202799,5237.71127304276,0.9761564712089466,0.022349971339503113,0.0007553228208511617,0.0004950250060810792,5.8104997187413316e-05,3.586897133333088e-05,3.6910916956257856e-05,0.0001123122828218219,BROKEN,20HZ
BROKEN_20HZ,-0.013240112528124999,0.008004145774101768,0.00800383310605055,0.026428102528124997,-0.026046717471875,0.05247482,2.9103830456733704e-13,7.450580596923828e-11,1.2385142730053262,3.3019307342683804,4.089488343377288,38.0,263.3531653112775,463.0751284691451,6.758204910158967,5247.9053712657,0.9760700846159845,0.022330231253775486,0.0007798928257461602,0.0005394893185834084,7.486929734775527e-05,4.606896800873503e-05,4.3185886432502386e-05,0.00011616301793416941,BROKEN,20HZ
BROKEN_20HZ,-0.011119864063281248,0.007635974272714468,0.007635675986643427,0.02430785406328125,-0.02388321593671875,0.04819107,-3.637978807091713e-14,-1.3969838619232177e-11,1.2522197387856326,3.183458033397158,3.9863889875376874,38.0,284.4230901474191,472.40836852708316,6.795228551637525,4776.226652654617,0.9742819057218067,0.024027594863227413,0.000821277421203055,0.0005862949175679203,7.519927862753708e-05,4.1816650055556687e-05,4.1143944170273285e-05,0.00012475920949788413,BROKEN,20HZ
BROKEN_20HZ,-0.010952196691406249,0.007922068749428458,0.007921759287573639,0.02788157669140625,-0.030818463308593752,0.05870004,2.9103830456733704e-13,0.0,1.2435641573646399,3.8903559406363635,4.837907207776692,38.0,260.74970290184734,465.38340522643796,6.639187198984252,5140.829822087777,0.974018372032574,0.024501095435732874,0.0007134843339731013,0.0005463456856072534,5.415143759742314e-05,2.8371440938242184e-05,2.9438966803915505e-05,0.00010873815226093695,BROKEN,20HZ
BROKEN_20HZ,-0.01238246980859375,0.008506359064555827,0.008506026778414779,0.02931184980859375,-0.030332850191406253,0.0596447,-1.0186340659856797e-12,-1.1175870895385742e-10,1.2287610298942089,3.566042169631304,4.381813649517483,2.0,254.56674942166896,457.20001898189605,6.948328861612757,5927.116133525595,0.9750173978539847,0.023667825722854613,0.0006468954243485296,0.00046273126283366366,5.061728551556623e-05,3.0677572410200495e-05,2.7770109897290192e-05,9.607622064654152e-05,BROKEN,20HZ
BROKEN_20HZ,-0.01152493103984375,0.008590351277316199,0.008590015710165256,0.02672889103984375,-0.031190388960156253,0.057919280000000004,2.9103830456733704e-13,3.725290298461914e-11,1.231142458693404,3.631004879259435,4.470284275099613,2.0,253.22938002254864,441.24658958619415,6.7725953790108795,6044.74327206562,0.9770764381815207,0.021700557155637477,0.0006141684890034168,0.00041079018652424827,4.9610913716572796e-05,2.929918508098093e-05,2.6244046148754978e-05,9.28886048276024e-05,BROKEN,20HZ
BROKEN_20HZ,-0.01045744358828125,0.008158623016597913,0.008158304314161547,0.02981999358828125,-0.029577366411718747,0.059397359999999996,7.275957614183426e-13,7.450580596923828e-11,1.2389386616571678,3.6551705398955523,4.528532097381986,38.0,276.2207653843712,450.7209184147557,7.003929628832866,5452.4256003376795,0.975929162906717,0.022744597370837828,0.0006487005224909037,0.0004366100178791209,6.408322877989003e-05,3.689554606430179e-05,3.314827457951219e-05,0.0001067898379443762,BROKEN,20HZ
BROKEN_20HZ,-0.014322618946875,0.008464052702148391,0.008463722068631902,0.033685168946874997,-0.030371421053124997,0.06405659,0.0,3.725290298461914e-11,1.243877356089559,3.979947435625093,4.9505664941856775,2.0,274.2902491656681,427.42263469521345,6.749522212858429,5868.305715656067,0.9791204358484341,0.019730030498440472,0.0005587875160067237,0.0004118439336126522,4.575861520739934e-05,2.4518653767618348e-05,2.2778908631749524e-05,8.584601136534788e-05,BROKEN,20HZ
BROKEN_20HZ,-0.016845350285937498,0.008458302948553547,0.008457972539641194,0.0230288502859375,-0.036127129714062504,0.059155980000000004,2.1827872842550277e-13,3.725290298461914e-11,1.2584851305376932,4.271369945985155,5.375455564683457,2.0,284.28679757806344,429.9354485782144,6.75714959968189,5860.33559484466,0.9801865899808547,0.018559115135140927,0.0005724349626632737,0.0004910781834714485,4.773490972641938e-05,2.6932667380262218e-05,2.6202404163287487e-05,8.990447559810213e-05,BROKEN,20HZ
BROKEN_20HZ,-0.0141597780109375,0.008666105169051778,0.00866576664270664,0.0232606980109375,-0.038812701989062504,0.0620734,2.9103830456733704e-13,0.0,1.2738743256933736,4.478853814653496,5.705496883679311,2.0,263.4379700444597,432.1556764846693,6.485211807972973,6151.8243066681525,0.9803819392987491,0.01840288829797333,0.0005641401602903361,0.00048544318394372457,3.7735891080022226e-05,1.9987235242325887e-05,2.063792893746845e-05,8.722666786739341e-05,BROKEN,20HZ
BROKEN_20HZ,-0.011476226664843749,0.007590900491225003,0.00759060396588294,0.023534796664843746,-0.03143577333515625,0.054970569999999996,3.637978807091713e-14,-4.656612873077393e-11,1.2470881600449357,4.141406068911966,5.164698475158761,38.0,322.19670155459295,470.23557678263415,7.255098664292583,4720.006647678035,0.9741032263595539,0.02435823468335939,0.0007118521050509266,0.0006067422832115965,5.3054356194438064e-05,2.795120709489022e-05,2.8896213270515986e-05,0.00011003996201440436,BROKEN,20HZ
BROKEN_20HZ,-0.010682880704687502,0.0076873620310743815,0.007687061737629821,0.026608000704687503,-0.025337869295312496,0.05194587,0.0,1.862645149230957e-11,1.2439452763538656,3.46140067679881,4.305793022032089,38.0,319.6939680098876,469.3104428086028,7.151776800736316,4840.72803554562,0.9724235918796703,0.026089922711619543,0.0007125996111673906,0.0005624082959287824,5.082059967808251e-05,2.9177455916925576e-05,2.9342497800778976e-05,0.00010212867201945652,BROKEN,20HZ
BROKEN_20HZ,-0.00998618173203125,0.0077859500375996715,0.0077856458929858865,0.027845321732031247,-0.027450068267968745,0.05529538999999999,1.0913936421275138e-13,3.725290298461914e-11,1.2530212139439831,3.576494758583959,4.481423804640767,38.0,333.8279393089035,469.0012159041113,7.083132926807732,4965.6858315415575,0.9712892164559326,0.027256449593624957,0.0007128920498141346,0.0005328221774623852,4.5339082719995385e-05,2.885584043438118e-05,2.8491632892351725e-05,0.00010592814067910379,BROKEN,20HZ
BROKEN_20HZ,-0.01117366191015625,0.008364852100714857,0.008364525342297547,0.02903280191015625,-0.02753057808984375,0.056563379999999996,5.820766091346741e-13,1.862645149230957e-11,1.2541848200873271,3.470944341560288,4.3532057050733535,38.0,312.6210635248661,435.78333968408305,7.0487617278696355,5731.55608204854,0.9769279100018136,0.021822231766757284,0.0006085481703690111,0.00047634555858979235,3.69670454265354e-05,2.1525158992181354e-05,2.1198470855617265e-05,8.527374840806277e-05,BROKEN,20HZ
BROKEN_30HZ,-0.0079074861078125,0.015178731994166262,0.015178139063366835,0.0520323461078125,-0.0442961538921875,0.09632850000000001,1.0913936421275138e-13,0.0,1.2575872153743843,3.4281110409619946,4.311148618281614,58.0,227.19386092809356,432.2260801043638,6.107514810768769,18872.394432695248,0.9831374031898723,0.014621184527840581,0.0011466247412152619,0.0007984654149306207,0.00012327443610109438,5.6401175395976596e-05,5.170499800440701e-05,6.491395008880188e-05,BROKEN,30HZ
BROKEN_30HZ,-0.008780265597656252,0.01525719824538227,0.015256602249435038,0.052905125597656255,-0.051661584402343745,0.10456671000000001,1.4551915228366852e-13,9.313225746154785e-12,1.2580989035806942,3.467687282477832,4.362693568332032,58.0,210.98625438493067,413.97577118925403,5.966741066721938,19068.019846345138,0.9841878363280581,0.013762379153559526,0.001061971667469564,0.0007415310025976196,0.0001025356139839592,4.5633256261247514e-05,3.903043208562772e-05,5.9065855346204703e-05,BROKEN,30HZ
BROKEN_30HZ,-0.011638794511718752,0.014668374451837586,0.014667801457269045,0.04261589451171875,-0.04880305548828125,0.09141895,0.0,6.984919309616089e-12,1.2377849440049407,3.3272236215583817,4.118387304383335,58.0,210.2825025989825,410.0736955608465,5.708165283824447,17624.629217538382,0.9843170435255084,0.013714738650902553,0.001028040351441409,0.0007547207478093202,8.09435457158759e-05,2.8433666849131413e-05,2.9061424576718908e-05,4.7017731248873445e-05,BROKEN,30HZ
BROKEN_30HZ,-0.013186684620312498,0.015172908683593693,0.015172315980271777,0.0446837946203125,-0.0531391753796875,0.09782297000000001,-1.2732925824820997e-13,-1.0477378964424133e-11,1.2444280152745102,3.5023773196709587,4.358456456947854,58.0,196.93101675055348,410.9983205588516,5.6950939843564745,18857.916246822846,0.9847300398845653,0.013235975862708851,0.001052165680983974,0.0007888535083715032,8.08968999822511e-05,3.209866789326727e-05,3.0884506283101866e-05,4.907865001178043e-05,BROKEN,30HZ
BROKEN_30HZ,-0.013494600104687499,0.015303487165858356,0.015302889361714849,0.0449917101046875,-0.0528312598953125,0.09782297000000001,-6.366462912410498e-14,-5.820766091346741e-12,1.2563070245715064,3.4523715517433393,4.337238632169416,58.0,201.40230588267542,416.9886540061524,5.691857448857628,19183.89646980992,0.9843069008085545,0.01356717473080988,0.0011323367500825614,0.0007903534140460125,8.685706505309626e-05,3.5893067669671594e-05,2.9906379617090842e-05,5.0570210037305506e-05,BROKEN,30HZ
BROKEN_30HZ,-0.01248038678828125,0.014984517341657774,0.01498393199751639,0.045907046788281246,-0.05172073321171875,0.09762778,3.637978807091713e-14,-2.3283064365386963e-12,1.2548885666100147,3.451746391857611,4.331557082268567,58.0,224.94454403596814,431.3625464627497,6.100835813579104,18392.53244875987,0.9822433533795291,0.015670344812743545,0.0011053649583541766,0.0007867702627318092,8.579047283578522e-05,3.131443855070919e-05,2.9110055961359615e-05,4.7949281351560056e-05,BROKEN,30HZ
BROKEN_30HZ,-0.01377517676640625,0.015784717857320295,0.01578410125473574,0.05115480676640625,-0.05042594323359375,0.10158075,-3.637978807091713e-14,-6.984919309616089e-12,1.252790844278516,3.240907159526568,4.060178816868808,58.0,218.00357823592046,413.76271559786164,6.098789867167087,20409.372927149227,0.9843947265035269,0.013707060773686129,0.0009736839151639589,0.0007383756499750487,8.134752900963686e-05,3.0180150529110944e-05,2.8984138947408076e-05,4.5635761011339326e-05,BROKEN,30HZ
BROKEN_30HZ,-0.01627912595703125,0.016214952864815908,0.016214319455848118,0.05695761595703125,-0.05029705404296875,0.10725467,2.7284841053187846e-14,6.402842700481415e-12,1.2507189804481886,3.5127971980948733,4.393522130393439,58.0,194.25578697174905,388.0206313329106,6.044810857530528,21537.108430591063,0.9869791552326427,0.011259973560425797,0.0009280144508272312,0.0006707518734136543,7.123654221042157e-05,2.54944592706155e-05,2.445673651992871e-05,4.091539067395601e-05,BROKEN,30HZ
BROKEN_30HZ,-0.01354681645625,0.01626984725768318,0.016269211704361283,0.05422530645625,-0.05302936354375,0.10725467,-7.275957614183426e-14,-1.3969838619232177e-11,1.254248279875285,3.3330014654847004,4.180411355162942,58.0,180.20041915115982,388.1756050223862,5.626126296717538,21683.179482863372,0.9864345143950664,0.011789937555914242,0.0009264835165779195,0.0006916562423211285,7.032771497670925e-05,2.35802775605465e-05,2.3516772443763832e-05,3.9983031383410254e-05,BROKEN,30HZ
BROKEN_30HZ,-0.009439361626562498,0.015305978678590178,0.015305380777120056,0.0491493516265625,-0.0399615883734375,0.08911094,-7.275957614183426e-14,-1.280568540096283e-11,1.2512942311360133,3.211246576551979,4.0182143162573,58.0,198.4316023278412,408.9271313741112,5.466372390889024,19190.14344562363,0.9843714999221358,0.013517085915368083,0.001106823316504853,0.0008269130114883122,8.025962591260243e-05,2.526659681682527e-05,2.4970195358116172e-05,4.718141578258988e-05,BROKEN,30HZ
BROKEN_30HZ,-0.00934763338515625,0.015068150359135748,0.01506756174801581,0.04905762338515625,-0.048814516614843755,0.09787214,-3.637978807091713e-14,-1.1641532182693482e-12,1.2591187669082355,3.2558435267976003,4.099493686979629,58.0,214.13475184326168,412.5357500722215,5.8361232041093,18598.413755501162,0.9844250130782873,0.013425001645216662,0.0011457116557218525,0.0008028502633379205,8.634045462239353e-05,3.375519117786774e-05,3.1100878301153395e-05,5.0219049713664434e-05,BROKEN,30HZ
BROKEN_30HZ,-0.01257689036328125,0.015506287941296958,0.015505682215093429,0.05106061036328125,-0.04924767963671875,0.10030829,7.275957614183426e-14,-4.656612873077393e-12,1.2564743985170481,3.293025721260118,4.13760251268832,58.0,217.43525928742076,415.7405634005123,6.2297965731176985,19695.712866931626,0.9836770888187609,0.014381102154551809,0.001028178833472609,0.0006891785914319464,9.32623268839518e-05,3.709846551547081e-05,3.584252172162811e-05,5.8235791545225165e-05,BROKEN,30HZ
BROKEN_30HZ,-0.01443960920703125,0.015942822495796514,0.015942199717128888,0.04861871920703125,-0.04773213079296875,0.09635085,2.0008883439004421e-13,1.280568540096283e-11,1.2390396979275553,3.0496869984475117,3.7786832575670215,58.0,191.63266316511115,395.9437322849955,5.867590958908106,20820.27371233124,0.9849247935433544,0.013369918711388585,0.0008964221527198669,0.0006255843136400794,7.416929932459643e-05,2.3935681143575354e-05,2.7801098113266884e-05,5.737504956849093e-05,BROKEN,30HZ
BROKEN_30HZ,-0.01312697415078125,0.01578773379982866,0.015787117079431548,0.04504575415078125,-0.049044765849218755,0.09409052000000001,-1.0004441719502211e-13,-6.402842700481415e-12,1.238584653897338,3.1066321735214557,3.8478269356711388,58.0,187.54635107701927,406.11132816883065,5.722499228963086,20417.172979078936,0.9847717157668239,0.013290064630907933,0.0009427703597276868,0.0007097535524819026,0.00010982590802767852,5.0684720568118565e-05,5.034550866468933e-05,7.481618035571143e-05,BROKEN,30HZ
BROKEN_30HZ,-0.011711460182031251,0.015496023237930086,0.015495417912699365,0.04959024018203125,-0.045908329817968746,0.09549857,-3.637978807091713e-14,3.4924596548080443e-12,1.2464077477726923,3.2003164069675685,3.9888991652258667,58.0,198.92914099937772,410.6744921330857,5.471042061388245,19669.645427330866,0.9842282666433811,0.013815925153277602,0.0009621509651647357,0.0007761435770628759,7.77914412269022e-05,2.8339932054312536e-05,3.4623080666348727e-05,7.675821891568218e-05,BROKEN,30HZ
BROKEN_30HZ,-0.011971006774218751,0.015662428460571556,0.015661816635009863,0.04984978677421875,-0.05368286322578125,0.10353265,7.275957614183426e-14,-4.656612873077393e-12,1.2453441495545239,3.4276268502820346,4.268575045127278,58.0,209.76598872733422,422.0979630135598,5.802651766181502,20094.361657547634,0.9834702399688268,0.01449189971617906,0.0010317798483126493,0.0007802105867423093,8.289182665703192e-05,3.004235679406452e-05,3.5743499682115454e-05,7.718898583170091e-05,BROKEN,30HZ
BROKEN_30HZ,-0.012287904863281249,0.015580494047667292,0.015579885422731117,0.050664344863281245,-0.053365965136718756,0.10403031,-3.637978807091713e-14,-3.4924596548080443e-12,1.2485329860930832,3.4253117840926017,4.276614750367458,58.0,214.2601680041523,424.8101688770745,6.018354779901033,19884.673419018916,0.9826393931622404,0.01545451902509111,0.00098279581545139,0.0007170059634730491,8.515266827726683e-05,2.997122313160451e-05,3.340769453489109e-05,5.77541464098598e-05,BROKEN,30HZ
BROKEN_30HZ,-0.0092810137390625,0.015277278760820679,0.01527668198046299,0.0539601537390625,-0.042694656260937505,0.09665481000000001,0.0,-4.656612873077393e-12,1.2509744969563124,3.5321906814934523,4.418680461224289,58.0,217.86716107877874,427.991447633668,6.131483889276931,19118.244863620042,0.9824893610029136,0.015548698464006725,0.0009909854621267388,0.0007438025265321959,8.434944458954572e-05,3.66756115318753e-05,4.261332263475458e-05,6.351276741773958e-05,BROKEN,30HZ
BROKEN_30HZ,-0.010621167698437501,0.016580840601718095,0.016580192899981416,0.0553003076984375,-0.0525801623015625,0.10788047,7.275957614183426e-14,9.313225746154785e-12,1.261904184165093,3.3353235410888473,4.208858732298199,58.0,182.07104674187016,397.35884887594165,5.783768601089841,22520.037098403904,0.9851271905860451,0.013126705017456986,0.0008493325529725968,0.0007097662901525333,6.781041954912637e-05,2.702814396195359e-05,3.5131600414907496e-05,5.7035311007094785e-05,BROKEN,30HZ
BROKEN_30HZ,-0.0144130286546875,0.017366457922427254,0.017365779531914587,0.0570389486546875,-0.0490475613453125,0.10608651,-1.8189894035458565e-14,4.656612873077393e-12,1.2503448090411922,3.2845602206671782,4.1068328221308885,58.0,160.0666061180486,378.66266265932444,5.48855238242606,24704.638873764496,0.9869141380853119,0.011386678302938123,0.0008317347071189012,0.0007052480580033736,6.232421563063998e-05,2.273412816658947e-05,2.983270834922943e-05,4.730978821768746e-05,BROKEN,30HZ
BROKEN_30HZ,-0.00937310540078125,0.017067902354603676,0.017067235626645662,0.051999025400781246,-0.05408748459921875,0.10608651,-7.275957614183426e-14,4.656612873077393e-12,1.256493690419791,3.169082901252465,3.981932670074276,58.0,170.84602429821106,399.9027061370118,5.501020718356377,23862.52039550035,0.9853443495463912,0.01276936052279854,0.000941902391916978,0.0007698376042702671,6.727039814806707e-05,2.395816241584327e-05,3.412697625198773e-05,4.91927761126595e-05,BROKEN,30HZ
BROKEN_30HZ,-0.010042111210156248,0.017003860188771133,0.01700319596250909,0.05027658121015625,-0.05956174878984376,0.10983833000000001,1.4551915228366852e-13,4.656612873077393e-12,1.262074961154697,3.502973730213453,4.421015434745079,58.0,182.9809799131507,412.6603858953563,5.748615773430162,23683.782524712304,0.984458342768538,0.01356480420023383,0.0009820644215193203,0.0007966197116654566,7.305607187018167e-05,2.7845933582499554e-05,3.8859081119062654e-05,5.840464393212347e-05,BROKEN,30HZ
BROKEN_30HZ,-0.015488490865625,0.01602841949220542,0.016027793369839814,0.049001570865625,-0.05411536913437501,0.10311694,-7.275957614183426e-14,-1.1641532182693482e-12,1.253370398880026,3.3763455693676385,4.231811593299154,58.0,206.64139692093562,419.5379027555648,6.0045666006628,21044.44202933389,0.9839490917983706,0.013948167896306353,0.0010526772305307936,0.0008143391186309495,8.681242475477562e-05,3.7956282302090335e-05,4.65684057526942e-05,6.437762064619631e-05,BROKEN,30HZ
BROKEN_30HZ,-0.014472313193750001,0.015257775093241352,0.01525717907476056,0.05226914319375,-0.04898380680625,0.10125295000000001,9.094947017729283e-15,0.0,1.246456712685124,3.4258720392678104,4.270201200425519,58.0,217.58086829829458,417.74231439219375,5.966774725073453,19069.46162535515,0.9835548894409348,0.014469630511185523,0.0010016393163209158,0.0007379400402289846,8.703909521830682e-05,3.8981889938354067e-05,4.7294600780018106e-05,6.257941701591672e-05,BROKEN,30HZ
BROKEN_5HZ,-0.01295258955625,0.00226917003457839,0.0022690813933926076,0.007025369556249999,-0.00790592044375,0.01493129,2.3283064365386963e-12,5.960464477539063e-10,1.2438643752145362,3.4841942925834415,4.33386515878032,56.0,283.2892184043815,430.49698600518104,6.471933891249929,421.78399203960515,0.9861000918944318,0.010965054140481724,0.0019236389815035383,0.0006471386200290454,0.00014627426801374334,7.310090915765156e-05,5.2974681221835456e-05,9.1725830555152e-05,BROKEN,5HZ
BROKEN_5HZ,-0.0130362965921875,0.0026093551873781306,0.002609253257450266,0.008678046592187499,-0.008549333407812502,0.01722738,0.0,0.0,1.236304275458449,3.3258736246023575,4.111791783306233,56.0,218.72671086612795,392.11267536400226,5.642723247743084,557.7279546872348,0.9894990403679799,0.008320681241202024,0.001395364114668404,0.0005030162326486579,0.00011881090168091359,5.554765155953077e-05,4.019320308867435e-05,6.734324647424726e-05,BROKEN,5HZ
BROKEN_5HZ,-0.012913754103125,0.002551244981854033,0.002551145321900408,0.008641924103125,-0.008671875896875002,0.017313800000000004,2.3283064365386963e-12,-5.960464477539063e-10,1.2432351699044204,3.3992089039506026,4.226016060900164,56.0,240.993011207603,412.7979143153553,5.852419962340955,533.1634206032235,0.9891505997149963,0.00830994354176114,0.001588062462610224,0.000572356307944103,0.00015878001576982137,7.554032402769432e-05,5.74540017718537e-05,8.723806205597735e-05,BROKEN,5HZ
BROKEN_5HZ,-0.012575525965624999,0.0022021937997909378,0.002202107774915427,0.008303695965625,-0.006867484034375001,0.015171180000000001,-9.022187441587448e-12,-4.172325134277344e-09,1.2589884466297943,3.770794534419694,4.747386755605007,56.0,302.58539102856025,440.959549831623,6.353229245229098,397.25290800194756,0.9853317861146618,0.011554766375023664,0.002050494952504852,0.0006782673111263946,0.00015500662086373847,8.02752301594742e-05,5.2868547361957825e-05,9.65308105092266e-05,BROKEN,5HZ
BROKEN_5HZ,-0.01174169949921875,0.0022742708610616,0.0022741820206208913,0.0067308294992187495,-0.007701310500781251,0.01443214,9.313225746154785e-12,2.384185791015625e-09,1.2523390748576628,3.3864090154455844,4.240932335357588,2.0,269.0630387773485,435.26675575677666,6.175377681284882,423.68236494091497,0.9861432730415587,0.0108590211014711,0.0019596725966334956,0.0006958444054636539,0.0001386721522297057,7.20757220974878e-05,4.662033194299858e-05,8.481833133712363e-05,BROKEN,5HZ
BROKEN_5HZ,-0.0117970282046875,0.00228568198074211,0.002285592694545832,0.006786158204687501,-0.008362671795312498,0.015148829999999999,-9.313225746154785e-12,0.0,1.2333946825345758,3.658863546252004,4.512822844041287,56.0,266.94866796464754,429.5195582234171,6.099958668189741,427.94467065148035,0.9870488895310543,0.009987254133464558,0.0019150320235178603,0.000707914276699758,0.0001413231014638018,7.06217930509694e-05,4.759648163913601e-05,8.136768195029007e-05,BROKEN,5HZ
BROKEN_5HZ,-0.01256569231484375,0.00249013719926129,0.0024900399263770466,0.007899012314843749,-0.00820937768515625,0.01610839,-1.1641532182693482e-12,-1.7881393432617187e-09,1.2248730670725,3.296885963512974,4.038266823538179,56.0,229.41208653324574,399.9803497952595,5.1141697640842265,507.92848085366495,0.9889183811423032,0.008658568720286097,0.0015565008222825662,0.0005662655885190464,0.0001250420848551046,6.02216189059773e-05,4.0734880500970854e-05,7.428398307654672e-05,BROKEN,5HZ
BROKEN_5HZ,-0.01184757761875,0.0027245666822568733,0.002724460251792087,0.008700697618750001,-0.008927492381249999,0.017628190000000002,0.0,2.384185791015625e-09,1.2419231141023959,3.2767930352813583,4.0695250121393665,56.0,199.38910821359408,385.57138396120683,5.120997208489581,608.0662486782363,0.9905073165525474,0.00729193934594925,0.0013914989080477517,0.0005125284396133842,0.0001173108968075434,6.180039391044238e-05,4.332037374391088e-05,7.427536499884815e-05,BROKEN,5HZ
BROKEN_5HZ,-0.01208923326875,0.00251708216627115,0.002516983840828574,0.00894235326875,-0.007781406731249999,0.016723759999999997,9.313225746154785e-12,2.384185791015625e-09,1.259456508308325,3.5528051949087733,4.474603627257245,56.0,235.511631220312,408.4283296970556,5.600407805812462,518.9802120777978,0.9893282173904006,0.008209369596031862,0.0015465568597804284,0.0006029244880172063,0.00012547182146186364,6.453292645468383e-05,4.401766094893488e-05,7.890547702884926e-05,BROKEN,5HZ
BROKEN_5HZ,-0.012809741160937497,0.0022547716892513197,0.0022546836105118867,0.007605171160937497,-0.006867198839062503,0.01447237,-5.820766091346741e-12,-3.5762786865234374e-09,1.235498159399986,3.373054703598888,4.167402879700223,56.0,291.573628033554,433.712136287334,5.813861829670656,416.4483633140988,0.987182757750275,0.00988165131407697,0.00184463052876921,0.0007365149850759573,0.00013973227134257997,7.289899550681846e-05,4.887117903683754e-05,9.29423953638676e-05,BROKEN,5HZ
BROKEN_5HZ,-0.0129558007390625,0.0023263211284181673,0.0023262302547241774,0.0074770707390625,-0.009036599260937498,0.016513669999999998,1.1641532182693482e-12,0.0,1.2202535747653407,3.884653825089348,4.740262718828876,56.0,263.2025472691978,421.99489389679064,5.531771033642486,443.2975625467053,0.9880392876039198,0.009140718703130213,0.0018272784970684774,0.0006676549956642974,0.00012514750211808917,6.765777947231034e-05,4.19751500903629e-05,9.027937589794798e-05,BROKEN,5HZ
BROKEN_5HZ,-0.01258310308125,0.002517850531041916,0.0025177521755845047,0.00833511308125,-0.009409296918749999,0.01774441,-4.656612873077393e-12,-3.5762786865234374e-09,1.212003531976822,3.737181524956251,4.529477209684519,56.0,225.56938675032808,395.38281036411547,5.487077940608763,519.2971073671926,0.9896349965734664,0.007914064067067787,0.0015909935776998452,0.0005608357047698077,0.00011910739189548344,6.290832077114948e-05,3.623107293733309e-05,8.086328967967017e-05,BROKEN,5HZ
BROKEN_5HZ,-0.01160075725625,0.002303222618587358,0.0023031326471965314,0.00735276725625,-0.007769242743749998,0.015122009999999998,-2.3283064365386963e-12,-1.1920928955078125e-09,1.2542943971007245,3.3733370719370877,4.231157790699984,56.0,277.3679201322514,425.7712823457746,6.002804370894721,434.53808662612505,0.9875813186937065,0.009487195405250953,0.0018600684020115999,0.0006972589423931494,0.00014837357116151162,7.790555107811606e-05,4.880429303582602e-05,9.90705497881035e-05,BROKEN,5HZ
BROKEN_5HZ,-0.012249074066406249,0.0025281680869211186,0.0025280693284263087,0.006527474066406249,-0.00850811593359375,0.015035589999999998,9.313225746154785e-12,4.76837158203125e-09,1.2675761665296807,3.3654598924802763,4.265976750806985,56.0,229.4153460364647,408.16659852718976,5.701286565127965,523.561743197247,0.9891935006158216,0.00821373874931979,0.001647748687423923,0.0006173422790622183,0.00013063850894807428,6.647942385668644e-05,4.4890910837982944e-05,8.565106639118272e-05,BROKEN,5HZ
BROKEN_5HZ,-0.012636061871875,0.002590659257891709,0.002590558058287854,0.008274831871875,-0.008121128128124998,0.016395959999999998,-4.656612873077393e-12,-2.384185791015625e-09,1.2520935070746506,3.194227530322079,3.999471552379237,56.0,218.52289457770053,397.35754813290936,5.40968550589723,549.764387493549,0.9896759448487831,0.007935108794480962,0.0015124413483766377,0.0005785988038287094,0.00012657547607858828,5.767062187020248e-05,3.703566584012336e-05,7.66229772537734e-05,BROKEN,5HZ
BROKEN_5HZ,-0.0122846805265625,0.002507383511685284,0.0025072855651038025,0.0079234505265625,-0.007794559473437502,0.015718010000000004,2.3283064365386963e-12,1.7881393432617187e-09,1.2402967666532982,3.1601707574439355,3.9195495740932818,56.0,242.54000618414213,403.5106908374451,5.738081679197807,514.9885158167117,0.9892991684556781,0.008292937214042766,0.0014969557752931636,0.0006022853913445041,0.00012664218718052393,6.130627363315982e-05,3.781277262649943e-05,8.28916159304626e-05,BROKEN,5HZ
BROKEN_5HZ,-0.0125068495375,0.002413833339350296,0.002413739047143797,0.0076881895375,-0.007572390462500002,0.015260580000000003,-6.984919309616089e-12,-2.9802322387695314e-09,1.2403911941354642,3.185178424077092,3.950867270612325,56.0,252.64974778813686,414.1741788190765,5.634380404567814,477.2770765004095,0.988040922422944,0.009346604984835959,0.0016861936020127184,0.0006068139748927397,0.00012134070878662523,6.556409965952236e-05,4.039110098394663e-05,9.216909129542768e-05,BROKEN,5HZ
BROKEN_5HZ,-0.01186711047109375,0.002429523482169399,0.0024294285770547247,0.007781530471093749,-0.00678619952890625,0.01456773,2.3283064365386963e-12,2.384185791015625e-09,1.2479732249054292,3.2030291161407685,3.9972945771815453,56.0,243.98090385312184,420.55844596313483,5.8815690722392615,483.5019334944392,0.9880254224061268,0.009294568910493654,0.0017949997378851564,0.0005753328207764467,0.00012158375939037359,6.110084577229363e-05,3.9334872188501035e-05,8.765644679460864e-05,BROKEN,5HZ
BROKEN_5HZ,-0.0123935501703125,0.002661388446523445,0.0026612844840066953,0.0083079701703125,-0.0078451198296875,0.016153090000000002,0.0,-4.76837158203125e-09,1.2441839818277463,3.121789578347765,3.884080589476559,2.0,214.25379573184074,392.9031823601448,5.290328009516816,580.1930839000962,0.9903052190887733,0.007465665780496094,0.0014693561262699088,0.0004979289338862429,0.00010688766044158558,5.083714527780843e-05,3.4679837482816756e-05,6.94250355349152e-05,BROKEN,5HZ
BROKEN_5HZ,-0.012791904231249998,0.002267897686945774,0.0022678090954620415,0.007325094231249998,-0.007446765768750002,0.014771860000000001,-9.313225746154785e-12,-2.384185791015625e-09,1.236108791775205,3.283682819849138,4.058989204806545,56.0,265.2014222247251,434.7865505487071,5.834571698550087,421.31112847921236,0.9869114838796578,0.01015637038368302,0.0018842422811641809,0.00066737395783331,0.0001541965817185688,7.534575181440986e-05,5.353769736403725e-05,9.744252206537218e-05,BROKEN,5HZ
BROKEN_5HZ,-0.01261245573203125,0.00219146370456466,0.002191378098841681,0.00714564573203125,-0.00766048426796875,0.01480613,0.0,0.0,1.2523219686689933,3.4957382610158385,4.377789822984612,56.0,267.415674051504,434.8751753188708,5.877548438757212,393.3911427135334,0.9870496731423484,0.00993272575589628,0.0018989476906583742,0.0007324713305589391,0.00015764307922033012,7.470489422802208e-05,5.219446374332941e-05,0.00010163943746474796,BROKEN,5HZ
BROKEN_5HZ,-0.012905557706250001,0.0025536502534382177,0.002553550499526836,0.00932508770625,-0.007494032293749998,0.01681912,6.984919309616089e-12,1.1920928955078125e-09,1.2457552057967465,3.651812527038762,4.549264467933855,56.0,228.74319104146906,387.8918591048643,5.033638952524717,534.169204021527,0.990438355140671,0.007267684428074981,0.0014688064895043067,0.000527327081544078,0.00011936925382075408,6.080299738011445e-05,4.1421532084108885e-05,7.622919856008923e-05,BROKEN,5HZ
BROKEN_5HZ,-0.01195497903046875,0.0028640099289604245,0.0028638980513874227,0.008641219030468751,-0.009653000969531249,0.01829422,4.656612873077393e-12,1.1920928955078125e-09,1.2344909303867537,3.3705812123738994,4.160951938260466,56.0,199.64409867808274,366.8056782497354,5.0146281395117205,671.9006363396148,0.9920675771552927,0.0060526724139586515,0.0012157261770319643,0.0004108414850430304,0.00010273707723931796,5.225755399852091e-05,3.7689121266933836e-05,6.049512637203504e-05,BROKEN,5HZ
BROKEN_5HZ,-0.01179453443359375,0.002561141302367968,0.0025610412558317724,0.008480774433593751,-0.009813445566406249,0.01829422,4.656612873077393e-12,0.0,1.2554855231106083,3.8318186168333432,4.81079280249843,2.0,218.8283692002739,407.57155936947333,5.463250799706959,537.3077355941373,0.9894300659066876,0.008096759444296454,0.00156703935492094,0.0005894224087556163,0.00012723549479901915,6.575987591385327e-05,4.8108294911121234e-05,7.560763653126218e-05,BROKEN,5HZ
H_10HZ,-0.014422897110937501,0.00453000088322095,0.004529823926605198,0.013892457110937501,-0.0136025128890625,0.02749497,0.0,1.4901161193847657e-10,1.2308661889284753,3.066886778153889,3.774927241334758,4.0,204.59793293262575,420.5344150667834,6.13083809847161,1680.9414844726568,0.9887444840124374,0.009300703057792467,0.0009394040496628216,0.0006614187646938834,0.00012122758883935104,9.818811669362114e-05,6.119735160786326e-05,7.333569876506114e-05,H,10HZ
H_10HZ,-0.012573052565625,0.004779743484427106,0.004779556772050449,0.019838292565625,-0.015452357434375001,0.03529065,-5.820766091346741e-13,-1.4901161193847657e-10,1.2603212546563631,4.1506552819883415,5.231159073736094,2.0,167.24938315989826,388.12047004684365,4.971349750060005,1871.3938359480608,0.9901152543976633,0.008324935136466117,0.0007735104903159951,0.0005803746953241995,7.157095757270282e-05,5.9223439397294834e-05,2.993776209726936e-05,4.518443430066484e-05,H,10HZ
H_10HZ,-0.010428719182031249,0.004527068308252032,0.004526891466192227,0.01769395918203125,-0.014379780817968752,0.03207374,1.1641532182693482e-12,2.9802322387695313e-10,1.242915969464441,3.908633398937175,4.858102871394257,2.0,195.7688925456124,398.13144869622323,5.727429341768748,1678.7657833975832,0.9892152484073714,0.009243652231254298,0.0006986384238545254,0.0006732674006678665,6.335160168195525e-05,3.0188673803648798e-05,1.9634321936536005e-05,5.601574990932505e-05,H,10HZ
H_10HZ,-0.00972973061484375,0.003944408846652079,0.003944254765172044,0.01174272061484375,-0.012985319385156251,0.02472804,2.3283064365386963e-12,2.9802322387695313e-10,1.238755312482095,3.2922111159058542,4.078244010674954,2.0,263.6058855609565,434.99168560392485,6.522281005925949,1274.441371875268,0.9861518949554637,0.011949561404929225,0.0008291166018684249,0.0008600417277769474,8.49173357749823e-05,3.304603165484962e-05,2.1035802808761727e-05,7.038611505398786e-05,H,10HZ
H_10HZ,-0.011955048059374999,0.004047738770156418,0.004047580652272408,0.012378208059375,-0.014280871940625,0.02665908,0.0,0.0,1.2483305089602532,3.5282488884017984,4.404420731685227,2.0,247.1636574333591,426.3866241562191,6.320306648938614,1342.087918782561,0.9871031125385704,0.011099838294599944,0.0008394815014178019,0.0007555123775891661,8.716861763438648e-05,3.4497229982282884e-05,2.1353460866059962e-05,5.903253962663908e-05,H,10HZ
H_10HZ,-0.01293807264921875,0.0037823860441420234,0.00378223829180133,0.01291572264921875,-0.01329784735078125,0.02621357,0.0,2.9802322387695313e-10,1.2457450957285146,3.515867145676891,4.3798742551180085,6.0,277.3662658879393,445.66170545958727,6.789441842865333,1171.892346972302,0.9847209444121066,0.013354289695594832,0.0009168020460322204,0.0007877433025643655,9.451952807740257e-05,3.715242932240943e-05,2.281868332959063e-05,6.572918177262979e-05,H,10HZ
H_10HZ,-0.01136492785546875,0.004134933366677074,0.00413477184268761,0.01404245785546875,-0.011570642144531249,0.0256131,0.0,2.9802322387695313e-10,1.2392981572086843,3.3961868722954573,4.208888133390011,4.0,231.39398614044794,412.6762331876902,6.352614147206246,1400.5320247278426,0.9877240587832715,0.010625949350233251,0.0007692773293140728,0.0006987539532449037,7.786882470806987e-05,2.8487934359771652e-05,1.7863873918821486e-05,5.773978760853205e-05,H,10HZ
H_10HZ,-0.011350374513281249,0.004590006764926411,0.004589827464285123,0.014027904513281248,-0.014043695486718752,0.028071600000000002,1.1641532182693482e-12,1.4901161193847657e-10,1.2443610135846548,3.0597436598515686,3.8074257227116552,2.0,197.550813026515,380.5124048868818,6.132729076321481,1725.7690077882537,0.9903312109162761,0.008206523887998689,0.0006414522839167339,0.0006444164600638102,7.319307214851263e-05,3.0460074439613798e-05,2.096692157712896e-05,5.177102467668415e-05,H,10HZ
H_10HZ,-0.0144326044609375,0.0055450888405373325,0.005544872231273768,0.0156350344609375,-0.018491925539062502,0.03412696,2.3283064365386963e-12,2.9802322387695313e-10,1.2356645327800524,3.3349597185361253,4.120891443188426,2.0,137.96494716177708,331.49262670767746,5.157654192416668,2518.680222982077,0.9931605485511491,0.0057859316270635385,0.0004627646129802316,0.00044610135876918875,5.633949616248277e-05,2.741590183499109e-05,2.071802375344536e-05,4.0172001180796123e-05,H,10HZ
H_10HZ,-0.015243552326562501,0.005171282813417497,0.005171080806237068,0.0166754423265625,-0.0176809776734375,0.03435642,0.0,-2.9802322387695313e-10,1.2412722095555975,3.4192035151901883,4.24416230304114,2.0,153.20182694424176,349.4383847813886,5.0708811621345795,2190.5470869966343,0.9921019698262703,0.006813352261924844,0.0004967034755805949,0.00045775057775583486,5.402230334024075e-05,2.220217911533279e-05,1.4842257068837105e-05,3.9154057547850794e-05,H,10HZ
H_10HZ,-0.0129097623,0.0042710718036642744,0.004270904961663247,0.0143416523,-0.013034117699999999,0.02737577,-2.3283064365386963e-12,-5.960464477539063e-10,1.2478159393092716,3.3579890972466977,4.190152320552274,4.0,231.6506453327415,421.01138216210853,6.465583496184207,1494.2723617785177,0.9877470349246251,0.01047885912722214,0.0007934309228307009,0.000711493031132059,0.00010671468165377862,5.0342598445140604e-05,4.108531246881159e-05,7.10147662920516e-05,H,10HZ
H_10HZ,-0.0107543134,0.003818464142715864,0.003818314981046919,0.0143586234,-0.0140586566,0.02841728,0.0,0.0,1.253172436957215,3.760460692088488,4.712505690820531,2.0,271.078550111019,441.5444884039121,6.3581321649837745,1194.3550411475626,0.9851811555289501,0.012791574643827594,0.0009447759739305753,0.0008663265366756758,9.556387989738658e-05,3.577097065629782e-05,2.4165393051622743e-05,6.066482382910962e-05,H,10HZ
H_10HZ,-0.0111244647875,0.0038420275986299117,0.0038418775164954914,0.0147287747875,-0.0136885052125,0.02841728,2.3283064365386963e-12,0.0,1.2592980727026846,3.833743975550174,4.827826400902494,2.0,256.0193576744345,446.3206982633301,6.103627007370481,1209.141074148054,0.9852825228486526,0.012637071138521343,0.0009016833496067835,0.0009663963766453433,9.386649598943405e-05,3.4242693920081385e-05,2.341086610891311e-05,6.080270341941621e-05,H,10HZ
H_10HZ,-0.0124679202609375,0.0036600044032130026,0.0036598614314985313,0.0140383802609375,-0.0113199297390625,0.025358310000000002,-8.731149137020111e-13,7.450580596923828e-11,1.2449843259284932,3.835768244196533,4.775471343223764,68.0,296.20695306477086,461.38729387497,6.698619087053209,1097.2844618293987,0.982413671830456,0.015267350371898827,0.0009651427514517765,0.0011210361247556784,0.00010407235912428771,3.81760083077766e-05,2.6461440212471716e-05,6.408643802291164e-05,H,10HZ
H_10HZ,-0.0123192510875,0.0036998281251268677,0.0036996835977678747,0.0138897110875,-0.0114685989125,0.02535831,2.9103830456733704e-13,0.0,1.2440787471596266,3.7542970139732392,4.670641126871398,68.0,308.0720851890274,451.2801303161828,6.825005499804927,1121.2930031114956,0.9840599002374546,0.013767449856746612,0.0009620594139474528,0.0009841381649135028,0.00010466709870319481,3.633469901697009e-05,2.4130027190193505e-05,6.131965517076127e-05,H,10HZ
H_10HZ,-0.010451186403125,0.00405799310911141,0.004057834590659461,0.012097636403125,-0.012770463596875,0.0248681,0.0,0.0,1.2456694873563336,3.1471129018229616,3.9202625160324094,2.0,247.07583633554574,421.44180476533893,6.138258725811661,1348.8964870385028,0.9886564912431758,0.009509476393396991,0.0008365531214972997,0.0008047466828507833,8.627245187445415e-05,3.074140771804829e-05,2.2444830770832665e-05,5.32732441825439e-05,H,10HZ
H_10HZ,-0.00989385388203125,0.004133101572956474,0.004132940120522851,0.01154030388203125,-0.01644785611796875,0.027988159999999998,-4.656612873077393e-12,-1.4901161193847657e-09,1.2538781400922905,3.9796986247911716,4.990057110988388,2.0,234.07850482500518,417.9120588784937,6.0704707065272485,1399.2914179715208,0.9890735311125576,0.009093126898959384,0.0008504009179252726,0.000791942462842259,8.432765268327817e-05,3.1344866659546696e-05,2.1938683007855608e-05,5.3384219673864076e-05,H,10HZ
H_10HZ,-0.011100527588281249,0.003965762170644987,0.003965607255034442,0.01239235758828125,-0.015241182411718752,0.02763354,1.1641532182693482e-12,0.0,1.2535336066132734,3.843341366830094,4.817757566223401,68.0,249.32636146106745,434.1159389146583,6.165722314326449,1288.2772782737516,0.9881831458650273,0.00978085296577572,0.000930513842237059,0.0008604124792126661,0.0001067689564777735,4.4347109713889796e-05,2.994373336171414e-05,6.400317351735254e-05,H,10HZ
H_10HZ,-0.012051335467968749,0.0040596855982832905,0.004059527013717193,0.013231415467968749,-0.013677984532031251,0.0269094,2.3283064365386963e-12,5.960464477539063e-10,1.2650431453786555,3.3693542332502813,4.262378478175793,68.0,238.2286406796248,418.42951259890106,6.558867763731299,1350.0219138893328,0.9888392708728241,0.009243425923246019,0.0008820315589336905,0.0008091596308473783,9.947043346747468e-05,4.1639162782870874e-05,2.7931040671198066e-05,5.705730757048504e-05,H,10HZ
H_10HZ,-0.01246607068203125,0.004040498627157191,0.004040340792096792,0.01364615068203125,-0.01326324931796875,0.0269094,1.1641532182693482e-12,4.4703483581542967e-10,1.2544746396351159,3.3774751638145633,4.236956940051491,4.0,228.24296315913097,413.07687145909347,6.1539258420073315,1337.2910602822258,0.988301762036216,0.00991263195563537,0.0008586819362803838,0.0007190194272761868,9.253521694759771e-05,3.82659103143121e-05,2.3221312484645002e-05,5.3876455221840546e-05,H,10HZ
H_10HZ,-0.01289522746640625,0.003983845325445007,0.00398368970344743,0.01383094746640625,-0.012190412533593748,0.02602136,2.3283064365386963e-12,2.9802322387695313e-10,1.2279757110551128,3.471893769980439,4.263401221969761,2.0,219.38712235760664,401.7725487114984,6.185316639515927,1300.052677179388,0.9889403195745488,0.009315646381867071,0.0008586282064281557,0.0006796841838394126,9.552740681385986e-05,3.6013326717196336e-05,2.1362095710747314e-05,5.281836762285006e-05,H,10HZ
H_10HZ,-0.01345177645703125,0.004083362275543418,0.00408320276608905,0.01557800645703125,-0.01230883354296875,0.02788684,1.1641532182693482e-12,0.0,1.245351207410683,3.8151439802576697,4.751194163423082,10.0,223.2514603081127,394.2834946634675,6.38853683176774,1365.8148770337127,0.989644285533905,0.008623841191141823,0.0008420499467786422,0.0006818821412868073,9.221854909666328e-05,3.7243607987276365e-05,2.541561624350635e-05,5.3056615777640367e-05,H,10HZ
H_10HZ,-0.013160331060156252,0.0042226313035429895,0.004222466353785957,0.015286561060156252,-0.014054518939843746,0.02934108,-2.9103830456733705e-12,-8.940696716308593e-10,1.2618906346859757,3.620291975288255,4.568412539526971,2.0,214.90409148643496,396.78705590765605,6.240207603591307,1460.5698812719681,0.9896351643050882,0.008790733427919565,0.000784150881018817,0.0005977584189951845,8.256590346518147e-05,3.387459131488606e-05,2.365966386741019e-05,5.208443541870905e-05,H,10HZ
H_10HZ,-0.012513487487499999,0.004092760290302132,0.004092600413730642,0.0154562374875,-0.0147013625125,0.0301576,0.0,5.960464477539063e-10,1.2614706202724517,3.7766299958988947,4.7641077846302045,2.0,222.3063534580357,403.1214583700417,5.914918069822878,1372.1090582305633,0.98937779534328,0.009042354821902335,0.0007922197540322386,0.0005959046726542718,8.84733057470036e-05,3.0354733170425255e-05,2.1027185575145884e-05,5.1869495812153454e-05,H,10HZ
H_20HZ,-0.01034521585703125,0.009258476972181828,0.009258115305861169,0.03012347585703125,-0.03277687414296875,0.06290035,-2.9103830456733704e-13,-3.725290298461914e-11,1.2657188300945634,3.540339805303341,4.481074756989775,216.0,221.39162754958747,379.0446958513212,6.522082973944424,7021.584336983971,0.9847571917877244,0.014220744551198605,0.0004417112802179985,0.00042330758300993996,5.249617933488714e-05,3.6457512599515345e-05,2.580456261035074e-05,4.227698922494438e-05,H,20HZ
H_20HZ,-0.009877242477343751,0.00942472468327373,0.009424356522775014,0.029655502477343748,-0.028809117522656254,0.05846462,4.3655745685100554e-13,5.587935447692871e-11,1.2578901168591214,3.146687246235986,3.958186788306887,216.0,196.40392412729477,367.8909786025847,6.248906362764598,7276.011190750626,0.9854700321188425,0.013632940793332524,0.0003764454281509362,0.00040381402054085646,3.777683262632475e-05,2.616037877638814e-05,1.67025503040935e-05,3.612534483233194e-05,H,20HZ
H_20HZ,-0.009868250327343751,0.011953323593349956,0.011952856657527072,0.03820209032734375,-0.03443540967265625,0.0726375,0.0,9.313225746154785e-12,1.2745973670908715,3.19606362049784,4.0736942760822785,4.0,118.96930487460011,314.7145312991715,5.126407968200983,11703.974513934883,0.9905641004762773,0.00881039109242274,0.00025177309019003193,0.0002906040930073471,2.767383520580338e-05,1.558637276593221e-05,1.2761538797885824e-05,2.7104385975195083e-05,H,20HZ
H_20HZ,-0.01008065366875,0.012050320301839262,0.012049849577008446,0.03841449366875,-0.03422300633125,0.0726375,2.9103830456733704e-13,3.259629011154175e-11,1.2724182819545737,3.187964581637458,4.056424416235803,2.0,116.53896631049764,309.2334065617873,4.990789910573157,11894.691827887378,0.9906779407113101,0.008738579169068963,0.0002361459958017761,0.00028694782068073785,2.0249334091658512e-05,1.0338756579155362e-05,8.190105919964027e-06,2.1607781335210058e-05,H,20HZ
H_20HZ,-0.01107445049296875,0.010216993653369874,0.010216594544260037,0.03253045049296875,-0.03284925950703125,0.06537971000000001,-1.4551915228366852e-13,3.725290298461914e-11,1.2485101992174465,3.215284639270683,4.014315665909558,2.0,170.6546678093804,351.6334743617844,5.770929404413476,8550.711639065536,0.9874875888682729,0.011666893552941449,0.0003416231511779378,0.00041093945745033036,3.2189763691382356e-05,1.6726558213748122e-05,1.3679903324820907e-05,3.035671371466187e-05,H,20HZ
H_20HZ,-0.013103346825000002,0.012000089043069616,0.01199962028043567,0.035638106825,-0.043358713175,0.07899682,1.4551915228366852e-13,2.7939677238464354e-11,1.2402896576041746,3.613340435620221,4.481588772076201,2.0,125.07943782714982,308.7677006438213,5.132290513347448,11795.73349459194,0.9909165287953883,0.008433762147080966,0.00027105855473301963,0.00029077731021675884,3.075382883641429e-05,1.77094785010191e-05,1.3721795884948928e-05,2.568099845959161e-05,H,20HZ
H_20HZ,-0.014765215065625002,0.012275168999982433,0.012274689491827796,0.037299975065625005,-0.041696844934375,0.07899682,1.4551915228366852e-13,0.0,1.2508949081415086,3.3969775739531998,4.249261950675134,8.0,120.4212638082825,296.8722586844864,5.414269138511781,12342.722734434747,0.991642007320144,0.007816869495203332,0.00023207788934689162,0.00025370973301588147,1.9055406377004096e-05,9.653145636301601e-06,7.422705534892312e-06,1.920419134381122e-05,H,20HZ
H_20HZ,-0.01314097246796875,0.0118364574378326,0.01183599506718308,0.03586943246796875,-0.03797347753203125,0.07384291,-2.9103830456733704e-13,-4.656612873077393e-12,1.2583170642459283,3.208304609226276,4.037064437429372,6.0,132.65408669047477,320.7008766921827,5.386160445434373,11476.236657929365,0.9905144333346633,0.00884414171770079,0.0002694217618805363,0.00028909109923630884,2.7336472475934743e-05,1.6953749289650137e-05,1.2502407309489506e-05,2.6115383555195264e-05,H,20HZ
H_20HZ,-0.013232416678125,0.013805174698382872,0.013804635423213292,0.045137786678125,-0.039372033321875,0.08450982,1.4551915228366852e-13,-9.313225746154785e-12,1.2668854833687304,3.269755795140627,4.142406151324515,2.0,94.6365049141363,273.88275453147594,4.558050783794762,15611.327216161428,0.9931109325124199,0.006457573756881928,0.00018645464784512204,0.0002006594044071064,1.5078127376133069e-05,7.500741210371953e-06,5.891716153124631e-06,1.590894863701799e-05,H,20HZ
H_20HZ,-0.014637366081249999,0.012440145280116605,0.012439659327450153,0.04654273608125,-0.03796708391875,0.08450982,-2.5465851649641993e-13,-1.6298145055770876e-11,1.297379719754162,3.7414799595680504,4.854120221800424,4.0,111.97584989715504,297.9328924416856,5.058569197253976,12676.72063817164,0.9922895115959968,0.007088585857782867,0.0002693801904611776,0.00025836671111549835,3.2018059521419386e-05,1.9375025044336552e-05,1.6293227479103183e-05,2.6459061986894057e-05,H,20HZ
H_20HZ,-0.014537304316406248,0.00979950647590785,0.009799123675209413,0.042601454316406245,-0.02814374568359375,0.0707452,0.0,0.0,1.2811319499644418,4.347475929897206,5.569690316061069,216.0,185.96359927004522,354.2093870882193,5.989574000996253,7866.189819386468,0.9875229549960745,0.011626438067389137,0.00037048931203510153,0.000388380375981405,3.171416293062202e-05,1.7085128667715147e-05,1.3176813071319028e-05,2.9758193866039293e-05,H,20HZ
H_20HZ,-0.012226492767187498,0.010527182807984273,0.01052677158187392,0.040290642767187496,-0.0309164572328125,0.0712071,0.0,-1.862645149230957e-11,1.2500028444003435,3.827445333072167,4.784317553581519,216.0,169.03243136672938,340.67414761066937,5.87354860306393,9077.794434278701,0.9888092519569702,0.010378693449891303,0.000345238529260378,0.000359066713389097,3.712405304129538e-05,2.1851163277077078e-05,1.719977207759451e-05,3.156708193216063e-05,H,20HZ
H_20HZ,-0.0076742012312499995,0.010085178420614955,0.010084784460638218,0.030617221231250002,-0.03546874876875,0.06608597000000001,2.9103830456733704e-13,0.0,1.2406038249369982,3.5170557093877934,4.363272766015664,216.0,176.34649051362132,351.51257138615097,5.7520589091001275,8331.499780380087,0.9883775360943348,0.010681655649326209,0.000429317679733137,0.00038912063027072625,4.099104855945178e-05,2.602986379357287e-05,2.0263450389828713e-05,3.5074552679302175e-05,H,20HZ
H_20HZ,-0.0072858562453125,0.010055897694136758,0.010055504877960739,0.0302288762453125,-0.0316389037546875,0.061867780000000004,-2.9103830456733704e-13,0.0,1.2373162933238333,3.1464261750681444,3.8931243725395666,6.0,185.77467117707346,357.1823704003368,5.752628062021665,8283.191571684723,0.9880399153078713,0.011124853068153013,0.0003680200003625344,0.00038236714370554523,2.7930445670782954e-05,1.5222435255461551e-05,1.183255816904393e-05,2.9858752032193816e-05,H,20HZ
H_20HZ,-0.009660786103125,0.009898711986000727,0.009898325310011362,0.030099116103125,-0.029670743896875004,0.05976986000000001,-4.729372449219227e-13,-3.259629011154175e-11,1.2624101421081046,3.040829146082048,3.838773554819725,216.0,201.89960322369998,359.72830778243275,6.182330740275232,8026.26307285259,0.9883276101389545,0.01078915032080553,0.0003748296308618454,0.0004057938617791014,3.383501496741555e-05,1.902189856965235e-05,1.4036496515162858e-05,3.5718387132440606e-05,H,20HZ
H_20HZ,-0.01154689433828125,0.009471078003760928,0.009470708032550264,0.03166934433828125,-0.028608605661718745,0.06027795,2.9103830456733704e-13,0.0,1.2609858430891732,3.343925736712784,4.216643014781584,216.0,201.83283011919923,362.3980143750887,6.267979103243372,7347.7579288745255,0.9879292937196071,0.011176923089714885,0.00033649229875976576,0.000456409307587471,3.3284383062804006e-05,1.611731898852214e-05,1.3123293801202901e-05,3.835620061555225e-05,H,20HZ
H_20HZ,-0.015289161110156251,0.009468865890027274,0.009468496005228992,0.02784092111015625,-0.043230588889843755,0.07107151,-1.4551915228366852e-13,1.862645149230957e-11,1.2898437115152275,4.5657292205017415,5.889077124167459,4.0,193.21308373624845,368.03763990383874,6.2406403204908845,7344.3259789504855,0.9870392318588137,0.012028635848368135,0.0003443459829017446,0.00047242314094579694,3.896700503920794e-05,1.9866743645278043e-05,1.4816389265399233e-05,4.17100372799653e-05,H,20HZ
H_20HZ,-0.013730896061718751,0.010319162731893637,0.010318759631726218,0.02793804606171875,-0.04478885393828125,0.0727269,-2.9103830456733704e-13,0.0,1.2758327861441419,4.340526917230654,5.5377865506807,4.0,171.94105800398702,353.1104721599965,5.947812856903295,8722.57949207265,0.9879904372448375,0.011240909950427735,0.00030622438388404295,0.00037129973700679084,3.06039164203097e-05,1.599187444109436e-05,1.2298179666931192e-05,3.2232778669713085e-05,H,20HZ
H_20HZ,-0.011737715960937499,0.01240827918993455,0.012407794482061559,0.0358369759609375,-0.0441343040390625,0.07997128,-4.3655745685100554e-13,-3.725290298461914e-11,1.286098681935408,3.556982193677711,4.574630111325311,4.0,130.05470568802141,314.77688737009413,5.28181928530307,12611.859574259148,0.9904515875997242,0.009021549265750875,0.00022531304805809723,0.00024169518801214575,1.977919024279624e-05,1.0923604789197418e-05,8.33759955582777e-06,2.081405547596765e-05,H,20HZ
H_20HZ,-0.0145804157203125,0.012680672010668833,0.012680176662243454,0.0386796757203125,-0.041291604279687505,0.07997128,-7.275957614183426e-14,9.313225746154785e-12,1.2744323227834062,3.2563902993071983,4.150049053362711,4.0,125.67285350155304,314.0792932140109,5.347417985059364,13171.661251161408,0.9903383368252511,0.009120120406958789,0.00022645492333198014,0.000243980112918826,2.4221182922678853e-05,1.356325908052551e-05,1.0810270453002924e-05,2.2509018285561254e-05,H,20HZ
H_20HZ,-0.01453808365625,0.010575565018674023,0.010575151902596648,0.03625781365625,-0.03467959634375,0.07093741,-5.820766091346741e-13,-9.313225746154785e-12,1.2649884494481303,3.4285856115143445,4.337121196919824,216.0,167.1284228185978,356.590247884274,5.650246319428508,9161.428000363958,0.9863217654024937,0.012940658271920558,0.00030569186689028685,0.00034452964003657267,2.9543139921800764e-05,1.5464321292879325e-05,1.187269607418813e-05,3.0472299395377084e-05,H,20HZ
H_20HZ,-0.010033779199999999,0.01288820051668689,0.012887697061520906,0.0397354392,-0.0441962608,0.0839317,-4.3655745685100554e-13,-1.862645149230957e-11,1.2703602527835662,3.429337342862322,4.356493854096738,6.0,127.13012781843281,309.29579139641,5.245709721770477,13606.31695472594,0.9905795899500516,0.008870555585028209,0.0002282138672349315,0.00023202396072996556,2.8442102122920495e-05,1.8285942776829e-05,1.558857249260928e-05,2.7291419431080796e-05,H,20HZ
H_20HZ,-0.0093098615359375,0.01312159026627762,0.013121077694146473,0.0390115215359375,-0.0449201784640625,0.0839317,-1.4551915228366852e-13,-9.313225746154785e-12,1.2667724180063462,3.423512878113557,4.336811687014299,8.0,124.05931516051875,297.2587103176456,5.303320151407452,14103.566768105084,0.9912607641158354,0.008267674407746653,0.00021159858647008304,0.00019374047538271187,2.2749854333378037e-05,1.15163065793362e-05,1.0416053207417313e-05,2.1535334208554582e-05,H,20HZ
H_20HZ,-0.011135747230468751,0.011193890124562884,0.0111934528546893,0.03416220723046875,-0.03527328276953125,0.06943548999999999,2.1827872842550277e-13,1.3969838619232177e-11,1.247212350448728,3.1512423578576905,3.930268388328404,216.0,149.797669307282,335.2213162549876,5.970814741756182,10264.034255900733,0.9882550274664721,0.011128135566023576,0.00028728213767715703,0.00025326042832565776,2.5365807306789875e-05,1.3628041898577548e-05,1.0793923255202514e-05,2.650498970844083e-05,H,20HZ
H_30HZ,-0.014337001638281248,0.03259398267444986,0.032592709447133425,0.12009571163828126,-0.11520360836171875,0.23529932,-3.637978807091713e-14,-8.731149137020111e-13,1.2701275588785206,3.6847415778487576,4.680091825514824,118.0,179.84339752021026,322.54700081815497,5.919483211818324,87022.36385265215,0.9919746647799799,0.007126934398586847,0.0005164543555882116,0.000287051954213851,4.380664751443395e-05,2.0943624106514345e-05,1.4486126955282021e-05,1.5647018224276398e-05,H,30HZ
H_30HZ,-0.0144336726046875,0.03268882667317853,0.03268754974094604,0.12019238260468751,-0.1049525773953125,0.22514496,0.0,0.0,1.2628778955170648,3.6770080215113707,4.643612152147706,118.0,190.4556056760983,339.4338159429709,5.938537265443264,87529.54671107426,0.990807382346882,0.00810423240659043,0.0007113587678202994,0.0002865602709503343,4.804809296279209e-05,1.7294841880835337e-05,1.220294999581929e-05,1.2912959910381294e-05,H,30HZ
H_30HZ,-0.0185404217796875,0.03150028470183947,0.031499054197934556,0.1208810717796875,-0.1008458282203125,0.2217269,4.547473508864641e-15,-2.9103830456733704e-13,1.2603474409234883,3.8376095680922466,4.836721398562108,118.0,209.52750167937384,358.3980338125376,6.0543141780215075,81280.23901936563,0.9902586705674254,0.008506492790915875,0.0008513358402836123,0.0002990060041714573,4.614137148502213e-05,1.6566746199005764e-05,1.052471280704641e-05,1.125722478888989e-05,H,30HZ
H_30HZ,-0.0112418113671875,0.032413649901918105,0.0324123837189882,0.1212678813671875,-0.08280847863281249,0.20407635999999998,1.8189894035458565e-14,-5.820766091346741e-13,1.2499083240897653,3.7414058285507568,4.676414289047834,118.0,187.42180213138354,337.0889845721861,5.95370992240805,86062.08987856025,0.9911663904133642,0.007803054720757591,0.0006696048285143832,0.0002841286383449987,4.261985411886231e-05,1.4641698889476891e-05,9.541799603381612e-06,1.0013780192221968e-05,H,30HZ
H_30HZ,-0.005545304596875,0.03284520486069402,0.032843921819819266,0.115571374596875,-0.088504985403125,0.20407636,1.3642420526593923e-14,3.2741809263825415e-13,1.2548274492248581,3.5188055563941836,4.4154938007828095,118.0,164.70832581109843,301.70899968950397,5.958602987067411,88369.00461538469,0.9926639353063669,0.006571539168611486,0.00046372240020375074,0.0002480535385582082,3.0354645018688463e-05,9.708803256136765e-06,6.02629270961854e-06,6.65916855814867e-06,H,30HZ
H_30HZ,-0.010970042235156251,0.031222522329730724,0.031221302676130398,0.10408610223515626,-0.09564243776484374,0.19972854,3.637978807091713e-14,5.820766091346741e-13,1.2527951310143535,3.333816763238368,4.176589408812833,118.0,189.51630067573558,336.581167228052,5.956308865180345,79853.1373527669,0.9899895329220446,0.008931327189775573,0.0006980258066248691,0.00030452154262131104,4.162588824177143e-05,1.3749169900091619e-05,1.0252654821055736e-05,1.0960145438248454e-05,H,30HZ
H_30HZ,-0.0180417577765625,0.030482513463156696,0.030481322716717323,0.0968895777765625,-0.11124703222343749,0.20813661,0.0,2.9103830456733704e-13,1.262353724212044,3.649678632836198,4.6071854144890425,118.0,214.87181318661595,375.9590630167793,5.857939294022786,76112.77616905929,0.9868443976533243,0.011634254337342569,0.0010296588546249018,0.00038213312420757353,6.601451176152158e-05,1.9500330088989152e-05,1.1479351117682192e-05,1.2556113147745792e-05,H,30HZ
H_30HZ,-0.01647723135234375,0.029064390349666496,0.029063254999743226,0.09938530135234375,-0.11281155864765624,0.21219686,-9.094947017729283e-15,-2.9103830456733704e-13,1.2676807723320866,3.8815872015977337,4.920613461765066,118.0,211.97423811230237,371.3394316008683,5.7921659851635745,69195.59554095693,0.9886493987349052,0.009779680690473504,0.0010317453179259437,0.00040319660339541044,6.880454554761757e-05,2.8969849285819927e-05,1.8286733349694448e-05,1.990343511002009e-05,H,30HZ
H_30HZ,-0.0048850101656249985,0.031720403976650206,0.031719164874168176,0.10636146016562499,-0.090853449834375,0.19721491,1.8189894035458565e-14,0.0,1.2502699243732938,3.353223850130167,4.192434929641142,118.0,155.96056665730478,303.4126043749476,5.81718937601208,82420.15613983337,0.9933495632411379,0.005804505080880858,0.0005366287585205684,0.0002508643806241317,2.951326469800066e-05,1.1668246171281814e-05,7.884731604608246e-06,9.369683991456818e-06,H,30HZ
H_30HZ,-0.0049056008015625,0.03417091202685762,0.034169577199535214,0.10638205080156249,-0.10036438919843749,0.20674643999999998,1.8189894035458565e-14,5.820766091346741e-13,1.2543570617973532,3.11335578363247,3.9052598132013117,4.0,139.1385375694327,289.4788580557165,5.546658481747101,95646.51595738684,0.9940584905074155,0.00529468548533122,0.0003626291192063357,0.00022174801015056126,2.8378166620235663e-05,1.3462505150711392e-05,1.0043129134765007e-05,1.055750905623647e-05,H,30HZ
H_30HZ,-0.0086607144,0.032303529844576434,0.032302267963295286,0.1095590444,-0.09660927559999999,0.20616832,0.0,-2.9103830456733704e-13,1.2562349262508878,3.3916827301754497,4.260750304540268,118.0,183.4332411957195,334.05955714242634,5.798273275476022,85478.31959257952,0.9914519060367599,0.007503794416857768,0.0006856603450530796,0.0002830502392255748,3.890503315302701e-05,1.4448077622944386e-05,1.0747877364738125e-05,1.1482431557349389e-05,H,30HZ
H_30HZ,-0.01351931093984375,0.03142419968488293,0.03142297215310704,0.10042058093984375,-0.11032948906015624,0.21075007,-1.8189894035458565e-14,5.820766091346741e-13,1.2536141907830618,3.5111092776033273,4.401576415933671,118.0,203.21452163609084,350.13829526930715,5.929081100070052,80888.0686598883,0.9900291530635987,0.008658620647799698,0.0009164625944694635,0.000308805799301619,4.634156774717103e-05,1.7779515652576855e-05,1.0806436074317699e-05,1.2024403201931256e-05,H,30HZ
H_30HZ,-0.019458421372656253,0.03027480499257702,0.030273622359908253,0.10063809137265625,-0.10439037862734374,0.20502847,-3.637978807091713e-14,-5.820766091346741e-13,1.2565527416318292,3.448228870098513,4.332881440639435,118.0,208.3310804719377,341.82736431877464,6.10031052546188,75079.0419440226,0.9904836755533568,0.00831146277702385,0.0008278970150378982,0.0003061338098569611,4.212353074703563e-05,1.235194499904436e-05,7.47745473867284e-06,8.876953166618802e-06,H,30HZ
H_30HZ,-0.0135289846484375,0.029291865071084878,0.02929072083525675,0.09766928464843751,-0.0896058353515625,0.18727512000000002,1.8189894035458565e-14,1.1641532182693482e-12,1.2474665006043946,3.3344786970056455,4.159650471635546,118.0,212.6531962608379,345.5409222490334,6.001412624001331,70282.9632164233,0.9899289921533794,0.00889227263216458,0.00077364523934837,0.0003268690428044801,4.32883406834871e-05,1.4399939426749845e-05,9.80303160720745e-06,1.0726644793065048e-05,H,30HZ
H_30HZ,-0.007527849240625,0.028666627912968007,0.028665508100943402,0.102549619240625,-0.08955757075937501,0.19210719,-1.8189894035458565e-14,-1.1641532182693482e-12,1.2475727980637825,3.57745688218492,4.463137892615673,118.0,201.09937974750744,356.14253008503806,5.8919619030646,67314.59459825874,0.9886656746787423,0.0101357295587932,0.0007237232659816277,0.0003627622201891032,5.233183994172345e-05,2.453997546919191e-05,1.7543394173331048e-05,1.7682515408102503e-05,H,30HZ
H_30HZ,-0.0062692879140625,0.03019446936538438,0.030193289870887343,0.10129105791406251,-0.0908161320859375,0.19210719,0.0,1.4551915228366852e-13,1.2434430877289777,3.3547539318785384,4.171445587764135,118.0,196.37174813056384,354.98627553568707,5.938115215556898,74681.11999975314,0.9891063275991604,0.009681275747571246,0.000696755058692064,0.0003474842491347374,7.034352048529796e-05,3.9621795474111656e-05,2.9723025158332537e-05,2.844181238330747e-05,H,30HZ
H_30HZ,-0.01247696945,0.031253865081403834,0.031252644203453354,0.10136440945,-0.08990540055,0.19126980999999998,0.0,-5.820766091346741e-13,1.2439935508933504,3.24338666472119,4.034752094095754,118.0,202.08098856544694,340.36504241010533,6.074392782505181,80013.53892610416,0.9895793861539619,0.009331331268027614,0.0007152648953135413,0.00030954143739254735,3.965725537873635e-05,1.1372471433491209e-05,6.421538487527537e-06,7.024188795528965e-06,H,30HZ
H_30HZ,-0.0124526859421875,0.031170880218414708,0.031169662582123753,0.1064836059421875,-0.1022296340578125,0.20871324000000002,1.8189894035458565e-14,0.0,1.2566546385604487,3.416257896864149,4.293056332750827,118.0,211.117785698409,357.597786947687,6.166354218463762,79589.20162630614,0.9895613647521597,0.009090935814805932,0.0008826248869058765,0.00034120863077160884,6.455637310981878e-05,2.624856452818398e-05,1.6561821490000624e-05,1.6486945972509992e-05,H,30HZ
H_30HZ,-0.013080424571875,0.030749692560129067,0.030748491376802366,0.107111344571875,-0.105106375428125,0.21221772,0.0,0.0,1.2756792965709438,3.4834666603903606,4.443786299099631,118.0,194.07934095870627,335.14294799450147,6.301746936633403,77452.87963796342,0.9909045221488727,0.008024200840479978,0.0007031717899441232,0.0002987738428187091,4.4316023400052384e-05,1.253610967142681e-05,5.8998751236651925e-06,6.578959695140195e-06,H,30HZ
H_30HZ,-0.015889360814843753,0.030203542609848665,0.030202362760921093,0.09037893081484376,-0.11234449918515625,0.20272343,2.7284841053187846e-14,7.275957614183426e-13,1.2695372817735693,3.7197255085883327,4.722330211273396,118.0,169.78334459006146,319.03033756848714,5.909479297877574,74726.00815034402,0.9912010693524885,0.007927458820262426,0.0005396600470973441,0.00027399517782496555,3.3343959003329265e-05,1.1064552831360084e-05,6.7349447146109275e-06,6.672407481176329e-06,H,30HZ
H_30HZ,-0.012056325221874999,0.030129008485172262,0.030127831547790803,0.103151945221875,-0.11617753477812501,0.21932948000000002,-1.8189894035458565e-14,-1.1641532182693482e-12,1.2669505213101313,3.856153224634843,4.885555338365019,118.0,176.50985319197315,313.28850430411563,5.919230622038392,74357.65643947624,0.9917506548975152,0.00743645657935749,0.00046404677791720886,0.00027964381825284357,3.379373725816666e-05,1.5510093218734458e-05,1.0098024796750405e-05,9.79152960517916e-06,H,30HZ
H_30HZ,-0.011707156642968751,0.030882754907069283,0.030881548525893133,0.10280277664296875,-0.09247513335703125,0.19527791,2.7284841053187846e-14,1.4551915228366853e-12,1.250550828440005,3.328938526299715,4.163006832024764,118.0,194.34311557893537,328.4110973366531,6.0642278602393755,78124.6498146578,0.9913233328932715,0.007692531583257543,0.0006237481113434722,0.0002870082777306297,3.850414370531805e-05,1.4993432914804259e-05,1.0079188765105133e-05,9.79749155718475e-06,H,30HZ
H_30HZ,-0.01732427749375,0.03274857689434678,0.03274729762807568,0.11844014749375,-0.10483486250625,0.22327501,1.8189894035458565e-14,8.731149137020111e-13,1.2479285825832052,3.61679149331056,4.513497481883869,118.0,191.59769102316824,340.4876136501677,5.869102609513095,87849.82032324772,0.9906392732631977,0.008166820875414104,0.0008862122088795533,0.00025850989353784254,2.9247923512230708e-05,9.257965799471205e-06,5.549262192618299e-06,5.128512353060596e-06,H,30HZ
H_30HZ,-0.015518698985937503,0.03182109858759565,0.03181985555165356,0.11663456898593749,-0.1066404410140625,0.22327501,3.637978807091713e-14,1.7462298274040222e-12,1.2648482584964067,3.6654650676505343,4.636257107542894,118.0,186.80781926884916,342.60492579095745,5.8462860174298505,82944.26279229131,0.9901377531982993,0.008673355152845466,0.0008634425129424023,0.0002701837564290486,3.158819008730001e-05,1.0445505041260881e-05,6.9167598388468125e-06,6.313767751837179e-06,H,30HZ
H_5HZ,-0.0128382434640625,0.0024954724166889857,0.00249537493539374,0.007410173464062499,-0.0085283565359375,0.01593853,0.0,4.76837158203125e-09,1.2185807315160382,3.417665382286194,4.164701183292319,2.0,217.87445084335457,463.0743105548287,5.425815080849155,510.10732792330873,0.9853445354013273,0.011257768921536737,0.0017046265799232003,0.0012895678696149256,0.00022296564490694403,8.85154250377785e-05,5.674189959781937e-05,3.527034961392823e-05,H,5HZ
H_5HZ,-0.012550897778906252,0.0027007593524595954,0.0027006538519867935,0.011007257778906251,-0.008815702221093747,0.01982296,9.313225746154785e-12,4.76837158203125e-09,1.216665519273688,4.075775118952306,4.958855053379053,2.0,200.4419055238262,428.70399910108586,5.050210825257955,597.4860785878988,0.9876472792939975,0.009548773984572644,0.0014301625342231826,0.0010894614030590817,0.00015993687089519635,6.109574730127297e-05,3.7319955497323406e-05,2.5968973375593458e-05,H,5HZ
H_5HZ,-0.011689876600781251,0.002167431911436769,0.0021673472444740448,0.01014623660078125,-0.006882973399218747,0.017029209999999996,-9.313225746154785e-12,-2.384185791015625e-09,1.2447362840275245,4.681407938653621,5.827118324265256,2.0,304.1642978169596,504.7523341364653,6.652292872711278,384.8105239012388,0.981133859653242,0.014255637523082546,0.00237764251366496,0.0017724561341347178,0.00026002787624771455,9.6579985886209e-05,6.103573885592348e-05,4.2755268938938054e-05,H,5HZ
H_5HZ,-0.012224991475781249,0.0022525653012924686,0.0022524773087417484,0.008213911475781249,-0.00731486852421875,0.015528779999999999,-2.3283064365386963e-12,-1.1920928955078125e-09,1.2293928366604423,3.64661230559654,4.483119048568512,2.0,278.4800913606469,499.30763150728296,6.349571435649264,415.6337401218744,0.9829446557690552,0.012706389525503231,0.0022096215229961643,0.0016923352170421292,0.00024831992462443197,8.975451929689487e-05,6.0700481700920435e-05,4.8212071105301536e-05,H,5HZ
H_5HZ,-0.01122818287265625,0.0022948947066364273,0.002294805060561015,0.007221572872656251,-0.008311677127343748,0.015533249999999998,9.313225746154785e-12,4.76837158203125e-09,1.2443909837984872,3.6219534576456898,4.507126228396109,4.0,274.43893973892517,497.9402553817134,6.546567980212098,431.40139605832775,0.9831621570987442,0.012494743432650895,0.0021532938426526323,0.0017419936540204492,0.00023743126974141803,9.208270563980501e-05,6.483125681877042e-05,5.344509150372247e-05,H,5HZ
H_5HZ,-0.0106977322796875,0.002033333426280724,0.002033253997642389,0.0066911222796875005,-0.0077663477203125005,0.01445747,-2.3283064365386963e-12,-3.5762786865234374e-09,1.2617891146999327,3.819664304360458,4.8196108434203095,2.0,359.29646360086895,524.3686376132837,7.34553506002506,338.667260910646,0.9791239266967193,0.015707176233293443,0.0024916394141627153,0.002166580916824048,0.0002776112128946404,0.00010946640753512179,6.883068216611661e-05,5.4759554514148624e-05,H,5HZ
H_5HZ,-0.012106673485937499,0.0025040372133962414,0.00250393939753209,0.0080702634859375,-0.008418076514062503,0.016488340000000004,0.0,2.384185791015625e-09,1.2389336553167818,3.3619330080422545,4.165211952247398,2.0,249.29626812582347,457.22093262738366,5.974833221552827,513.6148514109353,0.9863843253577407,0.010184977322155278,0.0016736498330683768,0.0013968905073987333,0.0002004046295867302,7.444503668632151e-05,4.734618263808379e-05,3.794992637250139e-05,H,5HZ
H_5HZ,-0.012600860389062498,0.0022407031604162538,0.0022406156312394622,0.007360530389062498,-0.007923889610937504,0.015284420000000002,0.0,0.0,1.2539697524109348,3.536478768122176,4.434637407247897,2.0,278.1733708015674,498.29553516891394,6.4103074520692855,411.26776479833995,0.9826230594453476,0.012926834612396878,0.0022367959321997347,0.001739722464808858,0.00025485609671930447,0.00010326835615875215,6.588468257062767e-05,4.955846844195386e-05,H,5HZ
H_5HZ,-0.0127489039953125,0.002148670711260495,0.0021485867771714666,0.0075085739953125,-0.0066955960046875,0.01420417,-1.862645149230957e-11,-7.152557373046875e-09,1.2384025376397876,3.4946570795258256,4.327792197479882,2.0,307.17578163715507,507.42809864101764,6.607414255658683,378.17754756567115,0.9812699073165851,0.014174377428279454,0.002262618570333139,0.0018569798652991608,0.0002448027131398929,9.19602277100044e-05,5.827119547562268e-05,4.1081753261342036e-05,H,5HZ
H_5HZ,-0.013145195104687502,0.002026257491672918,0.002026178339443678,0.006408905104687502,-0.006299304895312498,0.012708210000000001,9.313225746154785e-12,4.76837158203125e-09,1.243412447678333,3.163050841459556,3.9329767908513187,4.0,367.8148090433513,531.8873982490751,7.369285895095676,336.31426255841495,0.9790898326194355,0.015661869788910127,0.0026015893847972085,0.002066094842689511,0.0002994869816903081,0.00012464918439382002,8.956857097648634e-05,6.688444405072455e-05,H,5HZ
H_5HZ,-0.012690685388281251,0.0022038824671819683,0.0022037963763415994,0.006504205388281251,-0.007311074611718749,0.01381528,-9.313225746154785e-12,-2.384185791015625e-09,1.256920928228789,3.317490983689686,4.169823848501988,2.0,313.0879302229278,495.3963011438224,6.942353216345077,397.86237694673633,0.982448205034511,0.013260486468251228,0.00219858117128469,0.0016792819041907703,0.00023612822505950592,8.338292720504055e-05,5.411625469068613e-05,3.981792761640264e-05,H,5HZ
H_5HZ,-0.012026846270312499,0.0023440735672259185,0.002343982000063743,0.006713506270312499,-0.007974913729687502,0.01468842,4.656612873077393e-12,1.1920928955078125e-09,1.2609315995845924,3.4022930748053253,4.290058850900104,2.0,290.9520185047422,476.9616940356132,6.714412463195669,450.0890924643303,0.984107819485562,0.01202567833620563,0.0020151826765857543,0.0014975086828531684,0.0002031852346230021,7.055149392471169e-05,4.5728095548948446e-05,3.4345858770769866e-05,H,5HZ
H_5HZ,-0.011577234579687498,0.0022811663227115726,0.0022810772129116317,0.007178754579687498,-0.007542445420312502,0.0147212,-1.1641532182693482e-11,-2.384185791015625e-09,1.247678570754398,3.3065278870497252,4.125483990082329,4.0,289.835210295311,484.56868096527774,6.313868651677316,426.25542209376255,0.9835142519910344,0.012602266934925615,0.002008225683926996,0.0015134817520801901,0.0001931198322113773,7.724018031530914e-05,5.150451853088432e-05,3.9906525618103126e-05,H,5HZ
H_5HZ,-0.011911365217187503,0.0026579675019829797,0.0026578636730994858,0.007931575217187502,-0.008225984782812496,0.016157559999999998,-2.3283064365386963e-12,0.0,1.2159790559153856,3.0949611385164637,3.763407924724009,2.0,208.2358466580126,429.2791785668003,5.102827083507403,578.702484060689,0.9881222603876516,0.009120671755505207,0.001397993084930921,0.0010971559617260936,0.00013851142494710673,5.5987591464301355e-05,3.824750963161445e-05,2.9171548162302573e-05,H,5HZ
H_5HZ,-0.011455642547656249,0.0026748140804483695,0.0026747095934825512,0.008375812547656248,-0.00868170745234375,0.01705752,0.0,-1.1920928955078125e-09,1.231530003822744,3.245850491676765,3.997362269917245,4.0,215.38907139143507,437.808495388884,5.505281987700931,586.0615334481689,0.9879904073296252,0.009043303627293081,0.0015714659815814144,0.001074131448027454,0.00016140106130628848,7.309039459902002e-05,4.8810823404611464e-05,3.737710137180703e-05,H,5HZ
H_5HZ,-0.011069841853124998,0.002349365096785816,0.002349273322919229,0.007990011853124998,-0.0069233981468750025,0.01491341,-6.984919309616089e-12,-2.384185791015625e-09,1.2435852395509304,3.4010567317878015,4.229503952326983,2.0,268.7584956554429,471.7669740559709,6.230006070564721,452.12345525738846,0.9845707775104078,0.011828965058968556,0.001903953649138353,0.0013590944626956749,0.00018646669499689197,7.522587216214264e-05,4.4036408909810644e-05,3.147983359114369e-05,H,5HZ
H_5HZ,-0.011654454178906249,0.002257432497780346,0.00225734431510105,0.007741714178906249,-0.007201495821093751,0.01494321,0.0,-3.5762786865234374e-09,1.2390599516405871,3.429567267911508,4.249439455009068,4.0,297.15215473903,504.12677910418523,6.312688231362257,417.4318346710739,0.982493003195181,0.013353325839644997,0.0020284936267618054,0.0016176593064689856,0.00024352136690071577,0.00011909665613148974,8.420015210644525e-05,6.0663097425758506e-05,H,5HZ
H_5HZ,-0.012389544747656252,0.002209689882573414,0.0022096035648764504,0.007180504747656252,-0.006466405252343748,0.01364691,0.0,-3.5762786865234374e-09,1.240785265800342,3.249680104859927,4.0321551944995395,4.0,304.3419300849452,496.2166340828994,6.379803910324301,399.9619427037025,0.982195776600901,0.01369607903324025,0.0021286267475491877,0.001576711694679786,0.00020749809613944422,9.251249409634412e-05,5.91539905627731e-05,4.3633363025262914e-05,H,5HZ
H_5HZ,-0.0133072628703125,0.0022475135318430154,0.0022474257366308942,0.0080982228703125,-0.0078805371296875,0.01597876,1.3969838619232177e-11,7.152557373046875e-09,1.267325901219736,3.6033327974828553,4.566596986996515,2.0,305.4345816927202,487.76487488599594,6.768431291919349,413.7715710593994,0.982803015348952,0.01315321351924981,0.0021245187731658713,0.0014751482831298264,0.00022624705062003985,0.00010038324440245746,6.598767020548644e-05,5.146369347030893e-05,H,5HZ
H_5HZ,-0.013496802394531248,0.0019476727429726234,0.0019475966605200863,0.007206022394531248,-0.007690997605468751,0.01489702,9.313225746154785e-12,4.76837158203125e-09,1.2726601026334254,3.9489683656912713,5.025694488157264,2.0,392.1309319122779,529.2586978360569,7.333986509331679,310.7334351286263,0.9767081731422489,0.01809852298933239,0.0027329915172731923,0.0019785847159385114,0.0002601652150556852,0.00010286839679057318,6.831992086519614e-05,5.037359315308084e-05,H,5HZ
H_5HZ,-0.013225633802343748,0.0018251002277416323,0.0018250289333714908,0.006022973802343748,-0.007239516197656254,0.013262490000000002,-1.1641532182693482e-12,-1.1920928955078125e-09,1.2750563678429505,3.9667952991383237,5.057887608867203,4.0,420.56752897900844,569.0790782453628,7.690766390674399,272.8534534829192,0.972506189443639,0.02145764920398766,0.0030472833424571733,0.002351748532399348,0.00034295291632032067,0.00013310603811982313,8.882666156995343e-05,7.222843345513421e-05,H,5HZ
H_5HZ,-0.0128846951453125,0.002531191139949278,0.002531092263364153,0.009971745145312499,-0.007580454854687502,0.0175522,-4.656612873077393e-12,2.384185791015625e-09,1.2644729186730361,3.9397003758839846,4.981644434959459,2.0,228.52542880933214,452.37208107036065,5.758054583874039,524.8145855006248,0.9859770690570256,0.010991193225800637,0.001525856022659657,0.0012142449409673437,0.00016376912449233728,5.9882932357434016e-05,3.554854307587676e-05,3.243615360108621e-05,H,5HZ
H_5HZ,-0.011300445428125002,0.0029928093831493472,0.002992692474249396,0.008387495428125002,-0.008106804571875,0.016494300000000003,4.656612873077393e-12,-2.384185791015625e-09,1.2008816684659525,2.8026586418392454,3.3656613870770604,2.0,156.7181677834042,388.6726763161051,4.136469465602325,733.6925795525696,0.9904342500557496,0.0074131201991456345,0.0011005047465375286,0.0008484597099854026,0.0001108196538375949,4.308703172884383e-05,2.6245064200721223e-05,2.35133015804421e-05,H,5HZ
H_5HZ,-0.0111790041421875,0.00288895725307821,0.002888844400981326,0.007783294142187501,-0.008865965857812498,0.01664926,0.0,-2.384185791015625e-09,1.2023847621580197,3.0690354425914177,3.6901614519721972,2.0,166.3446104683325,405.55838761786435,4.368557820740292,683.6569714421112,0.9898492684706859,0.007739481263798607,0.0011756994403792653,0.0009845229126945459,0.00012940377277418128,5.407710141216292e-05,3.6097086639863995e-05,3.143998374141942e-05,H,5HZ
MISAL_10HZ,-0.01184312333359375,0.010748495304447618,0.010748075433149018,0.029739513333593752,-0.03259314666640625,0.062332660000000005,3.4560798667371273e-13,2.561137080192566e-11,1.225585775514238,3.0324635201992165,3.71654415546778,94.0,161.42699871000983,204.59513613054094,5.151930868728182,9463.490603899492,0.9979775755435504,0.0017936790925547322,0.0001257439484969222,7.151827085919449e-05,1.0196191749965134e-05,9.348046016151341e-06,4.758157145231194e-06,7.180416854257809e-06,MISAL,10HZ
MISAL_10HZ,-0.012397662221093751,0.010724620122354686,0.0107242011836986,0.030654632221093752,-0.03203860777890625,0.06269324,-3.637978807091713e-14,9.313225746154785e-12,1.2497667149988596,2.98750529080145,3.7336846736747957,94.0,166.9646887231152,223.64948689597168,5.521305814594695,9421.49563606218,0.9979651019155138,0.0016907668459182539,0.00017118425758007986,9.457333988009768e-05,2.591322268105425e-05,2.0640160096981413e-05,1.4734738898232849e-05,1.707469054052968e-05,MISAL,10HZ
MISAL_10HZ,-0.012201610698437499,0.01070852122759529,0.010708102917814565,0.0320871506984375,-0.032169099301562504,0.06425625,0.0,-4.656612873077393e-12,1.2598279203875156,3.0041828646454367,3.7847534511835175,94.0,162.4025431528068,207.30382289317654,5.471019899722146,9393.231310999281,0.9983007054569755,0.0014679533637885003,0.00013076115278637832,6.665420819483597e-05,1.0913264040807035e-05,9.750039561249557e-06,5.393510839523766e-06,7.868073477290709e-06,MISAL,10HZ
MISAL_10HZ,-0.011649332071093749,0.010475089384465055,0.010474680193293803,0.03153487207109375,-0.03313559792890625,0.06467047000000001,3.637978807091713e-14,0.0,1.2747501773685848,3.1633994846885383,4.032544054579384,94.0,157.61332947865793,198.62117354036548,5.276922420502226,8988.17434923784,0.9980903664786122,0.0016844601277376686,0.00012753716257977405,6.490395586101427e-05,1.0447826625058163e-05,1.0152412514436317e-05,5.059316278111911e-06,7.072540912967878e-06,MISAL,10HZ
MISAL_10HZ,-0.010984348796093753,0.010155510844708027,0.010155114137317312,0.028554428796093753,-0.03380058120390625,0.06235501,3.637978807091713e-14,0.0,1.2643989645985703,3.328429473418696,4.208462780344382,94.0,162.32977100109895,219.3178754396631,5.435479636701366,8448.110052100548,0.997478634837429,0.0022327391834845453,0.00015356592963791145,8.509665793618084e-05,1.79903073315734e-05,1.1078776596592737e-05,8.1233270822774e-06,1.2765792911836286e-05,MISAL,10HZ
MISAL_10HZ,-0.012144944834375,0.01083776371330473,0.010837340354890798,0.029715024834375,-0.038270695165625,0.06798572,-2.9103830456733704e-13,-3.725290298461914e-11,1.241071616467216,3.5313733728794805,4.382687260633228,94.0,155.45754244406328,231.01109416286081,5.2957358809388815,9621.33585722898,0.9974791372054631,0.0020703029431083015,0.0002047798536013452,0.0001186262115729523,4.238877309944628e-05,3.187825258431732e-05,2.4742117368851276e-05,2.8118960417792876e-05,MISAL,10HZ
MISAL_10HZ,-0.013184559740625,0.011073406102940712,0.011072973539566147,0.029508999740625,-0.03723108025937499,0.06674008,-1.8189894035458566e-13,-9.313225746154785e-12,1.2412010697171174,3.3623380497549182,4.173337584483265,94.0,147.95637986972764,183.69843144482226,4.98246757845912,10044.272068457047,0.9982558291735656,0.0015318947041816386,0.0001238151039710352,6.66616759305803e-05,7.595460091859296e-06,4.422787872110963e-06,2.6646890483558468e-06,7.1161569871527265e-06,MISAL,10HZ
MISAL_10HZ,-0.012131743434375002,0.010795917363525016,0.01079549563976605,0.031172453434375,-0.034549956565625,0.06572241,2.0008883439004421e-13,1.6298145055770876e-11,1.2532899201741965,3.20040484618021,4.011035134565855,94.0,160.6001755337331,223.31786238888859,5.2769564902889226,9547.18023459006,0.9977871706856933,0.0017644450570889715,0.00020246801278299526,0.00012357357901435467,4.088645904612317e-05,2.9803646410994294e-05,2.453368936523271e-05,2.7095448883506456e-05,MISAL,10HZ
MISAL_10HZ,-0.0117105830609375,0.010702523417905164,0.010702105342418455,0.030751293060937497,-0.0349711169390625,0.06572241,-1.8189894035458565e-14,6.402842700481415e-12,1.2311593913711183,3.267685732561857,4.023041978068854,94.0,156.43146587694116,192.91600453631148,5.03340024351341,9382.712018626366,0.9982532326015596,0.0015221534508088055,0.00012183580220467477,7.514391876047251e-05,9.751011074590228e-06,5.572855789078075e-06,4.006272493491542e-06,8.303023860424212e-06,MISAL,10HZ
MISAL_10HZ,-0.012264593231249999,0.010573142601242433,0.01057272957979259,0.02860691323125,-0.04169724676875,0.07030416,7.275957614183426e-14,0.0,1.2390707656667654,3.943848790429779,4.886707740893972,94.0,154.6308389070789,194.60516294796156,5.255035016103699,9157.231483108852,0.9982579263434543,0.001498623441133748,0.00013336862615611744,7.618852892926571e-05,1.188907062246499e-05,6.978288535933663e-06,5.151768209269462e-06,9.871958192495723e-06,MISAL,10HZ
MISAL_10HZ,-0.01229011448671875,0.010749944720181573,0.010749524792264063,0.031070074486718748,-0.041671725513281244,0.0727418,7.275957614183426e-14,-9.313225746154785e-12,1.2529841534578257,3.8766109492946,4.857332089039098,94.0,159.17903996415484,197.6962004595325,5.310160040314983,9466.043053539941,0.9982566108541358,0.0015194653705624282,0.00012673832478752738,6.750059388448852e-05,1.0661453705679055e-05,6.195776737735276e-06,4.28213005655729e-06,8.543611135072138e-06,MISAL,10HZ
MISAL_10HZ,-0.011003550821875001,0.010764587700836709,0.010764167200916594,0.033228390821875,-0.030783499178125,0.06401189,0.0,-4.656612873077393e-12,1.2355674777491468,3.086944879113229,3.814128698590913,94.0,156.59937518794231,197.06039830594864,5.178377195326359,9491.848850260601,0.9981830976887659,0.0016089817271818223,0.000114538362234677,6.914620448939302e-05,8.853722578916961e-06,4.68794826731347e-06,3.0980673858716378e-06,7.596173473006334e-06,MISAL,10HZ
MISAL_10HZ,-0.01169703721484375,0.010385626881019214,0.01038522118454526,0.03392187721484375,-0.033269672785156246,0.06719154999999999,-7.275957614183426e-14,-9.313225746154785e-12,1.2234208202581096,3.266360591535416,3.996133554539813,94.0,154.26161461969212,201.66406420875057,5.293552461328679,8835.302936917791,0.9981306657142364,0.0016384441242057418,0.00012415577676877008,8.148592525072576e-05,9.047607566097362e-06,4.776450079236721e-06,3.151568317578235e-06,8.272791950929907e-06,MISAL,10HZ
MISAL_10HZ,-0.013244033090625001,0.010294177165245619,0.010293775041095962,0.027886263090625002,-0.032025146909374996,0.05991141,1.4551915228366852e-13,3.4924596548080443e-12,1.225677365713011,3.11111781425274,3.8132266873665586,94.0,155.2223156301164,199.84904616823212,5.19414962159351,8680.391035051814,0.9982224719113191,0.0015415958033353266,0.00012223908759338158,8.666568240642996e-05,9.712655313862324e-06,5.199722327064007e-06,3.5687733687138565e-06,8.545790407994271e-06,MISAL,10HZ
MISAL_10HZ,-0.013059363654687501,0.010600761511405432,0.010600347411070838,0.0274140236546875,-0.032209816345312496,0.05962384,3.637978807091713e-14,1.862645149230957e-11,1.2198448429366568,3.0385623313283583,3.7065745901621483,94.0,151.7114835101057,199.40235722585706,5.176773908558281,9205.134583307543,0.9981791982458585,0.0015425429933895618,0.00013902808330303247,9.14833816752143e-05,1.717082867038425e-05,1.0649498635712857e-05,7.982567499775678e-06,1.1939355111594287e-05,MISAL,10HZ
MISAL_10HZ,-0.012167106023437499,0.01075169176660933,0.010751271770446488,0.0286360760234375,-0.0404596939765625,0.06909577,-2.1827872842550277e-13,0.0,1.239543114040804,3.7632472545263367,4.664707221214957,94.0,158.0861448422889,215.9630564510279,5.345469580349974,9469.120142849833,0.9978688348694016,0.0017746523332971842,0.00016855265396034514,0.00010849417968522444,2.69853736489398e-05,1.9009918272096844e-05,1.497592462871702e-05,1.8480701361478222e-05,MISAL,10HZ
MISAL_10HZ,-0.013521417660156252,0.011344994067961307,0.011344550895474646,0.02999038766015625,-0.03910538233984375,0.06909577,2.9103830456733704e-13,9.313225746154785e-12,1.2490981855326866,3.4470630610856414,4.305720215398364,104.0,152.13829373284202,227.52044383710506,5.1434800946664945,10543.008697767245,0.9979066719974995,0.0016404202644805014,0.00020101925557091502,0.0001232153951315181,4.327385561991915e-05,3.2052487078458144e-05,2.5313272440035256e-05,2.8008255915986048e-05,MISAL,10HZ
MISAL_10HZ,-0.01206177454765625,0.011721472476551389,0.011721014597589651,0.03304395454765625,-0.03911078545234375,0.07215474,0.0,0.0,1.24403625054933,3.3368088678133554,4.1511111930684415,94.0,139.07604455293554,201.50673716620005,4.967009592736341,11254.34848293896,0.9981946109830367,0.0015486064206244462,0.00013388725467750555,7.995758000497366e-05,1.4494231674300646e-05,1.0037873973870092e-05,7.461233218471576e-06,1.0938123339059455e-05,MISAL,10HZ
MISAL_10HZ,-0.0107350679546875,0.011191444645901204,0.011191007471555995,0.0317172479546875,-0.0344894120453125,0.06620666,0.0,1.862645149230957e-11,1.2300856514115317,3.081886249284687,3.790984054866349,94.0,161.48944326990744,230.28293797592175,5.362297848592532,10259.550182197636,0.9976347537588538,0.0019344414953550194,0.00020177327947359987,0.0001167899184269972,3.711481536036283e-05,2.7877073782328447e-05,2.2240138441932675e-05,2.4986258994114127e-05,MISAL,10HZ
MISAL_10HZ,-0.01183989562109375,0.01102727196070297,0.011026841199478535,0.03228865562109375,-0.035759644378906254,0.0680483,1.4551915228366852e-13,2.3283064365386964e-11,1.2244913806752868,3.2429635766727447,3.9709809478397955,94.0,166.27744383663398,203.20208630291765,5.3357336662584425,9960.75330340019,0.998275051354875,0.0014990850158980392,0.00012762024085445772,7.589062564136321e-05,8.095741225176602e-06,4.268829964944756e-06,2.7422448571089278e-06,7.245788291341536e-06,MISAL,10HZ
MISAL_10HZ,-0.012061169584375,0.01091104325112742,0.010910617030175632,0.032509929584375,-0.035538370415625006,0.0680483,0.0,-9.313225746154785e-12,1.2552221513296162,3.257228286363535,4.088545097355647,94.0,162.5015143456414,216.18398204779197,5.419833663307024,9751.88492123449,0.9976925976012778,0.0020710868816187305,0.00013167320867975434,8.166119952161587e-05,8.45382123838293e-06,4.032274369331068e-06,2.8379603794577257e-06,7.657040234303764e-06,MISAL,10HZ
MISAL_10HZ,-0.0129399732140625,0.010847941096814662,0.01084751734083892,0.0332561232140625,-0.0295950567859375,0.06285118,-1.4551915228366852e-13,-1.3969838619232177e-11,1.2577209346030986,3.0657819818174885,3.8558981798162955,94.0,168.06968738179538,224.80891230189215,5.500446236129947,9639.414382587773,0.9974744316449545,0.002252909798996636,0.00014801423221029336,9.024366887989309e-05,1.1894912602770712e-05,7.865447730296018e-06,5.355144971414874e-06,9.282767586738162e-06,MISAL,10HZ
MISAL_10HZ,-0.0124760044421875,0.010865368294954249,0.010864943858215285,0.0322050944421875,-0.0321792955578125,0.06438439,2.5465851649641993e-13,3.026798367500305e-11,1.2493688576048119,2.964128932417097,3.7032903784281666,94.0,168.1074426604556,217.1850893388135,5.363058237095774,9670.410678523673,0.9978694945939568,0.0018407502376854908,0.00014894790959871213,9.317490906290098e-05,1.667157641202401e-05,1.1387190540942438e-05,7.876010223248335e-06,1.1692305089338964e-05,MISAL,10HZ
MISAL_10HZ,-0.011866886621875001,0.010687967415880652,0.010687549908998879,0.028598096621875,-0.032788413378125,0.06138651,-9.094947017729283e-14,-4.656612873077393e-12,1.2407764782704094,3.067907392642851,3.806587330659321,94.0,161.00198811546613,207.76354421960437,5.31194652956403,9357.20741347785,0.9977090886506268,0.0020267449915594483,0.000129891645149887,9.348591631215727e-05,1.4284749834416352e-05,8.89130806020478e-06,6.877033480862185e-06,1.0731297593050593e-05,MISAL,10HZ
MISAL_20HZ,-0.0156435167515625,0.016995441926675223,0.016994778029257966,0.0630076367515625,-0.059363083248437504,0.12237072,-7.275957614183426e-14,-4.656612873077393e-12,1.2519871655715789,3.7074704146992676,4.641705376212947,58.0,272.77409156136645,346.4252149515731,6.3187461972056935,23660.337728584185,0.9896398438440742,0.009765994501782222,0.00027333061318912736,0.00022592236415378206,2.8461059043016564e-05,2.0360346316529786e-05,1.5230731429533738e-05,3.084425127262437e-05,MISAL,20HZ
MISAL_20HZ,-0.01656040699296875,0.017390801716786964,0.017390122375326254,0.06392452699296874,-0.05844619300703126,0.12237072,-9.094947017729283e-14,-2.9103830456733705e-12,1.2486541216401004,3.675910129303708,4.589940333997609,58.0,273.2811003220459,345.32899467968235,6.339294601460271,24773.94801284875,0.9905388502933348,0.008931164022888667,0.0002685701579812974,0.00018913473074967148,2.0211605911163176e-05,1.4227535981544976e-05,1.1937796647869974e-05,2.5894929096883653e-05,MISAL,20HZ
MISAL_20HZ,-0.01085895970859375,0.01772358677430125,0.01772289443317033,0.06575204970859375,-0.06246096029140625,0.12821301,-7.275957614183426e-14,-4.656612873077393e-12,1.2513462593132971,3.71000628327513,4.642502484867111,58.0,239.30455529488646,346.7426306330282,6.206618348972819,25731.15318607258,0.9906875846900942,0.008635418695058784,0.0003274486398228457,0.0002089102490692876,4.1980291882827507e-05,3.230787960682178e-05,2.597097736018586e-05,4.035341560954803e-05,MISAL,20HZ
MISAL_20HZ,-0.00770477544921875,0.0175970726581606,0.017596385259083868,0.06259786544921875,-0.06163237455078125,0.12423023999999999,-3.637978807091713e-14,-1.1641532182693482e-12,1.2537723773425735,3.55742753548466,4.460204378642007,58.0,239.0995248675927,326.93134075255415,6.364718782422434,25365.116864659438,0.9907727522720217,0.008808805717918457,0.00021240782910505603,0.0001690334386923351,8.360517299153077e-06,5.448788863609378e-06,4.042266246141514e-06,1.9148906990159806e-05,MISAL,20HZ
MISAL_20HZ,-0.010829141898437502,0.017556257515837878,0.017555571711133783,0.053617471898437505,-0.058508008101562495,0.11212548,2.1827872842550277e-13,6.984919309616089e-12,1.2473311072629591,3.3327315715456796,4.157019761583086,58.0,262.6426463506227,329.7320886395341,6.478865284102496,25247.588202956013,0.9916148113327321,0.007961811412893196,0.0002164413999887027,0.00016901217068537565,8.495493284741045e-06,5.8494251195054724e-06,4.500348695912474e-06,1.9077924355822317e-05,MISAL,20HZ
MISAL_20HZ,-0.013407835774999998,0.018068102160270428,0.018067396361244388,0.059632105775,-0.061270964225,0.12090307,-1.4551915228366852e-13,-9.313225746154785e-12,1.246186787986988,3.3912448145012486,4.226124482894749,58.0,264.69516342518887,336.72463235890774,6.38148956937083,26741.212244830505,0.9919466072005308,0.007523769594364865,0.0002510583585125221,0.00018561770397773926,2.675487366738099e-05,2.0136627241147228e-05,1.700995231525422e-05,2.903183517303133e-05,MISAL,20HZ
MISAL_20HZ,-0.01641311397421875,0.018230168125897898,0.01822945599604642,0.06263738397421875,-0.06310073602578124,0.12573812,7.275957614183426e-14,3.4924596548080443e-12,1.2594294028869526,3.4614711506478844,4.359478544610022,58.0,248.53189366254512,328.4919273187754,6.1750540299031815,27223.086377818738,0.9914610743396822,0.008096239357733107,0.00022824331193332836,0.00017174228897520106,1.0197716322776381e-05,6.882662978922497e-06,5.436353549543149e-06,2.0182622564729482e-05,MISAL,20HZ
MISAL_20HZ,-0.01446491592578125,0.018131555333698427,0.018130847055984386,0.06398506592578125,-0.06504893407421874,0.12903399999999998,7.275957614183426e-14,2.3283064365386963e-12,1.244924621604739,3.587749313078041,4.466477456242688,58.0,248.3992031678441,334.5926772511311,6.125096309833522,26929.366347302126,0.9910492672839453,0.00841979612394142,0.000257206354421789,0.0001927949735229203,2.1406038514610597e-05,1.6506244755385648e-05,1.4023123425635639e-05,2.899026462143785e-05,MISAL,20HZ
MISAL_20HZ,-0.0101395172828125,0.018108577866027042,0.018107870485887863,0.059659667282812495,-0.0566810227171875,0.11634069,0.0,0.0,1.232806683487954,3.294681576500827,4.061705467699155,136.0,244.3980237323543,325.8623142703769,6.126245303296137,26861.15638109363,0.9921074921994488,0.00738199589480949,0.0002428850569456662,0.00018753057148028265,2.2172712555412827e-05,1.6648351682793825e-05,1.401160183317181e-05,2.725250123508371e-05,MISAL,20HZ
MISAL_20HZ,-0.008849903308593752,0.0182227091501417,0.018221997311662158,0.055588223308593754,-0.05829545669140625,0.11388368,3.637978807091713e-14,1.1641532182693482e-12,1.2407261689179099,3.1991804021888273,3.969306844302832,58.0,227.41255111930823,303.37260423497514,6.159848107350375,27200.814009411184,0.9930027713618024,0.006582628108961819,0.00020558909553051132,0.00016178646301374358,1.2079904126742889e-05,8.738982118175372e-06,6.3745609828295485e-06,2.0027836587559915e-05,MISAL,20HZ
MISAL_20HZ,-0.009560790806249999,0.018013074678537147,0.018012371029064098,0.05629911080625,-0.05987916919375,0.11617828,5.456968210637569e-14,4.656612873077393e-12,1.243912206974593,3.3243357631156303,4.135181836051305,58.0,254.17213003216773,333.8367258597524,6.298971129315967,26578.576368959955,0.9904278087084416,0.009050933864888215,0.00025423150292356304,0.00018285461825150133,2.4120125957198833e-05,1.8561906303844493e-05,1.455354625962036e-05,2.6921994386190816e-05,MISAL,20HZ
MISAL_20HZ,-0.011405414182031249,0.017338795835454335,0.017338118525513046,0.05194235418203125,-0.05803454581796875,0.10997689999999999,-1.0913936421275138e-13,-6.984919309616089e-12,1.241469322982776,3.3472228102042147,4.155474436296403,58.0,270.36214522247946,357.70691627875647,6.358051225534995,24626.000229156118,0.9865625702082583,0.012940805215859956,0.0002654116005308252,0.00018493714033578383,1.1921503441335302e-05,8.17445452049283e-06,6.470524464617733e-06,1.9706990211708874e-05,MISAL,20HZ
MISAL_20HZ,-0.012466663073437498,0.017924945194932155,0.017924244988084294,0.0529231430734375,-0.06433389692656251,0.11725704,1.3642420526593923e-13,6.984919309616089e-12,1.2502302528301612,3.5892109801970062,4.487340151482843,58.0,253.93616412674106,346.2491309206728,6.441389541069164,26319.139606785626,0.9888322442617669,0.01063010659068862,0.0002821647255770461,0.000190176952465763,1.859909146994544e-05,1.2936323097527309e-05,1.016391972719335e-05,2.3600289803450766e-05,MISAL,20HZ
MISAL_20HZ,-0.0163729746546875,0.018575131623626107,0.018574406018374803,0.0568294546546875,-0.0637070753453125,0.12053653,7.275957614183426e-14,4.656612873077393e-12,1.2420900731286246,3.4298310954794573,4.260159156432266,58.0,241.53277373192435,328.2472504016684,6.166988842758499,28263.101333632112,0.9919865911523391,0.007452783690128406,0.00029151742066264006,0.00018679767450889247,2.4175106985015795e-05,1.7760185631241565e-05,1.3962115280303356e-05,2.639951782783876e-05,MISAL,20HZ
MISAL_20HZ,-0.01515510674140625,0.01909522578563503,0.01909447986380871,0.061982826741406254,-0.06492494325859374,0.12690777,0.0,4.656612873077393e-12,1.2364253261383278,3.4001943869783524,4.204086454073594,58.0,249.98660260139562,320.3036743136593,6.378560831181266,29867.96343893922,0.9927512293269226,0.006688586744299429,0.00031256928337733555,0.00017050645138765657,2.2677464352950812e-05,1.6644717726224494e-05,1.2778825861802261e-05,2.4997292509577664e-05,MISAL,20HZ
MISAL_20HZ,-0.01083897415234375,0.01883747571000177,0.01883673985673443,0.05766669415234375,-0.05666994584765625,0.11433664,2.7284841053187846e-14,1.7462298274040222e-12,1.238059367372525,3.061394624965615,3.79018829286379,96.0,262.8938872660985,311.38903031244695,6.279149399052594,29067.08119171703,0.9928608439489113,0.006695729626908402,0.00025460126255285367,0.00015278122710263357,9.120066578326344e-06,6.559682180429611e-06,3.991700250628292e-06,1.6372354242816814e-05,MISAL,20HZ
MISAL_20HZ,-0.011355735370312502,0.019642798280819877,0.01964203096902518,0.0527434653703125,-0.06288500462968749,0.11562846999999998,7.275957614183426e-14,4.656612873077393e-12,1.2449302136409328,3.2015530738981863,3.9857101524737715,58.0,242.2459882830303,299.59351205918705,6.1357837275283895,31605.504462176687,0.9930611546008328,0.006577452411416762,0.00018520291717995393,0.00014394443445400247,7.46809228614518e-06,5.428132932053973e-06,3.869240736227046e-06,1.5479891987882555e-05,MISAL,20HZ
MISAL_20HZ,-0.012395979917968751,0.019808203886196953,0.019807430113119598,0.052907589917968754,-0.06184476008203125,0.11475235,6.366462912410498e-14,1.7462298274040222e-12,1.2389167350247539,3.122301062061838,3.8682710377692673,98.0,238.06470351869376,306.09531985035295,5.996077195743391,32140.024856434742,0.9922068692827757,0.007421564938926844,0.00019254246902043165,0.0001461154443429465,7.734970451617075e-06,5.7452131922556244e-06,3.7645175349114163e-06,1.5662592004880265e-05,MISAL,20HZ
MISAL_20HZ,-0.010005653238281252,0.01998592438577306,0.019985143670353096,0.06927189323828126,-0.06947988676171873,0.13875178,-3.637978807091713e-14,0.0,1.242761031098036,3.4765767964586565,4.320554164474655,96.0,233.5619287212412,315.77037664462677,6.093769808580746,32719.336903663585,0.9923054830946764,0.0073125143801016585,0.0001971846905254105,0.0001458175633132248,1.0415083853397764e-05,7.285662260006435e-06,5.093903602427631e-06,1.6202929441240895e-05,MISAL,20HZ
MISAL_20HZ,-0.01082529571953125,0.02036690879289577,0.02036611319498172,0.07009153571953125,-0.07554404428046875,0.14563558,-7.275957614183426e-14,-4.656612873077393e-12,1.2459774812574442,3.7093010116124545,4.621705531901507,96.0,228.1196802438106,310.64107726292116,6.173273586803258,33978.660188727496,0.9936404214121503,0.006015695399770758,0.00017739131557829545,0.00013639256748975535,7.3559503870354095e-06,5.1881694729697044e-06,3.5430598763958987e-06,1.4011710023465515e-05,MISAL,20HZ
MISAL_20HZ,-0.01350127984453125,0.019102631597824132,0.019101885386702624,0.05089282984453125,-0.07286806015546875,0.12376089,-9.094947017729283e-15,-1.1641532182693482e-12,1.2379933989582765,3.8147051286560236,4.722579768495671,98.0,254.10529158509024,335.4742806656208,6.273653661112923,29891.135824829187,0.9928293598104877,0.0065338042491435745,0.0003205200033511882,0.00020034834660317592,3.6497248262166846e-05,2.710135786992085e-05,2.0936849036885242e-05,3.1411389026332796e-05,MISAL,20HZ
MISAL_20HZ,-0.012680272150781251,0.01863444768730339,0.018633719764973095,0.057022672150781245,-0.06396830784921874,0.12099097999999998,1.0913936421275138e-13,1.1641532182693482e-12,1.2405424900078366,3.4329328042182334,4.25869900920302,96.0,271.252963470501,330.2792016663371,6.3127289181345505,28443.894765946898,0.9926775661486333,0.006780310578326339,0.0003280613124276348,0.0001766115019353849,9.756760039865457e-06,7.306403245528263e-06,4.237548475872767e-06,1.6149746476559735e-05,MISAL,20HZ
MISAL_20HZ,-0.014006363536718748,0.01949965413445985,0.019498892414342585,0.058348763536718744,-0.07991727646328126,0.13826604,5.456968210637569e-14,5.2386894822120665e-12,1.2481036633426008,4.0985546645920685,5.115421091549609,96.0,245.56610177461314,320.41576277311265,5.943483860186681,31146.541576358948,0.9931689181374889,0.006367303539937767,0.00024762660257491735,0.00016189320905288332,1.5932266710120947e-05,1.1003895955566788e-05,8.599641071634488e-06,1.871762612481847e-05,MISAL,20HZ
MISAL_20HZ,-0.013147476667187501,0.020378740641928295,0.020377944581823616,0.0570205266671875,-0.0807761633328125,0.13779669,9.094947017729283e-14,4.656612873077393e-12,1.239835604717979,3.963901413339695,4.914586106091644,58.0,223.85732262568217,302.9491346964435,5.80790311067477,34018.150468512926,0.9936159943671035,0.006035287650139827,0.00016504077369425838,0.00014601249362945255,9.629979565190649e-06,7.427965133440467e-06,5.528494332658712e-06,1.5076077950497334e-05,MISAL,20HZ
MISAL_30HZ,-0.006497953442187499,0.03926436981408285,0.039262836019679476,0.11783373344218749,-0.1228340565578125,0.24066779,-1.5916157281026246e-14,-4.0017766878008843e-13,1.2406492073294102,3.1285069803189107,3.8813797053560397,58.0,232.71616512366512,325.96274665690953,5.6328122013610455,126285.4383999887,0.9944553871002321,0.0048810336533766365,0.0004337125016819303,0.00019605087182165458,1.4180777015732224e-05,8.688079235067806e-06,4.952055930739879e-06,5.994103953431169e-06,MISAL,30HZ
MISAL_30HZ,-0.003451601996875,0.04122443966095577,0.04122282929982854,0.134917271996875,-0.125880408003125,0.26079768000000003,-6.8212102632969615e-15,-3.637978807091713e-13,1.2496060208823063,3.2728775361899602,4.089807474932634,58.0,221.7940425802121,308.97472338637994,5.29375631671393,139208.4300837545,0.9952155814855467,0.004262047840216848,0.00033929587890601517,0.00015157553305179851,1.3330157962132858e-05,7.977477888575653e-06,4.605114170614545e-06,5.585555368954591e-06,MISAL,30HZ
MISAL_30HZ,-0.0076194313953125,0.041980550313523775,0.04197891041624728,0.1390851013953125,-0.12902547860468752,0.26811058,9.094947017729283e-15,0.0,1.2401027644166107,3.31321370690385,4.108725477132347,58.0,198.8766956019964,302.1335610822289,5.214918175101063,144361.79341913637,0.9956386209363526,0.0038495793063586746,0.00032957621938060937,0.00014030601366368342,1.6384092748479206e-05,1.0343892047037563e-05,7.484505031800535e-06,7.700678425103533e-06,MISAL,30HZ
MISAL_30HZ,-0.01795435356640625,0.039834967658879436,0.0398334115750624,0.11824923356640625,-0.14181386643359373,0.2600631,4.547473508864641e-15,2.9103830456733704e-13,1.2542386033648123,3.560173754206274,4.465307357323836,58.0,215.59169445253633,324.45024003342013,5.595173141822344,129982.51999672885,0.995040975690401,0.00426157191502724,0.0004603009473354071,0.00017457699213774795,2.3647244709257187e-05,1.5497455985256312e-05,1.1162752787291173e-05,1.2259633492417853e-05,MISAL,30HZ
MISAL_30HZ,-0.021338854573437503,0.03880482513445595,0.038803309291367244,0.12163373457343751,-0.13842936542656248,0.2600631,9.094947017729283e-15,-2.5465851649641993e-13,1.2591716917133102,3.567462877548747,4.492048266763255,58.0,219.53952131629097,316.62175973732184,5.6529477823652305,123346.68284000413,0.9950523132183374,0.004267018754134349,0.00047545160330110444,0.00017111750404437244,1.4643661175591412e-05,8.249682565309237e-06,4.7565120314102725e-06,6.448997648804895e-06,MISAL,30HZ
MISAL_30HZ,-0.01903733980625,0.03934734935954641,0.03934581232369124,0.11308315980625,-0.10506476019375001,0.21814792,4.547473508864641e-15,3.637978807091713e-13,1.2378870268068547,2.8740837493215334,3.557790987331954,58.0,206.0731867652747,302.36793205933236,5.1692401394725795,126819.77429077071,0.9954523426745449,0.003959581798898398,0.0003955383831101276,0.00015892039638121174,1.4141733543197898e-05,7.6789868364895e-06,5.058584918788049e-06,6.736829074870575e-06,MISAL,30HZ
MISAL_30HZ,-0.01368778279375,0.042026082797500426,0.04202444112157654,0.13070791279375,-0.12368873720625,0.25439665,0.0,7.275957614183426e-14,1.2186817432378418,3.110283190025115,3.790445340073359,58.0,215.9819961426277,318.8222087081459,5.1931060249569745,144675.115727787,0.9958600220518267,0.003525014305176268,0.0003913590422946187,0.00016443823096793313,2.2340796968409384e-05,1.4566490283717487e-05,1.0949436697280547e-05,1.1301485660833007e-05,MISAL,30HZ
MISAL_30HZ,-0.0096384312125,0.04376989390505041,0.043768184110174656,0.1368695412125,-0.1277380887875,0.26460763,-6.8212102632969615e-15,-1.0913936421275138e-13,1.2366479832319182,3.127146898871576,3.8671799058478373,58.0,225.72362203656013,327.07619976766205,5.563760751217348,156930.3715716759,0.9960068655570221,0.003363466155457162,0.0003959202016345038,0.00016427119171073232,2.620227089162927e-05,1.7493299239886098e-05,1.2729240629826828e-05,1.3042115629124353e-05,MISAL,30HZ
MISAL_30HZ,-0.0064728188875000005,0.04244774379317171,0.04244608564579346,0.13370392888750002,-0.1276837911125,0.26138772,0.0,-2.1827872842550277e-13,1.2482785987508116,3.1499707652689177,3.9320410930685425,58.0,214.90768835488632,319.8901225570332,5.555026180254992,147592.8226439865,0.995481757282887,0.003889277256318784,0.0003816111028804963,0.00016901853372192982,2.891907121020225e-05,1.9153531812007342e-05,1.5012084966227037e-05,1.5238213952861513e-05,MISAL,30HZ
MISAL_30HZ,-0.005117270899999999,0.039473491686632944,0.03947194972324688,0.1288960409,-0.1151689391,0.24406498000000001,-1.3642420526593923e-14,-3.2741809263825415e-13,1.241378479207964,3.26550985701174,4.0537336602385485,58.0,218.1045749042158,317.8313094172041,5.521407690398999,127634.21207916766,0.995369076264304,0.004058900548713547,0.0003630728221610425,0.00017340990944137818,1.485715336924876e-05,8.351782616266621e-06,5.826195220193074e-06,6.504727269485386e-06,MISAL,30HZ
MISAL_30HZ,-0.007511823941406249,0.03952656907767753,0.039525025040915374,0.13221439394140624,-0.11277438605859376,0.24498878000000002,-2.0463630789890885e-14,-5.820766091346741e-13,1.2454489405563354,3.345080586317047,4.1661270724095365,58.0,220.38991504292147,328.1956160372754,5.4111808985121455,127977.68601288905,0.9952587308819834,0.004043507011210533,0.0004258579392209463,0.00019581721165239495,2.8421670536734716e-05,1.879803538988191e-05,1.4381008199915202e-05,1.447602941959916e-05,MISAL,30HZ
MISAL_30HZ,-0.010723337349218749,0.04235698812758478,0.04235533352541897,0.13542590734921875,-0.12971662265078127,0.26514253,-6.8212102632969615e-15,-1.0913936421275138e-13,1.2417845752399284,3.197375538661439,3.9704516252529736,58.0,189.07491402345786,299.8708855466596,5.455043707087496,146962.37344120638,0.995709693470839,0.0037144171526850775,0.00034487790525510124,0.00017090274313781475,2.2431569402417654e-05,1.5596014034051578e-05,1.0364107227999208e-05,1.1709098065088697e-05,MISAL,30HZ
MISAL_30HZ,-0.013979100844531252,0.041971326489866075,0.041969686952902235,0.12927530084453126,-0.12646085915546876,0.25573616,1.5916157281026246e-14,3.637978807091713e-13,1.229267809760714,3.0802064591647276,3.786398647758446,58.0,193.52320605784269,306.3986386479888,5.467552653254363,144298.36321076984,0.9957396972122979,0.0036332980187338067,0.00039177297246225875,0.00017247866663216573,2.4921651725327823e-05,1.5032637929892375e-05,1.1268432455384595e-05,1.1523466788615436e-05,MISAL,30HZ
MISAL_30HZ,-0.0176388042703125,0.039178303885696535,0.03917677345330916,0.1268200442703125,-0.1100079957296875,0.23682804,4.547473508864641e-15,-1.4551915228366852e-13,1.2297080643634073,3.237123251566885,3.980716567891702,58.0,236.50207340725055,346.757512774192,5.558323458116505,125732.42085825565,0.9947515940725516,0.00434579610936792,0.0005876351660485169,0.0002110340759278343,3.842813776725753e-05,2.5582144211226433e-05,2.0018811299011943e-05,1.9895398891435123e-05,MISAL,30HZ
MISAL_30HZ,-0.023932943871093747,0.03964907423138788,0.03964752540917469,0.12045812387109375,-0.12425947612890624,0.24471759999999998,0.0,0.0,1.2421833072330788,3.1341042055809543,3.893131927399844,58.0,225.84792013798233,338.4660530826401,5.637346864619469,128772.20053093632,0.995181661934702,0.004045093721857502,0.0005355401606687289,0.00017727973828688713,2.3876955110096948e-05,1.5566438639671883e-05,1.0295454173424759e-05,1.0679309685604814e-05,MISAL,30HZ
MISAL_30HZ,-0.018585652475000002,0.04297625425763825,0.042974575464916745,0.140352922475,-0.129606767525,0.26995969,9.094947017729283e-15,5.820766091346741e-13,1.2244343433550522,3.2659525068796618,3.9989444132830387,58.0,187.33309103056024,319.47135767396134,5.324661666792249,151291.01488442975,0.9960427583960864,0.0033129725142963706,0.00040909913201519116,0.00015971063117386778,2.7575762558080296e-05,1.8821901949072177e-05,1.4416025680971798e-05,1.4634645826282075e-05,MISAL,30HZ
MISAL_30HZ,-0.011912999212500002,0.0432015709537951,0.04319988335946825,0.1336802692125,-0.11905651078750001,0.25273678,1.8189894035458565e-14,2.9103830456733704e-13,1.2318450875989382,3.0944590312211213,3.811894156474146,58.0,200.6992985759359,316.7653912544273,5.166522801736334,152881.55531457483,0.9961301494486019,0.00332727266979184,0.0003510352678311114,0.00015620692536326208,1.4664022890212258e-05,8.60822252203387e-06,5.565250296597711e-06,6.4971189265390165e-06,MISAL,30HZ
MISAL_30HZ,-0.005810591647656249,0.041345247293975707,0.04134363221370813,0.11941564164765625,-0.12515891835234377,0.24457456000000002,9.094947017729283e-15,2.9103830456733704e-13,1.2574966259491884,3.027284049508792,3.8067994781391787,58.0,217.82106510176686,340.0789465214881,5.614535694124846,140025.52363513253,0.9953666475373935,0.003881191566571598,0.0004286590290356413,0.00021198893110156337,3.822015942181534e-05,2.8327834141689547e-05,2.2655713165073822e-05,2.2287946357172912e-05,MISAL,30HZ
MISAL_30HZ,0.0012971594273437504,0.039326932042938786,0.03932539580465062,0.11230789057265625,-0.12370810942734375,0.236016,9.094947017729283e-15,2.1827872842550277e-13,1.2467451979318611,3.1457562446089424,3.921956491930095,58.0,211.8726761775621,336.54484427762105,5.630934415838681,126688.19640431552,0.9951240926591881,0.004070566152508969,0.000457361909638354,0.00022396506235496986,4.461822613033106e-05,2.9823761245774813e-05,2.446590278207816e-05,2.5083925464612412e-05,MISAL,30HZ
MISAL_30HZ,-0.0057193205328125,0.04058418972208355,0.040582604371208045,0.1205849105328125,-0.1162133394671875,0.23679825,9.094947017729283e-15,0.0,1.2357580806411057,2.9713448015029806,3.6718633489187296,58.0,195.46840000799384,322.36474163655964,5.5356825582251945,134917.96302676434,0.9954581193318232,0.003829276006292095,0.0004225345852184807,0.0001965478496718063,3.243580971040451e-05,2.409160730951014e-05,1.7914158039319236e-05,1.906449591308285e-05,MISAL,30HZ
MISAL_30HZ,-0.01165232697109375,0.04019488048568359,0.040193310342497165,0.12651791697109374,-0.11028033302890625,0.23679825,6.8212102632969615e-15,2.1827872842550277e-13,1.2444629287860554,3.1477356776502226,3.917240360550414,58.0,216.2147521932716,318.8328744399966,5.499427943196725,132341.9404521819,0.9956245760359561,0.00376125382565492,0.00037279463278200244,0.00017745396497447657,2.4901096480532372e-05,1.5771370774479795e-05,1.0975435363707375e-05,1.2265594529688245e-05,MISAL,30HZ
MISAL_30HZ,-0.015773866259375,0.04212039114465297,0.042118745784737316,0.11733524625937501,-0.138277233740625,0.25561248000000003,9.094947017729283e-15,4.3655745685100554e-13,1.234287612682831,3.2830330334159634,4.052207005270072,58.0,199.19922621482291,298.9580007463421,5.144356802352204,145325.15816208933,0.9960567231853504,0.003471513961420588,0.00030272773408644764,0.00013839820659469147,1.2353517651864819e-05,7.185926240151855e-06,4.726562933043576e-06,6.370210686173891e-06,MISAL,30HZ
MISAL_30HZ,-0.017974136103125003,0.04246241288939769,0.04246075416899668,0.12278073610312501,-0.136076963896875,0.25885769999999997,-6.8212102632969615e-15,-3.637978807091713e-13,1.2259216388179635,3.2047703004066928,3.928797258802237,58.0,204.4821420153662,314.5995967298441,5.652697853365357,147694.8496598656,0.9960229339608141,0.0034351310405369203,0.00036634292905352207,0.00014403570576163749,1.2907457681479021e-05,7.340860587965288e-06,4.906736369946387e-06,6.400574760004309e-06,MISAL,30HZ
MISAL_30HZ,-0.01645509495546875,0.041870289942167585,0.04186865435202098,0.12896201495546875,-0.13269092504453123,0.26165293999999995,-4.547473508864641e-15,-3.637978807091713e-13,1.2488048054084426,3.169218765086896,3.957735623325653,58.0,227.66057425275233,344.21077322485957,5.8391621692583175,143604.46833778603,0.9952137969154009,0.003975732477988903,0.0005188464949108806,0.00018900108120353224,3.7865314480354414e-05,2.6336789329012975e-05,1.921967983465257e-05,1.918368824058456e-05,MISAL,30HZ
MISAL_5HZ,-0.012928746529687498,0.003574723594798848,0.0035745839544310217,0.012237386529687498,-0.011475963470312501,0.02371335,0.0,0.0,1.254198074473933,3.423443590153954,4.293676360042386,56.0,187.63460649587077,338.1998761811419,6.223705234382217,1046.7451326493897,0.9912762905674367,0.006929370192005149,0.0011110316769291314,0.00048150247585528467,9.328085180678903e-05,4.793393239244049e-05,3.677261712100489e-05,2.380238461574709e-05,MISAL,5HZ
MISAL_5HZ,-0.0127984760625,0.0035471783256909597,0.0035470397613312243,0.0121071160625,-0.010262253937500002,0.02236937,-2.3283064365386963e-12,-5.960464477539063e-10,1.24982258951053,3.413301477777297,4.266021292938438,54.0,175.69371195712952,330.86511338481824,6.021269099574216,1030.6757510997545,0.9920715650499127,0.006166067516016802,0.001127799309725743,0.00047053234281197137,8.036466503153646e-05,4.092880407596111e-05,2.7687667123340366e-05,1.504926799781539e-05,MISAL,5HZ
MISAL_5HZ,-0.013312644214843749,0.0038701526777038127,0.003870001496912032,0.01174218421484375,-0.01119189578515625,0.02293408,0.0,7.450580596923828e-11,1.2545602061765668,3.0341549534745575,3.8065300649862914,2.0,147.7500596420986,307.08062411028493,5.750104511458744,1226.9085971414443,0.9935762247637155,0.004909884141165682,0.00099679692732819,0.0003986693913556319,5.915487654131606e-05,3.0168741699611044e-05,1.9199851598790604e-05,9.901293522940957e-06,MISAL,5HZ
MISAL_5HZ,-0.012576486899218748,0.004123254556113784,0.004123093488336768,0.014675896899218747,-0.01192805310078125,0.026603949999999998,0.0,2.9802322387695313e-10,1.2682715151029529,3.55943830455794,4.5143342125320745,2.0,143.23245776292708,294.36171120670116,5.751363367236157,1392.6318020270814,0.9939341195680781,0.004702966304471801,0.000852165114747898,0.00040153767169623774,5.4713822686387326e-05,2.710611444528169e-05,1.7295549300051072e-05,1.0094263580969409e-05,MISAL,5HZ
MISAL_5HZ,-0.011926442853124998,0.004027647436738903,0.004027490103687935,0.014025852853124998,-0.012105767146875,0.026131619999999998,1.7462298274040222e-12,0.0,1.269259653549174,3.482529438569973,4.4202341097716396,60.0,161.7061030258064,321.2073045471585,5.6787349861242555,1328.7978355260875,0.993113739957586,0.005177248688839316,0.0010471233370866622,0.0004652410922675444,8.606533469078959e-05,4.878355007033795e-05,3.5368622781795e-05,2.6408715312881304e-05,MISAL,5HZ
MISAL_5HZ,-0.0119383141953125,0.004184136108873682,0.004183972662864563,0.0138946841953125,-0.012093895804687498,0.025988579999999997,2.9103830456733704e-13,3.725290298461914e-11,1.2543160982489168,3.3209309217805814,4.1654971173575825,60.0,136.8806920524588,294.56662688503025,5.37329978996988,1434.0609859899332,0.9940099691957172,0.004551122567322887,0.0009410425885037631,0.00039000759089794906,5.229589037089121e-05,2.812716360150893e-05,1.773047790808378e-05,9.701465293249674e-06,MISAL,5HZ
MISAL_5HZ,-0.012409586528125,0.00390794527867855,0.0039077926215844595,0.014365956528125001,-0.011336543471875,0.025702500000000003,0.0,-2.9802322387695313e-10,1.252679435218738,3.6762330849132736,4.60514158572005,2.0,149.2882659950216,312.89376671752035,5.758057778638922,1250.9874778221497,0.993230411435463,0.005159433701443213,0.0009879346618193693,0.00047807203942657644,6.675697300458036e-05,3.6028616034696936e-05,2.5277929543069946e-05,1.6076546301348858e-05,MISAL,5HZ
MISAL_5HZ,-0.013055311669531248,0.0035903953613606737,0.003590255108802509,0.013231131669531248,-0.010573108330468753,0.02380424,-2.3283064365386963e-12,-2.9802322387695313e-10,1.2528948210315751,3.685290115848915,4.617280901432018,2.0,187.85252339004452,334.7683408287759,6.197388156850993,1055.9432117180038,0.9920851560546613,0.006058150185247498,0.0011606385129061352,0.0005422890507579751,7.743911847422776e-05,3.6934847012595705e-05,2.373074855600726e-05,1.5655681805670537e-05,MISAL,5HZ
MISAL_5HZ,-0.0119486845953125,0.0036805544823326824,0.0036804107078650663,0.0124701845953125,-0.0116797354046875,0.02414992,2.3283064365386963e-12,0.0,1.2682046932583337,3.38825896937952,4.297005928109287,2.0,169.79701222980546,325.6057625668268,5.872665663287748,1109.6410508966464,0.992193920390088,0.00608997596837616,0.0010738198625058785,0.0005136275851849665,6.590831921565828e-05,3.131937151941753e-05,1.9957415515230132e-05,1.1470200153098207e-05,MISAL,5HZ
MISAL_5HZ,-0.0114691038828125,0.0037013354799556304,0.003701190893714439,0.0119906038828125,-0.011998396117187499,0.023988999999999996,-2.3283064365386963e-12,-2.9802322387695313e-10,1.2630769666731685,3.2417663553431013,4.09460041587619,4.0,163.93828177309146,316.19222823186936,6.037917964228083,1122.2068470132401,0.9927231409075671,0.005686505960408226,0.0009661986593274453,0.0004912443991476365,6.368730213289776e-05,3.455648123805595e-05,2.233266383636756e-05,1.2330890353302757e-05,MISAL,5HZ
MISAL_5HZ,-0.01202122093828125,0.004380071040139693,0.004379899940272828,0.015615100938281251,-0.013448839061718749,0.02906394,1.1641532182693482e-12,0.0,1.2560686082848425,3.565172982865768,4.478101867905346,4.0,123.99076377022506,277.82416209323884,5.2907306486935965,1571.5142455043028,0.9950620570433266,0.003836717008786292,0.000662184315138668,0.00033723950522633264,5.004402373939674e-05,2.5434940360376732e-05,1.7290205674202166e-05,9.031092678283524e-06,MISAL,5HZ
MISAL_5HZ,-0.01205123826875,0.004427165829564154,0.004426992890021145,0.01564511826875,-0.013418821731249999,0.02906394,1.3096723705530166e-12,1.4901161193847657e-10,1.2566784355263831,3.53402832439183,4.441137186805846,60.0,130.8188524117416,281.5176691789335,5.433080751126797,1605.4899609326571,0.994976194900879,0.0038722205076908716,0.0007044982120920554,0.0003312301373709292,5.5659413729253626e-05,2.7187500221420986e-05,2.093075589735379e-05,1.2070778728503691e-05,MISAL,5HZ
MISAL_5HZ,-0.013109333482031249,0.004269332479544887,0.004269165705487535,0.01369192348203125,-0.015261756517968753,0.028953680000000002,1.1641532182693482e-12,5.960464477539063e-10,1.2657756215441043,3.5748803319525853,4.524996375183003,60.0,144.30784281400747,281.8457733043409,5.630929755821181,1493.0555554152702,0.9946857344212402,0.004110543114999704,0.0008020956050519508,0.000309489747638603,4.783143127496222e-05,2.1122707907143893e-05,1.5489104645059328e-05,7.69364454279842e-06,MISAL,5HZ
MISAL_5HZ,-0.0130289993171875,0.004261248152674646,0.004261081694417481,0.0140272993171875,-0.015342090682812502,0.029369390000000002,-1.1641532182693482e-12,0.0,1.2722521191646847,3.600515498051101,4.580763473555828,60.0,134.9906490523201,283.26437673169136,5.452191795676412,1487.406466483791,0.9945709675316903,0.004252657219066996,0.0007591392120436275,0.00031689765327632264,5.1820212813628904e-05,2.3233036909096818e-05,1.6331729779291105e-05,8.952157508417465e-06,MISAL,5HZ
MISAL_5HZ,-0.01274531879921875,0.003799008528597141,0.003798860126927966,0.013743618799218751,-0.01091886120078125,0.02466248,4.656612873077393e-12,8.940696716308593e-10,1.251549154324802,3.6178270155776997,4.5278883430315995,2.0,158.60990982763346,311.9347654786146,5.9124274640055,1182.2152315667902,0.9933058612052835,0.005230768339970584,0.0009263527955015128,0.0004121885192516027,6.5204246612552e-05,2.96821581439825e-05,1.9403032155220825e-05,1.0538040222555524e-05,MISAL,5HZ
MISAL_5HZ,-0.012051672696874998,0.004010549595923786,0.004010392930770269,0.012480792696874998,-0.011612507303125002,0.024093299999999998,0.0,-1.1920928955078125e-09,1.2278913712784427,3.1121121818269617,3.8213356954687123,4.0,149.78620719229554,301.5649758134282,5.989734618246133,1317.5399604913393,0.9938421780707819,0.00482053092384499,0.0008479736464362681,0.0003780589689453077,5.747573245741771e-05,2.6183520869866542e-05,1.8064170832263824e-05,9.533514706953777e-06,MISAL,5HZ
MISAL_5HZ,-0.011087081036718752,0.003961260233324456,0.003961105493574272,0.013639451036718752,-0.011930438963281248,0.025569889999999998,-1.1641532182693482e-12,-5.960464477539063e-10,1.2215664568127742,3.443344555049443,4.2062742087592015,2.0,155.89161644686456,302.642020991527,5.680074067674725,1285.3540237540299,0.9935665036190379,0.005028607559910699,0.0008638586515246567,0.00042840307262048715,5.761119603012255e-05,2.7424366897530207e-05,1.7767372979865578e-05,9.823644195769227e-06,MISAL,5HZ
MISAL_5HZ,-0.0116876133140625,0.003620897496303139,0.003620756052232056,0.0142399833140625,-0.0106757966859375,0.02491578,2.6193447411060332e-12,1.4901161193847657e-10,1.25314188052766,3.9328756493692043,4.928451188493132,100.0,176.92704177158905,328.57293550894735,6.359803436957622,1073.9609113486538,0.9918218572004084,0.006450615156197891,0.0010393401740306403,0.0005441569915975678,7.158849271302262e-05,3.678898393283559e-05,2.24783611390199e-05,1.3172147744831067e-05,MISAL,5HZ
MISAL_5HZ,-0.012627859072656249,0.003585892489211432,0.0035857524125501466,0.01362913907265625,-0.011885620927343752,0.02551476,-2.3283064365386963e-12,-2.9802322387695313e-10,1.255404570618282,3.80091470374622,4.771685692943972,60.0,182.08798542456003,341.6841281762132,6.09482240485819,1053.2962641054085,0.9911989061508705,0.006974991577751059,0.0010635095891159685,0.000594597542618979,8.14369259037272e-05,4.2544339895196655e-05,2.7417229123078083e-05,1.6589281962390434e-05,MISAL,5HZ
MISAL_5HZ,-0.012417117546875,0.004007517887007932,0.0040073613402828575,0.013610607546875,-0.012096362453125,0.025706970000000003,2.3283064365386963e-12,8.940696716308593e-10,1.247461189819871,3.396401369315476,4.236878894329397,60.0,153.34873732972727,308.94201586258123,5.660333976845246,1315.5487727275363,0.9932384833042458,0.0052763513619080195,0.00084034338126964,0.0005044263654198428,6.476040335129611e-05,3.721517203322087e-05,2.4870966463040156e-05,1.3540577684217881e-05,MISAL,5HZ
MISAL_5HZ,-0.01220403835078125,0.003975182590526579,0.003975027306923695,0.01339752835078125,-0.012275171649218751,0.0256727,0.0,0.0,1.261811088204641,3.37042422930656,4.252838665562488,60.0,156.4917108180062,311.4609477299129,5.751094453927933,1294.4049926625212,0.9931217070296506,0.005348116111512704,0.0008658580445354535,0.0005036117397543231,7.199633959425148e-05,4.261527732656373e-05,2.9006799416537426e-05,1.7075393297713067e-05,MISAL,5HZ
MISAL_5HZ,-0.0124710017671875,0.00403047571290875,0.004030318269376085,0.0140042117671875,-0.012410508232812499,0.02641472,-1.7462298274040222e-12,1.4901161193847657e-10,1.2683698474465686,3.4747160962751233,4.407225126046133,60.0,159.27190748248753,304.63791169535875,5.8194960515013054,1330.6646860347034,0.9934111332998973,0.0051345907469242434,0.0008519532086431257,0.0004740241002760962,6.307916027717148e-05,3.258562816268086e-05,2.115683810141315e-05,1.1470463644761696e-05,MISAL,5HZ
MISAL_5HZ,-0.012263069007812499,0.003953091825792369,0.003952937405126838,0.013796279007812499,-0.0126184409921875,0.02641472,0.0,0.0,1.2484635809128781,3.490133435057438,4.357304487297868,60.0,155.95731306176998,305.672819694461,5.680208052228094,1280.0585021709796,0.9932656549840693,0.005237573809719257,0.0008881103605587175,0.0004963947921198514,5.822552203153856e-05,2.7427002560093268e-05,1.822791363938283e-05,8.384466112675165e-06,MISAL,5HZ
MISAL_5HZ,-0.01275644397734375,0.0037326432149290354,0.0037324974057055603,0.01194588397734375,-0.012868576022656248,0.024814459999999997,2.9103830456733705e-12,1.1920928955078125e-09,1.2580978700491723,3.447711979528079,4.337559099149398,60.0,162.52026049460204,316.84015592532745,6.1022923638111175,1141.271501553829,0.9927184142520892,0.0056395494310852706,0.000979668254521625,0.000541350425416272,6.324793236992096e-05,3.06102089087415e-05,1.916262726133091e-05,7.99678174236547e-06,MISAL,5HZ
UNBAL_10HZ,-0.013574431627343748,0.004089086203536765,0.0040889264704870925,0.015770691627343746,-0.012183198372656252,0.02795389,-5.820766091346741e-13,2.9802322387695313e-10,1.2549122152591872,3.856927175706375,4.840105027342759,60.0,275.7185144962096,399.28295220105923,6.814368723625109,1369.6466707859097,0.9896381993562806,0.008731341614925652,0.0007672872896929313,0.0005315767146959629,0.00010008105296191188,5.1453102469720145e-05,3.1101969433988806e-05,0.00014895522809286405,UNBAL,10HZ
UNBAL_10HZ,-0.013356764744531251,0.004263005003046122,0.004262838476160648,0.013253954744531251,-0.01281210525546875,0.026066060000000002,1.1641532182693482e-12,4.4703483581542967e-10,1.2437632827523448,3.109185303534963,3.8670905207171553,4.0,250.10859230623663,386.65363294802495,6.595929108731292,1488.6331986080393,0.9904571794117685,0.008170960475550637,0.0006756447092550758,0.00044049160579459623,6.399926555762894e-05,3.4058881161329136e-05,2.4854492321472248e-05,0.00013280000282260654,UNBAL,10HZ
UNBAL_10HZ,-0.013021236184375,0.0042970377600944935,0.004296869903778482,0.012918426184375,-0.013147633815625,0.026066060000000002,-1.1641532182693482e-12,-2.9802322387695313e-10,1.2395842959077572,3.0598165890486286,3.7929005930254323,2.0,237.59517332019416,386.08086798905816,6.261594722935782,1512.4964123950697,0.9904441916422464,0.008234073564932685,0.0006662552340841635,0.0004380733167150262,5.720705484542083e-05,2.576884514343803e-05,1.8189527096745836e-05,0.00011624063920848287,UNBAL,10HZ
UNBAL_10HZ,-0.012497401540625,0.004410827513295844,0.00441065521198078,0.013185781540625,-0.013412208459375,0.026597990000000002,-1.7462298274040222e-12,-5.960464477539063e-10,1.238010652903435,3.0408653163145005,3.7646236564954547,2.0,236.291102109024,439.64096470331754,5.921386304774921,1593.6618035870451,0.9879552862750514,0.009220075843977382,0.0015614784079517625,0.0008325571449908952,0.00013102515968599083,7.391493045658603e-05,0.0001088156664513578,0.00011684252645983713,UNBAL,10HZ
UNBAL_10HZ,-0.012059878522656251,0.00416816815650485,0.004168005334256052,0.013323398522656252,-0.01209153147734375,0.025414930000000002,-1.1641532182693482e-12,1.4901161193847657e-10,1.2474322385481809,3.196588643962894,3.9875277288130264,2.0,271.55883491020205,470.5473395217815,6.353195702993044,1423.1362437040939,0.9857348593604243,0.01077232532118538,0.0019606159746990526,0.0009911546103905716,0.00017095249134103566,0.00010022337897283603,0.00013261307478602407,0.00013724041696922418,UNBAL,10HZ
UNBAL_10HZ,-0.011693647115624999,0.003588464083944194,0.0035883239068280268,0.012957167115625,-0.012457762884375003,0.025414930000000002,-2.9103830456733704e-13,0.0,1.251148808844822,3.6109246122844665,4.5178040287471894,56.0,319.3424476070098,445.7915151700428,6.956371840814313,1054.8075292289689,0.9851838308905131,0.012549671063939458,0.0012159046014870885,0.0007025975886817588,0.00010226486156896569,4.7698129526457725e-05,3.304625593893623e-05,0.00016498478794980004,UNBAL,10HZ
UNBAL_10HZ,-0.01304744656484375,0.003795749098760836,0.003795600824415626,0.011330966564843751,-0.01267591343515625,0.02400688,0.0,0.0,1.2453506462131234,3.339632911416129,4.159014005442438,2.0,272.74731576134826,421.49303077985076,6.793986436351609,1180.1874941257036,0.9874038807765395,0.0108972180634984,0.0008473767034806577,0.0005685211369247857,7.311269238893215e-05,3.183051456728113e-05,2.3864385877822954e-05,0.00015419526206294647,UNBAL,10HZ
UNBAL_10HZ,-0.013350262175,0.003922254589411893,0.003922101373349435,0.011811092175000001,-0.012373097825,0.02418419,-1.1641532182693482e-12,-2.9802322387695313e-10,1.2444890283611774,3.1547113763861714,3.9260036965597744,56.0,274.58374672015594,411.8903264791276,6.836881974147895,1260.1654648956987,0.9880477177841684,0.01033139606396799,0.0008161472072756769,0.0005094274622592665,7.175534842160519e-05,3.7212011595896995e-05,2.7674435203969443e-05,0.00015866613470797507,UNBAL,10HZ
UNBAL_10HZ,-0.011597030277343752,0.004026603352696954,0.004026446060431314,0.012024660277343752,-0.01231746972265625,0.024342130000000003,0.0,0.0,1.2357960847163536,3.059141867227114,3.7804755430500543,56.0,278.8999395702485,404.212167848868,6.576660424434661,1328.1089863743202,0.9886805448146953,0.00982131189983511,0.0007488511273395881,0.00047137108256057225,6.653551581677468e-05,3.5798824827123634e-05,2.4623305505355905e-05,0.00015096065197969794,UNBAL,10HZ
UNBAL_10HZ,-0.01263476661953125,0.004377840531946617,0.00437766951921068,0.01306239661953125,-0.01521631338046875,0.02827871,0.0,-5.960464477539063e-10,1.2352689808488884,3.475893579955859,4.293663521032079,2.0,235.38766784317448,393.4649021474311,6.1913543059817595,1569.914105250004,0.9904145961404063,0.008186815555607862,0.0006808034385785636,0.0004335474258090833,7.348171058213988e-05,4.515668141280785e-05,3.290101853076775e-05,0.00013268517409568303,UNBAL,10HZ
UNBAL_10HZ,-0.013422670238281248,0.004221536646201463,0.004221371739205317,0.01619854023828125,-0.014428409761718752,0.03062695,0.0,0.0,1.2596232102091847,3.837269313195665,4.833513491869727,2.0,258.49822452312117,383.76769529136556,6.376632093055077,1459.8127094449762,0.9900276800190879,0.008653803273840969,0.0006572205870933607,0.00043372591791510215,6.0102115801393934e-05,2.827481958347107e-05,1.723788908509168e-05,0.00012195506550931281,UNBAL,10HZ
UNBAL_10HZ,-0.01297553660390625,0.004188470768567584,0.004188307153232512,0.01575140660390625,-0.01751135339609375,0.03326276,-5.820766091346741e-13,1.4901161193847657e-10,1.2810568649773038,4.181009833148835,5.3561113505717515,2.0,282.8297814100804,392.6231435874596,6.573501054428704,1437.0338374807193,0.9893738465077044,0.009143980666194108,0.0007243872427269342,0.0004449430378243671,8.544838566407315e-05,4.781074310432765e-05,3.458666562107408e-05,0.0001449794650293016,UNBAL,10HZ
UNBAL_10HZ,-0.01290240344609375,0.004306759670501026,0.004306591434415472,0.01335089344609375,-0.01758448655390625,0.03093538,2.9103830456733705e-12,4.4703483581542967e-10,1.2638457422763807,4.083156439986236,5.160479882923263,2.0,253.52400965523893,381.48587121987305,6.457435540476697,1519.3481044052498,0.9906637090066954,0.00803523217389184,0.0006804942781760523,0.00038207636125306914,5.7826489124076845e-05,2.752889402506398e-05,1.9704199393104915e-05,0.00013342782938948885,UNBAL,10HZ
UNBAL_10HZ,-0.012675302651562501,0.004102337970191327,0.004102177719484408,0.0130641926515625,-0.014779437348437497,0.027843629999999998,1.7462298274040222e-12,2.9802322387695313e-10,1.2506466584249218,3.6028271702212495,4.505863762418131,2.0,261.64241177738097,395.4299741463247,6.905122717611032,1378.5384688803153,0.990077289575158,0.00840891930716812,0.000779084485889763,0.0004441448173356603,7.171130512587798e-05,3.622612028843941e-05,2.533721849100786e-05,0.00015727211041778008,UNBAL,10HZ
UNBAL_10HZ,-0.0124081051421875,0.004085488484378814,0.0040853288918677915,0.0145924451421875,-0.014332924857812498,0.02892537,2.3283064365386963e-12,1.1920928955078125e-09,1.2633849417374456,3.5719144100400673,4.512702879924226,4.0,265.1024607702543,388.84895016696515,6.803698399120818,1367.237603748298,0.9901510331022908,0.008436242756567626,0.0007046762320010285,0.0004498386357459923,5.739584113497834e-05,2.7694002332539702e-05,1.8388811040827956e-05,0.0001547305708460289,UNBAL,10HZ
UNBAL_10HZ,-0.012640869449999998,0.004339669991400304,0.00433950046973023,0.014825209449999998,-0.014100160550000001,0.02892537,-2.3283064365386963e-12,-1.4901161193847657e-10,1.254012828347195,3.4163400949015874,4.2841343059907055,2.0,254.31917344678976,383.01213196209824,6.596764779797245,1542.6571818390025,0.9905017503587625,0.00810591809258924,0.0006978911056390178,0.00042491443947219234,6.597006661288069e-05,3.4014368533755315e-05,2.330575058484583e-05,0.0001462252017631958,UNBAL,10HZ
UNBAL_10HZ,-0.013000928764843751,0.004196778261079682,0.004196614321226846,0.011166738764843752,-0.013734141235156249,0.02490088,5.820766091346741e-13,2.9802322387695313e-10,1.2385010680095314,3.2726717731517705,4.053207487258943,56.0,260.3171858133831,380.8193702705177,6.5892228685808165,1442.7399588051235,0.9904417200297798,0.008154820988508527,0.0007328666053746901,0.0004229322736713131,5.7521536930262655e-05,2.7639578430342233e-05,1.8227714526106482e-05,0.000144271087491946,UNBAL,10HZ
UNBAL_10HZ,-0.0122975555234375,0.00424588964103857,0.004245723782734984,0.0114512355234375,-0.0152868144765625,0.02673805,-1.7462298274040222e-12,-2.2351741790771484e-10,1.2453302008650218,3.6005202540789436,4.483836612286794,58.0,269.13664466609663,373.0354736107359,6.908774118293131,1476.7038840327232,0.9910922056408039,0.0075960330611489855,0.0006527454406772235,0.00041110381639768867,6.17052337246429e-05,2.903477901407772e-05,2.1609605472528586e-05,0.00013556019240627316,UNBAL,10HZ
UNBAL_10HZ,-0.011998678751562498,0.004275777073231965,0.004275610047427756,0.015123208751562499,-0.015585691248437502,0.0307089,1.7462298274040222e-12,2.9802322387695313e-10,1.2626390814690478,3.645255547607465,4.602642117427529,56.0,275.57800073129386,369.1589613977025,6.780812358327588,1497.5665194122225,0.9912835198220982,0.007435229405612637,0.00064246928712398,0.0004080929653161883,5.750532565565539e-05,2.6943187917378353e-05,1.8653684784270063e-05,0.00012758372275378755,UNBAL,10HZ
UNBAL_10HZ,-0.012398638520312501,0.0041102651410857794,0.0041101045807177,0.015523168520312502,-0.013771721479687499,0.02929489,-2.3283064365386963e-12,-1.1920928955078125e-09,1.262097726759731,3.776830543281465,4.766729244192017,4.0,261.993718411604,386.15705552402676,6.826704129066203,1383.8712584677637,0.9900417450197919,0.008494655729610043,0.0007466610232504125,0.000443502876370351,7.358852215922554e-05,3.768127480694807e-05,2.447659003479054e-05,0.00013768497933442882,UNBAL,10HZ
UNBAL_10HZ,-0.01268971165,0.004067639041771885,0.004067480146518332,0.01493812165,-0.01528354835,0.03022167,-5.820766091346741e-13,-7.450580596923828e-11,1.2574769171234932,3.757497958367384,4.724966949947283,2.0,245.0476002850568,396.81435303555315,6.497496814802734,1355.3168177371106,0.9893202523502697,0.009242534201979147,0.0007458624376562286,0.00044653357067125113,6.335643089938668e-05,3.1506026792108e-05,1.9489015533261095e-05,0.00013046530776818208,UNBAL,10HZ
UNBAL_10HZ,-0.012411557867968749,0.0040040180912234834,0.004003861681211853,0.014659967867968748,-0.01556170213203125,0.03022167,0.0,2.9802322387695313e-10,1.262174576008691,3.886673258761152,4.905660173686408,58.0,266.7107610448649,413.9104440138945,6.778797351047925,1313.2520164722837,0.9882091686494994,0.010246673690159233,0.000791783901460759,0.0004904374952541212,7.081750152631586e-05,3.606893471881e-05,2.2123740124995672e-05,0.00013292085660037637,UNBAL,10HZ
UNBAL_10HZ,-0.0126063962046875,0.0035425175997401757,0.003542379217443604,0.012983366204687501,-0.013730843795312501,0.026714210000000002,3.2014213502407074e-12,1.341104507446289e-09,1.2536761003931527,3.876164280724679,4.85945452131395,58.0,321.98045578108787,444.14834400112727,7.473881768035264,1027.9690728268586,0.9848463149690833,0.013153386429930991,0.0010129577301666707,0.0006383002311299417,9.750118211183826e-05,4.8240462574130976e-05,3.2036122801614475e-05,0.00017125078232023668,UNBAL,10HZ
UNBAL_10HZ,-0.0126651031359375,0.0035069374905127636,0.003506800498091355,0.0130420731359375,-0.012350506864062501,0.02539258,2.9103830456733705e-12,7.450580596923829e-10,1.2444586056984484,3.719080437942456,4.628241657602033,58.0,329.8316587212352,435.6324068575718,7.321879636656737,1007.4234716221741,0.9857310824070356,0.012255214632728642,0.0010183226098237515,0.0006453872954482911,8.841796137000527e-05,4.9208463987892135e-05,3.1517246181928125e-05,0.00018083854206553464,UNBAL,10HZ
UNBAL_20HZ,-0.00994514201015625,0.008066981711408513,0.008066666588780552,0.030605482010156247,-0.028626487989843755,0.05923197,-5.093170329928399e-13,-4.656612873077393e-11,1.2306858384703736,3.794068053950504,4.669305824768574,58.0,288.9612808445689,438.32325593226193,7.165308630392373,5330.625332079075,0.9827750548867511,0.015494386701710963,0.000626568694464806,0.0008191517123875133,5.2177136127756066e-05,2.721465099576503e-05,2.3686254189153738e-05,0.00018175516301316324,UNBAL,20HZ
UNBAL_20HZ,-0.010440519632812499,0.008160015006703387,0.008159696249891348,0.0311008596328125,-0.028131110367187503,0.05923197,5.820766091346741e-13,5.587935447692871e-11,1.2399744402596826,3.8115217376400627,4.726189533747061,2.0,291.58598329999745,455.91536793762316,6.982919566097621,5454.286317584131,0.9812517474947973,0.016960213107839864,0.0006512178515638737,0.0007825689680516515,7.467288868273693e-05,4.332184051471973e-05,3.540862104949964e-05,0.00020083016171642732,UNBAL,20HZ
UNBAL_20HZ,-0.0121393931875,0.008243118410397678,0.008242796407295527,0.026815893187500002,-0.0317828268125,0.05859872,-4.3655745685100554e-13,-9.313225746154785e-12,1.2468343832847872,3.8558306232717148,4.807582197800832,4.0,291.22478876010683,447.4406210044916,7.120291841835887,5565.947301458983,0.9816688850611703,0.016742275929932188,0.0006160816050309374,0.0007017149775041875,5.230075989872548e-05,2.486981806507747e-05,2.146807470534346e-05,0.0001724028129296198,UNBAL,20HZ
UNBAL_20HZ,-0.0122958937078125,0.007966306215494847,0.007965995025580257,0.027429823707812502,-0.0316263262921875,0.05905615,2.1827872842550277e-13,0.0,1.2451663955398815,3.9701664621506105,4.943517863989977,20.0,324.5406486035004,459.5825817668277,7.26396403908534,5198.403748204454,0.9797561351085767,0.01847350599984119,0.0007248255140014225,0.0007475774224489622,5.801581323132448e-05,3.21636578273901e-05,2.505381070570491e-05,0.00018271457720304363,UNBAL,20HZ
UNBAL_20HZ,-0.010738732539843749,0.007998894386299256,0.00799858192338438,0.03409150253984375,-0.023237737460156255,0.057329240000000004,-2.9103830456733704e-13,-3.725290298461914e-11,1.2594047620380482,4.262193331534531,5.3678265791325,58.0,314.8037832243502,468.8985106881219,7.430921245084075,5241.021524981777,0.978858205822412,0.019165076380295326,0.0008011718933616143,0.0008083699825410197,8.070886821136191e-05,4.8110545059861176e-05,3.891829326339428e-05,0.00019941469764796143,UNBAL,20HZ
UNBAL_20HZ,-0.01097951491015625,0.009947725743573516,0.00994733715294685,0.03965009491015625,-0.03809363508984375,0.07774373000000001,-1.4551915228366852e-13,-9.313225746154785e-12,1.281735446549611,3.9860009062248487,5.108998652000865,2.0,257.67630620636805,388.36450139475966,6.681802566395977,8105.94438657777,0.9873546384849183,0.011484595638894287,0.00048206735775308766,0.0004893608698489623,3.653061514878153e-05,1.681038640204943e-05,1.5647943216236596e-05,0.00012034863670945502,UNBAL,20HZ
UNBAL_20HZ,-0.014208767697656251,0.010461390610545247,0.010460981954492804,0.04287934769765625,-0.03697124230234375,0.07985059,-2.9103830456733704e-13,-3.725290298461914e-11,1.2624534143435322,4.098979223947649,5.1747703170905845,6.0,237.02131124840616,389.3363493180593,6.671388799562071,8964.68135755815,0.9884933765982118,0.01020724593770154,0.0005038535889390038,0.0005071882838343315,7.063905770933903e-05,4.586709353503481e-05,3.9602688869927516e-05,0.00013218972769522963,UNBAL,20HZ
UNBAL_20HZ,-0.015497977509375,0.009206424804126334,0.009206065171133204,0.029575497509375,-0.035682032490625,0.06525753000000001,-7.275957614183426e-14,0.0,1.2456746026000067,3.875926557486759,4.828143274728584,6.0,213.51895102782203,402.0599580751974,6.375468827934588,6942.854016326982,0.986062359169803,0.012656270264807529,0.0004896669763663161,0.0005774968932640232,4.1048780969444906e-05,1.838667370641655e-05,1.6542840330755398e-05,0.00013822825114731462,UNBAL,20HZ
UNBAL_20HZ,-0.012754244714062501,0.008753591574243614,0.008753249630394025,0.029032494714062503,-0.0310666552859375,0.060099150000000004,-2.9103830456733704e-13,0.0,1.2455232353013852,3.5491567811016362,4.420557237094579,6.0,253.62606980817165,422.8206434810339,6.579859252165048,6276.659548169311,0.9843579884983885,0.014173419130959257,0.0005978696394257327,0.0006227540762621507,4.990972644009768e-05,2.5147060403101657e-05,2.3163042758264362e-05,0.0001497446979332403,UNBAL,20HZ
UNBAL_20HZ,-0.010945508919531251,0.008462417676697736,0.008462087107050676,0.02722375891953125,-0.028110371080468752,0.05533413,-2.9103830456733704e-13,0.0,1.2627228886891622,3.321919370662712,4.194663624211405,10.0,283.4809559533428,440.4668891682394,6.956529101750995,5866.038743478995,0.9819673632513763,0.01651136425437321,0.0005946633628896436,0.0006724400722935014,4.885386590594621e-05,2.5630301786288424e-05,2.2656460776362335e-05,0.00015702708867425396,UNBAL,20HZ
UNBAL_20HZ,-0.010776821014062498,0.008650221273613694,0.008649883367745338,0.0297147210140625,-0.0282790589859375,0.05799378,2.9103830456733704e-13,1.862645149230957e-11,1.2598356474377732,3.435274182011613,4.327880873721207,10.0,266.8049378022903,446.50526350672055,7.0797352474655675,6129.2939949195425,0.9806807371356365,0.01767007408293195,0.0006334285654205835,0.0006942949348000458,7.438359595425774e-05,4.355457551738091e-05,3.69681017145973e-05,0.0001665306515451134,UNBAL,20HZ
UNBAL_20HZ,-0.010347367277343748,0.008220347176432519,0.008220026062849068,0.02928526727734375,-0.03573088272265625,0.06501615,-7.275957614183426e-14,0.0,1.2566735254028716,4.346808932856971,5.462519706570602,214.0,315.85192467354284,444.34550768666605,7.2374925231879175,5535.238444068804,0.9794415587659959,0.018839851659608366,0.0006699649959290442,0.0007561579677586976,5.949027374396124e-05,3.131985211568042e-05,2.8582164911215663e-05,0.0001730687247128186,UNBAL,20HZ
UNBAL_20HZ,-0.011900874802343751,0.009176357036427274,0.00917599857797926,0.03317509480234375,-0.03417737519765625,0.06735247,-4.3655745685100554e-13,-1.862645149230957e-11,1.2623394587799783,3.7246491380187363,4.701771577544283,6.0,263.137797941989,440.03859744628835,6.838813464529034,6897.578162477102,0.9834117307215788,0.014839457567330206,0.000661779614753988,0.0006804443918707409,0.00010692948494876461,6.856801397739542e-05,6.180055137707835e-05,0.00016923560127738826,UNBAL,20HZ
UNBAL_20HZ,-0.012692823771093749,0.009921359094014877,0.009920971533355574,0.03396704377109375,-0.031169796228906248,0.06513684,1.4551915228366852e-13,-9.313225746154785e-12,1.2441521529569468,3.4237618416168663,4.259680666888826,8.0,236.8860846974722,380.5260946474977,6.574232655940163,8063.031393833732,0.9878657242413053,0.01100998465328271,0.00043165193525981823,0.0005011412945251554,3.9398954488448855e-05,1.8698542190096073e-05,1.6437786203815963e-05,0.00011696201143747795,UNBAL,20HZ
UNBAL_20HZ,-0.011217200641406251,0.009394601660533521,0.009394234676738365,0.03081666064140625,-0.03264541935859375,0.06346208,1.4551915228366852e-13,0.0,1.2435893308658126,3.4750483119134765,4.321533005398871,4.0,267.7663799530148,416.3703013564613,6.618191753041474,7229.574882579428,0.9858097724046021,0.012541366584096606,0.0006519801095964154,0.0006391128473986043,8.910731826128245e-05,5.694951006939693e-05,4.6178446019681614e-05,0.00016550208979607286,UNBAL,20HZ
UNBAL_20HZ,-0.012608046379687501,0.009805643047950507,0.009805260007537543,0.0322075063796875,-0.0332005136203125,0.06540802,-1.4551915228366852e-13,0.0,1.2557946141732526,3.3859901309505775,4.252108170525177,4.0,208.22917243908225,394.7893220550348,6.3414713004889744,7876.0447103248525,0.9870782441544145,0.011762978602860007,0.00045429117822849,0.0005103730864111583,3.751762678177714e-05,1.7479787389009e-05,1.5415136349268126e-05,0.00012369855707391905,UNBAL,20HZ
UNBAL_20HZ,-0.01438068901953125,0.009655676313652129,0.009655299131429143,0.032624249019531246,-0.031427870980468744,0.06405211999999999,3.637978807091713e-14,5.587935447692871e-11,1.2604567577453964,3.378895730941836,4.2589519582238085,6.0,212.5352966585182,404.5121259360989,6.268746339713178,7636.975736250892,0.9858622389670854,0.012878907285844813,0.0005188775864767782,0.0005237504759037522,4.3690631117069944e-05,2.0253479431013882e-05,1.9733514219830784e-05,0.00013254483052304913,UNBAL,20HZ
UNBAL_20HZ,-0.013444212728125,0.009227438625166562,0.009227078171305015,0.028770352728125,-0.031169367271874998,0.05993972,-3.637978807091713e-14,0.0,1.252600749153921,3.3780322101778166,4.231325677593386,4.0,227.673731471655,417.27805553849504,6.614741607545337,6974.584575128177,0.9846056683528166,0.014022306180431154,0.0005779812075414595,0.0005648594297869895,4.559747208774583e-05,2.1273482084609026e-05,1.8474641708200537e-05,0.00014383253898048341,UNBAL,20HZ
UNBAL_20HZ,-0.011460882109374999,0.00900712551425636,0.009006773666543798,0.028819382109375,-0.033152697890625,0.06197208,2.9103830456733704e-13,5.587935447692871e-11,1.2565982046340447,3.6808627722146303,4.62536555158274,6.0,240.82246864596553,420.8316151409446,6.67635310648854,6645.511977932785,0.9848946408667443,0.013655900765477463,0.0005915129950789438,0.0005968626826042821,5.6037232495909046e-05,2.699531606519837e-05,2.6309666305672886e-05,0.00015172798716721445,UNBAL,20HZ
UNBAL_20HZ,-0.01113755827890625,0.008533011033059075,0.00853267770580517,0.029987548278906248,-0.030425991721093747,0.060413539999999995,-1.4551915228366852e-13,-1.862645149230957e-11,1.2656366959680372,3.5658198711557727,4.513032480675676,2.0,288.1888735100587,426.51346653023506,6.991345896540836,5964.315761826824,0.9828165734206831,0.015654753093336887,0.0006312483704191357,0.0006453201987433128,4.802498419094549e-05,2.3564462454114665e-05,2.243995442366223e-05,0.00015807391306310503,UNBAL,20HZ
UNBAL_20HZ,-0.0122497088296875,0.008489079846825549,0.008488748235667126,0.0310996988296875,-0.030026061170312496,0.06112576,2.1827872842550277e-13,3.725290298461914e-11,1.2694052681032484,3.663637790004471,4.6506411116016775,58.0,301.89609379902697,430.8630175101464,7.138932064491559,5903.060727707761,0.981931442298097,0.016553643704965173,0.0006168921189441179,0.0006486464458792582,4.796123680852705e-05,2.305922418672348e-05,2.0650680609624195e-05,0.0001576997044056223,UNBAL,20HZ
UNBAL_20HZ,-0.01315353316796875,0.00855117474762832,0.008550840710840456,0.02576042316796875,-0.03459351683203125,0.060353939999999995,4.3655745685100554e-13,0.0,1.2673383232174362,4.0456275584842984,5.127178846931352,58.0,275.027301149441,441.30130870626033,6.981107745685807,5989.734605352219,0.9824552329142976,0.015929825451691953,0.0006760651381239308,0.0006482203879320207,6.14582387955548e-05,3.4031422834187294e-05,2.916670472970997e-05,0.00016598211025056477,UNBAL,20HZ
UNBAL_20HZ,-0.012856509234375,0.008790662248412446,0.008790318856461362,0.025715209234375,-0.034890540765625,0.06060575,5.820766091346741e-13,3.725290298461914e-11,1.2594797828034467,3.9692008141444552,4.999128179870631,4.0,261.5918733129594,430.2101399928053,6.679806576628357,6329.934282785312,0.9831527714892667,0.015438941667602853,0.0005962325747219766,0.0005828559503509045,4.342168807845678e-05,2.0599995974206913e-05,1.9752907362596727e-05,0.00014542367108336173,UNBAL,20HZ
UNBAL_20HZ,-0.011020858219531249,0.007935982414369056,0.007935672409001086,0.02387955821953125,-0.028024591780468754,0.05190415,-7.275957614183426e-13,-1.862645149230957e-11,1.2623056153729155,3.5314703446112787,4.4577948470874835,58.0,307.41334539110375,463.7644257811872,7.228312467618528,5158.903528737669,0.9779549238411981,0.020301127505870927,0.0007494583072572259,0.0007125191267425435,5.582786233974418e-05,2.5611611160822873e-05,2.4385254417938842e-05,0.0001761462351963554,UNBAL,20HZ
UNBAL_30HZ,-0.00881661344921875,0.019042056242382643,0.01904131239753217,0.055303123449218755,-0.05137193655078125,0.10667506,0.0,-2.3283064365386963e-12,1.221678723747221,2.904375617170268,3.5482138974534636,58.0,141.11798468080391,356.42821699480805,5.350398258844664,29701.8637447825,0.989992768194014,0.008511809482298445,0.0006793972434180333,0.0006218525984984538,7.172258980206277e-05,2.900902322571913e-05,2.4763330814070487e-05,6.867149559194446e-05,UNBAL,30HZ
UNBAL_30HZ,-0.010274210489062501,0.02032167104594686,0.02032087721516682,0.0579586804890625,-0.0629428995109375,0.12090158,3.637978807091713e-14,2.3283064365386963e-12,1.2386262145135338,3.0974499201669103,3.8365826694503875,58.0,133.11812382760633,367.79868784912105,5.125630136537452,33827.88600266473,0.9902777118918354,0.00801162199508434,0.0007221047603835635,0.0006474778239678725,0.00012288553635997728,6.778774516825633e-05,5.6970206351414524e-05,9.338791642037872e-05,UNBAL,30HZ
UNBAL_30HZ,-0.01331479353984375,0.021612296608847843,0.021611452362022044,0.08275326353984375,-0.06253663646015625,0.1452899,0.0,1.1641532182693482e-12,1.2644178211257333,3.829139390994263,4.841632085771714,58.0,124.04020284286479,344.75809786883457,5.162837644341889,38261.13573160464,0.9910088980741034,0.007607454760321227,0.0006181329478712143,0.0005222318819945052,8.718387527411443e-05,4.429709424864866e-05,3.9740947777360916e-05,7.203326853069095e-05,UNBAL,30HZ
UNBAL_30HZ,-0.0072784139281250005,0.021901738824018194,0.021900883270635028,0.081002123928125,-0.06857301607187499,0.14957514,3.637978807091713e-14,2.3283064365386963e-12,1.2655125783952523,3.6985779488188526,4.680596916619288,58.0,128.33847983598588,337.8707177967034,5.4004046194856485,39292.82075713175,0.9909920423874924,0.0078022312729046275,0.0005639672783579393,0.00047824427411203153,6.264963776485935e-05,2.598727171828366e-05,2.2279400360577998e-05,5.258659786866542e-05,UNBAL,30HZ
UNBAL_30HZ,-0.0097335144,0.020868262805056687,0.02086744762261902,0.0834572244,-0.0723565456,0.15581377000000002,0.0,-4.656612873077393e-12,1.2682032927498579,3.999397813537011,5.07204947638728,58.0,140.3777948795191,356.82275378427397,5.402471617824268,35672.094886570114,0.9905463919093083,0.008032271601633993,0.0006153236448217925,0.0005651605745736874,8.93095895933269e-05,4.421358903832076e-05,3.68123427073977e-05,7.048574328404773e-05,UNBAL,30HZ
UNBAL_30HZ,-0.0133363062296875,0.02029464241219451,0.020293849637241096,0.0633258062296875,-0.06875375377031251,0.13207956,1.8189894035458565e-14,-1.1641532182693482e-12,1.2416373873773154,3.387910869348075,4.2065568006918355,58.0,132.39719457000356,330.37090448988096,5.270444563022098,33737.96008794956,0.9910060792551961,0.007784887338784939,0.0005334570674493714,0.0005299985482093388,5.4550262717750554e-05,1.876659626381612e-05,1.6529987411740853e-05,5.573091530232733e-05,UNBAL,30HZ
UNBAL_30HZ,-0.013922903864062499,0.02011034528672363,0.02010955971101729,0.0639124038640625,-0.0606426561359375,0.12455506,-3.637978807091713e-14,0.0,1.2193412634867344,3.178210004561613,3.875322602781048,58.0,140.32437036841114,353.3311710869945,4.9581557256764555,33127.9887270298,0.9897050189829786,0.008927771530216379,0.000631879512950587,0.0005497906662315469,6.926226004084591e-05,2.819122755105411e-05,2.4263083927053534e-05,6.381349002785989e-05,UNBAL,30HZ
UNBAL_30HZ,-0.016415684689843748,0.018191006130731213,0.01819029553067505,0.055252534689843744,-0.05345339531015625,0.10870592999999999,2.7284841053187846e-14,4.656612873077393e-12,1.225929660822156,3.037473173189057,3.723728457168768,58.0,177.17843499791383,395.44722425212836,5.292900843632264,27106.250982227608,0.9865038376523584,0.011884169291456253,0.0007651775865176635,0.0006441199826828925,7.570808236846902e-05,2.9899868284456304e-05,2.4112164311439098e-05,7.296741099851066e-05,UNBAL,30HZ
UNBAL_30HZ,-0.012126009960937498,0.019892955654453825,0.01989217857069586,0.059229379960937495,-0.0497462400390625,0.10897562,-3.637978807091713e-14,0.0,1.2293319501845947,2.9775210265412393,3.6603617304575886,58.0,144.82184816096694,355.61916910277705,5.199941683059837,32415.6432323107,0.9899584203405247,0.008685023310694207,0.0006215606551747246,0.000541254604999881,6.813417641277391e-05,3.2052121351734235e-05,2.6017026718645554e-05,6.752948906013433e-05,UNBAL,30HZ
UNBAL_30HZ,-0.00938442427890625,0.02060788824767505,0.020607083236317186,0.056487794278906246,-0.05622176572109375,0.11270955999999999,-5.456968210637569e-14,2.9103830456733704e-13,1.221046707940572,2.7411833896324054,3.3471129539344524,58.0,122.49116607475769,324.7044847677433,5.050180441047968,34787.482023900244,0.9915528901488716,0.007286495593216544,0.0005054879595779331,0.0005022697787864782,5.428971084604533e-05,2.0697008342363362e-05,1.8021688469842994e-05,5.9844974923654304e-05,UNBAL,30HZ
UNBAL_30HZ,-0.01221837331484375,0.020122692490101225,0.020121906432072834,0.06303184331484375,-0.054076196685156244,0.11710804,-3.637978807091713e-14,-1.1641532182693482e-12,1.2355957625890113,3.1324985793216467,3.8705019711182764,58.0,128.300760740583,350.8336001003752,5.072116160951285,33168.68067094045,0.9897527025330526,0.008847962134775143,0.0006190294043454139,0.0005529011198239055,8.514993753139821e-05,3.5281080807901985e-05,3.028589432874909e-05,7.667302542565243e-05,UNBAL,30HZ
UNBAL_30HZ,-0.013888415369531249,0.02086930050309424,0.020868485280120704,0.06470188536953125,-0.05362199463046876,0.11832388000000002,-1.0004441719502211e-13,-4.365574568510055e-12,1.2343613432940213,3.1004591132479433,3.8270868760403123,58.0,133.5428869033397,345.86217506393336,5.075203594300826,35675.64222857616,0.9900006351441961,0.008683553358282404,0.0006180108099544062,0.0005122862783669339,6.86282620574641e-05,2.683619081815949e-05,2.304907671515614e-05,6.69932494896483e-05,UNBAL,30HZ
UNBAL_30HZ,-0.01388882279140625,0.019792701121165473,0.019791927953676704,0.062123102791406246,-0.05362158720859376,0.11574469000000001,2.7284841053187846e-14,2.0372681319713594e-12,1.2339726997832634,3.13881007113948,3.873205937786577,58.0,146.7390681220487,359.4044696916652,5.143347264072797,32089.73643936088,0.9899350894024993,0.00856147219486657,0.0006780436237035452,0.0005926811854359753,8.737441894299764e-05,3.600748083574138e-05,3.035400363781693e-05,7.896035111600201e-05,UNBAL,30HZ
UNBAL_30HZ,-0.012152214171875,0.01786566102556521,0.017864963134550448,0.059070824171875,-0.050737705828125,0.10980853,-7.275957614183426e-14,5.820766091346741e-12,1.2343374148614026,3.3065181116621956,4.081359018369977,58.0,166.48225744726813,417.17441367904013,5.379316825724761,26145.33458867814,0.9867934917900016,0.010999109404524586,0.0009585604089470154,0.000816235248735319,0.00015058276247689053,8.26768074565392e-05,7.381834997712399e-05,0.00012547154361192974,UNBAL,30HZ
UNBAL_30HZ,-0.010270461160156251,0.01792132163163444,0.017920621566334786,0.05718907116015625,-0.05470396883984375,0.11189304,-3.637978807091713e-14,2.3283064365386963e-12,1.235328408065866,3.191243726969767,3.9422340332077264,58.0,161.2894578909901,392.93288295652366,5.166638233571768,26308.499960299236,0.9868885538793616,0.011299502198267763,0.0008341346538275502,0.0007098940839191338,9.737290264115544e-05,4.528516447086887e-05,3.6389604843106596e-05,8.88436470071453e-05,UNBAL,30HZ
UNBAL_30HZ,-0.011922686307031251,0.019408230265178034,0.019407472116375418,0.055675046307031247,-0.055034933692968746,0.11070997999999999,7.275957614183426e-14,6.984919309616089e-12,1.2197664695947492,2.8687428208223804,3.499196302910098,58.0,156.59499033310658,373.21465109672,5.180851596309997,30855.166273444287,0.9886225171320021,0.009771246733040428,0.000736336834493993,0.000609961847037221,9.399006438244175e-05,4.544307615407234e-05,3.955472739072376e-05,8.092316313549669e-05,UNBAL,30HZ
UNBAL_30HZ,-0.014498764651562501,0.021092363878498933,0.021091539941942104,0.0690059446515625,-0.07118964534843751,0.14019559,5.456968210637569e-14,5.820766091346741e-13,1.2356888212262767,3.3752701576567348,4.170783602632826,58.0,134.27371478186208,336.6206976865818,5.282554343985146,36442.36260066044,0.9909371846128198,0.007859509525394562,0.000520568529084567,0.0005114307774713924,6.195811365636747e-05,2.6124336344141675e-05,2.313853062723496e-05,6.007672874161207e-05,UNBAL,30HZ
UNBAL_30HZ,-0.012320989149218751,0.021090852945166993,0.02109002906763215,0.06689521914921875,-0.07336742085078125,0.14026264,7.275957614183426e-14,4.656612873077393e-12,1.243419985337401,3.4787728652258183,4.325575705276336,58.0,119.99842221545263,323.21318928840395,5.246052754063585,36437.14159862616,0.9913369014466599,0.007532972680486852,0.0005062021443306794,0.0004895014997590278,4.961000151317751e-05,1.5702285360154617e-05,1.556264203012104e-05,5.354693323276766e-05,UNBAL,30HZ
UNBAL_30HZ,-0.00870283867890625,0.019495709516418568,0.019494947950390955,0.06327706867890626,-0.06734974132109374,0.13062680999999998,-1.8189894035458565e-14,-2.3283064365386963e-12,1.2179646423374035,3.4547279371570916,4.20773647656841,58.0,143.37204880272887,347.5866198568922,5.040587683571749,31133.94140184055,0.9898835018616684,0.00876916881410564,0.0006185041758797047,0.0005685340340675138,5.70892618412678e-05,1.9377217154251454e-05,1.826871919021769e-05,6.555570831142346e-05,UNBAL,30HZ
UNBAL_30HZ,-0.00764101881484375,0.01900981566155597,0.019009073076127786,0.05851557881484375,-0.06841156118515625,0.12692714,2.7284841053187846e-14,2.3283064365386963e-12,1.2008713770333186,3.5988899041832205,4.321803875255166,58.0,157.6195171776346,366.99675398052625,4.911463285175959,29601.37089276819,0.9886170879325664,0.00989807021350478,0.0006875213331714347,0.0006217552045698077,6.268059206640486e-05,2.348616854826671e-05,1.932997384425188e-05,7.006682553635865e-05,UNBAL,30HZ
UNBAL_30HZ,-0.012727263142187502,0.019097805431553944,0.01909705940895824,0.0636018231421875,-0.0596152168578125,0.12321704,2.1827872842550277e-13,4.656612873077393e-12,1.2136525224709105,3.330451132650406,4.042010418318922,58.0,162.5424436333427,378.739799315563,5.110384745280655,29876.03379590362,0.9876484873930823,0.010844455200054557,0.0007172347306978831,0.000611102978612549,6.829418601742952e-05,2.3294687191906136e-05,1.9277706496672446e-05,6.785255095867258e-05,UNBAL,30HZ
UNBAL_30HZ,-0.01841014188359375,0.01754180334402855,0.017541118103951567,0.056390241883593754,-0.05393233811640625,0.11032258,1.3642420526593923e-13,1.7462298274040222e-12,1.2233589288415738,3.2147461493732106,3.9327884060189886,58.0,183.38173618322355,394.45847638361636,5.594015076647962,25206.032333705665,0.9865957659102051,0.011720829818476977,0.0007805648437211041,0.0006974925158593712,7.890710299970018e-05,2.53663749760258e-05,2.1020214210291105e-05,8.005289924074205e-05,UNBAL,30HZ
UNBAL_30HZ,-0.01573180402421875,0.01811990471368235,0.018119196891079537,0.06278600402421874,-0.04783159597578125,0.1106176,3.637978807091713e-14,4.656612873077393e-12,1.212568206139155,3.4651648413658145,4.201748715903309,58.0,151.21624621405493,361.748329516675,5.085684165909879,26894.76984649377,0.9892170114453691,0.009302160268909898,0.000647498448776747,0.000647741653600889,7.087511607692925e-05,2.3903052414820532e-05,1.926047555075221e-05,7.154953929721203e-05,UNBAL,30HZ
UNBAL_30HZ,-0.01177994547109375,0.019025605036793486,0.019024861834580784,0.05883414547109375,-0.05775686452890626,0.11659101000000001,3.637978807091713e-14,1.1641532182693482e-12,1.2227292864981079,3.092487397782865,3.781274909594187,58.0,146.76880585266696,359.01124879565003,4.996645266495878,29650.56455210506,0.9891368639890108,0.009481213323660418,0.0006000202219318336,0.0006094221285360141,6.77989597288908e-05,2.3106222103154494e-05,1.8809495046205274e-05,6.276431834252182e-05,UNBAL,30HZ
UNBAL_5HZ,-0.01848362961484375,0.016367419580998962,0.016366780216183742,0.03056603961484375,-0.06886762038515626,0.09943366000000001,0.0,0.0,1.2877110356781236,4.207768386408162,5.418389787086381,2.0,117.08220237639725,577.6259287843661,3.9754748905046964,21944.032847164075,0.9869787778199592,0.006324605597635199,0.0024771207106211893,0.0015562503015630837,0.0011233636282939861,0.0009172582107510551,0.0005978186271813672,2.480457019536199e-05,UNBAL,5HZ
UNBAL_5HZ,-0.01597048060546875,0.009345686605035488,0.009345321532022008,0.02461695060546875,-0.03893154939453125,0.06354850000000001,5.820766091346741e-13,3.725290298461914e-11,1.2402573767289897,4.165886562272395,5.1667715400273835,2.0,357.7890681062736,1050.6065228981167,5.5152584554388815,7154.486083482368,0.9571619435609827,0.019778026434876427,0.007768675659933576,0.005308425487239393,0.004190047645952948,0.003378102347332773,0.0022918956869092248,0.00012286801939080034,UNBAL,5HZ
UNBAL_5HZ,-0.02320884147109375,0.00924680972651487,0.009246448515954898,0.025829751471093752,-0.03480877852890625,0.06063853,0.0,7.450580596923828e-11,1.2416939471635688,3.764556571647869,4.674427109275532,298.0,377.438427132003,1075.7341862208227,5.641785741708315,7003.898729994926,0.9552592309514479,0.020921045284529784,0.008024245434317998,0.005273427080219258,0.004247458602935883,0.003456809373409647,0.0026804410319531107,0.00013733029503635143,UNBAL,5HZ
UNBAL_5HZ,-0.028662567641406247,0.010073275927330913,0.010072882432304402,0.03243077764140625,-0.03432569235859376,0.06675647000000001,0.0,-1.862645149230957e-11,1.256183151428709,3.407732849646021,4.2807365907204495,2.0,277.1298564593122,859.2251051791138,4.804396907778158,8311.845758925227,0.9692389660705342,0.01617868732296835,0.0052918891717581565,0.0030942457822416176,0.0025220615352779833,0.0019631847920838844,0.0016246507828220366,8.630607905777577e-05,UNBAL,5HZ
UNBAL_5HZ,-0.0228903892421875,0.012496208100200877,0.01249571995753774,0.0280800592421875,-0.0400978707578125,0.06817793,0.0,-3.725290298461914e-11,1.193073467733088,3.2089284083559746,3.828487344170866,2.0,200.8664502890343,750.9425104552115,3.7618505618173255,12791.236105643839,0.9771666546737354,0.012049429897194862,0.0037572969195573064,0.002401134834929783,0.0019081227873531457,0.001492981138207901,0.0011432525232584695,8.110659703881932e-05,UNBAL,5HZ
UNBAL_5HZ,-0.016477086309375003,0.008133567720246293,0.008133249996551559,0.021666756309375004,-0.036502843690624995,0.0581696,-2.9103830456733704e-13,0.0,1.2438954823159614,4.488100538113773,5.582727984225966,298.0,474.9858690728106,1133.1775152223747,5.518284032117131,5418.987980549505,0.9445442863044217,0.02817662446894762,0.009283020766949054,0.006212109512848392,0.00487847566147532,0.0039034916917980154,0.0028480384169990948,0.00015394968338594138,UNBAL,5HZ
UNBAL_5HZ,-0.009218159602343751,0.015390030366705835,0.015389429181902517,0.04079572960234375,-0.04376177039765625,0.0845575,2.9103830456733704e-13,0.0,1.1787021383026162,2.843625314334276,3.351787238755058,2.0,152.58747552684517,705.1408968648741,3.4918432746243666,19401.484767053964,0.9819110177319716,0.008461023016374646,0.0031273167071044316,0.0021891802717486507,0.0017911026799195815,0.0014205473843762761,0.0010484487507774968,5.136089869375997e-05,UNBAL,5HZ
UNBAL_5HZ,0.0006756597070312497,0.012501045068933686,0.012500556737322767,0.03090191029296875,-0.05116132970703125,0.08206324000000001,7.275957614183426e-14,-4.656612873077393e-12,1.265318607173604,4.092724090454847,5.178599946094452,2.0,270.7176679732776,1005.1825376577435,4.998762418696462,12801.14027821032,0.9652087425196508,0.014495394428247911,0.006379483144920065,0.004356088815203574,0.0038845751603035507,0.003202314162029239,0.0023395941959161474,0.00013379901485671345,UNBAL,5HZ
UNBAL_5HZ,-0.0032251523773437502,0.009321531968125274,0.009321167838670727,0.029388062377343753,-0.03651761762265625,0.06590568,5.820766091346741e-13,3.725290298461914e-11,1.2415137843965383,3.9177084085148546,4.863888992939227,2.0,477.8339646682477,1336.7897462173369,5.672562803745678,7117.551378992391,0.9364609894322126,0.025733036162660608,0.012001474738329836,0.00806295013667858,0.0071319312358530725,0.006043377576041197,0.0042807189413184695,0.00028547044025546274,UNBAL,5HZ
UNBAL_5HZ,-0.0120260249078125,0.008765416119754121,0.0087650737139992,0.025219974907812498,-0.037503065092187496,0.06272304,5.820766091346741e-13,0.0,1.2437822713614544,4.278693632434661,5.32176328521653,298.0,453.7668473202671,1249.9565701360766,5.237338060129102,6293.628290474523,0.9412975883346469,0.02570405982524555,0.01074172883180797,0.0073230270699674496,0.005986596621457609,0.005034523259466253,0.003723310079872028,0.00018916582480418877,UNBAL,5HZ
UNBAL_5HZ,-0.017628749215625003,0.00887378149109986,0.00887343485223994,0.029073439215625003,-0.032770500784374997,0.06184394,-2.9103830456733704e-13,0.0,1.2546757677331606,3.6931020880160705,4.633645698120695,4.0,401.55017067230295,1117.8580177068711,5.220597351934352,6450.20435072203,0.9510213415224575,0.022894067917148046,0.008857392765054916,0.005770855675579459,0.004647379306419415,0.0036919957075750042,0.0029812627331304454,0.0001357043420673594,UNBAL,5HZ
UNBAL_5HZ,-0.015037017373437503,0.011355122398797251,0.01135467883066494,0.030059197373437502,-0.0353622326265625,0.06542143,-5.820766091346741e-13,-1.862645149230957e-11,1.2040785286395446,3.114331382755396,3.749899549374327,2.0,240.6216935053102,872.493165158625,4.263063436845907,10561.841678163399,0.9712739345544639,0.013662288024695197,0.0050360208887815176,0.003429547854283289,0.002643659805232949,0.0022093554313535094,0.0016556610400349965,8.953123240696495e-05,UNBAL,5HZ
UNBAL_5HZ,-0.01257381910078125,0.010105007852467372,0.010104613117888324,0.027595999100781247,-0.03395739089921875,0.06155339,-7.275957614183426e-14,-3.725290298461914e-11,1.2343166911025774,3.3605829832062515,4.148023668417277,4.0,282.25110083510737,930.8968875277993,4.6566519371379735,8364.294683727994,0.9665270847761857,0.016317203119086413,0.005602783874936864,0.003847028927398513,0.003088266460979033,0.0026231578776017167,0.0018816946201672287,0.00011277395254821492,UNBAL,5HZ
UNBAL_5HZ,-0.016785101437499998,0.009874113353001845,0.009873727637915348,0.0292951414375,-0.0363423385625,0.06563748,2.9103830456733704e-13,5.587935447692871e-11,1.2302172264736062,3.680711063900917,4.528074156941501,2.0,281.1224768767534,912.2909336513269,4.126837515686291,7986.421553899881,0.9677907288638732,0.015961334149996592,0.005390495446762514,0.0035294290334265685,0.002871128420417729,0.002441138889833856,0.0019202746617901368,9.547019753898028e-05,UNBAL,5HZ
UNBAL_5HZ,-0.0230128495484375,0.009797121019190147,0.009796738311675433,0.0355228895484375,-0.032318300451562504,0.06784119,-2.9103830456733704e-13,3.725290298461914e-11,1.2507581460591102,3.6259914692705926,4.535238368193969,2.0,346.2393672026043,1035.5682219104324,4.929675498409922,7862.360692937909,0.95494520443855,0.022785048395168678,0.008138760279214308,0.004700428344768486,0.0037269392245789005,0.003192718599212362,0.002360116244266063,0.0001507609263850279,UNBAL,5HZ
UNBAL_5HZ,-0.0267560661953125,0.007643956117989866,0.007643657520121904,0.0263075761953125,-0.028575083804687502,0.05488266,3.637978807091713e-13,5.587935447692871e-11,1.259919206014492,3.7384045171732616,4.710087651654134,298.0,612.7585866208854,1321.688593049643,6.179644435776594,4786.2170138661895,0.918764322000405,0.040986633635705545,0.014851704233050189,0.008725112636018394,0.0068132754385152525,0.005701528926438783,0.003924429908863239,0.00023298046526762104,UNBAL,5HZ
UNBAL_5HZ,0.00012421873906250048,0.0360887847101586,0.03608737496447123,0.0807723512609375,-0.0541471487390625,0.1349195,3.637978807091713e-14,0.0,1.087374008888903,2.2382440213016688,2.433808374381857,2.0,39.704499962692765,326.7039760749913,2.5625907474352982,106684.30488930001,0.9955874386582012,0.0022985533607068473,0.0008312576619141251,0.00048473803280861397,0.0003525541683165499,0.00026318538728054735,0.00016047576235973717,2.177878230884125e-05,UNBAL,5HZ
UNBAL_5HZ,0.030598917279687502,0.024363519650356262,0.024362567931781303,0.0502976527203125,-0.08032617727968751,0.13062383,5.456968210637569e-14,1.1641532182693482e-12,1.3630817418714032,3.2971145530025923,4.4942366482408,6.0,63.71000372909115,388.7624295601795,4.068635225647974,48622.36426542593,0.9928221829450659,0.003994135209373168,0.001396027962032244,0.000760524759161754,0.0004956952758252401,0.0003221766703172828,0.00018951620492483232,1.9728147499360902e-05,UNBAL,5HZ
UNBAL_5HZ,0.0248527378671875,0.013087220527055568,0.013086709297518583,0.0321397621328125,-0.0555288578671875,0.08766862,0.0,0.0,1.2696123219166842,4.243149030098298,5.387154292753277,2.0,85.30491238108274,376.41056527169144,3.5874499505681374,14029.779881513985,0.9910270299762517,0.00612180153875062,0.0015099617552096687,0.0007172834439995677,0.0003433514880540454,0.0001775615713185832,8.828907203830695e-05,1.47070648129777e-05,UNBAL,5HZ
UNBAL_5HZ,0.013154959377343749,0.008337839057941178,0.008337513354741461,0.02067102062265625,-0.04383107937734375,0.0645021,1.1641532182693482e-12,7.450580596923828e-11,1.2785870353507416,5.257092553520211,6.721650383376061,4.0,148.29945258534923,455.7031553093808,5.000152898700401,5694.597505362047,0.9856603166623916,0.010200526417966394,0.002334399988949296,0.0010042418504624766,0.0004032973180726306,0.00025214381811877306,0.00012288764411321797,2.2164329302444562e-05,UNBAL,5HZ
UNBAL_5HZ,0.005427204286718751,0.008168799287322453,0.008168480187367749,0.01811181571328125,-0.03467441428671875,0.052786229999999996,-1.1641532182693482e-12,-1.4901161193847657e-10,1.2300803309567092,4.244904007491692,5.221572927054075,2.0,116.5487016264619,400.07093051841633,3.9992145070808434,5466.035739423843,0.98952542715491,0.007289943477661617,0.001828595487836279,0.0007492752187983604,0.0003346200974362137,0.00016013857463273367,9.593376473694622e-05,1.6050836907247053e-05,UNBAL,5HZ
UNBAL_5HZ,-0.007668534225781251,0.011168332683408347,0.011167896411891807,0.022185604225781252,-0.061086025774218754,0.08327163000000001,0.0,0.0,1.2304037621598214,5.469787999081304,6.730047732888903,2.0,98.29557405961987,408.0712043383554,3.9131458604866474,10217.21904176078,0.9897262117041932,0.006854460253749781,0.0018674254819606606,0.0007720275956064909,0.00038107431286098025,0.00022574401186744542,0.00014435387502527967,2.8672872267365104e-05,UNBAL,5HZ
UNBAL_5HZ,-0.022240026242968752,0.010671002384548042,0.01067058554037575,0.02590691624296875,-0.046514533757031254,0.07242145,-5.820766091346741e-13,-7.450580596923828e-11,1.2111394112319653,4.359136017106909,5.279521429733689,2.0,162.89704406833047,621.7617884597448,4.528890604633835,9327.525614801389,0.9793848570890763,0.01162090075221067,0.0045726611867391775,0.002012961409431273,0.0011463510097819117,0.0007798361416965904,0.0004547499271270462,2.7666840705525506e-05,UNBAL,5HZ
UNBAL_5HZ,-0.030534251978125,0.008565419056255666,0.008565084463038629,0.023975271978125,-0.03438653802187501,0.058361810000000014,-2.9103830456733704e-13,3.725290298461914e-11,1.238059128952103,4.014734258167605,4.970478399221472,298.0,324.0319662699559,929.3045338916097,5.5465998126425475,6009.706277433813,0.9601088666794197,0.01954551428374631,0.00889781744298953,0.004678039861070418,0.003092415899616441,0.0022242815262268813,0.001383689530886896,6.936188166990033e-05,UNBAL,5HZ
