file_id,X_mean,X_std,X_rms,X_max,X_min,X_pk_pk,X_skewness,X_kurtosis,X_shape_factor,X_crest_factor,X_impulse_factor,Y_mean,Y_std,Y_rms,Y_max,Y_min,Y_pk_pk,Y_skewness,Y_kurtosis,Y_shape_factor,Y_crest_factor,Y_impulse_factor,Z_mean,Z_std,Z_rms,Z_max,Z_min,Z_pk_pk,Z_skewness,Z_kurtosis,Z_shape_factor,Z_crest_factor,Z_impulse_factor,X_dominant_frequency,X_spectral_centroid,X_spectral_bandwidth,X_spectral_entropy,X_spectral_energy,X_band_1_energy_ratio,X_band_2_energy_ratio,X_band_3_energy_ratio,X_band_4_energy_ratio,X_band_5_energy_ratio,X_band_6_energy_ratio,X_band_7_energy_ratio,X_band_8_energy_ratio,Y_dominant_frequency,Y_spectral_centroid,Y_spectral_bandwidth,Y_spectral_entropy,Y_spectral_energy,Y_band_1_energy_ratio,Y_band_2_energy_ratio,Y_band_3_energy_ratio,Y_band_4_energy_ratio,Y_band_5_energy_ratio,Y_band_6_energy_ratio,Y_band_7_energy_ratio,Y_band_8_energy_ratio,Z_dominant_frequency,Z_spectral_centroid,Z_spectral_bandwidth,Z_spectral_entropy,Z_spectral_energy,Z_band_1_energy_ratio,Z_band_2_energy_ratio,Z_band_3_energy_ratio,Z_band_4_energy_ratio,Z_band_5_energy_ratio,Z_band_6_energy_ratio,Z_band_7_energy_ratio,Z_band_8_energy_ratio,Health label,Operating frequency
BF_10HZ,-0.01374647040234375,0.017824028444819805,0.01782333218010949,0.14963745040234375,-0.11352335959765625,0.26316081,5.684341886080802e-14,3.2741809263825417e-12,1.5155307159513929,8.395593421130354,12.723779709076371,-0.01620648705859375,0.02076495310813274,0.02076414196130893,0.14822347705859376,-0.15326164294140623,0.30148512,-1.1937117960769683e-14,-4.0017766878008843e-13,1.5047736752979086,7.381072775345437,11.106844008332793,-0.01065714409765625,0.0009750541005657795,0.0009750160117710399,0.0033472040976562497,-0.00337567590234375,0.00672288,-3.4924596548080443e-12,5.960464477539063e-10,1.3157792652448754,3.462174834185467,4.55545786414604,866.0,1009.3825778423595,909.5710186380314,7.695640823904717,26023.622515987117,0.8852673617203174,0.08095411125046566,0.01160864699116212,0.018542485865732254,0.0022585442294526937,0.0007906135044885676,0.0005226633181320884,5.5552417510095337e-05,476.0,1338.6591339713052,1135.1220026064805,8.491580880450687,35319.77454351139,0.48020403330224304,0.47569583068541693,0.02581635872223149,0.0053130790632707715,0.010266991321470506,0.0019657368889857535,0.0006973969038909773,4.057215594440513e-05,6002.0,5475.024022799605,1740.6898525368895,5.1160415497874645,77.87776157580561,0.08928220155475436,0.014697817777119341,0.01062101877691966,0.85837370298898,0.015467579395397505,0.00473664079877648,0.006113684668784736,0.0007072572092963992,BF,10HZ
BF_10HZ,-0.013757725954687501,0.01761013420081543,0.01760944629151222,0.1496487059546875,-0.1167468940453125,0.26639559999999995,2.7284841053187846e-14,1.964508555829525e-12,1.5195709556938954,8.498206216644085,12.91362734304299,-0.0162880593203125,0.018953226774172455,0.01895248639929086,0.1483050493203125,-0.1531800706796875,0.30148512,-3.979039320256561e-14,-2.6193447411060332e-12,1.5078507104035532,8.082320569681913,12.186932813347148,-0.010607455275,0.0009899398306526302,0.0009899011603727017,0.003299005275,-0.003236134724999999,0.006535139999999999,1.3969838619232177e-11,1.9073486328125e-08,1.3130585071410479,3.3326612835015266,4.375979254141906,868.0,980.9415998942551,891.0961384831376,7.790375727005937,25402.785902181076,0.896620023576823,0.06932026588590248,0.013109878434688976,0.017981624237841335,0.001960179671334853,0.0005716400925448333,0.0003957620917861407,4.0608908829699264e-05,494.0,1350.06925576383,1155.7881311356477,8.722945017448014,29425.397521434985,0.49747216343248835,0.4514689467067151,0.03226569471543392,0.005726518123223875,0.010464491652537362,0.0020107027459680474,0.0005356625151696041,5.578462637981732e-05,6002.0,5386.950774735746,1854.5058249441556,5.146233757396592,80.27376138310237,0.10352823146541884,0.014400557661972532,0.010792344005325026,0.8453096893175284,0.014855848937072971,0.0044751841526437484,0.006107337771846699,0.0005307935208682684,BF,10HZ
BF_10HZ,-0.013688768987499999,0.01775721701138055,0.017756523356542833,0.1221443789875,-0.11681585101249999,0.23896023,-2.899014361901209e-14,-1.2369127944111825e-12,1.488004593521949,6.878845398280854,10.23575355134568,-0.01641352337421875,0.018326914155789655,0.01832619824672257,0.12610285337421875,-0.12418138662578124,0.25028424,-7.73070496506989e-14,-3.783497959375382e-12,1.4894943831873735,6.881015455013414,10.249233871427254,-0.010633127625781249,0.0009971618742792695,0.0009971229218827516,0.0033246776257812487,-0.003664912374218751,0.0069895899999999995,0.0,9.5367431640625e-09,1.3162525142360915,3.6754870338586088,4.837869054210376,864.0,954.6363715339072,905.1429177488342,7.463359732035947,25828.89474814253,0.9008813927707829,0.06423463292943112,0.014223477141596266,0.017167862805965307,0.0022287895366503835,0.0007462353561916968,0.000427647353179239,8.993906685555394e-05,46.0,1378.8273160808078,1166.0143178193873,8.799333117861,27512.794495380174,0.46767950879558146,0.48219542451348985,0.030115638331636184,0.005939752736930721,0.011412227803575922,0.0019246338897982473,0.0006779155930989991,5.489832543071742e-05,6002.0,5336.156665329662,1922.7209045194888,5.259953394281353,81.44929920567931,0.11193786142319379,0.01438302035444761,0.012065213143760104,0.8348023358703063,0.01499618961967895,0.004706520078785564,0.006553399741896496,0.0005554208436023416,BF,10HZ
BF_10HZ,-0.01373464411015625,0.0181120744591223,0.018111366942394787,0.10577492411015625,-0.10722057588984375,0.2129955,-3.8937741919653493e-14,-2.0372681319713594e-12,1.4737282871873778,5.92007087178735,8.724575906388774,-0.01637821898828125,0.01993792377282244,0.019937144932463045,0.12606754898828126,-0.12421669101171874,0.25028424,-3.751665644813329e-14,-2.1827872842550277e-12,1.4712493581844348,6.323249863960515,9.303077304458343,-0.0106428155359375,0.0010074455560108002,0.0010074062019001183,0.0037932855359374988,-0.0036552244640625006,0.007448509999999999,2.3283064365386964e-11,9.5367431640625e-09,1.3136287562523863,3.7653982326269166,4.946335402030601,866.0,1003.5979283447633,1008.4503572461294,7.507406211083029,26871.53051099744,0.8851178135136925,0.07092260091948209,0.014178456244040048,0.025395343220965944,0.002782644644257146,0.0010486850860180008,0.00048001675364806067,7.443863623307604e-05,326.0,1364.4304541972954,1181.428509490681,8.651606072655593,32562.361130606918,0.46084708883546,0.49117058507632677,0.02683780434739457,0.007087676592630813,0.011070114739901946,0.0020537690662769024,0.0008335143038256799,9.938747907802667e-05,6002.0,5235.66809239623,2031.2855614332293,5.337273340005661,83.13793019147978,0.12907559195038495,0.014024227936060181,0.01166272372275223,0.8193842432524047,0.014825053748436647,0.004448065584510245,0.005951189227889711,0.0006287936647440933,BF,10HZ
BF_10HZ,-0.013772979599218749,0.018149829287277444,0.01814912029572315,0.14504345959921874,-0.10718224040078125,0.2522257,-2.6147972675971688e-14,-1.2005330063402653e-12,1.5150079086361508,7.991762533273118,12.107583442517969,-0.016282356464062498,0.020405859149243536,0.020405062029801475,0.1087502664640625,-0.1374111435359375,0.24616141,-1.1368683772161604e-14,-5.456968210637569e-13,1.5094805128602478,6.73416936094167,10.165097421140164,-0.01065330536875,0.001009537746508933,0.0010094983106704637,0.003803775368749999,-0.0034659346312500006,0.0072697099999999995,1.862645149230957e-11,9.5367431640625e-09,1.3128364704869102,3.767985864637768,4.946749268275822,866.0,1009.3644313091442,969.8116619382002,7.618169134241421,26983.675296980957,0.8877024645063741,0.07220522208889338,0.012197430156532319,0.023928805835769732,0.0026162595407356838,0.0008738028393440328,0.00044296182112466204,3.3052716556610415e-05,308.0,1330.255704469949,1166.6346672219925,8.663931362949086,34108.748942584796,0.48806947418373814,0.4653467031732037,0.026344578245344138,0.006519694311819161,0.011073232651673853,0.0019688796439562618,0.0006145521474879768,6.284817343275755e-05,6002.0,5201.326863410706,2066.791550715547,5.31429518136642,83.48359434007106,0.1344999841364224,0.014319808940275437,0.011042656750474195,0.8149097118965116,0.01437694492326228,0.004380309681407197,0.005921389337737664,0.0005491830982501553,BF,10HZ
BF_10HZ,-0.013834871754687499,0.018506784926756864,0.018506061991350554,0.1549691617546875,-0.12787008824531249,0.28283925,-3.069544618483633e-14,-1.5643308870494365e-12,1.5286084770442683,8.373967504201797,12.800517714107794,-0.0163444134515625,0.019370976753323332,0.019370220059764447,0.1088123234515625,-0.14091615654843748,0.24972847999999997,3.012701199622825e-14,1.4551915228366853e-12,1.5497313932267367,7.274886713025614,11.274120321925894,-0.010626018696093751,0.0010011430151231153,0.0010011039072102457,0.0033831286960937512,-0.0034932213039062486,0.00687635,9.313225746154785e-12,9.5367431640625e-09,1.3133619429669994,3.4893693604207003,4.5828049275093985,864.0,981.5344365249538,833.2462103081718,7.4008514209143295,28055.497155058496,0.8921191782276396,0.08053552902960846,0.010899423178155933,0.013483091290046486,0.0017653046606554029,0.0005032523757122724,0.0006542185657643231,4.000221471676173e-05,476.0,1367.4228034318344,1223.538865623015,8.648829784978808,30736.82860296672,0.49633790489902163,0.4501139259552419,0.031775000904136465,0.005605113503922234,0.011534662557010196,0.0031171801054827855,0.0014621618187208095,5.403896341071536e-05,6002.0,5256.307867925096,2014.3549873585127,5.268943453147922,82.10096535610835,0.12579012428922018,0.014206464010054709,0.010772671364855633,0.8223120860361339,0.015596367694854008,0.004702561770764223,0.006073303757614205,0.0005463876990997779,BF,10HZ
BF_10HZ,-0.013783244883593749,0.018794147722795432,0.018793413562060653,0.15491753488359375,-0.12792171511640624,0.28283925,-4.206412995699793e-14,-2.1100277081131934e-12,1.5285784188165288,8.243182344908938,12.600350635467695,-0.016342278559375,0.018411168513781526,0.018410449313464302,0.099293558559375,-0.14091829144062498,0.24021184999999998,-3.069544618483633e-14,-1.8553691916167736e-12,1.5342934510740855,7.654255962667436,11.743874797003308,-0.010566704240625,0.000991562266559982,0.0009915235329024132,0.0033238142406250004,-0.0034407857593749987,0.006764599999999999,1.3969838619232177e-11,0.0,1.315562416254261,3.470200798797827,4.56526575235823,864.0,1012.134922861428,1009.0726166565419,7.528740114279496,28933.52090896832,0.8865831052885977,0.07040200397098195,0.015343413385716625,0.022923790638566748,0.002730161534772332,0.0008749027202618136,0.0009320354056496863,0.000210583693775847,514.0,1431.1870145903915,1338.0885141349959,8.841503040498894,27766.345932914508,0.485198498094828,0.44691083183083335,0.039848365534276176,0.00811070472790178,0.013558519462410736,0.003465441737714826,0.0027776225048378616,0.00012996549268072982,6002.0,5359.198700416636,1893.4336439199158,5.223922755564294,80.53710539778024,0.10934715837466848,0.013866303192589623,0.01082028116357618,0.8388604826811483,0.01567467366596595,0.004604957253120676,0.006202557685085727,0.0006234922495725388,BF,10HZ
BF_10HZ,-0.013679478722656251,0.018817283034317015,0.01881654796984148,0.11160227872265625,-0.10880597127734375,0.22040825,5.0306425691815094e-14,2.4920154828578236e-12,1.4867932610316812,5.931070826359729,8.818276135801893,-0.016321491778125,0.01949578986491002,0.019495028295743733,0.097565231778125,-0.114396198221875,0.21196143,-1.9326762412674726e-14,-7.275957614183426e-13,1.5027469317233988,5.867967795716545,8.818070600917078,-0.010524117945312501,0.0009890722617888412,0.0009890336253989833,0.003319967945312501,-0.003423772054687498,0.006743739999999999,9.313225746154785e-12,0.0,1.320411266530914,3.4617347310558717,4.570913545249132,854.0,1015.295165891768,1047.0303104827549,7.273709151529919,29004.798156959645,0.8882454035633941,0.06353685078080805,0.015639409464845613,0.027727640743036318,0.0028855003011448626,0.0010738089522230596,0.0006937695843183428,0.0001976166068214679,326.0,1386.0186691026074,1242.358820694254,8.696690642704874,31134.19803727341,0.47411655175928696,0.47103218158485277,0.030497853144512862,0.007790595004303517,0.01267555405956163,0.0022910880752743043,0.0015283348145650206,6.784085860734766e-05,6002.0,5343.045370176601,1905.1336963964511,5.248634215784773,80.13312154087913,0.11073920460784063,0.014736670702281811,0.011392292179678321,0.83675973737737,0.015237021190845686,0.004450874609198364,0.006148616638128957,0.0005355691191223406,BF,10HZ
BF_10HZ,-0.013706696715625001,0.018255881369942592,0.018255168235647903,0.136990786715625,-0.098578213284375,0.235569,1.7053025658242404e-14,1.4551915228366853e-12,1.4832134127140846,7.504219349817391,11.13035879220743,-0.01623013848203125,0.01998262089426404,0.019981840307889232,0.09603006848203126,-0.10711951151796875,0.20314958,-5.115907697472721e-15,-7.275957614183426e-14,1.4633689973849435,5.360843138673017,7.844891649370487,-0.010513723914843752,0.0009943986279769268,0.000994359783521826,0.0033095739148437517,-0.0038021960851562474,0.007111769999999999,-1.862645149230957e-11,-9.5367431640625e-09,1.3195869899972248,3.8237629320303532,5.0457878230153055,854.0,1007.15148506479,942.1217737483585,7.517939678377826,27299.935678300062,0.8900631749128474,0.07181080005214138,0.012863448880692295,0.02153634281291465,0.0022218268609590255,0.0009647432498487103,0.0005036427186065186,3.60166939034202e-05,476.0,1348.9629646040369,1191.9032780213356,8.568188936699027,32708.52133986445,0.49091525045743756,0.4583593696731923,0.029566808028378338,0.0062975153053358305,0.011774235402866155,0.002246843222747333,0.0008072657223133001,3.27119521501358e-05,6002.0,5311.850209771472,1941.2231562654354,5.235343268993586,80.99851475664114,0.11609397835839827,0.013753854290961457,0.011682797234607717,0.8328011972173172,0.015036303079301334,0.00432616866588478,0.005757809948825837,0.0005478472050934862,BF,10HZ
BF_10HZ,-0.013638178948437501,0.017531787024818467,0.017531102176011597,0.1498480289484375,-0.1393252210515625,0.28917325,1.1368683772161604e-14,1.4551915228366853e-12,1.5077168521389246,8.547553224858394,12.887290042408521,-0.01612656928125,0.01920937379863735,0.01920862341781718,0.11675520928125001,-0.13481044071875,0.25156565000000003,-3.552713678800501e-14,-1.6370904631912709e-12,1.5181122083335146,7.018224980489065,10.654453024266362,-0.010657857784375,0.0009966711181641327,0.0009966321849381502,0.003285337784375001,-0.003658062215624999,0.0069434,4.656612873077393e-12,4.76837158203125e-09,1.3155495358147795,3.6704235195671413,4.828623962255143,870.0,1013.2570369322535,913.3174993443525,7.74587380459675,25177.25540636763,0.8842797508121865,0.08177479306469473,0.011654772505975164,0.01858882568512183,0.0022508981755934403,0.0008608249939973801,0.000554686747849219,3.544782584839462e-05,476.0,1347.7238591687124,1176.3752311293188,8.564623037996022,30226.12184107648,0.5073005557905585,0.4409815374181317,0.031604162656239033,0.0058924321715098345,0.011283982835832542,0.002057338913799711,0.000844145134232855,3.5843600915952695e-05,6002.0,5291.745865705442,1970.4293408052633,5.189339982161525,81.36915026322481,0.1199848993983065,0.013233638279305113,0.011680526611334958,0.8302371176129159,0.013868208606336647,0.0044963250351203864,0.005888151049615068,0.0006110367681496873,BF,10HZ
BF_10HZ,-0.01356696847265625,0.017842619070444807,0.017841922079523998,0.14977681847265625,-0.13939643152734374,0.28917325,-5.684341886080802e-14,-2.837623469531536e-12,1.4817929686784885,8.394657133726115,12.439143915919257,-0.016192288059375,0.019198577991576857,0.019197828032476133,0.11682092805937501,-0.134744721940625,0.25156565000000003,3.524291969370097e-14,2.255546860396862e-12,1.5278926467183604,7.018748251399297,10.723893843038935,-0.01058952882890625,0.0009962022168941895,0.0009961633019850203,0.00340474882890625,-0.0033762411710937506,0.006780990000000001,1.862645149230957e-11,9.5367431640625e-09,1.3140650829711125,3.4178621303393353,4.491293288396773,868.0,1006.7735489374679,917.1685551089545,7.6850724343531045,26077.93631560554,0.8831743958181378,0.08215015150094604,0.011959157419714645,0.01903232648413635,0.002340208130702535,0.0008199067388404644,0.000490027765526126,3.382583853747672e-05,496.0,1401.357219894594,1148.2278137599474,8.660654222223249,30192.156770762642,0.4695975335928264,0.4790139019178153,0.031839067695027735,0.006080666297254329,0.010406905340776436,0.002421370874394823,0.0006159687320864332,2.458532693649961e-05,6002.0,5244.543388000667,2020.4503803664436,5.22871840673928,81.29260132689144,0.1269107076460651,0.014223060794330241,0.011466171693388802,0.8225653009171957,0.013920272656315767,0.00453387134476977,0.005853867920747465,0.0005267458794722615,BF,10HZ
BF_10HZ,-0.013677353726562501,0.017864271699177436,0.017863573862434295,0.11984283372656251,-0.11171657627343748,0.23155941,8.185452315956354e-14,4.220055416226387e-12,1.4966585554258027,6.708782612189037,10.040756893586664,-0.01628559220703125,0.019425325302178408,0.019424566485587862,0.11684271220703125,-0.11251148779296875,0.2293542,2.7284841053187846e-14,1.5097612049430608e-12,1.5081147756513185,6.0152030825350975,9.071616647781555,-0.010331757897656248,0.000992677736485569,0.0009926389592541049,0.003540337897656248,-0.0036340121023437522,0.00717435,0.0,0.0,1.3163470537479347,3.6609605786715083,4.819094676476405,830.0,1012.2099619601719,1050.9944354322326,7.822709772305925,26141.267813609822,0.8791269607034133,0.07194456626071884,0.01569016990498522,0.028654963708413292,0.0028930838835975873,0.0011666809304697397,0.00047905216369634467,4.451005571570984e-05,326.0,1359.7652251411732,1177.961502470683,8.72697506507689,30909.545117526242,0.48279831594929845,0.4657945419452199,0.030758930568246613,0.007151318027397114,0.00985910505469636,0.0028350297310272606,0.000779636787087255,2.3121831519706132e-05,6002.0,5287.523118490097,1978.0207679059783,5.270003083769315,80.71841033093638,0.12036444967154547,0.014250859449758738,0.01127425472083184,0.8275474124547894,0.015261377717518636,0.004680201650648649,0.005989268366143748,0.000632066501116495,BF,10HZ
BF_10HZ,-0.013733178788281251,0.018342588445258906,0.01834187192390293,0.10279792878828126,-0.11166075121171873,0.21445867999999998,3.751665644813329e-14,2.0554580260068176e-12,1.5287216289191219,6.087751112257845,9.306476797292396,-0.0164155220703125,0.02014678027437152,0.02014599327539568,0.10222015207031251,-0.1298860879296875,0.23210624000000002,4.433786671143025e-14,2.0372681319713594e-12,1.484740111704408,6.447241699513038,9.57247836159546,-0.0103092659984375,0.000996583528489729,0.000996544598685285,0.0035178459984375006,-0.0032989040015624985,0.006816749999999999,-1.862645149230957e-11,-1.9073486328125e-08,1.3123681347056422,3.5300437125929522,4.632716887173773,850.0,1004.7689259967436,1037.2077048969613,7.769180189411162,27559.876169004012,0.8876131147440894,0.06542942203330439,0.013755238665841659,0.02882907786564631,0.0027335867809853524,0.0010821305412295342,0.0005012396614109025,5.616611642645075e-05,308.0,1277.5790603165879,1172.8641607251172,8.533209829832419,33248.13681071552,0.5145753209565166,0.441082876905506,0.023683962809343508,0.007106952054503328,0.010603021093779029,0.002103369231259123,0.0008125335500747313,3.196339708777686e-05,6002.0,5265.020105654304,2004.8513420356821,5.282553859691161,81.35484794908469,0.12398022195507945,0.014717442538599745,0.011475783310565922,0.8227101519498299,0.015683428838041743,0.004455891098116429,0.00631494295950899,0.0006620687073700916,BF,10HZ
BF_10HZ,-0.01370869203515625,0.01822900544083981,0.018228293356406605,0.14448301203515626,-0.13861996796484374,0.28310298,-6.8212102632969615e-15,-4.729372449219227e-13,1.4997415831241618,7.926304959122751,11.88740914837179,-0.016471269140625,0.019729969637178407,0.019729198920186097,0.09401086914062501,-0.129830340859375,0.22384121,3.2969182939268646e-14,1.8553691916167736e-12,1.446166407037615,6.580618978906304,9.516670105290833,-0.0106126013625,0.0010107255984245437,0.001010686116184703,0.0035902313625,-0.0035796486375,0.00716988,-1.862645149230957e-11,0.0,1.3077071059352312,3.5522713743221277,4.645330523007571,848.0,1011.1564545401035,959.9868257920264,7.5639843237540845,27219.61408584537,0.8883737072562955,0.0749339221780903,0.011669623787782777,0.020021059011795368,0.0031964990724452145,0.0009955577135238396,0.0007186440824237374,9.098044725515056e-05,476.0,1316.7927027100254,1291.8256562307458,8.597226262519136,31886.646626580117,0.5269841193664201,0.4161191189280232,0.031436184857945096,0.0073509971649834875,0.01266068747116765,0.00366432871692591,0.0016402221747825452,0.00014433209103865884,6002.0,5135.554229130789,2139.069132346823,5.259667858895994,83.68016861390751,0.1456065422035217,0.013780071317592896,0.010795040150920166,0.8043243824820792,0.014831053283524461,0.004083295543288626,0.005979489269651846,0.0006001104252310215,BF,10HZ
BF_10HZ,-0.013669536580468749,0.018667921830057114,0.018667192600117576,0.15206520658046874,-0.13865912341953127,0.29072433,-1.8189894035458565e-14,-6.184563972055912e-13,1.4687677815225708,8.146120835082874,11.964759827600416,-0.01615190230703125,0.019195370147572558,0.01919462031378069,0.11203638230703125,-0.11484740769296875,0.22688379,3.183231456205249e-14,1.4551915228366853e-12,1.4648408408037532,5.983312293212243,8.764600210837072,-0.0106757529171875,0.0009936931312174509,0.0009936543143213555,0.0036727529171875,-0.0035164970828125003,0.00718925,-2.7939677238464354e-11,-1.9073486328125e-08,1.3121139156091275,3.6962078869447708,4.849845808325259,860.0,993.1054881804819,907.4030673209717,7.54426977504759,28546.177671493155,0.8950988053261331,0.07391734785526989,0.01211680497926435,0.013305684026422734,0.003514501734571882,0.0011549843656394048,0.000795665883230435,9.618669358004061e-05,496.0,1370.0161141489898,1324.2047616822863,8.821847886184376,30182.068142298263,0.514517003406702,0.4230948929937083,0.03617817324287648,0.006175944063130024,0.01299757846857805,0.004783406941699548,0.0020898783632022134,0.00016312245245390686,6002.0,5325.7662470362475,1930.0915506119732,5.164024867610159,80.88362568267311,0.11409599182546286,0.013287115369975771,0.010875125076296207,0.8361016570806878,0.015080332161786636,0.0042597719548462705,0.005733347075695073,0.0005665582706444022,BF,10HZ
BF_10HZ,-0.013654742626562499,0.018834069428431646,0.01883333370822478,0.1520504126265625,-0.12172665737343752,0.27377707,-7.247535904753021e-14,-3.219611244276166e-12,1.4974585865502212,8.073473075671487,12.089691581088223,-0.01605170411640625,0.02001812615164836,0.020017344178322346,0.12164204411640625,-0.13083249588359375,0.25247454,-6.02540239924565e-14,-3.41970007866621e-12,1.5234109191402803,6.535956753880567,9.956947886387734,-0.010477748097656251,0.0009938323238765305,0.0009937935015431156,0.0036028880976562514,-0.0033822319023437478,0.006985119999999999,-1.3969838619232177e-11,-1.9073486328125e-08,1.3174187091797105,3.6253890656725645,4.776155387978571,868.0,966.390002828755,894.7236113670293,7.49195979196129,29056.570047748268,0.8979242788258374,0.07069511408455467,0.012579755607741041,0.013891949612673891,0.003114173165998626,0.0010939187529114091,0.0006525684520691216,4.824135543547451e-05,502.0,1407.4833930236525,1203.1542921586663,8.704366039351521,32824.85805012778,0.4495936785468409,0.5001897775463806,0.028836350536623975,0.004778046101729313,0.011769082924046912,0.0035591408866212735,0.0012172994182474738,5.662383332456358e-05,6002.0,5340.476543196721,1907.526715688039,5.2030717546808285,80.90628387685753,0.11150430925210306,0.013820675009972878,0.01126016311356307,0.8380779711319183,0.014704771530445322,0.004307576080940321,0.005767541156495644,0.0005569686327363939,BF,10HZ
BF_10HZ,-0.0137307935078125,0.01779670314632085,0.01779600794902586,0.1082578835078125,-0.12165060649218751,0.22990849000000002,2.2737367544323207e-14,5.820766091346741e-13,1.5073475613968972,6.835836825528657,10.303981969646731,-0.01623089687109375,0.020168564226053634,0.02016777637612556,0.12182123687109375,-0.13065330312890625,0.25247454,3.467448550509289e-14,2.4192559067159892e-12,1.5021168320284861,6.478319705939133,9.731193074035517,-0.010467143022656252,0.0010085215853741492,0.0010084821892302497,0.003592283022656252,-0.0034226369773437473,0.007014919999999999,1.862645149230957e-11,4.76837158203125e-09,1.311717726385849,3.56206887682973,4.672428892978019,850.0,977.7971921839868,964.0589737989436,7.680765711976577,25943.892002663015,0.8898021919646903,0.07179686088983239,0.014039854169652768,0.01978567814963659,0.002807153152499696,0.0010662987873275845,0.0005904546153073323,0.00011149878983427876,46.0,1357.9221196697715,1168.6637995002786,8.586349615890176,33320.07560010418,0.46541476927521336,0.48825901340638544,0.026472983513588826,0.005308130588840234,0.011052230150049297,0.0026824508319445973,0.0007618362293230665,4.8585289573365744e-05,6002.0,5197.745128814519,2073.23441768628,5.242633266577658,83.3156167670706,0.13552958728600942,0.01377941489859895,0.01103638586931719,0.8150430261217794,0.013810396287494486,0.004245154494774364,0.005882343708131383,0.0006736687309183056,BF,10HZ
BF_10HZ,-0.0136959738375,0.01712565519273285,0.017124986208760535,0.1020857538375,-0.1045072161625,0.20659297,7.958078640513123e-15,1.0913936421275138e-12,1.502784927776965,6.102616077024063,9.170919461096679,-0.01618780874609375,0.019693145121351455,0.01969237584284489,0.12511127874609373,-0.10929403125390626,0.23440530999999998,5.1727511163335295e-14,2.546585164964199e-12,1.458313223780828,6.35328513624723,9.265079729110006,-0.01059657396796875,0.0010138239154463156,0.001013784312176102,0.00348033396796875,-0.00367017603203125,0.00715051,3.725290298461914e-11,2.86102294921875e-08,1.3071822687161136,3.620273054465494,4.732356749376031,830.0,990.8049085370642,1007.5176457483931,7.642971941771746,24024.281368853364,0.8838772737671233,0.07171238294648673,0.0176123043433992,0.022195134101545496,0.002752079763529577,0.0011282459657817132,0.0006156186965279019,0.00010695510882414567,476.0,1258.3215899296215,1216.0031398080298,8.561949809303968,31767.729471124392,0.5486236685015343,0.3971370847811912,0.034308972857181715,0.00600501394843359,0.010857086194884182,0.0019719872373538325,0.0010380922341130794,5.809393740730946e-05,6002.0,5153.956542747468,2119.0770623121825,5.244532552881946,84.19399056774631,0.14302453813895477,0.013484215370972523,0.010181536105718678,0.808365197098109,0.014296749617272534,0.0043309136185762,0.005602697243322759,0.0007140704758426558,BF,10HZ
BF_10HZ,-0.013582839417968751,0.018032646209591743,0.018031941795590825,0.13111403941796876,-0.11644946058203123,0.2475635,7.16227077646181e-14,4.038156475871802e-12,1.535877605197419,7.271210216681023,11.167688935102383,-0.01612972528671875,0.020155273142033355,0.020154485811298393,0.12593080528671874,-0.21900419471328125,0.344935,3.467448550509289e-14,1.7462298274040222e-12,1.4917102603697245,10.866275466062426,16.209334605533385,-0.01049144329296875,0.0010260614550898668,0.001026021373781424,0.0037357832929687494,-0.0037753067070312504,0.00751109,0.0,0.0,1.3085366109746241,3.679559509991216,4.8148383357760824,870.0,1049.0795043495818,1076.131190694013,7.909307816101344,26636.36390640275,0.8742643407518762,0.07989420797755828,0.01722862657568711,0.020462909462527986,0.0046992228814842375,0.0019050566751126813,0.0014349162595632006,0.00011070913016600448,476.0,1393.9504785761867,1478.0158327223014,8.71407114932075,33276.17420526254,0.5364172421182933,0.3877911716227255,0.04425294402432729,0.007194784339741488,0.01213315111943278,0.00631273127668038,0.005770504871828053,0.0001274702022788382,6002.0,5067.018540043419,2199.7876554315517,5.256743731791888,86.23881184880982,0.1567357033639735,0.01327033506142816,0.009955271198193555,0.7958374447824503,0.014075463694979203,0.004269051857465265,0.005318148609292215,0.0005385591186318574,BF,10HZ
BF_10HZ,-0.013528516229687503,0.01803288459282149,0.018032180169508548,0.1310597162296875,-0.11650378377031248,0.2475635,4.5474735088646414e-14,2.0372681319713594e-12,1.521943757586454,7.268101526848894,11.061641748905688,-0.01612765628203125,0.020103953650988236,0.020103168324960046,0.12592873628203125,-0.21900626371796875,0.344935,-3.126388037344441e-14,-1.2732925824820995e-12,1.5571666688187904,10.894116796264248,16.963955562205477,-0.01052389456171875,0.0010283152501516374,0.0010282750808026054,0.00376823456171875,-0.00354766543828125,0.0073159,-1.862645149230957e-11,0.0,1.3059550329318637,3.664617210321669,4.785825294242536,864.0,1062.861009082354,1091.4561632592117,7.9296619379887865,26637.068093359092,0.8678590104038355,0.0839878225783948,0.016827583777179925,0.023654855655161088,0.004362501140143702,0.0018434116325301015,0.0013608335270475084,0.0001039753907850595,496.0,1503.3310339422558,1416.9523395117517,8.822667319305394,33106.93389940605,0.44994230862683793,0.481485677209863,0.036752038689886794,0.00755212426488896,0.012346068623129196,0.006274969092670914,0.005527309184532518,0.00011950430790772364,6002.0,5039.731979209529,2224.9998002212087,5.284936509088833,86.61808494844247,0.16118556657550784,0.013536999325816158,0.010072897596514375,0.7912515753962214,0.013896950660241918,0.003994215453096474,0.005531602364875301,0.0005301397006882208,BF,10HZ
BF_10HZ,-0.013449217847656252,0.01762368929866669,0.01762300085985713,0.10660550784765625,-0.12325679215234374,0.2298623,7.901235221652314e-14,3.856257535517216e-12,1.483507296284649,6.994086485356326,10.37577833246073,-0.016197832837500002,0.019601916860408145,0.019601151145575126,0.10552333283750001,-0.1257544771625,0.23127781,3.410605131648481e-14,1.4551915228366853e-12,1.5400023950777932,6.415667948383371,9.880144007038282,-0.01081981368359375,0.0010005612174817874,0.0010005221322958318,0.0036618536835937507,-0.0038373163164062505,0.007499170000000001,-1.3969838619232177e-11,-1.9073486328125e-08,1.3168191965952303,3.8353137713862475,5.05041480417524,864.0,1014.9036404256688,1046.8225216648088,7.734041370017462,25441.907450395513,0.8828801195485697,0.06707022824212798,0.016705609135702234,0.02939755491816617,0.002296759135343341,0.001095355186362521,0.0005122004759636759,4.217335737334722e-05,1774.0,1438.6915270503055,1147.3339921485187,8.62958577335505,31474.083959759915,0.42019704063575564,0.5328909724795294,0.02480907608775689,0.007385448305707751,0.011835233439860864,0.002145874462747194,0.0007048976036246429,3.1455786533272285e-05,6002.0,5252.297183714788,2014.0919122422804,5.289665455577589,82.0055732404131,0.12641992591681708,0.014251874277586594,0.010364689525860175,0.8231422063808962,0.015074703688651474,0.004383162802881338,0.005802582956798591,0.0005607385593780665,BF,10HZ
BF_10HZ,-0.01355894540546875,0.017546720959292467,0.017546035527117386,0.11093491540546875,-0.12314706459453124,0.23408198,2.2737367544323206e-15,2.9103830456733704e-13,1.5075164381495945,7.018512210190675,10.580522528819099,-0.0162638475203125,0.01932647954661787,0.019325724591265067,0.1031457475203125,-0.11568310247968751,0.21882885000000002,-3.865352482534945e-14,-1.7826096154749393e-12,1.4911392765315288,5.985964558658181,8.925906861802797,-0.0107425417015625,0.001001327163200892,0.0010012880480945977,0.0033178717015625,-0.0039145882984375005,0.0072324600000000005,-1.862645149230957e-11,-2.86102294921875e-08,1.307645001814734,3.90955260274725,5.112306925419957,862.0,1002.3179312597395,1006.8968210478735,7.570650539982626,25220.166677340658,0.8923972133014065,0.062490883213393904,0.015307240515108832,0.02550961366247007,0.002603192374441811,0.001069887439927853,0.0005788392479248771,4.312997481258763e-05,476.0,1337.005840488568,1225.8286660624105,8.480895868169364,30595.779049683326,0.4981873012098347,0.44880471371222075,0.029487860157838715,0.0068614311633393,0.013445802375973821,0.002138732874818172,0.0010323040816884682,4.1854423470890504e-05,6002.0,5192.851748900665,2073.2239643649364,5.245132537422015,82.13117006878949,0.13565535064280068,0.014410796344773545,0.011014563790093993,0.8143565112192028,0.0140391104045302,0.004383545922811576,0.00562961966295793,0.0005104932919188726,BF,10HZ
BF_10HZ,-0.013751130726562501,0.01777449758834972,0.01777380325847628,0.14783027072656252,-0.12230373927343749,0.27013401000000004,3.410605131648481e-14,2.291926648467779e-12,1.5434165192941929,8.317312202032245,12.837077049465972,-0.016235087959375002,0.01885916912086245,0.0188584324201797,0.106669147959375,-0.10607305204062499,0.2127422,3.9790393202565614e-15,1.0913936421275138e-13,1.5208422137569468,5.656310427985311,8.602355673449837,-0.010635825340624998,0.000991951729111131,0.0009919129802398838,0.0035180953406249984,-0.0034893746593750007,0.007007469999999999,1.862645149230957e-11,9.5367431640625e-09,1.311994358335633,3.546778202486478,4.653352996621348,860.0,1002.1762358409678,927.9776950942023,7.4923275981693696,25879.19011646537,0.8969877445030626,0.0660539483631529,0.013143500911014919,0.01998554297743012,0.00247627743515222,0.0007808753776082113,0.0005338796616731504,3.822947076821154e-05,476.0,1297.6503971136426,1227.9962602957426,8.544451137871414,29134.0675999103,0.5377545638923881,0.40485373374355443,0.03518227995714417,0.006884728156001038,0.012435852202641717,0.0018250128946581468,0.0010208062649507072,4.3021284610346934e-05,6002.0,5294.228321525655,1965.9063654528516,5.230680138485069,80.6003829984923,0.11887884579055853,0.01469885992504164,0.010620952664740578,0.8297117324073663,0.01533852997865021,0.004243265512969462,0.005912053642443947,0.000595691663764793,BF,10HZ
BF_10HZ,-0.013837251562500002,0.018076259582502238,0.018075553464820666,0.14791639156250003,-0.1222176184375,0.27013401000000004,9.094947017729283e-15,8.003553375601769e-13,1.5432887701694906,8.183228903181158,12.62908527070456,-0.01638511664140625,0.019322016700428164,0.0193212619194087,0.10681917664140625,-0.17862459335859376,0.28544377,-2.5011104298755527e-14,-2.255546860396862e-12,1.53863023733735,9.244975514250228,14.22459887040503,-0.010741856767187499,0.001000001265474831,0.0009999622021624284,0.0036241267671874985,-0.0033833432328125006,0.007007469999999999,0.0,9.5367431640625e-09,1.310964157491184,3.6242637528958834,4.751279882092448,868.0,1002.750319022747,910.1131755632208,7.285947716722788,26765.3638608446,0.8974674724454784,0.06933325983260093,0.01152744768438851,0.017494324274314223,0.0026457534431918355,0.0008493982947354357,0.0006377879623214408,4.45560179151522e-05,476.0,1401.643977816547,1237.7544180012808,8.56228597070725,30581.650406256995,0.48267872793934036,0.4615649351905101,0.03211581711284921,0.006873362365461516,0.011454586175318148,0.0039019262676565345,0.0013395229899927775,7.112181228402295e-05,6002.0,5248.072842838031,2020.6496861531782,5.2110418849135,81.91381279996156,0.12676817959121714,0.014016932655705718,0.010665166531909277,0.8223858337167507,0.015583539341593705,0.004154851284104444,0.005776133727145072,0.0006492293369601862,BF,10HZ
BF_20HZ,-0.01385742861484375,0.04139018070082564,0.04138856386531258,0.26183365861484376,-0.2930051013851563,0.55483876,2.5579538487363606e-15,8.412825991399586e-14,1.4507082028172626,7.079373479388641,10.270105177604226,-0.0165712973953125,0.07956905847344838,0.07956595024639301,0.3477804173953125,-0.4130568026046875,0.76083722,-7.460698725481052e-16,-8.668621376273222e-15,1.4851028423289694,5.191376478510936,7.709727963933245,-0.010695996196875,0.0009589229825517602,0.0009588855238911255,0.003408406196875,-0.0032399738031250007,0.006648380000000001,-3.725290298461914e-11,-2.86102294921875e-08,1.300155774711375,3.554549639553689,4.62146824518359,1598.0,1588.6443286884212,1301.1384280817138,8.003761486884361,140330.04308797646,0.627119389278398,0.2791860971308166,0.03408934309157884,0.05090584137480989,0.005363038650421426,0.002063972253054681,0.0011755200873274075,9.679526646216178e-05,1742.0,1782.7074194426145,777.7066363875646,5.7290904512706105,518614.25682045025,0.10361332471165499,0.8617703274275433,0.021937441578541085,0.004715908130830177,0.0060689292003436165,0.0012154757997357797,0.0006527531607955049,2.5839645802073955e-05,6002.0,5034.0253006449775,2238.727642596343,5.501087990054204,75.32228214035106,0.16301266399088485,0.015444594505346214,0.012293997417321229,0.7808757032672483,0.015836838405624585,0.004770254928349655,0.0071343138543419555,0.0006316249722702773,BF,20HZ
BF_20HZ,-0.01381280135546875,0.04215292213243235,0.042151275501750164,0.2617890313554687,-0.29970703864453124,0.56149607,1.1368683772161603e-15,-1.3642420526593923e-14,1.4586531406578385,7.110272110863569,10.371420745689036,-0.0164637567609375,0.08034106653742923,0.08033792815321984,0.3476728767609375,-0.41316434323906254,0.76083722,9.237055564881303e-16,1.0516032489249483e-14,1.4792581758080499,5.142830450468376,7.607573990744638,-0.010681663444531248,0.0009748371891852974,0.000974799108863824,0.003394073444531248,-0.004158736555468752,0.00755281,0.0,9.5367431640625e-09,1.2969641651121135,4.266249849212227,5.5331731795194345,1600.0,1594.2850004552054,1289.7075799017293,8.045851758563945,145549.7238575245,0.58033468606545,0.32653049727258887,0.034004164344701854,0.05065974651572296,0.005369493090607206,0.0018968765564891126,0.0011110799762965148,9.345490250902612e-05,1744.0,1786.7576368044115,782.5760533725766,6.686914954542282,528726.6467849233,0.10090076960494929,0.8626286508372034,0.023753583466477744,0.004779245963367218,0.006138001260222585,0.0011615699562036628,0.0006129886381260342,2.5190255056375994e-05,6002.0,4888.109445976319,2362.2683140140953,5.437465012354615,77.84311228453222,0.18694925930964132,0.014838235595028051,0.012126573774133615,0.7579730637427664,0.01623044141237983,0.004533582010096041,0.006766824414882463,0.0005820163464448784,BF,20HZ
BF_20HZ,-0.013881651344531249,0.040438983453201176,0.04043740377455634,0.23600936134453127,-0.29963818865546876,0.53564755,-8.810729923425242e-15,-1.77351466845721e-13,1.443533166184509,7.409926471011339,10.696474620157923,-0.016405606236718752,0.07886784342465489,0.07886476258934737,0.2952963662367188,-0.3129872137632812,0.6082835799999999,1.3677947663381929e-15,1.6200374375330283e-14,1.4767890729119164,3.968657274593624,5.860869697326567,-0.010654006367187501,0.0009571092037707306,0.0009570718159622134,0.003288936367187502,-0.004186393632812499,0.0074753300000000005,-9.313225746154785e-12,9.5367431640625e-09,1.3042842892210833,4.374168749530511,5.705159584375534,1582.0,1601.3154823894406,1312.1258895765184,7.972527236190419,133954.24258851985,0.5831120650017093,0.3185694569761878,0.036924675021264466,0.05306667686927013,0.005250268096026039,0.0019682353463388335,0.0010437117768823997,6.49092958191711e-05,1744.0,1789.4421056083747,774.8919435956814,6.323145548460344,509513.7921376553,0.0980100721351947,0.8639845696939805,0.025500142431602705,0.004675977651620507,0.006305539812760086,0.0011189639190673742,0.0003885815445088469,1.6151313997899606e-05,6002.0,5052.241267546736,2222.1563763452164,5.503212083376656,75.03761101995083,0.1597308528704661,0.015618648293865294,0.012179407923594088,0.7833295533768084,0.01684194994813764,0.004905175433906841,0.00677765707827036,0.0006167512830144292,BF,20HZ
BF_20HZ,-0.01403070781953125,0.04138491617003061,0.0413832995401673,0.24103369781953124,-0.3478009021804688,0.5888346,9.663381206337363e-15,1.6143530956469475e-13,1.4473179625427075,8.404378240417568,12.16380759165335,-0.016359269200000002,0.07790800094357418,0.07790495760284592,0.29525002920000004,-0.31303355079999995,0.6082835799999999,8.526512829121202e-16,1.3642420526593923e-14,1.478036752406195,4.01814673196801,5.938968546485799,-0.01058941614765625,0.0009357045001225385,0.0009356679484515887,0.003272026147656249,-0.0031945738523437503,0.006466599999999999,2.3283064365386963e-12,1.430511474609375e-08,1.3034935460988806,3.4969950072288367,4.558310427534515,1600.0,1603.6453980493343,1309.929001745837,7.857278596755706,140294.3475513684,0.5754813785308157,0.32982435337886695,0.03351322403559742,0.051904222841408776,0.006029283882494493,0.0020923606335405765,0.001090600293994492,6.457181755739632e-05,1742.0,1790.2549568748875,789.9503749931015,6.403909812405645,497187.4247978152,0.09680619115611136,0.8657238987520723,0.024073657744538502,0.005105228645162133,0.0064613442750073675,0.0012567814195196282,0.0005542886277691983,1.8605256452252967e-05,6002.0,5274.973284888525,1996.8328235725241,5.40168404992049,71.71887192103,0.12253878794291959,0.016871080399251292,0.012076996031077704,0.8188262701006185,0.016649127415533753,0.005144857328720778,0.007156617833795081,0.0007362606746600855,BF,20HZ
BF_20HZ,-0.013888185713281249,0.04147072335925468,0.04146910337748258,0.24089117571328122,-0.34794342428671876,0.5888346,-4.405364961712621e-15,-1.1823431123048067e-13,1.451304388263866,8.390425544316424,12.177061412161306,-0.01615237177109375,0.08013782300119979,0.0801346925563461,0.35124742177109375,-0.45033235822890627,0.80157978,-1.0480505352461477e-15,-1.2505552149377763e-14,1.4786430484218063,5.619692842855032,8.309519756457066,-0.010599468642187502,0.0009479190958945268,0.0009478820670816103,0.0033640286421875018,-0.0033633213578124974,0.006727349999999999,-4.656612873077393e-12,9.5367431640625e-09,1.3006324303172458,3.5489949176861812,4.615937889843471,1582.0,1605.9650008815083,1301.0321870206728,7.906937501926241,140876.7215195173,0.5646575304862383,0.34121538671044566,0.03324668181819537,0.05196502877283356,0.005775015365071236,0.002027346158455284,0.001038045189223534,7.495729576486322e-05,1744.0,1786.64750172353,771.4523073853298,6.45976568702539,526054.9315908216,0.09393800033064822,0.8704907967951558,0.022883252736443496,0.004936510527162787,0.006018783123057805,0.0011772022822057388,0.0005300298270123859,2.5412528978993566e-05,6002.0,5130.518654780529,2147.6455487946255,5.385663468525659,73.603515441272,0.1466072426936267,0.015865041286228173,0.012129246921631575,0.797024767197812,0.015961858799234105,0.004782480154478442,0.006883991364699867,0.0007453715676758369,BF,20HZ
BF_20HZ,-0.0138195297578125,0.041860139865695416,0.04185850467204392,0.2290485297578125,-0.3626081202421875,0.59165665,7.318590178329032e-15,2.0236257114447654e-13,1.4146107846235736,8.662710793768518,12.25436411323274,-0.016326150592968748,0.08069814386415511,0.08069499153134022,0.3514212005929688,-0.45015857940703125,0.80157978,-2.2026824808563106e-15,-2.6147972675971688e-14,1.455722122523751,5.5785194453688085,8.120774167652936,-0.010603046737500002,0.0009594266596968414,0.0009593891813609339,0.0033676067375000016,-0.0033597432624999975,0.006727349999999999,-3.725290298461914e-11,-3.5762786865234374e-08,1.2979898586630685,3.5101570868380576,4.556148305779108,1600.0,1624.4897026302392,1364.6219195942924,8.249904521479953,143534.8521425609,0.5966100013098056,0.29862676352512774,0.03456035657401374,0.060603792664128665,0.006275873725203002,0.0021548089314921332,0.0010890810310188897,7.930832606735666e-05,1744.0,1786.3202637127383,776.8471130533787,5.846282088140755,533436.961447663,0.09688227020159305,0.8659266118342701,0.024302082551071448,0.0053784334197394,0.005735193987275471,0.001254510099832153,0.0005021059913415103,1.879189841441342e-05,6002.0,5035.477703966447,2231.9808141342505,5.47766586692751,75.40142969105771,0.16234729591591632,0.015390918638377401,0.012130768901025824,0.7824499207017634,0.015932199665607803,0.004348812774875505,0.006710668104029164,0.0006893996078230245,BF,20HZ
BF_20HZ,-0.01373558316171875,0.04313673413361787,0.043135049072028774,0.22896458316171875,-0.36269206683828126,0.59165665,5.542233338928782e-15,9.322320693172514e-14,1.4045926439594623,8.408291508472242,11.810224401340717,-0.0163640643234375,0.08190899689349229,0.08190579726080709,0.4026972343234375,-0.3998763856765625,0.80257362,9.947598300641404e-16,1.4495071809506044e-14,1.4544487507483979,4.916590128977554,7.150928371120615,-0.01065090961171875,0.0009467691784412552,0.0009467321945478666,0.00313683961171875,-0.00308093038828125,0.00621777,-4.656612873077393e-11,-3.814697265625e-08,1.3058648674312003,3.313333619021465,4.326765971729016,496.0,1592.7878549512018,1287.0657316036522,8.15648127418122,152423.01133471032,0.6261283150967905,0.27821266469993816,0.03650910366401484,0.05093423218091577,0.005487297353612708,0.0016055639138100354,0.001051368233636069,7.145041193023546e-05,1744.0,1788.8781975884785,768.999716298399,6.515098990809853,549565.2102896811,0.09895437569689709,0.8626099084522768,0.02647097359276983,0.00486904735136833,0.005425986170482393,0.0011433746690689632,0.0004929102158146761,3.340268715916016e-05,6002.0,5156.572484823562,2117.8677091175723,5.536744377700372,73.42504740432572,0.14150472979642773,0.016816992467670985,0.012635314200270802,0.7992451383751112,0.017475681011136505,0.004647174404159189,0.007012601019019221,0.0006623687174524552,BF,20HZ
BF_20HZ,-0.0135771067765625,0.04389819697866806,0.04389648217185561,0.24419036677656247,-0.32847773322343754,0.5726681,3.9790393202565614e-15,7.844391802791505e-14,1.4115588752420534,7.483008135594047,10.562706547546895,-0.01630934271015625,0.08190561477982541,0.08190241527925661,0.4026425127101563,-0.3999311072898437,0.80257362,-1.7763568394002506e-16,-5.684341886080802e-16,1.4657637387601385,4.9161250169775785,7.2058777851852875,-0.010690132464843752,0.0009376081630012023,0.0009375715369669688,0.003229702464843752,-0.0031772975351562482,0.006407,4.656612873077393e-12,1.430511474609375e-08,1.3112302917863583,3.444753103157379,4.516864621402634,1582.0,1596.0500270264845,1269.7506911299638,8.211098237262116,157851.74208144224,0.6174986551775153,0.2899441263664867,0.037158766995340375,0.0471513171214803,0.005162687833994608,0.0017204472270821699,0.0012792254222822037,8.477241197766481e-05,1744.0,1787.659514999831,794.1699988616933,6.487923441200163,549519.8334914045,0.10353982503921542,0.8579924287225513,0.025979715905268416,0.00503595434010616,0.005422369867711703,0.001242391775311282,0.0007280151745266786,5.925405055189855e-05,6002.0,5246.493677787185,2017.0313659339906,5.425048153203012,72.01098874570546,0.12631704420761716,0.016756645121279626,0.01331329812692559,0.8147095374436758,0.016795760099242708,0.0048321573189754495,0.0065856550962314145,0.0006898956884689437,BF,20HZ
BF_20HZ,-0.0136750513390625,0.04331776556279977,0.04331607342953236,0.24428831133906248,-0.32837978866093753,0.5726681,6.536993168992922e-15,1.3187673175707459e-13,1.4276880467570787,7.581014682403583,10.823324044607375,-0.016352833478125,0.08079709490892728,0.0807939387107617,0.366774023478125,-0.375922436521875,0.74269646,-2.1316282072803005e-15,-2.6432189770275728e-14,1.4661661075357084,4.6528544407644965,6.821857484430354,-0.010782644935156249,0.0009528641414002227,0.0009528269194176934,0.003322214935156249,-0.003522845064843752,0.006845060000000001,9.313225746154785e-12,9.5367431640625e-09,1.304091171234342,3.6972560171782645,4.821558934855489,1600.0,1610.808006497745,1290.4197348005414,8.150466164195697,153705.0404380877,0.5812437167160692,0.32611639382802243,0.033600142461628985,0.050123269989100265,0.005431176873388911,0.0018611137458859335,0.0015143832077185086,0.00010978766067910636,1744.0,1791.590018560055,798.5278955835889,5.627291320500897,534745.9538588774,0.10375770315955869,0.858474636706142,0.024708606009815347,0.00529415767483272,0.005439454529918362,0.0013119494143468704,0.0009761177924924737,3.7363325029096954e-05,6002.0,5034.974398350842,2224.9326833178625,5.474345762056412,74.37345974512877,0.16132174658747014,0.01633538385671315,0.012067715173720142,0.7843185373685042,0.01460468280905609,0.004621445413572536,0.006046963423488859,0.0006835057340273709,BF,20HZ
BF_20HZ,-0.01390439213125,0.0404207401200265,0.04041916115402578,0.23254104213125,-0.32194906786875,0.5544901099999999,-4.547473508864641e-15,-1.1823431123048067e-13,1.4302976906677962,7.965258522657845,11.39269087081136,-0.01648848688828125,0.081129533944446,0.08112636476012695,0.36690967688828124,-0.37578678311171876,0.74269646,1.2434497875801752e-15,1.6484591469634323e-14,1.4757434938414218,4.632116627168079,6.835815975342226,-0.010722177475781249,0.0009621604671981769,0.0009621228820708281,0.0031723474757812484,-0.0035833125242187517,0.00675566,-1.862645149230957e-11,-1.9073486328125e-08,1.3020117890991092,3.7243813521842624,4.849188432684883,1600.0,1631.0433703082451,1321.6617707617677,8.123186299573469,133833.40778613577,0.5699441844462683,0.33119610535169747,0.036232676536838385,0.05333964237002111,0.00551537680990404,0.002175487445393057,0.001504067172920081,9.245650742843314e-05,1744.0,1788.8568200453824,775.878895693643,5.556153724251494,539155.4224946212,0.10001584230571359,0.8641777901756651,0.023342099419678308,0.004888772426124421,0.0055318535460290655,0.0012559343228328167,0.000756574781901817,3.1123356876550684e-05,6002.0,4947.532200947282,2309.0694990477355,5.469275607694111,75.83174166246789,0.17643200269731057,0.015837035672480734,0.011583567450908917,0.7687660961275394,0.015654092757330446,0.004563732864918686,0.006497155616941263,0.0006663167879344973,BF,20HZ
BF_20HZ,-0.01394463808359375,0.0419078449526478,0.04190620789547994,0.22539053808359374,-0.34226669191640624,0.56765723,7.247535904753022e-15,1.432454155292362e-13,1.4538864680193508,8.167446044316412,11.874539282393165,-0.01661179990625,0.07945199278970304,0.07944888913561526,0.32512522990625,-0.42549504009375,0.75062027,-7.460698725481052e-16,-6.679101716144941e-15,1.4637510138508514,5.355581993879055,7.839238573400501,-0.01059698883984375,0.0009686036591563056,0.000968565822336855,0.00314549883984375,-0.00359675116015625,0.00674225,-9.313225746154785e-12,9.5367431640625e-09,1.297549481473438,3.713481390211458,4.818425857304945,496.0,1605.1896650645233,1305.6730999118618,8.22410026369672,143862.1927324793,0.5810284160478887,0.32470187640393744,0.03329415231625072,0.05196354125914726,0.00547825019723395,0.002130779138326522,0.0012989548338384462,0.00010400452084272603,1744.0,1792.8963378107503,802.4030460681129,6.333568984391599,517089.38354669436,0.10583517698228151,0.8562459600391851,0.024224701779535937,0.005618167929266442,0.005898606151312039,0.0014092890567283085,0.000676401251222675,9.16083729305093e-05,6002.0,4962.06359900497,2298.0560863747532,5.464858738348899,76.85077124826017,0.17432157228773515,0.0151325681054237,0.01177335000225254,0.771546190567237,0.015577614439944947,0.004584670103304215,0.00637849261521179,0.0006855119998662022,BF,20HZ
BF_20HZ,-0.013862793188281248,0.04126673226899067,0.041265120255776166,0.22530869318828123,-0.34234853681171873,0.56765723,-1.0160761121369432e-14,-2.5920599000528453e-13,1.4424437641813301,8.296317439072567,11.966971355949047,-0.016438551065625,0.08020284106053789,0.08019970807586667,0.32495198106562495,-0.425668288934375,0.75062027,1.3500311979441904e-15,1.6058265828178263e-14,1.463742807203857,5.307603969410925,7.7689671338087525,-0.010656517715625001,0.0009673869119711445,0.0009673491226818092,0.003205027715625001,-0.003537222284374999,0.00674225,-2.7939677238464354e-11,-9.5367431640625e-09,1.2963538111403883,3.6566139336665175,4.7402654136779,1582.0,1629.6717416950978,1377.6531688860553,8.250098431373704,139494.20747698002,0.5957924426988409,0.29689086872857634,0.035508720840248725,0.062439034217603315,0.005920274926154095,0.002166303194726936,0.0012100998918168234,7.225533547294106e-05,1744.0,1791.978299830548,780.2411885494924,5.481062853648616,526908.8834216432,0.10227500728079796,0.8594726261905384,0.02512174820251531,0.0055302214797325,0.005902765947128686,0.0011916858591252476,0.000482042897225484,2.389269753816397e-05,6002.0,4952.24468230407,2301.7223373168886,5.429270398510662,76.65781352595101,0.17553589283381518,0.015192345299834225,0.011854252607631054,0.7711201998104503,0.014964533546820863,0.004541511516153144,0.0062077098217577864,0.0005835543183978046,BF,20HZ
BF_20HZ,-0.01388640293125,0.04083508754449533,0.04083349239273221,0.22682975293125002,-0.34977938706875,0.57660914,-3.552713678800501e-15,-9.43600753089413e-14,1.4501857251573422,8.565992438169209,12.422279955942944,-0.016468963940625,0.08146284140259465,0.08145965919819871,0.35852380394062505,-0.38715416605937497,0.74567797,6.750155989720952e-16,5.968558980384841e-15,1.465969191647189,4.752710358296997,6.967326962171402,-0.010484822687500001,0.0009627075762494402,0.0009626699697502266,0.003240442687500001,-0.003442207312499999,0.00668265,3.725290298461914e-11,1.9073486328125e-08,1.3017618463892795,3.575687844316389,4.654694015164197,1600.0,1661.182106465058,1393.9737465298274,8.366597922867022,136591.2865675089,0.5656800222291278,0.32476754382657147,0.033318412701510564,0.06620207731517602,0.0063865796926945596,0.0023581659773676896,0.001209522149986718,7.76729649387186e-05,1744.0,1788.5138003331042,763.6827533123309,5.452059799079367,543594.5855070475,0.09561437287049568,0.8682670195276039,0.02338764362155531,0.005385288809289167,0.0057778849126010985,0.0011052279036999535,0.000442462873076041,2.0094680768657894e-05,6002.0,5035.3219832073155,2234.218888726637,5.392385952287507,75.91800594069181,0.16167846037067335,0.015197558142342166,0.012407662982742977,0.7832234068866184,0.01564185666165993,0.004723839555396113,0.006529617994558291,0.000597596765447639,BF,20HZ
BF_20HZ,-0.013830475910156247,0.041570174455048764,0.04156855058839235,0.22677382591015624,-0.34983531408984375,0.57660914,-8.526512829121202e-15,-2.1600499167107045e-13,1.4506658345999424,8.415865098243678,12.208607966917889,-0.0165295854140625,0.08149061093938446,0.08148742765021981,0.35858442541406255,-0.41597867458593746,0.7745631,-1.2612133559741778e-15,-1.5916157281026246e-14,1.462040744781349,5.104820296529639,7.463455268404731,-0.010451908703906252,0.0009601987251044251,0.0009601612166091236,0.003207528703906252,-0.0031592412960937486,0.006366770000000001,2.7939677238464354e-11,3.814697265625e-08,1.310595539153785,3.3406147270697404,4.378194763888894,1582.0,1596.1530008293055,1301.801223158788,8.295179970071239,141553.20514702416,0.5838948090832612,0.3234480713294908,0.031675561461747395,0.052089175544941274,0.005515790770038779,0.002162480062364415,0.0011315184519546991,8.259243083702419e-05,1744.0,1790.5056277413169,754.7177028311097,5.9201719510615645,543965.2551008271,0.09550858948704415,0.8690119279547164,0.023343693555399305,0.004807023474366653,0.005666220589858142,0.0011453602088779054,0.0004978357065660273,1.9348155663809884e-05,6002.0,5115.805511772688,2164.3890523922873,5.3757932929909,75.52283158122519,0.14799912018003938,0.015655285757646974,0.01203368645061696,0.7962790012663461,0.015762681635281047,0.004766320417197673,0.006861248001145435,0.0006426490888585914,BF,20HZ
BF_20HZ,-0.013704483711718752,0.04293478322625359,0.0429331060535259,0.23925173371171876,-0.3357690562882813,0.5750207900000001,1.0800249583553523e-14,2.97859514830634e-13,1.4395801813476297,7.820749233979203,11.258595600788352,-0.01621949776875,0.08049207101985689,0.08048892673691971,0.33408865776874996,-0.41628876223125,0.75037742,1.6342482922482305e-15,1.6484591469634323e-14,1.4475882386733698,5.172000411767564,7.48692696658157,-0.010734980999218751,0.0009686670923639554,0.0009686292530665967,0.003380340999218751,-0.0032888990007812497,0.006669240000000001,0.0,0.0,1.3086290913063867,3.48981923168959,4.566878974704286,496.0,1597.2626737246449,1306.8417705619129,8.366072237615832,150999.17069880347,0.5886575731206747,0.3168246999959419,0.033687198290644184,0.05229888459535097,0.0051712266851886715,0.0020494679400314235,0.0012031858444758344,0.00010776348312261466,1744.0,1794.8273218473785,786.4686404134764,5.66798409188759,530716.0439476176,0.09600714217468226,0.8661159461095883,0.02485698852565172,0.005217985569051275,0.005882879523088025,0.0011879677755307445,0.0007067355288763882,2.435291539745351e-05,6002.0,5006.98031251134,2264.0185806791087,5.520227796127975,76.86083625528346,0.16698379578849207,0.015623745855859293,0.011144904365080664,0.7784730152379983,0.01534676515368723,0.004859274682741198,0.0068867403898698705,0.0006817581574305007,BF,20HZ
BF_20HZ,-0.013804125828125003,0.042525926578254485,0.04252426537680155,0.23935137582812502,-0.335669414171875,0.5750207900000001,9.094947017729283e-15,2.296474121976644e-13,1.449062253803498,7.893597013132664,11.43831347873556,-0.0160627377984375,0.08035792103800887,0.0803547819954077,0.33393189779843746,-0.3512922822015625,0.68522418,1.794120407794253e-15,1.9468870959826747e-14,1.4542871680041338,4.371765730349031,6.357802803245939,-0.01074615658125,0.0009545758357265017,0.0009545385468796067,0.003121826581249999,-0.0032777234187500014,0.00639955,-2.7939677238464354e-11,-3.814697265625e-08,1.3020630248191518,3.433830331976715,4.47106351345336,1600.0,1621.0920823581632,1312.335524151139,8.339089247626289,148137.01293384083,0.5801530157991738,0.32262338322814293,0.03355141489537447,0.05532896755579284,0.0052943194335851075,0.0017658147196768952,0.0011841390165562029,9.894498847994532e-05,1744.0,1786.4294831798245,777.8217776775915,5.693522625285978,528948.5110617424,0.09735267094900432,0.8656576853842862,0.024200674517620868,0.00524177982074235,0.005959553123277564,0.0009603025325835933,0.0006043553483006236,2.297378882401039e-05,6002.0,5103.000875984902,2171.8481022819415,5.462073250065068,74.64090351938466,0.1509709589782585,0.01602993637862922,0.012425876999820437,0.7923176552990672,0.015630747929095384,0.005135551600384804,0.0067870840396737605,0.0007021793136916304,BF,20HZ
BF_20HZ,-0.0138491283859375,0.039937470518168296,0.03993591043025512,0.2241551783859375,-0.3015034016140625,0.52565858,-8.100187187665141e-15,-1.432454155292362e-13,1.4244324214992792,7.549681436036483,10.754011009750885,-0.01618328755078125,0.078900273551427,0.0788971914492929,0.31364539755078125,-0.35117173244921873,0.66481713,9.592326932761353e-16,1.5489831639570185e-14,1.4596298725222105,4.451004224535232,6.496818728936527,-0.010621484672656249,0.0009284519269087206,0.0009284156585469454,0.0034977946726562487,-0.0032593553273437513,0.00675715,-1.1641532182693482e-11,-1.430511474609375e-08,1.3113263586285078,3.767487802137166,4.94040606607518,1600.0,1662.6580535477601,1370.6531590139969,8.343313725119874,130652.31915841474,0.5573615361039612,0.3330272966147818,0.04024170505436894,0.0597822121951506,0.005856871280698815,0.0023850211708221526,0.0012590721902792277,8.628418811055277e-05,1744.0,1792.0922424472974,789.753484463771,5.628920626484287,509932.89800403995,0.09849943739781085,0.8624949973687074,0.02600186331902172,0.005348143729843268,0.006011897422009736,0.0010079854114411913,0.000616527579569293,1.9146887383750644e-05,6002.0,5397.721822410797,1847.716056611513,5.329263149949303,70.61140568443058,0.10107798650258533,0.017133388138378912,0.01384719624305066,0.8379349390465287,0.016931251480269006,0.005139700093127983,0.007230700047751995,0.0007048366822790464,BF,20HZ
BF_20HZ,-0.013780376759374999,0.042711654129771626,0.042709985673194506,0.24651390675937498,-0.346093363240625,0.59260727,-8.100187187665141e-15,-1.4665602066088468e-13,1.4574825787332468,8.103335971141185,11.81047100783726,-0.0162681770390625,0.08078123021521393,0.08077807463677505,0.33848066703906254,-0.4292909929609375,0.76777166,9.059419880941278e-16,1.1652900866465642e-14,1.471823116878243,5.31444943304187,7.821929529128329,-0.01064280820234375,0.0009360344924996121,0.0009359979279380834,0.0035191182023437493,-0.00336319179765625,0.006882309999999999,-2.0954757928848266e-11,-2.6226043701171875e-08,1.3088003428673325,3.759749988267912,4.920762078997729,496.0,1612.8786011352404,1278.3306781515348,8.155536459656327,149433.78454391446,0.567182440317813,0.33975149093941215,0.03457169105505063,0.05040036910765636,0.004998424662198272,0.001900432123891874,0.0011181019100692917,7.70482076670697e-05,1744.0,1791.1154061466766,769.5682111631847,5.5986721487026685,534535.9743423671,0.09386365009279676,0.8691376246995851,0.02478220812638729,0.005158759454952473,0.005327422910668006,0.0010564211712261041,0.000653783599397658,2.012963171106908e-05,6002.0,5308.039839568189,1959.3472684120754,5.376549272701889,71.76946670714143,0.1159440090290446,0.016750907757190212,0.013195732961459889,0.8243899486696887,0.01688769985521571,0.00484488981124551,0.007309179566606293,0.0006776282734237695,BF,20HZ
BF_20HZ,-0.013732751703125,0.04172653417663944,0.0417249042020621,0.24646628170312498,-0.346140988296875,0.59260727,7.815970093361103e-15,2.1600499167107045e-13,1.4509922053448698,8.295788688029448,12.037124723807363,-0.01631526347734375,0.07828070186496057,0.0782776439653182,0.33852775347734376,-0.42924390652265626,0.76777166,6.750155989720952e-16,7.247535904753022e-15,1.4773941499036147,5.483607895855348,8.10145022580546,-0.01063930577109375,0.0009486321373644903,0.0009485950806978473,0.0030507357710937493,-0.003475464228906251,0.0065262,-1.0477378964424133e-11,-1.1920928955078126e-08,1.3060311577961967,3.66380165358403,4.785039120610314,496.0,1577.3386902559096,1256.241047827653,8.139302772939889,142620.06894259667,0.596058416222085,0.316017538596018,0.033246568774031975,0.046891805259251754,0.005055548023979899,0.0016404724599958693,0.0010181549405577325,7.148677713355664e-05,1744.0,1778.1572269957408,762.3833830680668,6.341100292225951,501955.7515334401,0.10383221804226733,0.8605666235458305,0.0237282789111944,0.0047729311114858225,0.005558867375130752,0.0010495535956802024,0.0004764718171649581,1.5055495223003287e-05,6002.0,5175.19908609133,2102.2709825032516,5.463424599662415,73.71428993073111,0.13835083124453376,0.016127043824053486,0.01263665255049947,0.8038236449159154,0.016617868941453652,0.004877343197503971,0.0068732528416139685,0.0006933321858018672,BF,20HZ
BF_20HZ,-0.013739443553125001,0.04184322394190871,0.04184158940904839,0.22847824355312502,-0.331551666446875,0.56002991,1.0373923942097462e-14,2.1145751816220583e-13,1.4407955035689772,7.9239739962471845,11.4168261044633,-0.01630565705234375,0.07874212514954539,0.07873904922520392,0.3091934670523438,-0.40522876294765625,0.71442223,-1.874056465567264e-15,-2.1458390619955026e-14,1.4772609631348381,5.146477725219958,7.602690641206982,-0.01061242849921875,0.0009583607521173145,0.0009583233154192352,0.00329503849921875,-0.0035023415007812506,0.0067973800000000004,4.656612873077393e-12,1.430511474609375e-08,1.3070286669193203,3.6546554182441393,4.776739404341584,1602.0,1599.9978017446294,1264.8642469007334,7.924616826345617,143418.8683745325,0.5678949957729686,0.33994876487414905,0.035972953881567356,0.048394097630382764,0.004922333564401903,0.0017154145631273375,0.001079804530895687,7.163082753688585e-05,1744.0,1791.7684748240717,775.1874563412208,5.862675927220745,507890.71866263007,0.09982144892590915,0.8606128928161971,0.02740310754632466,0.00469716714848748,0.006002696066115182,0.0010063717680355167,0.0004416292338187789,1.4686040068305737e-05,6002.0,5135.001499664678,2139.3987124280625,5.4629202329922375,75.23398261770132,0.14576563581731528,0.014947357106493572,0.012973679530362128,0.7986741749807511,0.015604247475686709,0.004803805976032666,0.006488020372952509,0.0007430787401276379,BF,20HZ
BF_20HZ,-0.013826880004687498,0.042239600805202816,0.042237950788568845,0.2304073200046875,-0.3314642299953125,0.56187155,-9.592326932761353e-15,-2.0691004465334118e-13,1.4263168135287438,7.847545247795768,11.193085732123697,-0.01633618250546875,0.07900048135520407,0.07899739533862621,0.41196246250546875,-0.40519823749453127,0.8171607000000001,1.7408297026122454e-15,2.4158453015843406e-14,1.4787231344839558,5.214886652077028,7.711373536235501,-0.010571504950781251,0.0009609755756128238,0.0009609380367712066,0.0032541149507812513,-0.0033942650492187493,0.006648380000000001,-3.725290298461914e-11,-3.814697265625e-08,1.3052046594683113,3.532241326497373,4.610297842508605,1582.0,1606.8387873442286,1285.5539204068712,8.028419265454989,146148.92491941497,0.589634836965922,0.3156796679774459,0.03555391692843433,0.05131265690694435,0.004670058178378591,0.0019497489015527362,0.0011214725334248983,7.763395378510593e-05,1744.0,1793.641895675841,778.5512711328439,5.56170415935305,511229.00766493776,0.10311196390403715,0.8570314749938182,0.02738855644345524,0.005004029822137829,0.0059549267956615125,0.001036023454385114,0.00045572436871296686,1.7299517478890476e-05,6002.0,5105.923912759686,2165.321139880838,5.413969562124796,75.6450855089945,0.15032800136769991,0.015015473816684893,0.01256851723559412,0.7956924743500925,0.014715369425756379,0.004606735255142336,0.006319659473750687,0.0007537426436181923,BF,20HZ
BF_20HZ,-0.01383016776953125,0.04388626366173014,0.043884549321071976,0.23914052776953124,-0.3824472622304687,0.62158779,-3.694822225952521e-15,-7.275957614183426e-14,1.4245149540420206,8.714849944650446,12.414434068669724,-0.0164765912453125,0.08187554241828755,0.08187234409244332,0.4121028712453125,-0.38880637875468754,0.80090925,1.900701818158268e-15,2.3447910280083305e-14,1.473534134681446,5.03348079022835,7.417005760755405,-0.010670477502343751,0.0009682018639333906,0.0009681640428093725,0.0033501075023437514,-0.003478562497656249,0.00682867,9.313225746154785e-12,1.9073486328125e-08,1.3044676176239691,3.592947414127645,4.686883558396291,496.0,1611.9619233404876,1307.2155395448867,8.198297480187753,157765.93325161684,0.5769044464332493,0.32732540949041905,0.033774481924420736,0.05360109531770725,0.005006045303484223,0.001988332134865711,0.001313905232865404,8.627557012298412e-05,1744.0,1794.1523554734947,782.5114842892225,5.969460332221339,549116.3735262838,0.10017659897776618,0.8622945405680272,0.025008644297662044,0.0050071544531183525,0.005502339803289499,0.0011870069084198307,0.0007966849242212763,2.7028775380190534e-05,6002.0,5019.009974593496,2247.875396343729,5.370834452972367,76.7870250726471,0.16405127166602587,0.01569424129337135,0.012097003635964415,0.7811544591783689,0.015302991069641617,0.004598764560802582,0.006400084599562394,0.0007011821455943005,BF,20HZ
BF_20HZ,-0.01397587556640625,0.04402138661994166,0.04401966700093986,0.23928623556640624,-0.38230155443359376,0.62158779,8.952838470577262e-15,1.8189894035458566e-13,1.4402885638194074,8.684789787636205,12.508603410592167,-0.01651564273125,0.08162449651906564,0.0816213079998934,0.34139523273125,-0.39101275726875,0.73240799,-5.506706202140776e-16,-3.694822225952521e-15,1.4676287657761329,4.790572055822361,7.030781353734343,-0.0107044405390625,0.0009630927610305701,0.0009630551394847821,0.0033840705390625007,-0.0034445994609374996,0.00682867,0.0,1.9073486328125e-08,1.3064065255562844,3.5767416798207,4.672678675598841,1602.0,1625.1234512409794,1318.0090311409208,8.161433827828686,158738.93049250168,0.588244502525545,0.3129866487097492,0.03469861136999836,0.055353954572722894,0.005380322709969482,0.0018798682977727798,0.0013742107244690696,8.18787778812309e-05,1744.0,1797.3157015682816,783.1680891279949,6.672035105538567,545754.1464006572,0.09989226116297781,0.8621914250784551,0.025257268238954023,0.004970132427662613,0.005621346198030182,0.001229668244075258,0.0008117187229144223,2.617983193239461e-05,6002.0,5061.927225208501,2208.2497338253384,5.422723849998836,75.97876873719102,0.1567593085240723,0.015798673669915973,0.012797353050390212,0.7863951319147341,0.016269504729796085,0.005036215421633511,0.006244402692049757,0.0006994043404021434,BF,20HZ
BF_20HZ,-0.014002860760156251,0.04046528864300765,0.04046370793679626,0.22663778076015625,-0.2918375092398437,0.5184752899999999,5.684341886080802e-15,1.546140993013978e-13,1.4304372191333727,7.212327394426567,10.316781541817946,-0.0165113451140625,0.08134247022490068,0.08133929272259571,0.4090741851140625,-0.3910170548859375,0.80009124,-1.9539925233402757e-15,-2.5295321393059567e-14,1.4777473741006124,5.029232138815908,7.4319345869689855,-0.010642993986718752,0.000959308495585694,0.0009592710218656623,0.0031944839867187515,-0.0035596860132812488,0.00675417,1.862645149230957e-11,4.76837158203125e-09,1.3055897714084064,3.7108240824863863,4.844813970640726,496.0,1680.5419891440192,1406.154240913345,8.294942828783984,134128.57129100757,0.5728124570182201,0.3121747944917638,0.04136060684425992,0.06289241860063263,0.006610695151656689,0.002406304008778679,0.0016345095324935153,0.0001082127974099583,1744.0,1799.8263994328993,780.8370386771253,5.8885198387664905,541989.3181667133,0.0962914994092503,0.8643526521253413,0.02673602343446627,0.005280147209076282,0.005417477744028838,0.0011711490201052554,0.000726038551953494,2.5011473398876426e-05,6002.0,5076.887490423152,2190.9701779258103,5.465075156614908,75.3828573947286,0.15442445509051547,0.015623751774885843,0.012264323943586033,0.7903972365737978,0.01570853366671306,0.004972481637390166,0.006019083722823144,0.0005901280685381637,BF,20HZ
BF_30HZ,-0.0137411652625,0.10723804217809826,0.10723385311025635,0.5667561552625,-0.5884483147375,1.1552044700000001,1.2434497875801754e-16,1.9895196601282807e-15,1.363200765167172,5.487523740539083,7.48059656204566,-0.0164530092984375,0.1634404145488159,0.16343403003292256,0.6699997592984375,-0.7391379107015625,1.40913767,6.084022174945858e-16,3.694822225952521e-15,1.3581981708051416,4.522545950486237,6.142513637370192,-0.010674191909375002,0.0008622737244267682,0.0008622400412015194,0.002973871909375002,-0.0031008580906249986,0.00607473,9.313225746154785e-12,0.0,1.287056922539888,3.596281706782852,4.628619271486566,836.0,1558.4340452706542,1324.9597234425742,6.559272053102286,942006.2112337314,0.6375384302829226,0.25621356965281633,0.0390520460357082,0.06052916871633029,0.004674184057726457,0.0012484368655483514,0.0007063394647519764,3.782399330151192e-05,1818.0,1815.988733161789,903.2148446052572,5.792983823781702,2188139.084133012,0.13142946804171607,0.810170376901936,0.04233183803333752,0.009232445253168717,0.0049029848785956546,0.001351584533867166,0.0005673956182418482,1.3906248261283488e-05,6002.0,4916.438674103199,2345.2349891635954,5.855257732386534,60.904070244060634,0.18207145084236354,0.019810966878191724,0.0153269685683991,0.7480502451174047,0.019338519310108975,0.006136109239404527,0.00841768192305627,0.0008480579320857118,BF,30HZ
BF_30HZ,-0.013617131072656252,0.11101555642655991,0.11101121979668556,0.5666321210726563,-0.5885723489273438,1.1552044700000001,7.904787935331115e-16,7.176481631177012e-15,1.3705632210960434,5.3019176800326875,7.266613373597121,-0.0164644815234375,0.16257811255543936,0.16257176172387555,0.6662400415234375,-0.8156617784765625,1.48190182,-3.241851231905457e-16,-2.2382096176443156e-15,1.3443650062042944,5.017241431245164,6.745003807885838,-0.010638643768750003,0.0008493158050695561,0.0008492826280229186,0.0029383237687500025,-0.003136406231249998,0.00607473,9.313225746154785e-12,9.5367431640625e-09,1.292647471888091,3.6930064551754294,4.773755463569846,836.0,1542.2224310629488,1319.3946499291858,6.481119337906994,1009540.3766010156,0.6444134339226184,0.2589789408840028,0.03389744354495997,0.05391355129758676,0.005402988686281657,0.0018601279504769153,0.0014742895699950285,5.922340446204036e-05,1728.0,1835.6862336100812,997.0835055024372,5.756674507812393,2165111.0063684797,0.13862634948651623,0.7988715045528283,0.04174956033215111,0.009807486680660739,0.007099724308103382,0.0029612481544418626,0.0008278014139583049,5.632473426182671e-05,6002.0,4996.194768640517,2277.235611681116,5.842922465094945,59.08733863276238,0.16798079497906263,0.02133924851402735,0.015718541505696876,0.7598391159307776,0.019603511947493622,0.00610215992672577,0.008499239179036444,0.0009173688624996229,BF,30HZ
BF_30HZ,-0.013941615829687502,0.10953464846119912,0.10953036968042203,0.5170788458296874,-0.5627375541703126,1.0798164,1.6786572132332366e-15,1.3073986337985844e-14,1.3615834607729822,5.137730802946073,6.9954492872591345,-0.016309521422656247,0.16014169401204184,0.1601354383549363,0.6660850814226563,-0.8158167385773437,1.48190182,-7.149836278586009e-16,-4.192202140984591e-15,1.3530699829351789,5.094542138536576,6.893272044495281,-0.010746891919531251,0.0008300652868278426,0.0008300328617692616,0.002952701919531251,-0.003068388080468748,0.006021089999999999,-1.862645149230957e-11,-4.76837158203125e-08,1.3017089437689064,3.6967067427084754,4.812036235271848,836.0,1550.3741453833816,1351.8515344464406,6.529678368319324,982786.2030280824,0.637812898513423,0.2613759487307757,0.034890547503993286,0.05682197574285828,0.005183544537528724,0.002313406301973221,0.001530739544765765,7.093744045874282e-05,1728.0,1835.3085516181459,1041.0967448723372,5.838532204796862,2100703.9392955257,0.14349271752679674,0.7915764663386395,0.04207773743827029,0.010144273807078679,0.008407161427251963,0.0033189083565727893,0.0009236433991700758,5.9090391963340154e-05,6002.0,5159.979453813825,2126.6279350832283,5.857301727929724,56.43915698283466,0.14057966327055035,0.022633719151302464,0.01699100112082053,0.7823413272368446,0.020754387391889974,0.006881820868269496,0.008876177148627935,0.0009418997584391944,BF,30HZ
BF_30HZ,-0.013976151214843751,0.10751046242560029,0.10750626271613462,0.5469729812148437,-0.5498622087851562,1.09683519,-3.9968028886505636e-16,7.105427357601002e-17,1.3544821448470181,5.11469931972175,6.927768904888742,-0.01653004382421875,0.16347287560324342,0.16346648981931539,0.7986652938242187,-0.8031621461757813,1.60182744,-3.730349362740526e-16,-2.6290081223123707e-15,1.3618883423297363,4.913313713768664,6.691384669031301,-0.010965241990625,0.0008565841011354069,0.0008565506401654089,0.0031144319906249995,-0.002908148009375,0.00602258,1.862645149230957e-11,1.9073486328125e-08,1.2959227757757477,3.636016180418187,4.711996186794199,836.0,1569.939714697271,1330.1002405331174,6.625189628195508,946798.3071802557,0.6251831494081099,0.26939613471981333,0.03884469762328103,0.05921669131930856,0.0049021678709623585,0.0014979617889828464,0.0009099393575966104,4.925791092030682e-05,1818.0,1827.6756967117876,951.7717588119688,5.8919320490988,2189008.3513147375,0.13555081554301995,0.802904340026091,0.04343524638418234,0.009242291037677229,0.00614660284137909,0.0020039779401259472,0.0006967429471872793,1.9979001978231997e-05,6002.0,4902.695778677161,2352.4141333648677,5.8802277704073616,60.102983638149816,0.18278807880763437,0.021765668800852088,0.016493361986052103,0.742866487379187,0.020276369807287097,0.006402104067125571,0.008573416241605883,0.0008345120342117825,BF,30HZ
BF_30HZ,-0.01370735369453125,0.10906663382990574,0.10906237333130726,0.5467041836945312,-0.5945643063054687,1.1412684899999999,-6.572520305780927e-16,-6.394884621840902e-15,1.3624200533802848,5.451598824957374,7.4273675621744255,-0.01642463783046875,0.1676478459618335,0.16764129708994044,0.7985598878304687,-0.7880740321695312,1.58663392,4.3520742565306136e-16,2.877698079828406e-15,1.3556258018367413,4.7635033949735766,6.457528109401614,-0.01111873189609375,0.0008578980492199077,0.0008578645369228103,0.0028849918960937495,-0.0030615981039062504,0.00594659,-3.725290298461914e-11,-3.814697265625e-08,1.294997453576747,3.568859614268995,4.6216641180386455,836.0,1570.0342198171056,1303.3643814414775,6.633608760862282,974405.75180211,0.6178245519330412,0.2797211900811264,0.0385580938977935,0.05694834482581074,0.004806067463306408,0.0012397264226283837,0.0008350889510433586,6.690518911910037e-05,1728.0,1831.5612398250303,917.7002356213038,5.638197122297507,2302247.2805436472,0.12578513136895084,0.8131392121636526,0.04442663445368136,0.008833085683105932,0.005651717679620059,0.0016040011219135642,0.0005448830736997337,1.5333827261536506e-05,6002.0,4957.812509148276,2303.2044794998924,5.815604903164888,60.287513937066116,0.17374227134117212,0.021144734262204156,0.016346230934864446,0.7536998766926468,0.019724025636821716,0.006165176550107796,0.008366209000953835,0.0008114676870309843,BF,30HZ
BF_30HZ,-0.0137756650015625,0.1082253234691147,0.1082210958348441,0.5082351450015625,-0.5944959949984375,1.10273114,-5.506706202140776e-16,-6.394884621840902e-15,1.3598888613580558,5.493346656738745,7.470340930146563,-0.015937426224218752,0.16004201761049408,0.16003576584707402,0.5940112262242188,-0.6360895237757812,1.23010075,2.886579864025407e-16,2.0250467969162854e-15,1.3524017325720024,3.9746710393452735,5.375352000047898,-0.0109496149171875,0.0008800982311355115,0.0008800638516268699,0.0030704949171874996,-0.0032307150828125002,0.00630121,0.0,3.814697265625e-08,1.2881536386827397,3.6710007724658373,4.728813008032278,836.0,1553.0379300514037,1308.6916325030797,6.41057080324044,959431.1136373532,0.6294477073929012,0.2673493207919666,0.039475267487585675,0.05704167097670774,0.0044276303183549215,0.001564284917057581,0.0006561233981797046,3.7994256350775496e-05,1728.0,1820.3839063457378,942.823769248953,5.697210401621299,2098089.6850354197,0.13770719069867918,0.7985571334840461,0.04672833188857765,0.009192868949311676,0.005791544269774212,0.0014468425272922071,0.0005628951484673907,1.3193012725949137e-05,6002.0,4713.96128915615,2492.67511949535,5.888621381172505,63.44805512090312,0.21574821575040884,0.01860956232063455,0.015129512820969167,0.7183990342714643,0.017462350922767985,0.005817876733994812,0.008082754947709114,0.0007506698379050169,BF,30HZ
BF_30HZ,-0.0139023013890625,0.1095674095551524,0.1095631294946201,0.5747159713890625,-0.5855976986109376,1.16031367,2.3980817331903383e-16,3.9790393202565614e-15,1.3644209203590638,5.34484275236358,7.292615267420949,-0.016453270769531247,0.15999977946862992,0.1599935293551695,0.6667786907695313,-0.8193890392304687,1.48616773,-6.661338147750939e-16,-3.9790393202565614e-15,1.346969462942777,5.1213886119505885,6.898354068203456,-0.010743897834375,0.0008625701222019613,0.0008625364273984483,0.0028647778343750003,-0.0029119521656250005,0.005776730000000001,-1.862645149230957e-11,-2.384185791015625e-08,1.2910592730123485,3.376033834341227,4.358659792882981,836.0,1550.5079407010717,1326.3207268766369,6.504783772552451,983374.195305515,0.6442091333209755,0.25042167942201365,0.03919033777496524,0.059126186640725484,0.004704874271344406,0.0015592540655319652,0.0007181235516047985,7.037964962455204e-05,1818.0,1806.9990470072191,945.9257103379348,5.739038501813429,2096982.3887666492,0.1467382070311493,0.7915857144337882,0.04452246593390617,0.00958237024368968,0.005219593131342024,0.0016180238989369333,0.0007126708310170191,2.0945522737332136e-05,6002.0,4939.339514776625,2327.000819442361,5.784704030949986,60.945947876340746,0.17735297573595032,0.020183706311513696,0.015629933790209452,0.7517711223106536,0.01976196826360043,0.006272776515860477,0.008229110813154186,0.0007984016941102737,BF,30HZ
BF_30HZ,-0.013868215360937502,0.11273207058797831,0.11272766690545986,0.5746818853609376,-0.7122982146390625,1.2869801,1.056932319443149e-15,7.673861546209083e-15,1.3661363633719579,6.318752389598548,8.632277410650607,-0.01667859043984375,0.16864417775588803,0.16863758996402411,0.7192701904398437,-1.0691261095601563,1.7883963,-1.509903313490213e-16,-6.750155989720952e-16,1.3522478066821473,6.3397852743382765,8.572960732110548,-0.010640263678125,0.0008477709446256319,0.0008477378279262843,0.002750713678124999,-0.0030155863218750013,0.0057663,-1.862645149230957e-11,9.5367431640625e-09,1.303054856131215,3.5572157086518597,4.635247208932831,836.0,1567.72183271421,1337.0712092094577,6.5173521448961536,1041000.6112937906,0.639772020819414,0.2543688415825425,0.038773076415177944,0.058981620822143706,0.005726261593735292,0.0013949166825657443,0.0009249852369180171,5.8259946638169984e-05,1728.0,1840.3831635200008,998.8083597165527,5.93794134006242,2329693.132431605,0.13600019652049652,0.7962230474598114,0.046714362755117596,0.011400972804960968,0.0063867603878619734,0.0022440542873587974,0.0010070420568453532,2.3555173786293628e-05,6002.0,5118.328219408973,2168.468350512183,5.793389986478829,58.87258015258549,0.14693463578669738,0.022138188301459517,0.016750369755148743,0.7769260932127491,0.0209721904119044,0.006654387088227689,0.008705201482368537,0.0009189317529652467,BF,30HZ
BF_30HZ,-0.013938719482031252,0.10930208968903798,0.10929781999276537,0.5471963194820313,-0.7805173405179687,1.3277136600000001,1.4788170688007085e-15,1.3571366253017913e-14,1.3593327937837587,7.14119769783598,9.707264217650346,-0.0162702266140625,0.16519473541605967,0.16518828237066896,0.7188618266140625,-1.0695344733859375,1.7883963,2.9309887850104134e-16,1.9184653865522706e-15,1.3455379676686867,6.474638866814507,8.71187242229502,-0.01056591954609375,0.0008539685857356526,0.0008539352269362205,0.00282089954609375,-0.0028247104539062505,0.0056456100000000006,1.3969838619232177e-11,0.0,1.2963347717304938,3.30787436973759,4.2881125710285195,836.0,1561.8600475700039,1351.276286134262,6.29677671799526,978617.4238263123,0.6357590819015086,0.2579893634910021,0.04016334273082458,0.057150852667394086,0.00636504529668996,0.0015159391672677298,0.0010057137071103049,5.065781179529584e-05,1728.0,1854.7817668087844,1037.118402573102,5.798206058710372,2235364.9204662237,0.134704402457344,0.7952791298573044,0.046234961598848566,0.01250108100068766,0.007424124361908681,0.0026110948147214552,0.0011740303622899692,7.111641924577091e-05,6002.0,4964.1281744655935,2299.136358490114,5.835241905623804,59.73650420595657,0.17217188147462212,0.021817560068883655,0.01657391908039829,0.7542527204883553,0.019678995269090074,0.005943524673137273,0.008682881798679851,0.0008785121955259993,BF,30HZ
BF_30HZ,-0.0138918363125,0.10600097871189992,0.1059968379677935,0.5239605463125,-0.7805642236875,1.30452477,-1.9984014443252818e-16,-3.4106051316484808e-15,1.3594788131518265,7.364033103679052,10.011246983894809,-0.0163500128390625,0.156727294411606,0.15672117213208994,0.6338149728390624,-0.6591385171609375,1.29295349,6.483702463810914e-16,4.121147867408581e-15,1.3431208081525061,4.205803901218831,5.648902734772043,-0.0107239530203125,0.0008724440497976908,0.0008724099692863476,0.0034602030203124993,-0.0030749369796875,0.006535139999999999,0.0,-3.814697265625e-08,1.292167560261244,3.9662579958557456,5.125069923746182,836.0,1547.5693163250407,1336.9880127669767,6.357862876273136,920398.2265719459,0.6444899492266344,0.2512370943680716,0.04041690532222961,0.05541370007652464,0.005634805532308936,0.0018278289951622927,0.0008820630500605068,9.760802977948387e-05,1728.0,1828.767633150545,979.4775607213927,5.749011021449766,2012080.196143788,0.14177870133499654,0.7931438534694137,0.04533254761049295,0.010477057924004841,0.006556343845807447,0.0018791033852862424,0.000793294654447264,3.909473199484665e-05,6002.0,4729.964091799412,2472.8533980831535,5.93351952458524,62.34924273801334,0.21187154762308733,0.019398375061959225,0.01585290358794434,0.7207994081213001,0.018077971458280842,0.005476620047899714,0.007703356229351059,0.000819817852927341,BF,30HZ
BF_30HZ,-0.013773743691406248,0.1076500319621721,0.10764582680066491,0.5238424536914063,-0.5980321763085937,1.12187463,-1.5454304502782179e-15,-1.4139800441625994e-14,1.3587466782206996,5.555553745808046,7.548590197863373,-0.0164983818375,0.16118587849520796,0.16117958204884938,0.5860568218375,-0.6669273381625,1.25298416,3.1086244689504386e-17,7.105427357601002e-17,1.3580347602312706,4.137790467506199,5.619263285461881,-0.0107929092890625,0.0008557534312157314,0.000855720002694411,0.0035291592890624992,-0.0030074707109374998,0.006536629999999999,0.0,-3.814697265625e-08,1.294739269759328,4.124198655899143,5.339761962321339,836.0,1561.2271880364497,1328.8607846349041,6.369076028576161,949258.1664497973,0.6371330228099935,0.2574449458037286,0.04025874835162189,0.05716111077508053,0.005223989534118855,0.0019308861914510078,0.0007888759626107658,5.840770048601341e-05,1728.0,1821.2392991044717,949.9521974827546,5.807309926621637,2128188.047900441,0.13941208453489748,0.7961452634972013,0.04735840455487673,0.009054583959066902,0.005768331927647071,0.0015794559024762322,0.0006279123656925116,5.3937302002916e-05,6002.0,4916.500777356281,2336.4294420178558,5.857581167123689,59.98647081958017,0.18129951029367977,0.019678300371358343,0.01598424807052172,0.7492391903659421,0.019135829957885816,0.00627995260716142,0.00744970241437363,0.0009332635687777037,BF,30HZ
BF_30HZ,-0.013792467682812498,0.10719214864879235,0.10718796137370146,0.5024334876828125,-0.5876967223171875,1.0901302099999999,3.019806626980426e-16,2.842170943040401e-15,1.3509792565504832,5.4828612726643,7.407231845982558,-0.01634736905703125,0.16224667508197238,0.16224033719743777,0.5859058090570313,-0.6670783509429687,1.25298416,4.574118861455645e-16,2.877698079828406e-15,1.3496068723480639,4.111667680566137,5.549134958537686,-0.01063357369453125,0.0008539646382601265,0.0008539312796148957,0.0029421936945312503,-0.0031668063054687487,0.006108999999999999,3.725290298461914e-11,5.7220458984375e-08,1.293359712089593,3.7085025192992185,4.796427756261245,836.0,1521.7039283172148,1309.9340206996353,6.021747776698626,941200.1031119063,0.6460335716384071,0.25455545858127643,0.037921844901925884,0.053666916441830574,0.005311698778920054,0.0016756559651968856,0.0007890798248017062,4.577252026943127e-05,1820.0,1797.82196479235,950.7960209154116,5.809505525053008,2156292.262946133,0.1466516455051997,0.793859373119425,0.04273629151233224,0.008512537975894104,0.0059686818416820175,0.0016044370873217568,0.0006355946591193719,3.143647709574305e-05,6002.0,4941.510840908381,2326.063273805042,5.825680785038185,59.73595179896953,0.17727328699080871,0.02054723244324316,0.015031865122030523,0.7521327128936882,0.01931946293673232,0.006574936030993503,0.008143596989284333,0.0009769064456935962,BF,30HZ
BF_30HZ,-0.013775803109375,0.10600379457354946,0.1059996537194463,0.540307563109375,-0.6151800368906251,1.1554876,2.220446049250313e-16,3.3395508580724707e-15,1.3570712509741536,5.803604212831148,7.875904429339936,-0.0164027663578125,0.15765430728249957,0.15764814879083597,0.6260705463578125,-0.7452703236421876,1.37134087,4.2188474935755947e-16,3.4106051316484808e-15,1.3598703977507642,4.727428322842332,6.4286898337626095,-0.010563067360156251,0.0008558437126958431,0.0008558102806478335,0.0029983373601562505,-0.0031464226398437486,0.006144759999999999,3.725290298461914e-11,3.337860107421875e-08,1.2922163030535991,3.6765422282441143,4.750887811753384,836.0,1516.223948607194,1289.1576894793075,6.287755122227919,920447.1090484558,0.6420966955141074,0.2606214052652773,0.03779089940276875,0.05267029715283299,0.004597542624758243,0.001437436479087207,0.0007372224513387712,4.849479363675511e-05,1728.0,1799.3933158052262,935.7238186691953,5.73828376532599,2035952.7686863053,0.1448948671835253,0.7961798790805833,0.04254290878877686,0.008733415329610616,0.005597155303266797,0.001402772545877418,0.0006055405744633876,4.344077778559555e-05,6002.0,4969.475312754281,2308.0310746735345,5.859315853755758,59.999128762999916,0.17261665364644174,0.021005584397626873,0.016172831792489597,0.7545253738704659,0.01962017655800005,0.006156852588900266,0.008952912277781834,0.0009496058018123703,BF,30HZ
BF_30HZ,-0.01383887184921875,0.10841405482298153,0.1084098198162484,0.5403706318492187,-0.6175366781507813,1.1579073100000001,4.263256414560601e-16,2.6290081223123707e-15,1.3620557182235757,5.696316802221351,7.758700873350193,-0.016383801115625,0.1608057861363668,0.160799504537656,0.666552761115625,-0.7452892888843751,1.4118420500000002,-4.662936703425658e-16,-2.5224267119483555e-15,1.3631106690542008,4.634897918514471,6.317878802743475,-0.010505631352343751,0.0008647007553647723,0.0008646669773317758,0.0029409013523437506,-0.0029907886476562492,0.00593169,-1.3969838619232177e-11,-1.9073486328125e-08,1.2857151747069713,3.4588907898697077,4.447148381332857,836.0,1551.4686341886368,1306.457045709433,6.295095871545695,962780.2980657785,0.6258490162416531,0.2743794233543091,0.038091047580191016,0.0537211713288366,0.0052951587198314595,0.001670514606369409,0.0008936649834787418,9.997718586332455e-05,1728.0,1828.164003704491,980.4340517927011,5.900429706537494,2118162.89789349,0.1377452411284988,0.7990072230245855,0.04364938201777244,0.010040903242265932,0.0064678783203190645,0.002051925878644068,0.000996552191891345,4.08920595558735e-05,6002.0,4847.150166357927,2398.0620067648047,5.973843002030486,61.24740458486967,0.19345662586720033,0.021015116954230945,0.01585570533851335,0.7334318802344612,0.020756530316631994,0.006096255107054976,0.0085255002308209,0.0008623857883521442,BF,30HZ
BF_30HZ,-0.013915956421875,0.10909550333473246,0.10909124170839693,0.722197886421875,-0.873376073578125,1.5955739599999998,-1.3322676295501878e-16,-1.9895196601282807e-15,1.3624817195930694,8.005922931051337,10.9079236421284,-0.016207316375781253,0.16764768117247797,0.16764113230702213,0.6695171963757812,-1.4467715236242187,2.11628872,5.3734794391857575e-16,2.877698079828406e-15,1.3520724643723123,8.630170315039004,11.668615645877166,-0.010629083672656253,0.0008799185375371293,0.000879884165047906,0.0029093936726562524,-0.0033039063273437464,0.006213299999999999,3.725290298461914e-11,7.62939453125e-08,1.2850348908420757,3.754933268300072,4.8252202680331875,836.0,1563.552026962739,1390.3805159398976,6.382823319683781,974921.6483193273,0.6363894698997634,0.25967311886115246,0.04029314745505797,0.05147346716648258,0.007366496549610861,0.002339983147724559,0.0022789390364892142,0.00018537622743161644,1728.0,1833.9890545607032,1053.401709852698,5.915566892793068,2302242.767020965,0.1437329712076444,0.7916179066508647,0.04233869070426179,0.009483775908821962,0.007891975053500502,0.003478186311927274,0.001387435012383302,6.904769788714767e-05,6002.0,4697.053056604128,2501.865442854236,5.988955994111313,63.42214812524995,0.21836545594588483,0.020077361131526878,0.014704960005228387,0.712655918464691,0.01939225849068309,0.005890311174059778,0.008160029159622077,0.0007537050986950888,BF,30HZ
BF_30HZ,-0.0137366473703125,0.10764451052946869,0.10764030558364668,0.7220185773703125,-0.8735553826296875,1.5955739599999998,-6.572520305780927e-16,-3.4106051316484808e-15,1.3595907421750824,8.115504483984736,11.033764764608524,-0.01632248276875,0.16425412788505397,0.1642477115828626,0.66963236276875,-1.4466563572312499,2.11628872,-5.329070518200751e-17,-1.7763568394002506e-16,1.3585315785856797,8.807771769122075,11.965636085400648,-0.01068636928359375,0.0008913423219785953,0.0008913075032390762,0.00316484928359375,-0.003246620716406249,0.006411469999999999,-1.862645149230957e-11,-9.5367431640625e-09,1.2886837209238275,3.642537172597848,4.694078362453261,836.0,1565.2124036324356,1399.6828865796488,6.624616749663539,949160.7913444943,0.6440815080784267,0.24771098745383915,0.04245011235772933,0.05446341242843179,0.006732414880471944,0.0022089832028706767,0.002192761992160294,0.0001598100990680587,1728.0,1835.4703693933634,1028.295167945612,5.956646432373411,2209981.306271699,0.14204998498112384,0.7922832001183369,0.04540356990023304,0.008954958945335023,0.006666698132053744,0.003411736765065357,0.0011746306951417032,5.5212502893380794e-05,6002.0,4601.0637488938555,2563.2302871174325,5.910439649935483,65.0796292121383,0.23426603586749364,0.019074129221077568,0.014513038185711927,0.7000566847842205,0.017735517398175287,0.005602581757921617,0.008008072008287608,0.0007439352367419444,BF,30HZ
BF_30HZ,-0.01367091761796875,0.10759702940781382,0.10759282631675936,0.5238931176179688,-0.5626119423820312,1.08650506,-2.3092638912203257e-16,-3.268496584496461e-15,1.3640698995952236,5.229084146562343,7.132836286842567,-0.01650729431015625,0.15798851069557224,0.15798233914883283,0.6915815743101563,-0.8635447956898437,1.55512637,-4.39648317751562e-16,-2.2382096176443156e-15,1.3563374183971055,5.4660843758671325,7.413854771151309,-0.010709432039062501,0.0008942825077494932,0.0008942475741567242,0.003187912039062501,-0.0032935879609374986,0.006481499999999999,-3.725290298461914e-11,-1.9073486328125e-08,1.287566118542277,3.6830829095178372,4.742212771380299,836.0,1561.8111012720926,1320.1980046065432,6.56522119611597,948323.6378094862,0.6261262434927957,0.27052566595772487,0.04024142537812227,0.05504049200733262,0.005261325200471988,0.001817424096196334,0.0009390312648859398,4.839138864777569e-05,1728.0,1838.605100673955,989.0660506624297,5.987692866153863,2044593.7241517203,0.14084048885476474,0.7917825620568112,0.04843290736770321,0.009537361876753853,0.006101566225603531,0.0024413075287722306,0.0008287961340838785,3.500984835968286e-05,6002.0,4521.835519134859,2615.509767879876,5.821552160334527,65.50968107362206,0.24742640455169884,0.018784563918995766,0.014040386222439995,0.6877116454561661,0.017520001099567053,0.00603762549482941,0.007661309450717408,0.000818063410280901,BF,30HZ
BF_30HZ,-0.013786429536718749,0.10790154601682303,0.10789733103035619,0.5129215395367187,-0.6054545704632813,1.11837611,-8.348877145181177e-16,-1.0018652574217412e-14,1.3763988693465525,5.611395246536073,7.723518072860453,-0.016336536332031252,0.16217116252746674,0.16216482759269893,0.6914108163320313,-0.7534407036679688,1.44485152,-1.7763568394002505e-17,6.750155989720952e-16,1.3666032071562575,4.646141304794533,6.349431608072522,-0.010661835618749999,0.0008813172781436433,0.0008812828510150478,0.004000045618749999,-0.003341184381250001,0.00734123,-7.450580596923828e-11,-5.7220458984375e-08,1.2959202181017422,4.538889653422757,5.882038876277766,836.0,1537.3830248497397,1314.9109444745968,6.029067835655157,953699.0448916403,0.6357508312279072,0.2675144622302597,0.03580365394956664,0.052119406869599136,0.005404641838462138,0.002265492607858268,0.0010927151332364908,4.879603777703516e-05,1820.0,1834.158594646106,1004.5914153521882,5.8310307064904645,2154285.575704728,0.1362427036087021,0.8002911305777421,0.042622947088554346,0.00951117482699807,0.008008870560606784,0.0025289904814146794,0.000748277882852063,4.590224418585331e-05,6002.0,4656.629004735548,2534.0195795753425,5.869494818666956,63.62394348835317,0.22522928600792802,0.019434194695910855,0.014027582426640466,0.7080939866967103,0.018381906207152198,0.006120590328635109,0.007821878176877078,0.0008905679475702629,BF,30HZ
BF_30HZ,-0.013764264726562501,0.1083592910914165,0.10835505822393343,0.4880610747265625,-0.6054767352734376,1.0935378100000002,9.769962616701378e-16,8.313350008393172e-15,1.3652387804784394,5.587895435546101,7.628811549936403,-0.016115152596875,0.16383470807896056,0.1638283081606754,0.658994992596875,-0.695851537403125,1.35484653,5.861977570020827e-16,3.765876499528531e-15,1.37020305756128,4.247443834409972,5.819860528763875,-0.0106202283,0.00088425700308524,0.000884222461121396,0.0039584382999999996,-0.0031339617,0.0070924,-1.862645149230957e-11,0.0,1.297606921618925,4.476744789431216,5.809055031657078,836.0,1515.985149576386,1312.190601325117,5.868407556590027,961807.8636848553,0.6540973090818765,0.24875024806732637,0.03420736918008758,0.05562577173410388,0.004468162244787912,0.0019249954077947852,0.0008793392481767244,4.680405043628115e-05,1820.0,1812.875019595264,960.4769622541428,5.704953539692944,2198709.416338597,0.1374041912767523,0.8048234149611996,0.038584042628065966,0.009644911804267046,0.006962383385637861,0.0019066595321097527,0.000639360946747852,3.503545588390984e-05,6002.0,4651.385612642051,2535.2664539536922,5.8361931825985165,64.04909963790222,0.22610396167292954,0.018782006957145485,0.0144067728503252,0.7081121976617611,0.018038221609474075,0.005780040616310936,0.00793816371841253,0.0008386347533462799,BF,30HZ
BF_30HZ,-0.013852882471875,0.10965745442808171,0.10965317085010284,0.538228562471875,-0.542489297528125,1.08071786,-1.3500311979441904e-15,-1.0231815394945442e-14,1.3634627557836683,4.947319747504309,6.745486216736705,-0.0165066654109375,0.16167641012526335,0.1616700945171387,0.6555214454109375,-0.6939342645890625,1.34945571,-1.865174681370263e-16,-1.2079226507921704e-15,1.3566037471191206,4.292285884147893,5.822931114177557,-0.01073797799453125,0.0008595898259153096,0.0008595562475318941,0.00311960799453125,-0.0030162120054687495,0.006135819999999999,1.1641532182693482e-11,4.76837158203125e-09,1.2932402478782163,3.6293238515332553,4.693587682847667,836.0,1541.802068868794,1306.314505726538,6.000241794652691,984991.1618139364,0.6357515713112623,0.26304938335313066,0.03738220849505715,0.057284485896683716,0.004169686525891257,0.0014348474090411984,0.0008545123409162806,7.330204743883851e-05,1728.0,1813.5742149489447,961.6498976710506,5.79593283570093,2141161.018260477,0.1418418795456577,0.7963677091000518,0.04323414786150547,0.009931443517666888,0.006304942951100655,0.0015039501501672603,0.0007457395017112532,7.0187371609605e-05,6002.0,4899.594151866123,2361.5685349362566,5.787759039384945,60.52552237684011,0.1846174201802315,0.019538005889060753,0.015167384455438799,0.7457129468992006,0.019385128074867395,0.006501534770363801,0.008181716546049022,0.0008958620869632506,BF,30HZ
BF_30HZ,-0.013670389003906252,0.10925719722017638,0.10925292927755008,0.5516214990039062,-0.5611075109960937,1.1127290099999998,1.0658141036401502e-15,9.947598300641402e-15,1.363725738715054,5.135857818196344,7.0039014971194025,-0.01652162248515625,0.16129480910045382,0.16128850839891037,0.6778864124851562,-0.8249901675148438,1.5028765800000001,4.3520742565306136e-16,2.9842794901924207e-15,1.362566522623628,5.1149965716671115,6.969523091931448,-0.0107353370859375,0.0008634904352141721,0.0008634567044602298,0.0031571970859374998,-0.0032721529140624997,0.0064293499999999995,-3.725290298461914e-11,-1.1920928955078126e-08,1.3022481250143472,3.789596969217367,4.934995553438764,836.0,1550.8491549691778,1362.1409765684164,5.92806758679036,977813.7140408774,0.6474524239425051,0.24894796685869483,0.03815522546719971,0.055986748221747776,0.005357826141343911,0.0023028398040871854,0.0016960485273280258,0.00010091965471181512,1820.0,1849.1314949954105,1065.8998097970052,5.9000637642212475,2131065.486832646,0.14210539635064334,0.7878634680728752,0.046425915130013456,0.010841961648664994,0.008434323286128585,0.0030801374640820325,0.0011307287085775336,0.00011806533984409636,6002.0,4883.209601141771,2371.4411647380953,5.89239887795175,61.076068812251066,0.18785986683783149,0.02032715887941359,0.013989496462852642,0.7422610473301998,0.020253136697691434,0.0064930687321490465,0.007981648582053533,0.000834576099609355,BF,30HZ
BF_30HZ,-0.013325534308593751,0.10864456780106435,0.10864032378974216,0.5512766443085937,-0.5614523656914062,1.1127290099999998,7.460698725481052e-16,5.4001247917767615e-15,1.3574647325181102,5.167992381657929,7.015367396087488,-0.016167472025,0.16455035809917964,0.16454393022526953,0.677532262025,-0.897431957975,1.57496422,2.3980817331903383e-16,1.1901590823981679e-15,1.364707879536772,5.454056899825554,7.443194426679069,-0.0106116642921875,0.0008793668922567328,0.0008793325413165742,0.0032182842921875,-0.0033958257078124995,0.0066141099999999994,-1.862645149230957e-11,-1.9073486328125e-08,1.3011286389740266,3.8618219437964876,5.024727135406205,836.0,1557.1105383456102,1375.4389251170069,6.0400096385496145,966878.8218188978,0.6468769828484002,0.24669124179001417,0.03798766566014403,0.059392579506301245,0.005251530759045283,0.0022148096055991297,0.0015061524753627589,7.903061660931647e-05,1820.0,1839.357918644854,1016.8669995027512,5.8797258936263574,2217959.8316702084,0.13671762248484332,0.7987754488149448,0.04341164841447213,0.010169533100175548,0.006941348909607967,0.0029160470973569512,0.0010023257673252468,6.602522921319674e-05,6002.0,4758.981917412778,2464.334049954574,5.896492732112649,63.342651065239295,0.20834927200267836,0.02024066824645728,0.013626944745322512,0.7240028471327812,0.018561624340718196,0.006292463302860884,0.008135520743033966,0.0007906522619608009,BF,30HZ
BF_30HZ,-0.0137951092203125,0.1092590263679254,0.10925475835384661,0.5164183092203125,-0.8008638907796876,1.3172822000000002,6.394884621840901e-16,5.4001247917767615e-15,1.362173305083072,7.330242662553659,9.985060874803048,-0.01626579953828125,0.16425270810603787,0.16424629185930772,0.8154973295382812,-0.8973336304617188,1.71283096,-1.3322676295501878e-17,8.881784197001253e-17,1.350587830327501,5.463341791758108,7.37872293691307,-0.01042567725390625,0.0008513264392579875,0.000851293183669418,0.00304570725390625,-0.0032257027460937497,0.00627141,-4.656612873077393e-12,-9.5367431640625e-09,1.301003991338161,3.789179573129537,4.929737754329438,836.0,1598.1171115492825,1354.1680609998825,6.400252744169188,977846.4542580559,0.618428709505925,0.27337060424107446,0.040618483973258075,0.05857060587159125,0.006067815386188092,0.0018305105541636217,0.0010587891603089962,5.448099377180265e-05,1728.0,1839.586780918703,1008.9956747923976,5.87223546223249,2209943.0953615927,0.14215545447785086,0.7907589114040339,0.04610610336080377,0.010657956033437508,0.0068902179859400645,0.0024172169546344724,0.0009662118234478777,4.7925271043029295e-05,6002.0,5132.172911142665,2158.708481982766,5.80757074871353,59.36743126433245,0.14653895604088502,0.020336624834364565,0.01534249771052461,0.780872432445134,0.02045844644773937,0.006591994818350536,0.008926020352323693,0.0009330159972203893,BF,30HZ
BF_30HZ,-0.014001303235156248,0.11089593079745594,0.11089159884054899,0.8314018732351562,-1.3923829267648438,2.2237848,-7.105427357601002e-16,-6.679101716144941e-15,1.3679400401258195,12.556252604441159,17.176200691704057,-0.01624970873046875,0.16192801349679423,0.16192168806022092,0.8154812387304687,-0.8935740712695313,1.70905531,6.217248937900877e-17,5.684341886080802e-16,1.3436214793543293,5.518557038089178,7.414851771464421,-0.010493056683593748,0.0008625188592028364,0.0008624851664018235,0.0031130866835937486,-0.0029810133164062513,0.0060941,0.0,0.0,1.3004238248948106,3.609437937317468,4.693799093608996,836.0,1607.4302501798097,1443.5139289900892,6.36038865788252,1007365.8732266298,0.6295370558029779,0.2617544579093295,0.0424703418005121,0.050556474635538334,0.008813305803913245,0.004121155401601556,0.0026241205966704858,0.00012308784651861074,1820.0,1857.6834454570223,1076.5728643276143,5.940411022880841,2147830.420628311,0.14590197833549198,0.7786378021005411,0.05059432994476914,0.011882505337828971,0.008763022167879175,0.0031647357177496853,0.001008389565812222,4.72368269563912e-05,6002.0,5026.230319065744,2256.4839198257137,5.7844414409391876,60.93870439187208,0.16429328064930726,0.019125225033885224,0.015483461284568834,0.7655932585335671,0.02014949266182349,0.005911241049947543,0.008560794628163546,0.0008832284598784509,BF,30HZ
BF_5HZ,-0.01350386103671875,0.0052100105357534435,0.0052098070157418136,0.03551414103671875,-0.04290008896328125,0.07841423,1.8189894035458566e-13,5.122274160385132e-11,1.5907255034678351,8.234487155747036,13.098808729139385,-0.01619345375078125,0.006743436747127839,0.006743173326484869,0.04053260375078125,-0.037707296249218744,0.0782399,-2.0008883439004421e-13,-2.3283064365386964e-11,1.5842384622097776,6.0109093719380144,9.522713821293621,-0.01063120343046875,0.001037174321607792,0.0010371338061945221,0.0034389734304687497,-0.00362213656953125,0.00706111,4.656612873077393e-12,4.76837158203125e-09,1.3036562049133276,3.4924486545561924,4.552952363243319,866.0,786.5770552283445,888.682205034477,7.538510976472935,2223.4799536712635,0.9326106649461551,0.038967779876956175,0.00882598202953572,0.016273270588672943,0.002196557306376705,0.0006939702792564592,0.00037727499743696774,5.448988493061435e-05,502.0,1013.8232264670918,1106.866457881861,8.5615280764712,3724.934066067221,0.6560878137383495,0.31089616491788846,0.014018495777946276,0.008151179432061567,0.009504809704180711,0.0009805627227722571,0.0003195102192064866,4.146183134747611e-05,6002.0,5039.235749140811,2224.242700476164,5.373311278060828,88.11696530737659,0.1620360377000105,0.013322733126954105,0.009614024278439019,0.7913870428869828,0.013198342371546717,0.0043345009486251826,0.005542982613875491,0.00056430407275362,BF,5HZ
BF_5HZ,-0.01357416948046875,0.00474596936964102,0.00474578397659149,0.04453785948046875,-0.04282978051953125,0.08736764,4.547473508864641e-13,1.0710209608078003e-10,1.6159559615897168,9.384721194804982,15.165296165798011,-0.01617992734453125,0.006067192130068619,0.006066955125746956,0.04335156734453125,-0.04133109265546875,0.08468265999999999,1.8189894035458565e-14,-1.1641532182693482e-11,1.581679498913177,7.1455229911640945,11.301927225999878,-0.010491615341406252,0.0010343036871308987,0.0010342632838539782,0.003943065341406251,-0.003652954658593749,0.00759602,1.862645149230957e-11,9.5367431640625e-09,1.3070267392001857,3.8124386692919785,4.982959287143273,862.0,863.3990008055696,952.2858125869349,7.752579441688705,1845.040380363548,0.9011266889094437,0.0668785324735716,0.0085111304826939,0.02011401771091433,0.0021483208011010366,0.0007546376238217248,0.0004085384094748676,5.813109039022487e-05,496.0,1065.4051991793683,1112.5797428773203,8.500559164648932,3015.3068490370665,0.633640060854866,0.3312041280473922,0.01577150248888294,0.010001880328809155,0.007861458492465397,0.0011069435103948039,0.0003412862858713116,7.271626235204276e-05,6002.0,5085.01327705568,2181.443483754599,5.41922531749515,87.62986843514985,0.1542627353611303,0.01351396562420276,0.009923438125005988,0.7982402071209599,0.013574268210491548,0.0043498442880601515,0.005557450379543067,0.0005780869776345804,BF,5HZ
BF_5HZ,-0.013623818142968749,0.005226916924648541,0.0052267127442181946,0.044587508142968746,-0.03611983185703125,0.08070733999999999,-2.4556356947869064e-13,-2.3283064365386964e-11,1.6222289744105962,8.530698034584143,13.83874552629762,-0.0162287570890625,0.006429004267101271,0.0064287531292169554,0.0434003970890625,-0.041282262910937506,0.08468266,2.5465851649641993e-13,4.656612873077393e-11,1.5792420515053518,6.7509820660352275,10.66143476929971,-0.01045807520859375,0.00103699377581929,0.0010369532674587277,0.00390952520859375,-0.0035732547914062492,0.00748278,0.0,-1.430511474609375e-08,1.3051351357561989,3.770203853452973,4.9206255228501625,848.0,900.745256240328,900.080475233964,7.737497466280436,2237.9336631774777,0.8937125935487947,0.07849296155212708,0.0065671480228763415,0.018492314661387708,0.0017578407837548742,0.0006266643677935826,0.0003081184205970684,4.235488978955911e-05,496.0,1030.6427420594232,1050.3310756227663,8.544337198302348,3385.6607687834567,0.6505918946859655,0.31969854296388034,0.013143125706443439,0.009232887402104099,0.005918028790624786,0.0010955727049572444,0.0002727729958401814,4.717426520218217e-05,6002.0,5047.487805185239,2212.812671657092,5.405552743778978,88.08628936966547,0.1602455780100326,0.013626353247249224,0.010092408495064157,0.7924705300051159,0.013449187372781106,0.00427005809976651,0.005280210392080019,0.0005656592399294533,BF,5HZ
BF_5HZ,-0.013596760907031248,0.005424373291913771,0.0054241613981934255,0.042127280907031245,-0.03733441909296875,0.0794617,-1.4551915228366852e-13,-1.862645149230957e-11,1.5619861756784608,7.766597969097229,12.131318662018815,-0.01626589731796875,0.007032123195971634,0.0070318484982939975,0.04512868731796875,-0.04620235268203125,0.09133104,-1.546140993013978e-13,-1.746229827404022e-11,1.5600701973083175,6.570441994970454,10.250350740954117,-0.0106478475453125,0.0010420250529900724,0.001041984348091407,0.0035167075453125,-0.0036770124546875,0.00719372,-2.7939677238464354e-11,-4.76837158203125e-09,1.30777882417603,3.5288557432688825,4.6149628190480225,862.0,913.1280914515042,862.0906662577755,7.504099926640278,2410.2114830853525,0.8956971181495254,0.07882204092491282,0.006708074346853825,0.01612539422546505,0.001728251174505507,0.0005639273182992446,0.00031765642703750733,3.753610919429474e-05,510.0,1088.2718817531577,1043.3454622467373,8.508716029236401,4050.6894996938,0.6071772765071535,0.3641270643997557,0.012766751120190272,0.007540189614169839,0.007089143168599285,0.0009926532406730189,0.0002668645389165202,4.005725483749578e-05,6002.0,4981.071445354673,2269.8595301855757,5.448788842819602,88.94311503140958,0.17125773472772426,0.013365533619098625,0.010033165693379038,0.7826728174452465,0.012765967846334013,0.0041634492574965124,0.0052022748135166115,0.0005390510833309711,BF,5HZ
BF_5HZ,-0.0135067380171875,0.004900243530165356,0.004900052110663724,0.0420372580171875,-0.0374244419828125,0.0794617,-2.1827872842550277e-13,-8.847564458847046e-11,1.5096848319099307,8.57894101108131,12.951497120922635,-0.016207147083593748,0.006961185994448158,0.00696091406780908,0.04506993708359375,-0.05262191291640625,0.09769185,2.2737367544323207e-14,3.4924596548080443e-12,1.5780350296349965,7.559626853059135,11.929355986810453,-0.01059091848671875,0.0010554600543663099,0.0010554188246526526,0.0036013284867187495,-0.00373394151328125,0.00733527,0.0,2.86102294921875e-08,1.3021239711824073,3.5378765495984457,4.6067538666811,864.0,909.4627870462563,898.0246180729943,7.362318303496499,1966.9410357768013,0.9082604425656213,0.06369043728825087,0.008012697905329751,0.01702924903718923,0.0020030959094567203,0.000571785622133426,0.00038470630585096306,4.7585081729806936e-05,400.0,1157.6342723235268,1035.5359406612909,8.537344802341122,3969.3782769614563,0.559612060891142,0.41213082714203714,0.012578745649918125,0.007360078640439844,0.007211382346248854,0.0008005203782934567,0.00026705678313795157,3.932773467168015e-05,6002.0,4863.899110630045,2367.4732849648626,5.473808782343948,91.25141680137347,0.1914707388461731,0.012791735684502063,0.009179550712727337,0.7633951925840586,0.013274294385985024,0.0041519267967616786,0.005232831045394968,0.0005037280233070112,BF,5HZ
BF_5HZ,-0.01335038149140625,0.005284220267374927,0.005284013848489036,0.041042031491406256,-0.041556118508593747,0.08259815000000001,-1.4551915228366852e-13,-9.313225746154785e-12,1.5426619170785554,7.864498408272003,12.132262193662168,-0.0161641758328125,0.0068942858765370894,0.006894016563234909,0.0438155958328125,-0.052664884167187495,0.09648048,-3.3651303965598344e-13,-4.889443516731262e-11,1.5748658379066356,7.6392163663204355,12.030740885440418,-0.010476223757812502,0.0010434128426434124,0.0010433720835331549,0.0034866337578125014,-0.0034865662421874975,0.006973199999999999,3.725290298461914e-11,1.1920928955078126e-08,1.3069790822767895,3.341697376705796,4.36752857483967,864.0,875.9696412442605,877.8401883402503,7.737802900021787,2287.2721561366197,0.9140784023945796,0.058513738787814636,0.008641688635414382,0.016230888716584027,0.0016662936998500537,0.0004740766921885692,0.00033709436906249673,5.7792622771364777e-05,500.0,1176.2435015829617,1029.2954035449052,8.658321028201735,3893.449884170399,0.5538011584899496,0.41781181754266633,0.01287450953069543,0.008112575794998175,0.006346294489746882,0.0007576520311242826,0.00025506149901712493,4.0929265967401166e-05,6002.0,4993.588738261487,2258.609873788483,5.410151132300479,89.18018496616146,0.17007656404176166,0.012882037449249638,0.009282913377705567,0.7843949713091448,0.013396176545865007,0.004091005394465646,0.005312090765246565,0.0005642409945669603,BF,5HZ
BF_5HZ,-0.01331184496953125,0.005487070335480754,0.005486855992609309,0.04100349496953125,-0.04181219503046875,0.08281569,4.729372449219227e-13,7.916241884231568e-11,1.591344928245587,7.620428726244785,12.126730606776759,-0.016110235388281248,0.006953456024092178,0.006953184399410964,0.04094257538828125,-0.045839494611718754,0.08678207,-6.366462912410498e-14,-2.3283064365386963e-12,1.544901845938728,6.592590095699093,10.184904609827687,-0.01050569979921875,0.001048783335374895,0.0010487423664756674,0.0041180697992187505,-0.0037148602007812496,0.00783293,4.656612873077393e-12,2.384185791015625e-09,1.3134690648318377,3.9266743929979513,5.157565347788,492.0,837.2076328370762,863.2268211003247,7.721104372157305,2466.2498249715914,0.9153048889608933,0.058151351410646736,0.008343664766684846,0.015887428402142686,0.0015212338466981258,0.00043001114096076617,0.0003240837413294635,3.733772383357291e-05,506.0,1180.2606628632514,1068.144559558497,8.541820446432036,3960.567668108452,0.5539990835296584,0.4150868107403253,0.013167438390839274,0.00833404573889496,0.0083111929432113,0.0007980821705110019,0.0002637207696922973,3.9625711593492865e-05,6002.0,4961.458024610682,2283.856297570068,5.4844693809369005,90.10057651210147,0.17560074741579457,0.012310822486369923,0.009750296549194326,0.779806091084151,0.012943586769879546,0.003966002396085157,0.0050857771990479176,0.0005366726712946961,BF,5HZ
BF_5HZ,-0.013458024446093751,0.004855564938872359,0.004855375264662288,0.03059749444609375,-0.04166601555390625,0.07226351,-2.5465851649641993e-13,-3.725290298461914e-11,1.5928393257231628,8.58142023513045,13.668823623887487,-0.01608556448046875,0.006588009696518138,0.006587752347362919,0.04091790448046875,-0.039941415519531245,0.08085932,1.2732925824820997e-13,1.5133991837501526e-11,1.5503465041885625,6.211208666736995,9.629525644723133,-0.01052352078125,0.001031777389743058,0.0010317370851515566,0.00413589078125,-0.00369703921875,0.00783293,5.820766091346741e-12,2.384185791015625e-09,1.3167148414366678,4.008667359896046,5.278271812273776,498.0,811.5928321744962,899.2107558202911,7.797699692703517,1931.2369031727471,0.9106663026941882,0.06227871995350657,0.0073593514378642476,0.01698553081145751,0.001712212674046936,0.000541691538704342,0.00039581364683743503,6.035455051572728e-05,502.0,1124.408296315782,1069.148500989474,8.432549550064383,3555.2035636131523,0.5843545078360691,0.3861917833808454,0.011853433496041572,0.008495618149375973,0.008016120121310021,0.0007806651257911425,0.0002667528974680289,4.111848840581473e-05,6002.0,5154.0252349478405,2107.9715937057013,5.335681090652832,87.20231809292935,0.14266930286794602,0.013237248299571468,0.009812901508684092,0.8112280067489004,0.013262825981486117,0.00425696550771235,0.005019374265065896,0.0005133576182584612,BF,5HZ
BF_5HZ,-0.013632429760937502,0.00479365098043175,0.004793463724782918,0.0317254997609375,-0.0381152702390625,0.06984077,-2.1827872842550277e-13,-5.587935447692871e-11,1.5444953564366894,7.9515090588981385,12.281068820694491,-0.01615116871484375,0.006687186221905259,0.006686924998591349,0.04456248871484375,-0.03987581128515624,0.0844383,0.0,0.0,1.5507503840775816,6.6641227047659495,10.334390845501392,-0.0106310366203125,0.0010157003363017005,0.0010156606597323656,0.0039975566203124995,-0.003675943379687501,0.007673500000000001,3.725290298461914e-11,3.337860107421875e-08,1.312366442927239,3.9359175508776416,5.165366120985901,494.0,809.2616061248368,927.402311148785,7.794210880501703,1882.2999639962543,0.9182242881427969,0.051314387339855286,0.008678109469417545,0.019042578182006074,0.0017115741145296267,0.0006543986306439107,0.00032634434021251924,4.831964419136925e-05,502.0,1013.3186649551848,1026.770799747445,8.455689409968862,3663.0500100442746,0.6452538413940238,0.3270566864702501,0.013059558097435755,0.008116108017199452,0.0054384666782886495,0.0007969721735548875,0.00023971647832634097,3.865041641016756e-05,6002.0,5283.540333293998,1969.3558819075877,5.2058099377847045,84.5059343411591,0.1199045035659438,0.014657053152778462,0.009861974710145447,0.8324673760620822,0.012968486060982047,0.004355477425924639,0.00523925789359151,0.0005458603003619602,BF,5HZ
BF_5HZ,-0.0136924241453125,0.005020281926962681,0.005020085818369588,0.0332784741453125,-0.0311565758546875,0.06443505,-8.731149137020111e-13,-1.7695128917694092e-10,1.5332100389183851,6.629064789472372,10.16374868588405,-0.0162033563140625,0.006596323931649225,0.006596066257712853,0.0511408763140625,-0.0407176236859375,0.09185850000000001,2.5920599000528453e-13,4.656612873077393e-11,1.579801210646713,7.753238719594375,12.248575917505116,-0.010600258574999999,0.001053186922984982,0.0010531457820672537,0.003966778574999999,-0.003727581425000001,0.00769436,0.0,0.0,1.3039567355681643,3.766599685227701,4.91148303440522,866.0,812.2634378840331,942.9416602613574,7.725424775320259,2064.4873534969756,0.929366472306196,0.03737744753290136,0.00914555023419049,0.021257289243321886,0.0017607785183870132,0.0007126117910963459,0.00033234866347833965,4.750047462222538e-05,384.0,974.5849353907621,1055.889437439949,8.481504551507513,3564.182739067817,0.6771467151678606,0.2925746922346378,0.013905892744057975,0.008968849648255907,0.0060105064359750856,0.0010591392236659054,0.000292189215851801,4.2015312530110065e-05,6002.0,4950.59812637229,2298.95916348007,5.399479171891354,90.85878708488978,0.1768156361030578,0.012500221909406846,0.009613442126579446,0.7792223660808164,0.0121505818625562,0.004033704146917012,0.005165668739743627,0.0004983519890189926,BF,5HZ
BF_5HZ,-0.013632981060937499,0.004914551527837227,0.004914359549418519,0.0344691410609375,-0.0342630689390625,0.06873221,-5.456968210637569e-13,-5.587935447692871e-11,1.550603888860865,7.013964018567185,10.87587988573354,-0.01608250276328125,0.006289549875902249,0.006289304185561489,0.05102002276328125,-0.040838477236718754,0.09185850000000001,-1.8189894035458566e-13,-2.7939677238464354e-11,1.5795578139846758,8.112188765220958,12.813671154660838,-0.010354623111718751,0.0010681820554608616,0.0010681403287843302,0.003928253111718751,-0.003973216888281249,0.00790147,-9.313225746154785e-12,1.9073486328125e-08,1.3036401458562044,3.7197517755775467,4.849217751802658,864.0,852.0775974680599,952.1546322346591,7.710988914280193,1978.4441687398921,0.9185326886444649,0.048069921628756715,0.009634863575961643,0.020400990337795136,0.002143390337105117,0.0007998324792209201,0.0003668548370526051,5.145706426782688e-05,382.0,1076.6772585471733,1110.5383025877504,8.67389932399602,3240.3740376978067,0.6262171874893557,0.3376941016364973,0.017217219982185537,0.010078190599852759,0.007188186384570461,0.001232771285199672,0.0003233365203880096,4.900603396706919e-05,6002.0,4840.002775302423,2389.7357295631045,5.4745223302118085,93.46447458391994,0.19581162386466566,0.011632412922335827,0.009322471792672414,0.7619874827963106,0.011772744375203793,0.003968127822957593,0.005028771889368024,0.00047636447469260067,BF,5HZ
BF_5HZ,-0.013575837465625,0.004869940572932021,0.004869750337162776,0.038598897465625004,-0.035394502534375,0.0739934,-2.1827872842550277e-13,-4.656612873077393e-12,1.5111251827053986,7.926257977362205,11.977568036671173,-0.016043568015625,0.006717563012359838,0.0067173006024293744,0.045608148015625,-0.036118351984375005,0.08172650000000001,-2.9103830456733704e-13,-3.026798367500305e-11,1.531443457680694,6.78965416440359,10.397971451538295,-0.01026173464921875,0.0010480733145306086,0.0010480323733671121,0.00383536464921875,-0.003747245350781251,0.007582610000000001,-2.0954757928848266e-11,-1.6689300537109377e-08,1.3117931845567161,3.6595860424014646,4.80062003330173,864.0,877.4954968440632,954.428930985101,7.7807459411307125,1942.6892474694685,0.8988360934619466,0.0688716785953449,0.009688578932312782,0.01911375163759081,0.002297205021391644,0.0007701857660381348,0.0003737364669306961,4.876956166666328e-05,500.0,1086.487583730677,1089.6575843413873,8.607391638449826,3696.4046752573613,0.6112493141652512,0.3541613962289378,0.017271541275309707,0.008616050226241652,0.00750654524524495,0.0008993061328773441,0.00025378179209667993,4.206492895744722e-05,6002.0,4970.916385692256,2282.623971498211,5.432857781211872,89.97862282183794,0.17394047706025983,0.01277602587583506,0.009497373060029015,0.7820988845854332,0.011799237420685078,0.0040029505078242366,0.005362114188980115,0.0005229282099646359,BF,5HZ
BF_5HZ,-0.013573237066406252,0.004921392350425838,0.004921200104782278,0.03859629706640625,-0.03539710293359375,0.0739934,-7.821654435247183e-13,-1.3504177331924438e-10,1.474736241753487,7.842862764522954,11.566153960291215,-0.0162784753625,0.0073289501274091395,0.007328663834703023,0.045843055362499996,-0.04625533463749999,0.09209838999999999,0.0,-9.313225746154785e-12,1.5036139086218017,6.311564519054355,9.490156197308936,-0.010269479157031249,0.0010621587187253875,0.0010621172273400429,0.004075549157031249,-0.003739500842968752,0.00781505,-1.862645149230957e-11,-4.76837158203125e-09,1.30203289304642,3.837193342020094,4.9961519529928395,870.0,863.2178899282478,946.0027587097305,7.877066203646739,1983.9558027308958,0.9045136709176006,0.0638945487701581,0.008765166341297884,0.019869872489541873,0.0019386856642593505,0.000614408755164413,0.0003563275436276239,4.731858964461777e-05,46.0,1035.4702521757113,1024.3820186741739,8.430276978569468,4399.86697727615,0.6237342860112834,0.34985371182403424,0.012515803211713972,0.007024195597882446,0.0058486532668807325,0.0007638777213733159,0.00022121490908826106,3.825427881757214e-05,6002.0,4814.185053160723,2408.6343003043457,5.413461707214803,92.41337903976861,0.19962227579457853,0.012880815477322163,0.009279957380457681,0.7568440224062645,0.011700433870067679,0.00398400037959912,0.005149433603513893,0.0005390588826053329,BF,5HZ
BF_5HZ,-0.013533699334375,0.004920125200880979,0.004919933004736416,0.038416699334375,-0.028457480665625003,0.06687418,-5.820766091346741e-13,-1.1175870895385742e-10,1.4810735251754883,7.808378546940149,11.564782742771902,-0.0163481777953125,0.007412051614972952,0.007411762076051575,0.0447311877953125,-0.04618563220468749,0.09091682,-1.4551915228366852e-13,-1.1641532182693482e-11,1.5199209045093678,6.231397031441179,9.47123061366293,-0.01035780519296875,0.001077764006799301,0.0010777219058204848,0.0041638751929687495,-0.00413244480703125,0.00829632,0.0,9.5367431640625e-09,1.295094142616784,3.863589639049921,5.003712315651308,866.0,843.3923879024928,910.0079053129903,7.664860438758197,1982.9342839972096,0.9219045900902174,0.048954620180848764,0.008307032478670881,0.01790117880039441,0.0019586467759775687,0.0005814023761484861,0.0003457460768730875,4.678319148673601e-05,502.0,1051.0604984815,1016.9670514487922,8.459228631348946,4500.211064597134,0.6142028678179481,0.36175591572992877,0.010128357535935531,0.00668361301300284,0.006135002160623216,0.0008400787627549284,0.00021829498602902954,3.5869078623755935e-05,6002.0,4671.1763265162435,2509.8085185052937,5.477741188956303,95.14881082261793,0.22326234113951704,0.012820419522944977,0.009027219125421045,0.7335054299787582,0.011837954964435429,0.004006423037364343,0.005030285348642228,0.0005099254593879275,BF,5HZ
BF_5HZ,-0.01336609074765625,0.004991510274771867,0.00499131529009339,0.03587254074765625,-0.03070661925234375,0.06657916,2.1827872842550277e-13,4.656612873077393e-11,1.5394702893687262,7.186991535411113,11.064159940926615,-0.01608868207265625,0.006842756099955042,0.0068424887995740735,0.03834332207265625,-0.04848791792734375,0.08683124,1.4551915228366852e-13,2.3283064365386964e-11,1.5888085086695003,7.086298471292447,11.258771307806533,-0.010485040367187498,0.0010506949889651429,0.0010506539453904885,0.003732360367187499,-0.004005209632812501,0.00773757,2.3283064365386963e-12,-4.76837158203125e-09,1.305938989150415,3.8121111585525953,4.978384597667561,866.0,853.5470010216533,886.1190265828263,7.461636147134536,2040.8916704253597,0.9218005895709371,0.05063532353236952,0.00880570360916216,0.015913439844176584,0.0019073813076131818,0.0005612197473193712,0.00032989748584362353,4.6438991901953055e-05,398.0,1153.529039951628,1052.4098701252099,8.58399436015133,3835.4659917773993,0.56472394211366,0.40740930389144764,0.01120209324894991,0.008105839318891644,0.007336181768995885,0.0009215936361097738,0.0002534243767466054,4.7611066636460336e-05,6002.0,4934.946884501008,2309.490488374192,5.4660066983828175,90.42933456659728,0.17971227133720274,0.013284134975604874,0.009461726993722499,0.7755362902408844,0.01230789254486382,0.003863465393094091,0.005352515968332227,0.000481702534401634,BF,5HZ
BF_5HZ,-0.013261305333593749,0.0052248189831268065,0.005224614884648902,0.03576775533359375,-0.04503196466640625,0.08079971999999999,2.3646862246096135e-13,5.355104804039002e-11,1.5877179911806933,8.619193117965715,13.684847985474285,-0.01586423033515625,0.006572281231150637,0.006572024496400597,0.03652755033515625,-0.04871236966484375,0.08523992,-1.2732925824820997e-13,-9.313225746154785e-12,1.556386513893511,7.412079745611224,11.536060957727882,-0.01057016464921875,0.0010472884428032118,0.0010472475322993659,0.0037340446492187497,-0.00375469535078125,0.00748874,-3.725290298461914e-11,-3.337860107421875e-08,1.304566744293474,3.585298825151717,4.677261620113636,866.0,878.2718635646413,889.396575837328,7.732112132590503,2236.137529136656,0.9083641826460136,0.06267059533849541,0.010160363079214016,0.016231605503481995,0.0017160144110715462,0.0005166918057341762,0.0003012555108518224,3.929136999660111e-05,386.0,1212.1390937284361,1063.0968960290877,8.568174155112375,3538.2481715250224,0.5350860438138011,0.4349355122352339,0.01206847930178962,0.008811294997123614,0.007884216314655731,0.0009016508811579994,0.00027014677638219847,4.2654810621625294e-05,6002.0,4938.402259791955,2302.690069114732,5.471430327687468,89.84390810892495,0.1793440964132989,0.012825755687606707,0.00900582894386054,0.7772966472803375,0.012259587750417083,0.0037686391309748758,0.004995582753396351,0.0005038620388858724,BF,5HZ
BF_5HZ,-0.013410206737500001,0.005207056202994151,0.0052068527983883985,0.0355650167375,-0.0448830632625,0.08044808,0.0,3.725290298461914e-11,1.5588009252751134,8.619998488870667,13.436861622902288,-0.01585079030234375,0.0065369836166905984,0.006536728260780554,0.04024656030234375,-0.04684989969765625,0.08709646,1.546140993013978e-13,1.3969838619232177e-11,1.513487244106263,7.167178720214186,10.84743357093348,-0.010714148587500001,0.0010332963086523502,0.0010332559447269202,0.0037141285875000015,-0.0036107114124999985,0.00732484,-4.656612873077393e-12,9.5367431640625e-09,1.3029988561999963,3.5945871909665357,4.683743002873548,866.0,850.1599849078468,914.1501303445348,7.716604551195323,2220.9590119728523,0.9137218954163899,0.055015580684674645,0.010688038762214053,0.01794777270621881,0.0017085007324338013,0.0005738298083899403,0.0003018052071224563,4.2576679852834795e-05,496.0,1124.692477992493,1080.224197184693,8.59487537004263,3500.344636171994,0.5954092631145199,0.37147428823624024,0.015781415210607514,0.008629638825736115,0.007483563034153939,0.0009073481644411079,0.0002720888633425704,4.2394352766257084e-05,6002.0,5051.552162410685,2209.526034079795,5.37323108338395,87.45925409632558,0.16048074662316303,0.012918621182509738,0.009039156099291323,0.7946233221549693,0.012968250558647079,0.004149390136128803,0.0052951921180515345,0.000525320111852327,BF,5HZ
BF_5HZ,-0.0135437705703125,0.004785086575657722,0.004784899654562486,0.0319080205703125,-0.0364308294296875,0.06833885,-2.1827872842550277e-13,-9.313225746154785e-12,1.5319706230004753,7.613708134367322,11.663977196388156,-0.01595935216796875,0.006352665857383259,0.006352417701526317,0.04242324216796875,-0.04939204783203126,0.09181529000000001,-4.729372449219227e-13,-7.683411240577698e-11,1.5579036307724177,7.775314871436799,12.113191270517026,-0.010745324392968752,0.0010126935063017196,0.0010126539471889756,0.0035113743929687516,-0.0037181056070312475,0.007229479999999999,2.3283064365386964e-11,1.430511474609375e-08,1.3137806130540386,3.671644803914196,4.823735766166527,484.0,809.1633001213905,1010.3693994463929,7.654435297974685,1875.5800864640437,0.922948079149802,0.038110246175925906,0.011351358078880503,0.02411742025713292,0.0023209599347452123,0.0007800730540294514,0.0003232941291952687,4.8567201349495336e-05,46.0,1043.309827419891,1092.90672937624,8.538627153526928,3305.735016894621,0.6424234731086405,0.32308732088598624,0.01694135657132131,0.009355412376751134,0.006909167557925639,0.000978542398335773,0.00025956358977587113,4.516347225650631e-05,6002.0,5274.132887072449,1985.3947926175183,5.25989944402783,84.00633997672634,0.12291732672444709,0.01368537529470495,0.009972801805758985,0.8293141964977978,0.013179231346360447,0.004624447517121837,0.005821464125097883,0.0004851556421323326,BF,5HZ
BF_5HZ,-0.013513167483593751,0.004963099458602229,0.004962905583742934,0.03726525748359375,-0.040111932516406254,0.07737719000000001,-9.094947017729283e-14,-3.725290298461914e-11,1.6117269377028591,8.08234850159535,13.026538802548348,-0.01616409935390625,0.006381989262616916,0.006381739961292084,0.04262798935390625,-0.04918730064609375,0.09181529,-3.2741809263825415e-13,-1.862645149230957e-11,1.5393791857582502,7.707506250133623,11.864774697416497,-0.010690516721875001,0.0010405688032761441,0.0010405281552633443,0.0037039067218750015,-0.003860823278124998,0.0075647299999999995,-2.3283064365386963e-12,4.76837158203125e-09,1.3128505057786248,3.7104457528469545,4.871260587970801,488.0,814.1760744265841,955.3531758895962,7.681318459636427,2017.7249757773013,0.9251917593115001,0.04150178878448925,0.00851922937434564,0.021316273401738223,0.0023488509771007835,0.0007517044536795868,0.00032672393704065976,4.366975424157741e-05,388.0,1024.4746944496742,1088.9901710220745,8.572272145627103,3336.323476156631,0.6472376618024328,0.3221303674964551,0.012271575548370963,0.009110055225987021,0.007972283838029816,0.000981079461395834,0.0002521419957923434,4.483463151762644e-05,6002.0,4978.5538950753225,2273.7096922005126,5.450594537254209,88.69468917161728,0.17204422441424425,0.013430296229505664,0.009600550591748132,0.7815408502641009,0.013125849786672243,0.0044758383598830056,0.005329395347194046,0.00045299402533332335,BF,5HZ
BF_5HZ,-0.01341682268671875,0.005645196422136616,0.005644975902344265,0.043914142686718755,-0.041331737313281255,0.08524588000000001,-4.0017766878008843e-13,-6.51925802230835e-11,1.614776265942887,7.779332177609935,12.56188096751564,-0.01629822659296875,0.006797826117818006,0.0067975605725487465,0.04088620659296875,-0.04376963340703125,0.08465584000000001,-9.094947017729283e-14,-2.3283064365386964e-11,1.511213854982548,6.43902072419206,9.730737332350307,-0.0106664767359375,0.0010561461387369423,0.001056104882222591,0.0036798667359374997,-0.0038848632640625,0.0075647299999999995,-2.3283064365386963e-12,5.960464477539063e-09,1.306236826368838,3.6784824365249174,4.804969228289527,864.0,854.1247140462261,861.4652452055989,7.619288478975418,2610.4424809978386,0.9181697272011824,0.05522915725969234,0.007968752845743318,0.015844447196503353,0.0018778594764997396,0.0006046359518469097,0.0002709242424039892,3.4495586328856114e-05,396.0,1084.5965352719084,1080.7869349312534,8.571133325009926,3785.2634922563125,0.6115478407684731,0.35425100237126655,0.01750211599973791,0.00833173044117368,0.0071011730705392165,0.0009671693268031022,0.0002606206391106989,3.834729685978505e-05,6002.0,4840.835443255012,2384.5265388686958,5.4723239316949925,91.3700882818015,0.1951040461708288,0.01302029376675172,0.0090358134639876,0.7601481493246971,0.013043934774222934,0.0040885654505248,0.005103792552706106,0.0004554032109122887,BF,5HZ
BF_5HZ,-0.013312655622656249,0.005264049674895141,0.005263844043938408,0.04380997562265625,-0.04143590437734375,0.08524588,3.637978807091713e-14,1.862645149230957e-11,1.5616177174179253,8.322810335686695,12.997048081386493,-0.0162459344609375,0.006959981412822,0.0069597095332378095,0.0426889644609375,-0.0396141655390625,0.08230313,1.9099388737231492e-13,1.6298145055770876e-11,1.544722479275945,6.133727887770616,9.474907351362425,-0.0105075710296875,0.0010501963826820091,0.001050155358584543,0.003686351029687499,-0.0035520689703125007,0.00723842,-9.313225746154785e-12,9.5367431640625e-09,1.3048496393887394,3.5102911164933484,4.580402101867484,864.0,881.5217728627684,912.4319340726314,7.7192642305075525,2269.8437942941196,0.908108085055259,0.06106815894035837,0.010000105347719914,0.01780664670009526,0.0019998152473502183,0.0006681425331161987,0.0003083762207766049,4.066918579765477e-05,506.0,1129.481065130548,1079.2308914093421,8.648664349643957,3968.004652089067,0.5802918314775144,0.38517991930833967,0.018107742216426057,0.008155544531553451,0.0068176031908155615,0.0011367999228424127,0.000273915396222405,3.664390858262699e-05,6002.0,4952.110419731564,2294.8175111003716,5.434515904778725,90.34352862590038,0.17664882154092568,0.012652718690503852,0.009736854420739129,0.7784982481494996,0.012653924067972715,0.004053319194044261,0.005295332674392838,0.00046078124775577776,BF,5HZ
BF_5HZ,-0.01347141023359375,0.004138608691695619,0.004138447024135969,0.03587654023359375,-0.03139099976640625,0.06726753999999999,-2.9103830456733704e-13,-1.4901161193847657e-10,1.5124292791285439,8.669082874732464,13.111374766105415,-0.01624527129453125,0.006610376880199931,0.006610118657309533,0.042688301294531245,-0.036472418705468745,0.07916071999999999,2.7284841053187846e-13,4.656612873077393e-11,1.582626034303538,6.458023448772448,10.22063604171621,-0.010302760751562499,0.001032110699379778,0.0010320703817681147,0.0035724307515624994,-0.0037315492484375004,0.00730398,0.0,-4.76837158203125e-09,1.3058970237225311,3.6155957100804663,4.721595681352911,868.0,890.55630589997,1028.404197120567,8.162942337413263,1403.0228507759796,0.9017754319888851,0.059577137824802485,0.011657230698586193,0.02302827599670231,0.002520669778186414,0.000838804094867533,0.0005398784421850745,6.256973866239723e-05,496.0,1132.4980214819905,1062.1191010687498,8.63298003455304,3579.385336951483,0.5796430426355862,0.389980333773596,0.013474568119988333,0.008348829381600387,0.0071667065860924325,0.0010580118279677692,0.0002824577361427327,4.604992772283857e-05,6002.0,5098.085602309732,2165.3646192841225,5.428066598395884,87.25866683945362,0.1524819079885986,0.013039142992533554,0.010085270070109014,0.8011639989545171,0.012932948708994446,0.00423922487606704,0.005593568212596929,0.00046393815983266246,BF,5HZ
BF_5HZ,-0.013740505048437499,0.004933452057095383,0.004933259340360329,0.0411624650484375,-0.035505484951562506,0.07666795000000001,-1.4551915228366852e-13,0.0,1.594334176983203,8.343868059668456,13.30291401846452,-0.016326608182812497,0.006957422992703111,0.006957151213059159,0.0443892681828125,-0.04832747181718751,0.09271674,3.092281986027956e-13,5.471520125865936e-11,1.6159730366613523,6.946445510559887,11.225268647315565,-0.010480336157812499,0.0010554635450636947,0.0010554223152136795,0.0037500061578124994,-0.0037506538421875017,0.007500660000000001,0.0,-3.814697265625e-08,1.3059606848046759,3.5536995803186606,4.640991941900332,866.0,933.3520842932902,960.7495491293454,8.12028812762577,1993.6909547110715,0.9033410014499448,0.06219071580362727,0.01058262737632392,0.020343633867264604,0.0023482512794562207,0.0007448566246242522,0.0004033904537893662,4.551757749466932e-05,506.0,1156.6724498767828,1058.1012759444911,8.47789373647301,3965.087989872811,0.5678785569646422,0.40053695224970925,0.014960689370707998,0.008026628725303556,0.007539271607054242,0.0007612483824079158,0.0002540808851235146,4.257181477942107e-05,6002.0,4769.956101184953,2440.906405677067,5.378726606788911,91.25202033551405,0.2066263738705205,0.012765312895688103,0.009178140845000524,0.7492818548966659,0.012464340721172638,0.003988912740459822,0.005268917399431504,0.00042614589445476834,BF,5HZ
BF_5HZ,-0.01375996316796875,0.005185451805558298,0.005185249244890803,0.041181923167968745,-0.03548602683203125,0.07666795,3.2741809263825415e-13,7.450580596923828e-11,1.5889022671656612,7.942129917979259,12.61926823523516,-0.016348644700781248,0.00653087137893645,0.006530616261790356,0.04441130470078125,-0.048305435299218755,0.09271674,1.546140993013978e-13,1.746229827404022e-11,1.6300008926072949,7.396765229408708,12.056733928188983,-0.01077323954296875,0.0010208703657221263,0.0010208304871945726,0.0033500595429687505,-0.0034786104570312497,0.00682867,0.0,-1.9073486328125e-08,1.3153752736335367,3.4076279042012887,4.482309491320891,868.0,929.148543962831,921.7695502982908,7.9727942049827085,2202.5674548118104,0.8974013194903797,0.07111546084206624,0.0094898327441156,0.019041399017285143,0.0019729495956705987,0.0006170495836757612,0.00032356434147666106,3.8422936285856286e-05,50.0,1235.600590434139,1079.9421291977555,8.565145874756794,3493.801886303889,0.5194898469018758,0.44623637179075487,0.016218436358870422,0.008969778296979397,0.007862982847092689,0.0009119049804103797,0.00026791947758329077,4.275706455333367e-05,6002.0,5065.638736288731,2193.6217942585968,5.405697356613546,85.3684128652236,0.15681760884832488,0.013500480759828562,0.010087577692814938,0.7959358493013147,0.013758204636749226,0.004163605837796592,0.00528131266895809,0.0004553602104856748,BF,5HZ
BOW_10HZ,-0.013808509812500001,0.004778857290706613,0.004778670612947574,0.0192410498125,-0.0179270001875,0.03716805,-1.0913936421275138e-12,-2.2351741790771484e-10,1.27722786884267,4.026444039968118,5.142686541258926,-0.016393824178125002,0.0074204125291498415,0.007420122663623875,0.028902374178125002,-0.031634835821875,0.06053721,4.911271389573813e-13,7.217749953269958e-11,1.26504088004104,4.263384481862682,5.393355657615735,-0.010733707631249999,0.0005250075064683917,0.0005249869979621057,0.003066167631249999,-0.0024691823687500013,0.0055353500000000005,3.725290298461914e-11,7.62939453125e-08,1.2742916193018967,5.840463930176906,7.442454253235903,52.0,549.3700441055245,709.5390187985676,6.7073791350743495,1870.699956404781,0.98021337838837,0.011377880919871936,0.0007810431414339964,0.005290297860239445,0.0012163176576461836,0.00026690528233972897,0.0006893346177726184,0.0001648421184832537,512.0,451.7893482566641,526.8594654763169,6.022090897324073,4510.3694184778915,0.9658276989751782,0.030469566842589627,0.00042006110941714614,0.0019454766026701135,0.000710900493141605,0.00015413320364571301,0.00037820328585333555,9.395595744916062e-05,4.0,3443.104886715642,3371.342909121479,10.857735304162963,22.578081863405835,0.463945432927867,0.0725005886193464,0.06957085275687859,0.19135362479105814,0.10460701649811369,0.028689090018671436,0.06192133174665299,0.007412042015298738,BOW,10HZ
BOW_10HZ,-0.0137072552328125,0.004996057461478963,0.004995862299172536,0.0154729052328125,-0.019145754767187502,0.03461866,-1.0913936421275138e-13,1.862645149230957e-11,1.2704885262394068,3.832322353345545,4.868921579750908,-0.0163872549078125,0.007520145516913733,0.0075198517554918385,0.0280882249078125,-0.031949835092187504,0.060038060000000004,-4.82032191939652e-13,-7.799826562404633e-11,1.275075411023475,4.248732039777968,5.41745375266892,-0.010685230015624998,0.0005414681375786497,0.0005414469860664019,0.0030176900156249986,-0.002517659984375002,0.0055353500000000005,-1.1175870895385742e-10,-1.52587890625e-07,1.2711635149271696,5.573380382029747,7.084677809531777,940.0,550.2463935586325,693.2885686226424,6.731053260032373,2044.6117983397749,0.9803017072875738,0.011855541401778982,0.0007338107627329895,0.004956245562835045,0.0011354642522438511,0.00022072174707652283,0.0006387181669295765,0.00015779048556982582,512.0,438.19594795622544,521.9308187382125,5.858536162474872,4632.426121575383,0.9656051834542387,0.030941345974349447,0.0004111353888031701,0.001795653743456099,0.0006547948688720518,0.00013439271332133898,0.00036712727512601217,9.036641159589091e-05,6.0,3153.620537635282,3376.5932820638363,10.469038712369608,24.0160636231452,0.5119310591067819,0.06573379200662673,0.0672692423369181,0.16721269458137647,0.09701928981708077,0.025143656328241004,0.058586144704208,0.007104118189784831,BOW,10HZ
BOW_10HZ,-0.013798341028125001,0.00483194549387976,0.004831756742322279,0.015347941028125001,-0.019054668971875,0.03440261,-7.275957614183426e-14,-7.450580596923828e-11,1.2764369160766003,3.9436316818327977,5.0337970631424485,-0.01631682225859375,0.007532371216245581,0.007532076977247978,0.02883729225859375,-0.03202026774140625,0.06085756,6.366462912410498e-14,-1.6298145055770876e-11,1.279701817068662,4.251187001125739,5.440251730761563,-0.01070658555703125,0.0005601559121869543,0.0005601340306692528,0.002069055557031251,-0.0023234644429687493,0.0043925200000000005,0.0,1.52587890625e-07,1.2704670305973997,4.148050844267761,5.2699618482922945,926.0,566.3135254508788,714.7177108168044,6.7113310636134935,1912.4939453443171,0.9768590827131475,0.014563393456960599,0.0008224814298152808,0.005484065523028488,0.001188104922954475,0.00024647998901740104,0.0006655424392124552,0.0001708375942415584,510.0,441.17314790335394,511.87922223890513,5.878348725553196,4647.500479824203,0.9677677090947415,0.028852961467232246,0.00042847485483232426,0.0017541304162904448,0.000627307707504151,0.00013310890689270416,0.00034881229810185624,8.749523977450685e-05,2.0,2949.1305134619797,3340.977221127784,10.141945665244666,25.702411062932327,0.5421261585998679,0.05985927910970258,0.06279256558974408,0.16306384138139696,0.09010596022262775,0.023099114236860577,0.05270647774017039,0.00624658570587889,BOW,10HZ
BOW_10HZ,-0.01378264655546875,0.004484305505541612,0.004484130333936415,0.01547677655546875,-0.01551671344453125,0.03099349,-2.9103830456733704e-13,-1.6763806343078613e-10,1.281175664050866,3.4603618283881294,4.433331364330102,-0.0162172235578125,0.007182690952893865,0.007182410373548346,0.0287376935578125,-0.029823776442187498,0.05856147,5.729816621169448e-13,7.916241884231568e-11,1.297488187346756,4.152335342445943,5.387606057476169,-0.010704035445312501,0.0005617067142180564,0.0005616847721209672,0.002804055445312502,-0.0023260145546874986,0.0051300700000000005,-3.725290298461914e-11,-7.62939453125e-08,1.2677845710852014,4.992222647824221,6.329062859601657,56.0,614.4126278732277,742.7638460097477,6.9190177236990875,1647.20025158436,0.9745674728662045,0.015636873748677005,0.0009095001482205394,0.006297835668169439,0.0013357712555077499,0.00030083496811642805,0.0007649330778553475,0.00018676888072202835,512.0,472.2171412843914,523.5439882768525,6.1354714045418834,4226.008578698881,0.9652428157361552,0.03104388281641221,0.0004553549670078729,0.0019445992523321697,0.0007107738156507906,0.00014485986422175265,0.0003649350451417512,9.277815840095575e-05,2.0,2958.961979892339,3323.047201524154,10.12389240929106,25.844923229012597,0.537807784875016,0.05920803418632311,0.060930432701569046,0.1735362333850418,0.08983167018039849,0.02224498628629533,0.050858373128531635,0.00558247081685867,BOW,10HZ
BOW_10HZ,-0.013838959242968749,0.004680690668914183,0.004680507825863705,0.01664164924296875,-0.02099277075703125,0.03763442,-7.275957614183426e-13,-7.450580596923828e-11,1.2828476885454208,4.485148093662733,5.753761865968441,-0.016273855314843752,0.00747009371188545,0.007469801905650377,0.026225565314843755,-0.03397639468515625,0.060201960000000006,1.2732925824820997e-13,2.0954757928848266e-11,1.2794594405376867,4.548500095418462,5.819621388148807,-0.01063559008359375,0.0005369256193400356,0.0005369046452733723,0.002735610083593751,-0.002203739916406249,0.00493935,-1.862645149230957e-11,3.814697265625e-08,1.2694685663903609,5.095150698697582,6.468133665065546,934.0,590.9236428746057,737.9189285479957,6.832062900438093,1794.634033788001,0.9762065945264427,0.014207944977445548,0.0008658694256600058,0.006201508159276328,0.0012922879390868164,0.00031147709120002344,0.0007384688028621904,0.00017582855575326968,512.0,444.96756876670196,530.6348696249307,5.864749103635658,4570.967287115498,0.9597696091153725,0.03684785385292532,0.00041340679413123284,0.0017363419797691256,0.0006645032832652546,0.00014375433553845879,0.0003427256788090355,8.180471327699813e-05,12.0,3258.2448776661126,3345.6338659829466,10.565792662194063,23.614799776906402,0.49106186856966694,0.06586002185524518,0.06758216695542987,0.1865375791312877,0.09980397419045382,0.026199697303078005,0.05678631756144021,0.006168369416723434,BOW,10HZ
BOW_10HZ,-0.01388257829453125,0.004890390428118879,0.004890199393511563,0.01868335829453125,-0.02094915170546875,0.039632509999999996,-1.3096723705530166e-12,-2.2351741790771484e-10,1.2777319693313858,4.2839054229528335,5.473682913618243,-0.016411199440625,0.007429820935377173,0.007429530702328159,0.022807769440625,-0.033839050559375,0.05664682,1.8189894035458565e-14,5.122274160385132e-11,1.2666383959383358,4.554668647404113,5.769118190355088,-0.0106669060421875,0.000531436513877847,0.0005314157542335539,0.0020249060421875,-0.0023631439578124993,0.004388049999999999,1.862645149230957e-11,1.52587890625e-07,1.2726140293438437,4.446883507949274,5.659166349723238,80.0,540.8280684335131,724.1664469526733,6.803297685246553,1959.0389853224308,0.9788907464042125,0.012007870260817516,0.0007748607434175881,0.006020676495882385,0.001244636661295769,0.00026176566824821556,0.0006486500206679444,0.00015079328561533507,512.0,454.9272638665191,532.186769823499,5.798772709128961,4521.81413558512,0.9594002877176947,0.037149818277951,0.00043100374829757197,0.0017280383794585914,0.0007063644910748945,0.00014949841904130946,0.0003496139151213678,8.537494474131429e-05,10.0,3343.700965877832,3350.7700837601988,10.768188254285759,23.13442975708804,0.4783993682434305,0.06800647215327424,0.07363620715879521,0.1808118465791906,0.10559830694400495,0.027582440964961274,0.05901555511163898,0.00694978054964307,BOW,10HZ
BOW_10HZ,-0.013544625108593751,0.004924224700477512,0.004924032344193118,0.01834540510859375,-0.018721324891406252,0.037066730000000006,-8.731149137020111e-13,-2.2351741790771484e-10,1.269056218706104,3.802031257914495,4.824991412551268,-0.0163126925140625,0.007355511353494337,0.007355224023220061,0.028550062514062502,-0.031464157485937505,0.06001422000000001,-2.3646862246096135e-13,2.3283064365386963e-12,1.2588208539725878,4.277797301935195,5.3849804534758245,-0.010678815332812501,0.0005432814494956168,0.0005432602271494888,0.0026745353328125002,-0.0024853346671874985,0.005159869999999999,6.51925802230835e-11,1.33514404296875e-07,1.2759275495393554,4.9231200706939084,6.281544539451177,52.0,570.0420641216922,717.2002580666534,6.654918023135403,1986.2400643469036,0.9808501882366074,0.010184261428350164,0.0008014976048389518,0.005862427513437796,0.0012574854157410855,0.00025498779752801436,0.0006414332439683088,0.00014771803160047256,512.0,440.8067804005084,548.7259069963847,5.919289464299287,4431.816376668859,0.9638353556717598,0.032123721230849576,0.000530517593793394,0.001981410060100484,0.0008245967758510166,0.00018531883112424843,0.00040867091963247084,0.00011038775192636973,16.0,3356.9918992504686,3368.7134721967664,10.69397608400623,24.17718679913441,0.4773427711383601,0.06611792233900446,0.0725925596308489,0.18581750050940077,0.10472532638060418,0.026441201481853225,0.060171016838162145,0.00679169902794695,BOW,10HZ
BOW_10HZ,-0.013401957259375,0.004631421596823833,0.004631240678384074,0.018187837259375,-0.014540012740625,0.03272785,-5.093170329928399e-13,-1.4901161193847657e-10,1.2680886920793222,3.9272062323035795,4.980045815722925,-0.0161913995296875,0.007634455809159324,0.007634157582404423,0.028428769529687502,-0.0347561704703125,0.06318494,5.002220859751106e-13,6.752088665962219e-11,1.2729560123495525,4.552718501104495,5.795410389275152,-0.01068457406640625,0.0005407361050056195,0.0005407149820889528,0.00268029406640625,-0.0024795759335937487,0.005159869999999999,3.725290298461914e-11,3.814697265625e-08,1.280206683370671,4.956944324151114,6.345913264610722,56.0,619.9126659850513,745.2718519103524,6.924261328564781,1757.0521391495145,0.9772347782693972,0.012600770965734266,0.000906433222217403,0.006582060875146971,0.0014018970413444156,0.0003083311519255687,0.000781564858243133,0.00018414968878278194,512.0,419.4939736008657,533.4323356325555,5.765415912783585,4774.327257974346,0.966100785514105,0.03024293806481745,0.0004315179605998615,0.001883177574710718,0.0007182860068064166,0.00014958943976306824,0.0003874733426618204,8.623062651024031e-05,4.0,3513.2717507615935,3386.18710132915,10.782671667206516,23.951170984522037,0.4524106856263993,0.07067267632296506,0.07202614854759745,0.1967548601563365,0.10919938175002171,0.02765514262463709,0.0642488313902682,0.007032267926641296,BOW,10HZ
BOW_10HZ,-0.0135243395734375,0.004650124871285244,0.004649943222234557,0.019776379573437503,-0.016217550426562498,0.03599393,1.418811734765768e-12,3.3527612686157225e-10,1.2643263504176716,4.253036784324607,5.377226476873648,-0.01614904360234375,0.007175310362142576,0.007175030071107014,0.02419206360234375,-0.03479852639765625,0.05899059,-5.911715561524034e-13,-8.614733815193176e-11,1.2896274137547483,4.84994850863912,6.254626552911689,-0.010809477157812499,0.0005506347101018521,0.0005506132005133715,0.0026889771578124996,-0.002426192842187501,0.0051151700000000005,-7.450580596923828e-11,-1.52587890625e-07,1.282565562201964,4.8836045892502975,6.263543076959476,52.0,585.2359209918502,744.3483467741744,6.55576258866238,1771.271943784256,0.9788613677506844,0.011235901938202127,0.0008311320499713235,0.006417723626344248,0.0013984656321138712,0.0003049160397103087,0.0007679796371577296,0.00018251332419066398,512.0,473.2409745716163,552.4880983138794,5.5185919423441785,4217.328174195166,0.960605172943284,0.03522500810296427,0.0005275664480601173,0.0021417290113589183,0.000779979067822461,0.0001823558598279429,0.00043025225683847903,0.00010792494193800355,2.0,3372.5748531883974,3381.8887896643496,10.51233656292511,24.836087542225258,0.4749495907830055,0.06772586955058674,0.06945755936855864,0.18539398850002842,0.10775471092799353,0.027805784333262192,0.059983183330397656,0.006929312044412683,BOW,10HZ
BOW_10HZ,-0.013532272892187497,0.004854594448408808,0.00485440481210926,0.019784312892187496,-0.0226672771078125,0.04245159,6.548361852765083e-13,1.1175870895385742e-10,1.2738288260360722,4.669424570155295,5.9480476196901995,-0.0161509250765625,0.006690203433867363,0.006689942092691308,0.0261979950765625,-0.033652324923437504,0.059850320000000005,-2.5465851649641993e-13,-3.725290298461914e-11,1.2728294766662072,5.030286428812595,6.4026968436237235,-0.010894991051562502,0.0005687676069367096,0.0005687453890181115,0.0026880710515625027,-0.0023689889484374976,0.00505706,1.4901161193847657e-10,1.52587890625e-07,1.2686108756433008,4.726317080964651,5.9958572611927075,940.0,593.0944347222794,716.3835166479778,6.574943589540367,1930.4649589346757,0.9803378206038124,0.010770720917773478,0.0007937498079667766,0.005704136248588048,0.0012734082691172625,0.0002645081618646005,0.0006941759823803687,0.00016147993075290857,512.0,497.5681856279734,562.9417523660545,5.524722299132418,3666.3562431469186,0.9591253378369412,0.036242530040375955,0.0005658408336414233,0.002402936780180899,0.0008834379494493898,0.00018987296550491818,0.000474759036129163,0.00011528320982223622,4.0,3119.437840831776,3358.9508799486366,10.352332129706113,26.498770786681895,0.5165880646801575,0.0638605380835452,0.06359578380381158,0.17053213799502698,0.09849840659559,0.025023010589803177,0.055741865231336424,0.006160158703893552,BOW,10HZ
BOW_10HZ,-0.013543825397656249,0.004533911291377824,0.0045337341820087685,0.01814345539765625,-0.022655724602343746,0.04079918,7.275957614183426e-14,6.51925802230835e-11,1.2848912178789265,4.997144448223582,6.42078701741114,-0.016270595823437498,0.006946998704842921,0.006946727332405666,0.026317665823437496,-0.029320424176562505,0.05563809,-1.6370904631912708e-13,-2.561137080192566e-11,1.2738793081780788,4.220753567736194,5.376730635631936,-0.0107582528203125,0.0005870363470876391,0.0005870134155324403,0.0026615928203124993,-0.0025057271796875003,0.0051673199999999996,1.1175870895385742e-10,3.814697265625e-07,1.2642002985101533,4.534126044400914,5.732043508579052,940.0,662.3642472872243,741.9455965802056,6.855591109552156,1683.8447633814783,0.9756052858405212,0.014137566016407583,0.0009789196576290994,0.006441334123557088,0.0015227870087335183,0.0003054460053624139,0.0008225451617097946,0.00018611485968540836,512.0,491.91937038495524,554.514716260942,5.883732182848072,3953.215137822807,0.9614103089295271,0.03409065259797169,0.0005681945042839206,0.0023347077540269126,0.0008480055611007276,0.00018223418521378903,0.00045942426673151285,0.0001064682811307385,2.0,2959.5316863459457,3347.938911162597,9.918399417673267,28.22838292268127,0.5401156651252408,0.059966347569672986,0.06081992570636717,0.16375845151271592,0.09314598518307153,0.022465918907595698,0.05369822397323661,0.006029467749377501,BOW,10HZ
BOW_10HZ,-0.01360135313359375,0.004360147810892061,0.00435997748929154,0.018843173133593752,-0.01664266686640625,0.035485840000000005,-2.1827872842550277e-13,-1.30385160446167e-10,1.2764916521661678,4.32185101311928,5.516806741417986,-0.01630979597734375,0.006934619370791112,0.006934348481931039,0.02354523597734375,-0.029351254022656252,0.052896490000000004,1.1823431123048067e-13,5.005858838558197e-11,1.2661402433388103,4.232734206379248,5.35923511882638,-0.010658329811718749,0.0005550458738666859,0.000555024191963755,0.0025616698117187486,-0.0022629501882812514,0.00482462,-7.450580596923828e-11,-1.1444091796875e-07,1.2651347780449527,4.615420091941892,5.839128484123615,934.0,638.2650763830687,765.5606149172708,7.062517143904041,1557.2503520731034,0.9741021801862076,0.014886741401538343,0.0010003927931752285,0.00693585174728123,0.0016558164527508805,0.00033536385789532995,0.0008801821067558501,0.00020347095980557747,512.0,485.6240400066045,553.3884845483601,5.895263755693937,3939.1386723208334,0.9619437434216518,0.03355548595939355,0.0005519727115519234,0.002348232104264983,0.0008833709916600027,0.00017476242126876544,0.00043696081190551343,0.00010547148494212444,2.0,3314.5662915577827,3358.3192061082577,10.43674902120543,25.235607922172633,0.47851440037866944,0.06734810778701017,0.07100882109703366,0.18847050559766895,0.10491192254748481,0.02498238436526061,0.05786848763287353,0.006895365051452941,BOW,10HZ
BOW_10HZ,-0.013847630810156249,0.004856419382898762,0.004856229675311319,0.02088937081015625,-0.018251439189843753,0.03914081,2.9103830456733704e-13,1.1175870895385742e-10,1.271072829190904,4.301561541056134,5.467597999054899,-0.0163526417421875,0.007201010568003478,0.007200729273034017,0.0233809717421875,-0.031072568257812502,0.05445354,1.0913936421275138e-13,4.656612873077393e-12,1.2584691516711572,4.315197402277134,5.430542814891451,-0.010663415484375,0.0005471611364023759,0.0005471397625030181,0.0021704154843749986,-0.0023740845156250013,0.0045445,1.1175870895385742e-10,1.621246337890625e-07,1.2604806901624104,4.33908239537393,5.469329582388717,52.0,583.6581642140586,723.13875234189,6.6729473053203865,1931.9166453524576,0.9779402179182564,0.013054527804956398,0.0007517111636239649,0.005783816862127982,0.0013087759732895786,0.00027982090785786214,0.0007031434413291129,0.00017796872645350686,512.0,444.0953427082461,534.8179657460951,5.656125923661443,4247.593130880092,0.9673023985302306,0.028790951949310414,0.00048136289668057483,0.0019760850627744218,0.0008040048351285957,0.00015211282716015714,0.00039844912013395204,9.46339141860384e-05,6.0,3323.750155244212,3363.7743878809065,10.584996150528458,24.5237286457717,0.47830658151744476,0.06922795500382965,0.06988703646965642,0.18852357723509464,0.10245190337644317,0.024922437672006453,0.0599124961496929,0.006767997653411326,BOW,10HZ
BOW_10HZ,-0.0139786061171875,0.004925525432603122,0.004925333025507887,0.0210203461171875,-0.0181204638828125,0.03914081,1.0186340659856797e-12,1.8626451492309571e-10,1.2639484217282753,4.267801995125423,5.3942815970827755,-0.01650061981171875,0.007667502249941757,0.00766720273228505,0.02887208981171875,-0.030924590188281253,0.059796680000000005,-1.8189894035458565e-14,2.3283064365386964e-11,1.2664479355611038,4.033360178938618,5.108040672657397,-0.01062338349140625,0.0005715141492950514,0.0005714918240875469,0.0027204234914062486,-0.0024141165085937513,0.00513454,1.1175870895385742e-10,1.1444091796875e-07,1.2720375656551817,4.760214183272887,6.055171272283088,928.0,579.1016648360478,712.5925011304204,6.767720826845245,1987.2895347248261,0.9780631364277249,0.0132740191546836,0.000732612464562978,0.005591276121477352,0.0012447957002132914,0.0002565215736336131,0.0006814280797552087,0.00015620709566441335,512.0,415.23029221289335,513.3635706804222,5.742191619184408,4815.748937852796,0.9697467404214524,0.026928598226951483,0.000406469870196974,0.0016557117483306301,0.000686196375587011,0.0001332901194396902,0.0003601025513372817,8.288937468888803e-05,4.0,2998.0675235663243,3367.038501754632,10.158147417839519,26.755309995983186,0.5354689060322274,0.06100847276106378,0.0624955322583816,0.15936760167277755,0.09570937341730822,0.022530720247549513,0.057414337262473,0.006005054967345832,BOW,10HZ
BOW_10HZ,-0.013731492178125002,0.00487967951445159,0.0048794888982475115,0.017033332178125003,-0.019727947821874998,0.03676128,-1.4551915228366852e-13,-3.725290298461914e-11,1.2636211767522447,4.043035700914769,5.108865531088265,-0.01640973912421875,0.0074662560249528056,0.007465964368630307,0.02878120912421875,-0.031614450875781255,0.060395660000000004,-2.5465851649641993e-13,-2.7939677238464354e-11,1.2718403803901523,4.234476527155823,5.385578237772384,-0.0106251955875,0.0005727834213324232,0.0005727610465430112,0.0027222355875,-0.0025613044125,0.00528354,-9.313225746154786e-11,0.0,1.268599863849626,4.752829472565652,6.029438832324247,52.0,572.402700124831,722.3736882198104,6.798514003591313,1950.4670517774705,0.9792355247827969,0.011692146722015448,0.0008767678698940851,0.005748164264517851,0.0012928019130495818,0.0002773367232267001,0.0007051529971250983,0.00017207574536874358,512.0,416.7042809149813,516.3815612847801,5.926705430852326,4566.2719147061935,0.9708233409101336,0.025700306510675335,0.00043899973321959954,0.0017190414954679854,0.0007153628682728971,0.00013758431540711788,0.0003789019882191289,8.646199351693166e-05,6.0,2929.4694744794538,3346.9324575234073,10.039453494068198,26.87428338523047,0.5460928694500895,0.05907546692779398,0.06425421195176824,0.1512253443359062,0.09596729487889633,0.02233830805423893,0.055252288872774634,0.00579421145711615,BOW,10HZ
BOW_10HZ,-0.0136729572953125,0.0048325188549793435,0.0048323300810245075,0.0169747972953125,-0.0197864827046875,0.03676128,-1.1641532182693482e-12,-1.3969838619232177e-10,1.2572640131464545,4.094604956372918,5.147999460764104,-0.016324626599218753,0.007266764501793869,0.0072664806382612,0.028515806599218752,-0.03169956340078125,0.060215370000000004,-2.0008883439004421e-13,-1.6298145055770876e-11,1.2875519320537918,4.362436917468236,5.616864082321999,-0.010753683409375001,0.0005726265928230701,0.0005726042241598914,0.002381373409375,-0.0024328165906249994,0.0048141899999999994,0.0,7.62939453125e-08,1.258758312542751,4.248687808661682,5.348071105891846,934.0,568.0155795708018,715.8567485320606,6.746063990399408,1912.9478360457204,0.9807430521372759,0.010450459612105143,0.0007835732995789936,0.005714194624846751,0.001236373368145842,0.00022721345494646384,0.0006918248611135089,0.00015330844879396123,512.0,444.6165274643827,529.6116741504839,5.786192432506264,4325.518665734804,0.969642158248295,0.026502198913101023,0.0005836425441526328,0.00181201363193412,0.0007774048181031391,0.0001642688476711839,0.0004133620661802337,0.00010492597463759703,4.0,2841.7693978938773,3324.631217994698,9.792808345043404,26.859569496346616,0.5589488552739144,0.057887011303724194,0.0651944798346035,0.14682609203354835,0.09069408874434043,0.021090913717139295,0.05368050849218536,0.005678009867383853,BOW,10HZ
BOW_10HZ,-0.013780677078125,0.004656451791736632,0.004656269895535787,0.016911167078125,-0.017132352921875003,0.03404352000000001,1.4551915228366852e-13,0.0,1.2667682586003686,3.6794157775564686,4.6609671182029375,-0.0164293602125,0.007147801094881624,0.007147521878447803,0.0286205402125,-0.0278370497875,0.05645759,2.7284841053187846e-13,3.3760443329811094e-11,1.2902860552995095,4.004260594821871,5.166641608006837,-0.0106571076625,0.0005846154612395056,0.0005845926242520073,0.0022892676625000004,-0.0023878423374999996,0.00467711,0.0,1.52587890625e-07,1.2611872288585178,4.084626172748321,5.15147837254351,940.0,597.94421038312,729.9365578317107,6.871998817809955,1776.0951894482105,0.979035457332458,0.011501091730401578,0.0008800553577038181,0.006042753587813362,0.0013402096481535304,0.0002660319593255618,0.0007543447702121532,0.00018004265354159085,512.0,463.9098021756749,528.3445383564436,5.675265296020595,4185.052693074877,0.9663757301906197,0.029812749546743296,0.000463756358351352,0.001960458176312962,0.000751022029007718,0.00014437687715131376,0.0003981732554366205,9.37333952305738e-05,4.0,2732.1754019506197,3297.5377373606357,9.547985915222151,27.996040326960554,0.572377262024675,0.05965238243271086,0.06126543232705743,0.14491332783879524,0.08510040440648949,0.020974678637683482,0.05033345032212702,0.005383045520996721,BOW,10HZ
BOW_10HZ,-0.01373963374765625,0.004658421053596691,0.004658239080470052,0.018091923747656252,-0.018796006252343747,0.03688793,-4.3655745685100554e-13,-1.3969838619232177e-10,1.2849650995953794,4.035002481326502,5.184837366398359,-0.01641929374921875,0.006973715335239477,0.006973442919163464,0.025144733749218752,-0.02973196625078125,0.0548767,-9.094947017729283e-14,-6.984919309616089e-12,1.2706259641078397,4.263599285341867,5.417439953283874,-0.010533735546093752,0.0005377692387491334,0.0005377482317279434,0.0023387355460937533,-0.002164044453906248,0.004502780000000001,-1.862645149230957e-11,-1.1444091796875e-07,1.2736086365711468,4.34912734948394,5.539086164151045,934.0,596.9446151881366,724.8431007210824,6.8721540576895235,1777.5977554809836,0.9778603730610299,0.012944974665045789,0.0007834410098927812,0.005925704087150519,0.0013200924271954337,0.00024948043698669374,0.0007434226305528129,0.00017250981408278358,512.0,459.14217078172004,554.8587814606907,5.742063218706885,3983.6799945085577,0.9599969893469871,0.035883865208261784,0.00047128063007008663,0.0021737649522661075,0.0007824725974252853,0.00015588402089609165,0.00043244211601494267,0.00010329964193669032,18.0,3295.6980459899314,3372.7721070245198,10.699945654212748,23.68906654821746,0.4880701262887966,0.06766902987475702,0.06804270556254473,0.18317399917707758,0.10002277624645126,0.025797032258409805,0.06050498397693464,0.006719243487230574,BOW,10HZ
BOW_10HZ,-0.01378268054609375,0.004560344145986395,0.00456016600406379,0.01813497054609375,-0.018752959453906246,0.03688793,1.382431946694851e-12,2.421438694000244e-10,1.278049135296548,4.112341400089868,5.255774371581591,-0.01645536245859375,0.006992887531668782,0.0069926143666642175,0.02460566245859375,-0.03252689754140625,0.05713256,-2.7284841053187846e-13,-2.561137080192566e-11,1.2853238207696933,4.6516075148973774,5.9788219446239355,-0.0107496331703125,0.0005641258021331948,0.0005641037655386383,0.002554633170312501,-0.0022655168296874997,0.0048201500000000005,-7.450580596923828e-11,-1.52587890625e-07,1.274274894109299,4.5286582395785535,5.770755508926119,934.0,596.6073388638723,734.1614720580579,6.858269482085279,1703.5357376408324,0.9776553259269724,0.01292351629172934,0.0008306096113412441,0.005988675988790534,0.0013572192224834078,0.0002847651503730394,0.000785168008611977,0.00017471977523661413,512.0,473.35615362422595,559.5336969064492,5.922511266195925,4005.614070321568,0.9598277967237737,0.035906507746080674,0.0005242817168566959,0.0021611254855982876,0.0008294765162528685,0.0001810592835618318,0.0004557074930459688,0.00011402658873161467,2.0,3017.196637531119,3365.3285142270256,10.046664519384388,26.068013796297727,0.5323346061566923,0.061595834031657776,0.060804169743068286,0.16837541333693368,0.08990387860009579,0.02427623782381947,0.0567555503443647,0.005954305299997554,BOW,10HZ
BOW_10HZ,-0.013761422553124998,0.004558287545707701,0.004558109484122613,0.018687362553124996,-0.017725257446875003,0.03641262,1.4551915228366852e-13,9.313225746154786e-11,1.2650516064187058,4.099805547479583,5.1864655949812235,-0.01643516481015625,0.006684371396630932,0.00668411028327328,0.02496094481015625,-0.03254709518984375,0.057508039999999996,-1.4551915228366852e-13,-6.05359673500061e-11,1.2977188802659212,4.869323485942809,6.319013022775634,-0.010868996139062502,0.0005513603633001607,0.0005513388253652983,0.0022463661390625025,-0.002383063860937498,0.00462943,0.0,0.0,1.2728149891456884,4.3223218590423755,5.50151606007966,940.0,639.943291029992,728.1095082668227,6.890179099179059,1701.9995807133757,0.9785557960524568,0.011835068373883565,0.0008344051656204258,0.006214322676104104,0.0013377289706701637,0.000294973052055907,0.0007521976441145185,0.0001755080644625049,512.0,512.0108845383443,567.2336937767554,5.90237517889159,3659.9669571565937,0.9567168918413781,0.03859434074289175,0.0006512087029295192,0.0023473659861683862,0.00087756112161549,0.00020798248671308314,0.00047415022803752686,0.00013046571826006708,2.0,3170.2426504985647,3353.9228281003725,10.328468080377261,24.901591127818556,0.5020946583281546,0.06693860498461253,0.06642554950173733,0.18193329569442027,0.0944650171303713,0.025775046977284645,0.05577878491341905,0.006589037753664214,BOW,10HZ
BOW_10HZ,-0.013662347796874998,0.004764857440170013,0.004764671309290817,0.018588287796875,-0.015295802203125,0.03388409,2.9103830456733704e-13,6.51925802230835e-11,1.2675243283265805,3.901273894114732,4.944959573293637,-0.0163706926265625,0.006546146804224417,0.006545891090370369,0.0248964726265625,-0.0310366373734375,0.055933109999999994,0.0,1.3969838619232177e-11,1.3072796884592823,4.741392262751509,6.198325801059947,-0.010723817290625,0.0005534687991720869,0.0005534471788748395,0.002341077290625,-0.0025282427093749997,0.00486932,0.0,2.288818359375e-07,1.2610300266329586,4.5681734433026735,5.7606038892805325,934.0,614.5579084712106,715.6935115214761,6.735879403625731,1859.7554337138063,0.9790276913354036,0.011825921787964712,0.0007829132409908754,0.006051824007090752,0.0012297206072851194,0.00025559037902719156,0.0006579356187481916,0.0001684020436085869,512.0,511.7596390223624,561.7944002251714,5.84503061373917,3510.1646998972583,0.9540585601457177,0.04151311137122756,0.0005537174348812223,0.00228011982277286,0.0008579425929720768,0.00018501163344765867,0.0004399790897902026,0.00011155710158164621,8.0,3152.319238436555,3335.201687271457,10.3959622754587,25.09240567916802,0.5050930424975081,0.06344286205424167,0.0681114386036594,0.1820561963740848,0.0977006800385813,0.02456232223294219,0.051847582176129114,0.007185873027337613,BOW,10HZ
BOW_10HZ,-0.01368760655625,0.004619659543911665,0.004619479084936072,0.01760034655625,-0.01519455344375,0.0327949,5.820766091346741e-13,7.450580596923828e-11,1.2792847524311157,3.810028409877201,4.874111252140394,-0.0164165194390625,0.00665639317060313,0.006656133150166279,0.0252671194390625,-0.0309908105609375,0.05625793,-8.36735125631094e-13,-1.1641532182693481e-10,1.3059952920055093,4.655978156853326,6.08068555344448,-0.01068092077265625,0.000546166317023323,0.0005461449819848562,0.0023190407726562494,-0.0025949792273437505,0.00491402,1.1175870895385742e-10,2.288818359375e-07,1.2664317947238972,4.751447524357658,6.0173842268266124,80.0,623.1677483016555,745.6099345653895,6.7456188522605,1748.1389783145037,0.9781104335136709,0.011553387845438228,0.0008825112752216726,0.006780950531220096,0.0014328379424949766,0.00029855657231277254,0.0007563102582823329,0.00018500067721946068,512.0,517.9713578519915,570.2014602788912,5.7931055905243225,3629.3926223666435,0.9565434632811001,0.038664450549876925,0.0006674400393723235,0.0023276468181259945,0.0009544559223962896,0.00021942407742623404,0.000490491268757931,0.0001325988354239679,8.0,3413.473076394894,3365.1450938718026,10.69637168279807,24.434634068476065,0.4692049593894701,0.06663441454417983,0.07044578534293106,0.18973612728486988,0.11130569766549549,0.026118463153564992,0.0594635194713812,0.0070910310763960295,BOW,10HZ
BOW_10HZ,-0.013652362817968751,0.004564205357310848,0.00456402706455673,0.01774837281796875,-0.020312187182031254,0.03806056000000001,3.637978807091713e-14,0.0,1.2825979127317946,4.450496653563015,5.708197719730453,-0.01628155326015625,0.006461387863266132,0.006461135460372884,0.02513215326015625,-0.02872091673984375,0.05385307,-5.093170329928399e-13,-5.587935447692871e-11,1.300487003757862,4.445181022987101,5.780900150640521,-0.010676841897656249,0.0005616987901774716,0.0005616768483899216,0.0026248818976562487,-0.002599058102343751,0.00522394,0.0,3.814697265625e-08,1.2658115315778733,4.673295508809604,5.915511356054157,940.0,664.2308163127634,745.8592391146251,6.692397626175052,1706.4217134906576,0.9774220467932974,0.012003594633027454,0.000891300952657417,0.006880468229464519,0.0015064815514979246,0.00031347379010577734,0.0008057140476718022,0.0001769069201411761,512.0,519.1382593505842,572.4845123820916,6.028490112698444,3419.8545587513418,0.956800707727284,0.038270539759655706,0.0005701885670294771,0.0025440386044218786,0.0009876668612624027,0.00019931696647704255,0.0005117134219357359,0.0001158265663029741,2.0,3208.105586857454,3369.549476172191,10.343401852437777,25.844194099019585,0.5021030154691654,0.062291310377503954,0.06586334248188698,0.1760608587103049,0.10543641574041664,0.024567248065447717,0.05736661305520925,0.006311177204664641,BOW,10HZ
BOW_10HZ,-0.01372623119765625,0.004719714358487962,0.004719529991044837,0.017822241197656248,-0.02101311880234375,0.03883536,7.275957614183426e-14,-7.450580596923828e-11,1.2715074137279971,4.452375308084305,5.661228214128201,-0.01611148535859375,0.006827711689593894,0.006827444976896685,0.028435275358593748,-0.02731456464140625,0.055749839999999995,2.7284841053187846e-13,4.773028194904327e-11,1.293149286551636,4.16484870264802,5.3857711292136345,-0.0105408976734375,0.0005576967147474005,0.0005576749292939752,0.0025485376734375002,-0.002268632326562499,0.004817169999999999,-3.725290298461914e-11,0.0,1.268534889143972,4.569934087038937,5.797120840892358,940.0,670.5308491159584,717.9413638922845,6.677162392804516,1824.6830782527975,0.9760713292606468,0.014432319412195593,0.00077029854780907,0.0062680253808793844,0.001295903437737991,0.00027704387432320393,0.00071880519279962,0.000166272989463259,512.0,492.03238546124936,549.5991147235396,5.813403989988359,3818.6192863470915,0.9604037919270244,0.035335417501939116,0.0004888370830232207,0.0022465406241473427,0.0008173366164244009,0.00017024531169575565,0.00043389149187832214,0.00010393739556138957,2.0,3164.2243729809043,3354.8323246572945,10.345652940335876,25.477228755604045,0.5107561164265899,0.060750813737324647,0.06696094993030972,0.17678379869486516,0.09736249638453208,0.025324260790426198,0.05544931429909709,0.006612244463417739,BOW,10HZ
BOW_20HZ,-0.013724991936718752,0.015571386210734482,0.015570777941580136,0.06239137193671875,-0.053895678063281244,0.11628705,1.0118128557223827e-13,7.566995918750763e-12,1.2663169258842633,4.006952778261782,5.074072124657739,-0.01644307531171875,0.022729524616956886,0.02272863672755961,0.11142312531171875,-0.12198239468828125,0.23340551999999998,-2.5011104298755527e-14,-1.0913936421275138e-12,1.352019834388895,5.366903265914079,7.256159665081624,-0.010986131790625,0.0005567359167761753,0.0005567141688546538,0.0026555417906249986,-0.0022361282093750004,0.004891669999999999,1.4901161193847657e-10,2.288818359375e-07,1.2710138500135857,4.770027303810686,6.062770778976619,1636.0,1117.4596373797633,708.2464009874935,6.58626283376728,19861.43246202901,0.6415959859924741,0.3530286674717111,0.0006189145197113547,0.004291379533245674,0.0002620361829018758,5.09138159278866e-05,0.00010051013217497531,5.158387375266338e-05,1920.0,1471.0529692269724,662.5736675424107,6.4780608808526745,42319.12885364591,0.27766982332436424,0.720626350841314,0.0005130900377704521,0.0008316743907390937,0.0002268513520750337,4.74296479901308e-05,6.234503128963623e-05,2.2431906100849926e-05,4.0,3084.037398673115,3377.0941219172023,10.277551657342118,25.389520853057014,0.5213152913360733,0.06560460052777826,0.07037148718422244,0.14264277469974965,0.10897466481872528,0.02439930250063289,0.05969702499086604,0.006994797979297321,BOW,20HZ
BOW_20HZ,-0.01379911966953125,0.015854225077688442,0.015853605759925057,0.06246549966953125,-0.053821550330468745,0.11628705,4.547473508864641e-15,-3.637978807091713e-13,1.2666197571540185,3.9401446340675497,4.990665039869146,-0.016588081296874998,0.022953687255678083,0.022952790609756704,0.111568131296875,-0.13705921870312499,0.24862734999999997,-3.4106051316484808e-15,-3.637978807091713e-14,1.3389149919432666,5.97135315820347,7.995134266054727,-0.01080626120234375,0.0005499397104265655,0.0005499182279870398,0.00247567120234375,-0.002415998797656249,0.004891669999999999,-3.725290298461914e-11,0.0,1.2639643914127996,4.501889684406326,5.69022826550561,1634.0,1072.8740509432603,726.1641580019393,6.423391977797656,20589.511939981152,0.6552221975958644,0.3396383484178069,0.0005505469611511574,0.004184777255392313,0.00022693513467344294,4.1866386538300495e-05,9.239351072940195e-05,4.2934081601303364e-05,1920.0,1433.5345964681785,692.5207676677569,6.511666287050992,43157.962547477466,0.2960116992213026,0.7023186163527688,0.00047081819785409673,0.0008636701276512595,0.00020726150898737997,4.3961916959337e-05,6.278431686491114e-05,2.118559371814247e-05,4.0,3157.986338029004,3411.477505163894,10.368658857110493,24.773432131926683,0.5115319852275861,0.0703654792157805,0.07207781910929545,0.14190410714419976,0.10564734659070123,0.026711065985416425,0.0642135018906114,0.007548676769660121,BOW,20HZ
BOW_20HZ,-0.013899588623437497,0.01575280887924698,0.015752193523131227,0.056613418623437495,-0.0558845613765625,0.11249798,5.0022208597511053e-14,4.365574568510055e-12,1.2667008749876196,3.594002228115711,4.552525767350634,-0.01659218613203125,0.023043438884377435,0.02304253873246458,0.11169739613203125,-0.13705511386796873,0.24875250999999998,-2.2737367544323207e-14,-7.639755494892597e-13,1.3379283403602518,5.947917260910326,7.957887069835204,-0.010782917325781249,0.0005316526852575566,0.000531631917168904,0.002127507325781248,-0.002430402674218752,0.00455791,3.725290298461914e-11,-3.814697265625e-08,1.2636170390271426,4.571589084774613,5.7767378738177495,1636.0,1113.1778250846348,717.1979302808257,6.703533326905292,20326.94090554576,0.6261356228407577,0.36837446461260653,0.0006498441675657412,0.004365293647131774,0.00024593605625734707,5.900885516084171e-05,0.00011145870094902529,5.8354509649387583e-05,1920.0,1452.2921819232936,675.454502734395,6.702584248356107,43496.127841580776,0.2868712862267754,0.7115812623038656,0.0004443723536280219,0.0007838226740607925,0.00019419122541859953,3.9261370291769485e-05,6.440406770613599e-05,2.1397597136997555e-05,6.0,3478.4330726701583,3459.457106079468,10.797777295694074,23.153254140910104,0.4674348333459795,0.07497316686615398,0.07525964950887919,0.15519105518499154,0.11642204156142552,0.028824616766846976,0.07299128465424753,0.008903341605939094,BOW,20HZ
BOW_20HZ,-0.013954800224218751,0.01578833042941704,0.01578771368571363,0.06395324022421875,-0.05824463977578125,0.12219788000000001,6.366462912410498e-14,2.1827872842550277e-12,1.2681799295743081,4.050823412008003,5.1371729496836585,-0.0165937034875,0.022856057174276193,0.022855164342104353,0.1116989134875,-0.1255701665125,0.23726908,-1.1368683772161603e-15,3.637978807091713e-14,1.340769683992958,5.4941703602488365,7.366417058036617,-0.010678384629687501,0.0005682348919063715,0.0005682126947973605,0.0024491146296875006,-0.0025349353703124997,0.00498405,1.4901161193847657e-10,1.52587890625e-07,1.265605202363295,4.461243807224828,5.646173381371501,1636.0,1108.0238192361555,709.9620485447324,6.106245241920448,20418.715928584275,0.6382793972613972,0.35622128367462,0.0005976365576450952,0.004499121706884789,0.00022821505946609373,3.949525680839708e-05,9.17551415338678e-05,4.309531731902475e-05,1922.0,1501.8926711057873,635.5759238958799,6.67092123682618,42791.61143297956,0.2640654401159085,0.7343047474285094,0.0005187268185664423,0.0007797639044048724,0.00020312490835257602,3.9922726190396595e-05,6.541776072255518e-05,2.2852908128379564e-05,2.0,3043.382780583938,3401.875293723463,10.356916758604225,26.449156507659964,0.5325078519834177,0.06686917573719574,0.0666984216450309,0.1390941705785553,0.10086263290728958,0.02374822659755318,0.06254654417494045,0.007672892772992683,BOW,20HZ
BOW_20HZ,-0.013925140842968751,0.01545542752295248,0.01545482378352285,0.06593210084296874,-0.05827429915703125,0.1242064,6.02540239924565e-14,3.346940502524376e-12,1.2744716479878513,4.266117929406357,5.437046348352842,-0.01640997647578125,0.02260337692786766,0.022602493966210734,0.10967801647578125,-0.12575389352421876,0.23543191000000002,2.0463630789890885e-14,1.1641532182693482e-12,1.3447348987031522,5.563717601546492,7.481725225659581,-0.01064381953984375,0.0005776101937307539,0.0005775876303918625,0.0024145495398437498,-0.0024756304601562494,0.004890179999999999,-3.725290298461914e-11,-7.62939453125e-08,1.26181673882205,4.286155598918402,5.408342889274763,1636.0,1100.0438915558266,732.1148653669705,6.479802730333911,19566.72144510532,0.6432677796197023,0.35071839500088303,0.0006961333618132457,0.004811180353472497,0.00027579973812159517,6.092523127101555e-05,0.00011244371575914863,5.732656123172522e-05,1730.0,1517.1781223808543,622.5478104206439,6.57994331685515,41850.69433605913,0.2553480731100089,0.7429136894765805,0.0005108503753796695,0.0008786280817530517,0.00022154380042898944,3.994582548385664e-05,6.684260629314513e-05,2.0426325227618468e-05,8.0,3011.9120216316364,3394.9323437492144,10.323947962152268,27.329124031746026,0.5362208463456382,0.06412261849342196,0.07038764812945418,0.1348619732615812,0.1016490181035108,0.02328167194531532,0.062437860500110944,0.007038361368677077,BOW,20HZ
BOW_20HZ,-0.0139766700484375,0.015234737436457636,0.015234142317902887,0.06598363004843749,-0.0582063799515625,0.12419000999999999,9.094947017729283e-14,4.074536263942719e-12,1.2712896998606573,4.331299305676265,5.5063361946813005,-0.0163440040484375,0.022524268282832105,0.022523388411416982,0.1096120440484375,-0.11804207595156249,0.22765412,-3.183231456205249e-14,-1.4551915228366853e-12,1.3450770702391417,5.240866684449963,7.04936960574686,-0.010662710411718752,0.0005630905431790413,0.0005630685470250776,0.002296360411718752,-0.002456739588281248,0.0047531,-1.8626451492309571e-10,-3.0517578125e-07,1.2623801294717472,4.363127006290949,5.507924844885223,1636.0,1124.5140063815704,718.9866660915899,6.602414960212665,19011.91932375296,0.6391243375152129,0.35504849070001276,0.0006303682855078611,0.004700027015948691,0.0002821920320084461,5.075879886713656e-05,0.00011194125678932577,5.187452477896966e-05,1730.0,1482.5626204777634,649.8310897881779,6.641491713860644,41558.26385912393,0.2736247488116927,0.7246962711707734,0.00047028448180502596,0.0008581965565453109,0.00022248730723799435,4.142441254690898e-05,6.675834234816804e-05,1.9828552302157195e-05,4.0,3217.1593601218665,3426.9620147941237,10.435756594384578,25.972424679265274,0.5049032069713024,0.06663615383288485,0.07258117932891102,0.14203198305860074,0.1169012463483824,0.023069155452946088,0.06602186038845605,0.007855144918034563,BOW,20HZ
BOW_20HZ,-0.01392349031875,0.015665765633884467,0.015665153677961896,0.06877486031875,-0.058259559681249996,0.12703442,1.1368683772161603e-13,6.984919309616089e-12,1.2653054478247454,4.390308689477703,5.555081502783069,-0.016595157634375,0.02255914422935414,0.022558262995570746,0.105746327634375,-0.128974862365625,0.23472119,-6.8212102632969615e-15,-9.458744898438454e-13,1.3457478383620907,5.717411060649105,7.694193576237121,-0.01078606821015625,0.0005812503734877411,0.0005812276679515506,0.0024197182101562496,-0.0023169917898437503,0.00473671,2.2351741790771484e-10,0.0,1.260177630051465,4.163116003271258,5.246265667657882,1636.0,1107.6617993826621,715.175058604139,6.357923540087612,20102.925502492428,0.6369028252914797,0.357891760183934,0.0005349603667789628,0.004241079568022065,0.0002505640863383679,4.112616333379108e-05,9.37342287084994e-05,4.394953125139715e-05,1636.0,1467.9118203663222,661.0610063796136,6.701052964640561,41687.05879227079,0.2826064787633047,0.7158330041916252,0.0004529389427275464,0.0007730780123214713,0.000210205740378667,4.148069078709354e-05,6.243798321406351e-05,2.0375595069067075e-05,2.0,2944.0073304194534,3395.2212101777,9.724903924914319,27.67467331934774,0.547195115562481,0.06382057893623674,0.06335738709283478,0.1300801895886761,0.10634264965626818,0.021208459447262074,0.061157304749960874,0.006838314667739862,BOW,20HZ
BOW_20HZ,-0.01374511392109375,0.01576889769598637,0.015768281711388936,0.06859648392109376,-0.05508692607890625,0.12368341000000001,-5.2295945351943376e-14,-2.473825588822365e-12,1.2694838290730313,4.3502827494005505,5.5226136026096,-0.016683733828125002,0.022419742795816343,0.02241886700750781,0.10583490382812501,-0.128886286171875,0.23472119000000002,-9.094947017729283e-15,-1.0913936421275138e-13,1.3387513735407555,5.749009801564171,7.696494768686604,-0.0109686641015625,0.0005442357797419081,0.0005442145201165268,0.0024175541015624986,-0.0021805858984375003,0.004598139999999999,0.0,0.0,1.260747316320682,4.442281504364441,5.600594495259624,1636.0,1125.0690355487084,716.092559040138,6.485042626521098,20368.483025300106,0.6207924701085575,0.37390960695601627,0.0005978714855363391,0.004253001818273727,0.0002564474572715729,4.683447184256106e-05,9.654787436809415e-05,4.721439687875574e-05,1920.0,1533.929299108965,623.12600594106,6.679070505377256,41173.45103002858,0.25033203533412984,0.7477359643236711,0.0006092443879833624,0.0008836834246962644,0.0002496352089427519,6.740665929831467e-05,8.475246323096456e-05,3.7256337640189696e-05,2.0,3363.5186930882764,3438.9637970506533,10.585159884010716,24.262200866508778,0.4830341475320161,0.07563898658491634,0.07352550846111187,0.1439944773727403,0.11895035089429477,0.02590123254225239,0.07148593036349711,0.007469364455641425,BOW,20HZ
BOW_20HZ,-0.013728060172656249,0.01557326496892955,0.015572656626384778,0.05781418017265625,-0.055103979827343746,0.11291815999999999,-1.3073986337985842e-13,-7.494236342608929e-12,1.2682098602197054,3.7125444653411956,4.708285497752142,-0.01663314716328125,0.022402237059899036,0.022401361955421664,0.09859357716328125,-0.11319502283671874,0.2117886,2.842170943040401e-14,1.2005330063402653e-12,1.3320734898798947,5.053042000612369,6.731023292565877,-0.0108729716453125,0.0005561223515926269,0.0005561006276389636,0.0023218616453124993,-0.0025221283546875,0.004843989999999999,-5.587935447692871e-11,-1.9073486328125e-07,1.2616803361167153,4.535381232818095,5.722201328529243,1636.0,1100.272664406924,732.566373169348,6.534724655133837,19866.22543286567,0.6273099021835712,0.36726856037586414,0.0006034324797011862,0.004364469495529674,0.00025634121959661844,4.745820871090659e-05,0.00010412217765621674,4.571158933623483e-05,1920.0,1550.9796888042702,605.0356141254155,6.247409063262079,41109.177778218145,0.2396407899714658,0.7586629518218181,0.0004915939135717558,0.0008455393970071928,0.00022718618126971852,4.1405299855954866e-05,6.826305723363102e-05,2.226899194626399e-05,2.0,3193.1986491776047,3437.5851610557897,10.39912457969503,25.333589012105122,0.5094371021200014,0.07091935998513188,0.0705302968092606,0.136545055187636,0.11265901551777537,0.024830431476952342,0.0675284645851042,0.007550244018947362,BOW,20HZ
BOW_20HZ,-0.013630963740625,0.01546716551625917,0.015466561318305221,0.06558577374062499,-0.056321556259375,0.12190733,2.955857780762017e-14,2.0372681319713594e-12,1.2651436319502527,4.240488392126402,5.36482688600455,-0.0164829761171875,0.022489252135317765,0.022488373631747622,0.10956476611718749,-0.12236416388281252,0.23192893,-4.831690603168681e-14,-1.928128767758608e-12,1.3547714702024738,5.441218910763095,7.371608143755817,-0.010756539553125001,0.0005391384101339178,0.0005391173496284259,0.002381249553125001,-0.0026385604468749987,0.0050198099999999996,3.725290298461914e-11,7.62939453125e-08,1.2697330958344033,4.894222832560188,6.214356720416979,1636.0,1079.1205896409704,730.4234950886927,6.277297292051241,19596.45339790467,0.6571325056801735,0.3373553808723722,0.0006003955486073672,0.00446068157754426,0.0002637843686228525,4.451635528850347e-05,9.730822965767504e-05,4.542733014660242e-05,1922.0,1525.778240414259,621.6156143880385,6.665921133314531,41429.15190598735,0.2536538756263264,0.7445854534241451,0.0005283200129891758,0.0008185419205428274,0.00025028775512414276,5.401915442998709e-05,7.730588812861348e-05,3.2182866036950925e-05,4.0,3322.8570856034075,3440.8973809130966,10.62093578844754,23.809844776653463,0.4867978395976097,0.07378528259752222,0.07421465896260539,0.1464028524470449,0.11514325386717252,0.025645602096369374,0.06963914151181522,0.00837135119470906,BOW,20HZ
BOW_20HZ,-0.0137335579234375,0.015606918155037673,0.015606308497889642,0.06568836792343749,-0.0581038120765625,0.12379217999999999,6.821210263296962e-14,4.94765117764473e-12,1.261680686711777,4.209090697400419,5.310528441868593,-0.016527688921875,0.02293819903389675,0.02293730299299585,0.109609478921875,-0.122319451078125,0.23192893,-4.5474735088646414e-14,-2.0372681319713594e-12,1.3683141400639116,5.33277391462038,7.296909953457169,-0.010857195106250002,0.000550188171316124,0.0005501666791709053,0.0024819051062500014,-0.002251824893749999,0.00473373,0.0,0.0,1.26759346360045,4.5111876013265935,5.718351926910835,1636.0,1089.0199991238771,720.2469393492432,6.219285593036921,19952.178387779026,0.6576463111176278,0.33687647231626916,0.0005502850754843951,0.00449830186170262,0.0002497358318531053,4.3610243090502376e-05,9.087706210917416e-05,4.440522816884977e-05,1922.0,1501.545230914446,636.2380551844934,6.582201393711771,43099.73964375666,0.2660814140613753,0.732311431265646,0.0004581941163820249,0.0008048279409756073,0.00022208438263482427,3.915640603685645e-05,6.31668066123784e-05,1.9724618508062756e-05,2.0,3164.043480512371,3398.3396453405962,10.275237588254695,24.79582207717815,0.5083492377308793,0.06864589936953112,0.07153112007937865,0.1458603662419583,0.10946539560919807,0.025087058655920928,0.0633127054120618,0.007748216269271461,BOW,20HZ
BOW_20HZ,-0.0137555489265625,0.015714531690558763,0.015713917829674896,0.0574795989265625,-0.0580818210734375,0.11556142,-4.5474735088646414e-14,-3.783497959375382e-12,1.2615380193970742,3.6962024174554915,4.6628998773042145,-0.0164420976171875,0.022875007579878676,0.02287411400744216,0.0987258576171875,-0.1266515523828125,0.22537741,-6.139089236967266e-14,-2.6557245291769504e-12,1.3497226736580905,5.536894339866854,7.473271832494151,-0.01091448688671875,0.000550166896974395,0.0005501454056602215,0.0024691668867187506,-0.002194533113281251,0.0046637000000000015,3.725290298461914e-11,7.62939453125e-08,1.2645958398026278,4.4882077662128825,5.675768879639509,1636.0,1101.0181460860113,731.7132355138546,6.199857932841833,20228.27751127628,0.6375322331883208,0.3567747543393701,0.000619593538906214,0.004579246757325337,0.0002697792522756439,5.8614209689100554e-05,0.00011037530303207543,5.538594806383692e-05,1730.0,1462.0287197433493,672.3445332687052,6.662051626804231,42862.59959511392,0.28804562578736065,0.7102374387583389,0.0004791191637580684,0.0008781770981675132,0.00022687523003063636,4.274734691157513e-05,6.683269830496218e-05,2.3179757040679198e-05,2.0,3177.4875157522883,3425.63402413351,10.5066765385927,24.793904725492684,0.5133327711978413,0.06354153129868459,0.07015023449332947,0.1438685065305166,0.10952000712438782,0.025628402298345884,0.06609464857954309,0.00786388245562004,BOW,20HZ
BOW_20HZ,-0.0137648558390625,0.015499758353928875,0.015499152882792336,0.0574889058390625,-0.05481239416093751,0.1123013,-6.821210263296962e-14,-4.365574568510055e-12,1.26312630623065,3.7091643827308385,4.685143106263377,-0.0165303525296875,0.023089300895418035,0.023088398951985382,0.1063371225296875,-0.12656329747031247,0.23290041999999997,2.3874235921539365e-14,1.382431946694851e-12,1.3376290270547995,5.4816835817863225,7.332459076444688,-0.0108524967171875,0.0005448749312859701,0.000544853646693244,0.002407176717187501,-0.0021969232828125008,0.004604100000000002,1.4901161193847657e-10,3.0517578125e-07,1.2656234271214037,4.418024413305858,5.591555209336679,1636.0,1121.6327854178467,719.233849925475,6.173211770577989,19679.128863578026,0.634854043541847,0.3594251372864069,0.0006545509645959018,0.004598147294529351,0.00025934779201911457,4.986539836043062e-05,0.00010723060498222157,5.166940524876923e-05,1922.0,1437.8746685865049,689.3120695105856,6.5781796254556175,43669.43569620788,0.3039038496439855,0.6944450047983868,0.0005043402065946899,0.0008022779998225634,0.00022427713160479428,3.832930042916718e-05,6.233270318593961e-05,1.9588038021574268e-05,4.0,3335.465438053689,3471.306485698431,10.63230836888405,24.319221458158722,0.49415891234851894,0.06660822263433203,0.07376860301145802,0.140398034439781,0.1176639740880321,0.027614392053790505,0.07150880287692359,0.008279058543835833,BOW,20HZ
BOW_20HZ,-0.01379889756640625,0.015661480730782846,0.015660868942242574,0.05966705756640625,-0.05477835243359376,0.11444541000000001,-1.2505552149377764e-13,-8.149072527885438e-12,1.2654476662505858,3.809945526180505,4.821286674954835,-0.01654619937734375,0.02311017750333781,0.023109274744396734,0.10635296937734375,-0.13032608062265624,0.23667905,2.0463630789890885e-14,1.0913936421275138e-12,1.3352117786631952,5.6395573664040075,7.530003422395263,-0.010985873019531252,0.000527724731089218,0.000527704116439272,0.002250003019531252,-0.002182746980468749,0.004432750000000001,1.4901161193847657e-10,1.52587890625e-07,1.2622036043392446,4.263758695781224,5.381731604046246,1636.0,1089.1058677249755,725.0632035092518,6.163781828088566,20091.92995141487,0.6593765725529449,0.33502477514466333,0.0006763506377681272,0.004437380072656341,0.0002802640887898505,5.116771356507491e-05,0.00010197124171812637,5.1512320824707286e-05,1922.0,1446.7627606188569,686.153097544805,6.240633004376051,43748.44045323194,0.2974811282950517,0.7008814080006339,0.0004873523935148869,0.000795695832448849,0.00022895962539554466,3.878687326586522e-05,6.51667775744783e-05,2.150018221009676e-05,2.0,3608.6165736412404,3454.0180146111975,10.95796183022182,22.81239645825826,0.44665890136750347,0.0763653267266279,0.0828090094228983,0.15449672909582826,0.12587270405076303,0.02951243990296655,0.07541797085934263,0.008866904594899947,BOW,20HZ
BOW_20HZ,-0.013725405528125002,0.015512246669164594,0.015511640710193715,0.059593565528125,-0.054275214471875,0.11386878,1.1596057447604835e-13,7.275957614183426e-12,1.2676855331642731,3.841860873242139,4.870271449752896,-0.01654088158984375,0.022679909379046636,0.022679023427782444,0.09801259158984375,-0.13033139841015623,0.22834399,2.955857780762017e-14,1.2369127944111825e-12,1.3366488392025309,5.746781770362731,7.681429182844312,-0.010952827496875001,0.0005414924787673908,0.0005414713263042969,0.0023227474968750012,-0.0022157925031249994,0.004538540000000001,0.0,1.52587890625e-07,1.2602332146272417,4.289696203192787,5.40601764590786,1636.0,1083.4500142211405,738.8254629271446,6.382125862166922,19710.85308293843,0.6515149586185395,0.3427187777705833,0.0007704003335446973,0.004467315135130714,0.00029039696071729814,6.193805522873813e-05,0.00011612286986377138,6.0073420508981815e-05,1730.0,1462.416636022269,673.1237359719354,6.84893403132586,42134.57745001739,0.28830836095059315,0.7098492558330689,0.0005580661998755066,0.0009119891772513593,0.0002376240867352801,4.517518439799794e-05,6.849114413627378e-05,2.103742392932046e-05,2.0,3477.122306774002,3460.96135569286,10.599864507416314,24.018223338663063,0.4648921129939479,0.07608559664006036,0.07603698061938573,0.15313453630605023,0.11846185982674995,0.028443360658125444,0.0741366424425568,0.008808871938902766,BOW,20HZ
BOW_20HZ,-0.01387292158125,0.015258870866983998,0.015258274805698708,0.06072001158125,-0.062042578418749994,0.12276258999999999,-4.774847184307873e-14,-5.675246939063072e-12,1.2632435775631061,4.066159458047772,5.136549821062968,-0.0165398583796875,0.022523216679299705,0.022522336848963646,0.09607903837968751,-0.11361611162031252,0.20969515000000002,3.751665644813329e-14,1.7462298274040222e-12,1.3448405194331445,5.044596942900972,6.784178373323017,-0.0106974687359375,0.0005584245525679153,0.0005584027386827698,0.0022804587359374993,-0.0020912012640625,0.0043716599999999994,0.0,0.0,1.2620220728142346,4.083896037532041,5.153966951673864,1636.0,1119.4432759416675,721.3590670258466,6.485588320329535,19072.200757467846,0.6373188288743804,0.3570723288639419,0.0006402378663205955,0.004480965914916188,0.0002781299495210179,5.0075076751311135e-05,0.00010872206344002052,5.070618089438208e-05,1730.0,1533.0908413819054,615.6919941550759,6.710286417541959,41554.38346915547,0.2526518906744537,0.745611787991985,0.00048813190789236377,0.0008844075969636974,0.00022487382372905532,4.6388686589892196e-05,6.960853745815772e-05,2.2909029233749773e-05,2.0,3223.9896061873155,3434.324488340266,10.435204316396415,25.543771863944144,0.5029302804080393,0.07134767530788681,0.06977584801792706,0.1423341681611774,0.11142309512018227,0.02673908445887317,0.0665606329947207,0.008889197458697215,BOW,20HZ
BOW_20HZ,-0.013911383603125,0.015604852818071184,0.015604243241601956,0.060758473603125,-0.067289146396875,0.12804762,1.20508047984913e-13,6.693881005048752e-12,1.263315213263869,4.312233880920633,5.4477106652680485,-0.016452669749218753,0.02276790811817711,0.022767018729395027,0.10717727974921876,-0.12819503025078124,0.23537231,2.842170943040401e-14,1.418811734765768e-12,1.3548085998848056,5.630734167211578,7.628567073738526,-0.01048467054453125,0.0005354530469061446,0.0005354321303629656,0.0022032505445312503,-0.0023039994554687505,0.004507250000000001,3.725290298461914e-11,1.52587890625e-07,1.2630138186865185,4.303065356955363,5.434831018696224,1636.0,1106.1078736618742,718.5149544386082,6.170348471386948,19946.8980492765,0.6489486417618887,0.3455458561625702,0.0005948522040873428,0.004465999946868062,0.00025322785926215743,4.931037042427322e-05,9.372580627021772e-05,4.838026215456991e-05,1922.0,1573.2549060282888,580.4436206189514,6.154717803762335,42462.17867526993,0.23469469979431679,0.7637345942445631,0.0004518434773761155,0.0007871155388275533,0.00020645453904533749,3.991234194123014e-05,6.40770294617368e-05,2.130223391025314e-05,4.0,3338.757133808437,3423.9803969711324,10.719189823834762,23.485445425155064,0.4843054638641659,0.07338392792733102,0.07416528247117511,0.1483513247227796,0.11444102522053677,0.02939799749999789,0.06675751233759042,0.00919746595628518,BOW,20HZ
BOW_20HZ,-0.01393146100390625,0.015521088371355593,0.015520482066998974,0.056505231003906246,-0.06726906899609375,0.1237743,-6.480149750132113e-14,-3.4924596548080443e-12,1.2695277697554836,4.334212603794891,5.502403260896361,-0.016516345015625,0.022762389575684827,0.022761500402475026,0.107240955015625,-0.128131354984375,0.23537231,-2.5011104298755527e-14,-5.820766091346741e-13,1.3433894310200742,5.629301790878999,7.562344530221465,-0.010557924997656249,0.000547661825141745,0.0005476404316838513,0.0022765049976562497,-0.0021964750023437517,0.004472980000000001,0.0,0.0,1.2640647786052814,4.156933750307036,5.254633550353728,1636.0,1108.1831062116103,727.6137122386425,6.187478365566502,19733.328995996868,0.647655388907604,0.3465037959912024,0.0006330934273515589,0.004767825237855072,0.0002535450815381363,4.767993208857653e-05,9.438404866684706e-05,4.4286305731805306e-05,1922.0,1516.3407679197783,632.4440142845075,6.467388962392993,42441.59697579541,0.2641198171574932,0.7342126950203876,0.00048558544667697044,0.0008550041727009455,0.00020398019725875006,4.0893321045013344e-05,6.248102943701321e-05,1.9543610339378276e-05,2.0,3173.680708156596,3425.4777346690407,10.384843123182414,24.56863071858565,0.5117901121067283,0.06774438864204886,0.06938334600762132,0.1411373599027524,0.10964509673687253,0.02815777837435443,0.06505430171050827,0.007087612940598955,BOW,20HZ
BOW_20HZ,-0.01396434157890625,0.015253070594648189,0.01525247475994046,0.056538111578906244,-0.05550541842109376,0.11204353,-1.2505552149377763e-14,-1.964508555829525e-12,1.2650093826236621,3.706815612879607,4.689156530256018,-0.01649167143125,0.022663052185747504,0.022662166892980288,0.09359321143124999,-0.11198357856875002,0.20557679,1.5916157281026246e-14,6.548361852765083e-13,1.3336384543314104,4.9414329659047755,6.590085023122318,-0.0108433672078125,0.0005632722032429093,0.0005632501999927108,0.0023563272078125,-0.0021166527921874997,0.00447298,0.0,0.0,1.2611708822474457,4.1834467234269015,5.276041204386628,1636.0,1128.476884036723,724.044010750382,6.182450115317534,19057.70385700091,0.6404958535936528,0.35335722966800187,0.0006952838130336691,0.004968749959852916,0.0002842542553068208,4.78012911442101e-05,0.00010598133370728851,4.484408188920752e-05,1730.0,1475.7180995047463,668.5849583862622,6.658961790926188,42071.96655504191,0.28514112264149477,0.7129923288181006,0.0005404002471204436,0.000930792711741262,0.00023549618339055895,5.6370611493012114e-05,7.712169904138346e-05,2.635851607620011e-05,2.0,3113.3185609573056,3441.9163326261832,10.187967646988769,25.989184535911047,0.5229117673563206,0.06717596458860924,0.06918450500677312,0.13379068323208013,0.10791065144494985,0.025514261258179304,0.06709503090425126,0.006417136208455967,BOW,20HZ
BOW_20HZ,-0.01396733391796875,0.015048162443768543,0.015047574613441798,0.05489763391796875,-0.054656106082031246,0.10955374,-9.094947017729283e-14,-5.675246939063072e-12,1.26176288900428,3.648271254643333,4.603253278435955,-0.0164503702609375,0.022536927507621443,0.022536047141695693,0.09340142026093749,-0.11394399973906251,0.20734542,-1.1937117960769683e-14,-1.4551915228366853e-12,1.3385542851129133,5.056077448612973,6.767834135003971,-0.010858185490625,0.0005660700491628304,0.000566047936619641,0.002397965490625001,-0.002101834509374999,0.0044998,0.0,0.0,1.2579718751668973,4.2363293481979385,5.329183183391842,932.0,1130.262153777918,716.9473238322072,6.353745146527119,18549.104803752245,0.6416994581603908,0.35219255845140385,0.0006822992319446886,0.004917637020178201,0.0002990008491151506,5.073273172451029e-05,0.00010930580374469132,4.900552713586947e-05,1922.0,1460.7555945597176,673.9385918148733,6.450902492361611,41604.990660286116,0.2986255385031933,0.6996333410682745,0.0004990555566575813,0.0008738182658626438,0.00022798508559354678,4.726567775269333e-05,7.217781736858508e-05,2.0816555089346767e-05,2.0,3159.9197513591394,3448.2242093698546,10.15010315791694,26.24800912541903,0.5158071368976378,0.06933661209194644,0.06926472679256583,0.13659441587189916,0.10855789154576452,0.024680852942703096,0.06839434662619989,0.0073640104092278485,BOW,20HZ
BOW_20HZ,-0.013885088246093748,0.01522683300498556,0.015226238195203697,0.058150008246093746,-0.06050018175390626,0.11865019,6.8212102632969615e-15,1.4551915228366853e-12,1.2693343324994286,3.9734162157656607,5.043593620312555,-0.01631473602578125,0.022167149704375697,0.022166283783177514,0.09326578602578124,-0.11407963397421876,0.20734542,-5.2864379540551457e-14,-2.0372681319713594e-12,1.3427372660550914,5.1465385485883655,6.9104491006904345,-0.01062090590078125,0.0006104442760097281,0.0006104204300644464,0.0026941059007812504,-0.0022690840992187506,0.004963190000000001,-3.725290298461914e-11,-7.62939453125e-08,1.2692688358187634,4.413525111017811,5.601949888695654,932.0,1114.3535106746579,722.431588765777,6.298744566863046,18992.196000164604,0.6494872061934613,0.34459902859826824,0.0007100770031603121,0.004724159559223568,0.00027396770528117386,4.6053038602479734e-05,0.00010815781792046632,5.134574438218797e-05,1732.0,1460.7699979230429,670.8713941665599,6.368770425853322,40250.91168375105,0.3000700326352658,0.6981928507846435,0.0004795721293807269,0.0009020896560766589,0.00022408736093730073,4.3178909967483755e-05,6.640707036663189e-05,2.178142006339145e-05,2.0,2678.866676272984,3353.5697126998843,9.353204158733408,30.524465300928185,0.5876217001963859,0.060365664496238584,0.05488363779051757,0.1237801717064694,0.08968851015337985,0.02023237611152904,0.05682086044538815,0.0066070770716423095,BOW,20HZ
BOW_20HZ,-0.01374565509375,0.015403470820557178,0.015402869110725874,0.05801057509375,-0.06063961490625,0.11865019,-3.183231456205249e-14,-3.4924596548080443e-12,1.2748498989934427,3.9369038629359228,5.018961492336601,-0.01633409240625,0.022201337761716462,0.022200470505021205,0.09421192240625,-0.10641508759375,0.20062701,3.524291969370097e-14,1.1641532182693482e-12,1.3322720426441221,4.793370823599803,6.386073938595702,-0.01068656216875,0.0006202520633171069,0.0006202278342476503,0.0027597621687500008,-0.0022823978312499996,0.00504216,7.450580596923828e-11,0.0,1.268752351727063,4.449594184446845,5.64543309485019,1636.0,1095.4437870683814,733.5227824810412,6.296543883731797,19435.38709716928,0.6504403914566065,0.3439107296617446,0.0006698793191462847,0.004501613429013943,0.0002677886741336638,5.0412096167361e-05,0.00010788289138225885,5.1295653308457336e-05,1922.0,1460.848232210589,677.9269182515752,6.577919849622099,40375.16447138676,0.2991888578737388,0.6989214445726849,0.0005306437670704616,0.000947213358015153,0.00024064372836258337,5.695453430126742e-05,8.072504128023795e-05,3.350177826475377e-05,2.0,2521.9579538079443,3313.2046696187726,9.034872134492044,31.51319593738799,0.6110572116951457,0.05900531530460008,0.051083948662103355,0.11579191634642624,0.08270445053403354,0.019879462301268403,0.0546979687437611,0.00577972007214393,BOW,20HZ
BOW_20HZ,-0.013846648690625001,0.015431298800520672,0.015430696003637669,0.057913398690625006,-0.05778510130937499,0.1156985,1.3642420526593923e-14,2.1827872842550277e-12,1.2713019096216511,3.7531293904836978,4.771360561488281,-0.0165170062015625,0.022614646831773354,0.02261376342987721,0.0967982062015625,-0.1253026837984375,0.22210089,1.8189894035458565e-14,5.093170329928399e-13,1.3293848905810468,5.540992068014082,7.366111134373083,-0.010842146688281252,0.0005304927513946938,0.0005304720286168428,0.001945356688281252,-0.002126813311718748,0.00407217,-1.1175870895385742e-10,-1.52587890625e-07,1.2675858447904886,4.009284548433089,5.08211235091137,1636.0,1107.2791721695914,724.3110204657563,6.314135537345644,19505.674611367896,0.6541262913236449,0.3400632183582913,0.000679508161001491,0.004659562851361886,0.00026745096997410876,4.839777621180003e-05,0.0001077968107880471,4.777058526650017e-05,1922.0,1459.9260364593047,679.231386284835,6.40946560620011,41892.437851966875,0.3002792107243487,0.6979405328028742,0.0005665393318045268,0.0008334721666094162,0.0002323334065917134,5.154984813973313e-05,7.221680035205542e-05,2.4138915197457506e-05,2.0,3531.7838898995587,3435.726694592553,10.729708624299597,23.05233495216194,0.4567924181621239,0.07573069260420212,0.07820713651752342,0.15893818739182436,0.1200229244180241,0.02775293091062564,0.07468433166936599,0.00787137831461416,BOW,20HZ
BOW_20HZ,-0.0139393362359375,0.01554692303725323,0.015546315723710263,0.0547340462359375,-0.05769241376406249,0.11242645999999999,1.341504685115069e-13,6.693881005048752e-12,1.2625671388822721,3.711002322715127,4.685389585277287,-0.01662185133125,0.022843160673288208,0.022842268344895778,0.10464509133125,-0.12519783866875,0.22984293,-3.069544618483633e-14,-1.2551026884466409e-12,1.353685758294465,5.480972238523113,7.419514061220885,-0.0107673725515625,0.0005366723490881347,0.000536651384915034,0.0019570025515625,-0.0022358574484374998,0.00419286,-7.450580596923828e-11,-1.9073486328125e-07,1.2690891135908473,4.166312632595148,5.287422015695145,932.0,1114.9204257894792,723.4684751000468,6.295111437414465,19799.075458218264,0.6530419504319515,0.34100817337802114,0.0007246423669157525,0.0047483883443491075,0.0002814162175775508,4.6282455790878444e-05,0.00010355830507883081,4.5586362870568825e-05,1922.0,1520.5403135694426,642.6524849049046,6.1526909471776525,42743.3356504988,0.26692483010299795,0.7308894027239548,0.0007497116320238522,0.0008972483904568203,0.0002856621225670178,9.242698548300046e-05,0.00010894960755643789,5.172675120635531e-05,16.0,3487.7168354910173,3427.5915876906984,10.820791103841295,23.59252667800001,0.46360789306704914,0.07238665034862268,0.07859728713423741,0.15953262903690643,0.11937918251755338,0.026672421492429012,0.07213504916809692,0.007688876862783136,BOW,20HZ
BOW_30HZ,-0.01298344256796875,0.03141880202499618,0.0314175747040705,0.10908993256796876,-0.11748692743203125,0.22657686,2.2737367544323206e-15,-1.0913936421275138e-13,1.2258282938571756,3.73952886353987,4.584020286768648,-0.01584694866953125,0.0485411832991675,0.04853928712215944,0.17111239866953126,-0.20756664133046876,0.37867904,-4.831690603168682e-15,-1.4097167877480388e-13,1.3035451494301842,4.276260605224937,5.57429876975519,-0.010671396296875,0.0005199126345445146,0.0005198923250605504,0.0022216062968749995,-0.002053203703125001,0.00427481,-1.862645149230957e-11,0.0,1.2629812218026313,4.2732046339461744,5.396977219974957,1614.0,1361.95053470198,778.3768124880309,4.275005516213444,80860.28297022711,0.307355062696957,0.682898337464991,0.003387522107015638,0.006124124069135996,0.00016127821981500883,1.6579448523713455e-05,3.2213197208636084e-05,2.4881143867372925e-05,1758.0,1473.1974170794851,730.9846214335506,5.54213337398214,193008.63156139973,0.25383986397018515,0.7426460763104197,0.002261856353215285,0.0010907737261957552,0.00011165935646467547,1.851181531526413e-05,2.249551278738927e-05,8.760695451953818e-06,2.0,3484.3611190614292,3436.75900842198,10.754091767283558,22.141995392265507,0.45942631300375014,0.07537124989636547,0.07520113223300867,0.1692868043115239,0.11364146482535689,0.028094114452082833,0.07167483503429341,0.007304085992906463,BOW,30HZ
BOW_30HZ,-0.01258317432265625,0.03179144428037763,0.03179020240282953,0.10868966432265625,-0.11788719567734375,0.22657686,3.4106051316484808e-15,2.1827872842550277e-13,1.2222441625061131,3.708287043279182,4.532432191687607,-0.01556471006953125,0.04876514957462798,0.048763244648766406,0.17688999006953124,-0.20784887993046874,0.38473886999999996,1.1368683772161603e-15,4.5474735088646414e-14,1.3018141267426442,4.262408734761345,5.548863904977351,-0.010559871659375,0.0005425731755760152,0.0005425519808973776,0.002203951659375,-0.0021423783406250008,0.004346330000000001,0.0,7.62939453125e-08,1.2617429196567131,4.062194467832342,5.125445117503046,1614.0,1351.9050641651247,782.5596283595498,5.007297779700649,82789.74242169238,0.32678389269133334,0.6633938009672741,0.003526013454592647,0.0060248779591711085,0.00018178692847179998,2.5212759577642736e-05,3.577058228709281e-05,2.8636527248243822e-05,1758.0,1456.6371429044589,748.4331428455179,6.146459948890966,194793.80265644696,0.2667869282096505,0.7295089489431307,0.0024968700098032194,0.0010274965946766791,0.00012003983385489684,2.217598582496734e-05,2.5220813973352105e-05,1.2313167869556355e-05,6.0,3123.7618252648526,3405.8606953041995,10.320226640876564,24.114188496042594,0.5141137264236919,0.06965632465254881,0.0643801805922278,0.15285309499767477,0.10316321090027622,0.02785717261100635,0.061075832495126485,0.006900453495982353,BOW,30HZ
BOW_30HZ,-0.01253742468671875,0.031283612929594744,0.03128239088959625,0.09354723468671874,-0.11439865531328125,0.20794589,-1.2505552149377763e-14,-3.637978807091713e-13,1.2250462392793608,3.6569664931739743,4.47995304977662,-0.015140017818750002,0.047917008998423986,0.04791513720370078,0.17646529781874998,-0.20293935218125,0.37940465,1.4068746168049984e-14,2.7284841053187846e-13,1.30387183316837,4.235391235848123,5.522407334985794,-0.010447649864843749,0.0005422377094268273,0.0005422165278525921,0.002091729864843749,-0.002053450135156251,0.00414518,1.1175870895385742e-10,1.9073486328125e-07,1.2577013793127074,3.8577390277462573,4.8518837051731705,1614.0,1352.7590820451137,784.6624134146201,5.039410014660067,80165.92730303705,0.32303548905425955,0.6666654536261881,0.003736834623387546,0.006335846352232282,0.00015490614121218245,1.6953239690350025e-05,3.0029948832482717e-05,2.4487006211906065e-05,1758.0,1446.0650806914105,759.4693659286293,6.112368988228389,188076.88193300107,0.2735158253398987,0.7226829261695459,0.0025533988274039953,0.0010809872498709178,0.00011970820274444851,1.686227671066287e-05,2.12018319343211e-05,9.088438694850405e-06,6.0,3187.477425786977,3390.7527868346892,10.471208506023505,24.084378809550802,0.5061099936175794,0.07204669597984487,0.06653201948446232,0.15421095987525943,0.10450920235539392,0.027155642609252597,0.06157638039875949,0.00785909419293866,BOW,30HZ
BOW_30HZ,-0.0129014399515625,0.030525955593189248,0.03052476314975852,0.09301426995156249,-0.10985221004843751,0.20286648000000002,-1.8189894035458565e-14,-5.093170329928399e-13,1.2313226472086864,3.598789923639678,4.431271535669125,-0.015664615732812498,0.047175268581779305,0.047173425761857055,0.1695041257328125,-0.1848476642671875,0.35435179,-5.115907697472721e-15,-9.094947017729283e-14,1.3090160801735409,3.9184702250886985,5.1293405344310745,-0.01049841241875,0.0005452459757135096,0.0005452246766265773,0.00213802241875,-0.002548027581249999,0.004686049999999999,-7.450580596923828e-11,-1.52587890625e-07,1.2644441122508068,4.673353363867978,5.909194156248457,1614.0,1350.20815855336,797.9518640105352,4.4449313605747625,76329.87467902304,0.33424102211945755,0.6549635805810027,0.0038766523493810813,0.006677517073358025,0.00016448564069038147,1.7107776525441663e-05,3.406631211592022e-05,2.5567789948051106e-05,1758.0,1480.2952012788653,742.2536572927436,5.590711476024242,182299.20578356637,0.25765490141238573,0.7385172839364142,0.0024901866410317413,0.001157286040472544,0.0001248722298708134,1.978276267155633e-05,2.4669914012792316e-05,1.1013701181812202e-05,2.0,3330.202938598863,3414.3634891791553,10.683134641623438,24.352354379358705,0.48664422142043406,0.07196876479768753,0.07472678687465181,0.156282448128473,0.10910291979440746,0.02425512782034265,0.06883441407232821,0.008185297464019775,BOW,30HZ
BOW_30HZ,-0.01243975472109375,0.030645157326437054,0.030643960226597676,0.10037061472109375,-0.11192160527890625,0.21229222,9.094947017729283e-15,3.637978807091713e-13,1.2282242159641443,3.652321842465735,4.485870131557583,-0.015533213440625,0.04576202387841357,0.045760236264440805,0.159272023440625,-0.186726836559375,0.34599886,-8.526512829121202e-16,-1.8189894035458565e-14,1.3124010180869152,4.080547912301656,5.355315234574159,-0.0105299084578125,0.0005402315175275759,0.0005402104143217423,0.0019653884578125,-0.0025165315421874987,0.004481919999999999,5.587935447692871e-11,-7.62939453125e-08,1.2640499198567419,4.658428402733933,5.888486060034554,1614.0,1330.379535829436,806.6074368439196,5.006690496960119,76927.16437391254,0.3311716421126887,0.6580510771980932,0.0039955542993739355,0.006521598027786164,0.00017469574466379183,2.093357127811091e-05,3.6645069213374e-05,2.78515980439753e-05,1758.0,1490.8053356892078,732.7891875612349,6.17689660002668,171540.4163463327,0.2535666492008139,0.7423192457551794,0.0027771892549944685,0.001153304835052066,0.0001341418981683858,1.7699785551005976e-05,2.3684792277063073e-05,8.084477723060423e-06,4.0,3415.045109426477,3424.0753417803153,10.797684674875885,23.90649200600049,0.4717346572131212,0.07208772889922967,0.07816581305986098,0.16335235152354852,0.11014898206907696,0.026330347147835335,0.07092973854897007,0.007250359241191887,BOW,30HZ
BOW_30HZ,-0.012495912006249998,0.030333604522168815,0.03033241959259856,0.10042677200625,-0.11186544799375,0.21229222,-3.069544618483633e-14,-1.0186340659856797e-12,1.2280032250447501,3.68798300605595,4.528855025496246,-0.01514229808984375,0.04463616324569122,0.04463441961150841,0.16162270808984375,-0.18711775191015625,0.34874046000000003,5.968558980384841e-15,5.456968210637569e-14,1.3089865916514463,4.1922299771031,5.487572829270152,-0.0105921536734375,0.0005568769809760231,0.0005568552275440737,0.0022258036734375004,-0.0021667163265625,0.0043925200000000005,-1.1175870895385742e-10,-1.52587890625e-07,1.2584494048189965,3.997095760880215,5.030142790317365,1614.0,1343.0562618357399,804.9646421427734,5.268298137572232,75370.96158811376,0.3351246897295891,0.6536569150527423,0.004184050261161265,0.0067323783903199185,0.00019441633964958647,2.9859451638780705e-05,4.361882121098889e-05,3.406085175842574e-05,1904.0,1475.8634917288143,747.1752212734077,6.11705931032934,163203.5974398696,0.26870486825466827,0.7268831836653892,0.003001682569781184,0.001213906578723348,0.0001467349012230533,1.8012387599981353e-05,2.369072759571275e-05,7.920910299529313e-06,2.0,3211.1309942592557,3418.1288943417744,10.471433142367824,25.402388165467137,0.5040726225175639,0.06829501884151162,0.07127025265871777,0.1494428628871272,0.10918605041115882,0.026703329404291414,0.06436841725757664,0.006661434945628999,BOW,30HZ
BOW_30HZ,-0.013010166299218749,0.03002527087385946,0.03002409798880759,0.09113533629921874,-0.11019495370078125,0.20133029,-7.958078640513123e-15,-7.275957614183426e-13,1.2348560633939492,3.6702169616615827,4.532189669230075,-0.015600721500000001,0.04576316696422348,0.045761379305598045,0.1893108915,-0.1781335485,0.36744444,4.547473508864641e-15,1.0004441719502211e-13,1.301337002874155,4.136914017202809,5.383519288412428,-0.010486516631250003,0.0005872694775086722,0.0005872465368466385,0.002328766631250003,-0.002272353368749997,0.00460112,7.450580596923828e-11,3.0517578125e-07,1.2565137522629874,3.9655689410946664,4.98279191851743,1614.0,1358.5670768079876,800.7946806132937,5.005458493801266,73846.49402632272,0.3262560589392445,0.6621815514709141,0.004404763101478883,0.006890448505265923,0.00018611474393713748,1.870349141367739e-05,3.444670805299896e-05,2.7912505574935324e-05,1902.0,1478.2587518638973,752.4635269533278,6.1154923355077635,171548.9862497258,0.2665072387600631,0.7291057974063924,0.0029697428777011032,0.0012243794310542802,0.00014450042176332833,1.765886550806992e-05,2.270375446699395e-05,7.97838238200926e-06,2.0,2879.353595916707,3403.3056813600488,9.709772957643324,28.250807974325188,0.5604295748063126,0.06054661600927335,0.060597085114613265,0.1267758870901106,0.10123592560205437,0.02434875729197819,0.059224132514512,0.006842017268089706,BOW,30HZ
BOW_30HZ,-0.01273633898828125,0.030668761469331306,0.030667563447437086,0.09086150898828124,-0.11046878101171875,0.20133029,-7.958078640513123e-15,-2.1827872842550277e-13,1.233692826456067,3.6021375221887277,4.443931221177372,-0.0156249299203125,0.04485782994000571,0.04485607764679853,0.1893350999203125,-0.1725263100796875,0.36186141,1.1368683772161604e-14,1.6370904631912708e-13,1.304703490860344,4.22094641013724,5.5070835161632665,-0.010244847478125001,0.0005385222398451997,0.0005385012034093298,0.0025415474781250013,-0.0022756225218749995,0.004817170000000001,5.587935447692871e-11,3.814697265625e-08,1.2749144812618556,4.719669069102212,6.017174454136,1614.0,1338.583651009674,803.9612597478744,5.041497751573851,77045.71506572238,0.34244535729594483,0.64630225122949,0.004221521483573499,0.006725120722842031,0.0002116661893542583,2.604283304330689e-05,3.7365300064523696e-05,3.066711306290864e-05,1902.0,1463.9248288513306,766.7731562289623,6.297612933785353,164828.58615255088,0.27906169484437354,0.716349506729621,0.003104361843311985,0.00127568686914238,0.00015750163813042258,1.895513424114038e-05,2.368947972041416e-05,8.603260782690503e-06,12.0,3326.1935970515615,3432.280318373382,10.704046730400863,23.755452187679644,0.49040775630433836,0.07200589066240382,0.07150602401336718,0.1480135574523862,0.11340824037677871,0.02902776097802285,0.06796188130341453,0.007668881049559793,BOW,30HZ
BOW_30HZ,-0.012719263006250002,0.03060877812311069,0.0306075824443617,0.08874651300625,-0.10508758699375001,0.1938341,4.547473508864641e-15,2.5465851649641993e-13,1.2288665579203815,3.4333841028230268,4.219170904592537,-0.015191229455468748,0.043316505604555425,0.04331481352050609,0.15458221945546874,-0.18734298054453125,0.3419252,-7.673861546209083e-15,-1.8644641386345028e-13,1.3112709108437575,4.3251480339748944,5.671440802175282,-0.010307817439062499,0.0005508946472279628,0.0005508731274854897,0.002604517439062499,-0.002251392560937501,0.00485591,3.725290298461914e-11,2.288818359375e-07,1.2658962130841116,4.727980553749416,5.985132689391517,1614.0,1351.0733327918142,791.4553219606735,5.289798111592523,76744.63052592489,0.3251823387344821,0.6635178938445558,0.004147397007550738,0.006886331336506016,0.00018985288456825622,1.8314022077465284e-05,3.235018461182554e-05,2.552196158629082e-05,1904.0,1448.5708926496127,778.8910520904199,6.266159154460388,153696.09866833276,0.29944843833765344,0.6956292656190586,0.003347186881900157,0.0013287604980735208,0.0001673181275400861,2.9564363565156256e-05,3.303441122715895e-05,1.6422027119237885e-05,10.0,3154.4145037434027,3414.717335094053,10.531038405138139,24.859541776597915,0.5161674188698342,0.06748646775388585,0.06966899851740299,0.14140450498861867,0.10791175519957752,0.02629910960937767,0.06450220811319018,0.0065595320580465345,BOW,30HZ
BOW_30HZ,-0.012928104199999998,0.030101902435698668,0.030100726557167945,0.0889553542,-0.1047714658,0.19372682000000002,-3.2400748750660566e-14,-1.0913936421275138e-12,1.233513553544875,3.4806955771494454,4.293485170320178,-0.01542820161640625,0.0429714670281861,0.0429697884224694,0.17460936161640625,-0.18710600838359373,0.36171537,-1.3358203432289883e-14,-1.8189894035458566e-13,1.3154404308024157,4.3543618725709035,5.727903657657583,-0.0105607840515625,0.0005965739053099623,0.0005965506011866187,0.0023344940515624985,-0.0029401059484375006,0.005274599999999999,2.9802322387695313e-10,3.814697265625e-07,1.2645436730118365,4.9285105700350105,6.232316869156988,1614.0,1370.3315164229937,786.9604187054293,5.228392217867014,74223.92232892173,0.3249140912843757,0.6633723854781423,0.004255532806352998,0.007191325715151728,0.00018879523361856773,1.89962145843195e-05,3.215900969448925e-05,2.671404324848132e-05,1904.0,1419.57316932309,796.6995415122266,6.635992370855887,151257.31060986183,0.3217613423464847,0.6733517000801951,0.003248996973998231,0.0014286766172696523,0.00015240257349576468,2.2231044914437825e-05,2.5552786781455516e-05,9.097215343750342e-06,2.0,2642.1350041076553,3325.520496205922,9.5545450099903,29.153085019523402,0.5924828124192796,0.056715732732942094,0.05980936696944417,0.12295579564606784,0.0881314659398793,0.020718413723774247,0.05327724713489438,0.005909164921630579,BOW,30HZ
BOW_30HZ,-0.01259924711484375,0.030833232544703524,0.030832028098032437,0.08760882711484376,-0.11247731288515625,0.20008614000000002,9.663381206337363e-15,1.0913936421275138e-13,1.2327602265687332,3.6480672800335827,4.497192246818042,-0.015605855367968751,0.04236259434335234,0.04236093952218945,0.17478701536796873,-0.17326654463203126,0.34805356,1.1652900866465642e-14,2.9103830456733704e-13,1.3135088003740882,4.1261364203758015,5.419716499835595,-0.01058725553125,0.0005939997946045111,0.0005939765910343308,0.002399705531250001,-0.002913634468749999,0.00531334,-7.450580596923828e-11,0.0,1.2716079003719212,4.905301838193644,6.237620581657404,1614.0,1363.6936447121482,781.2043165633914,4.813456641279599,77874.29537291506,0.3232462793935449,0.6656740553570017,0.004055458011268875,0.006765811219552814,0.00018440685260858326,1.9350250260037156e-05,2.926525194680446e-05,2.5372504475296047e-05,58.0,1389.9027328746358,818.6603990641603,6.6074711978956016,147001.27843445152,0.3384876978246021,0.65653815582961,0.003275153952111294,0.0014704870923708878,0.00016425990786473024,2.3956051698989998e-05,2.8792248736226143e-05,1.1494377176223453e-05,8.0,2510.5348339399175,3254.178101854487,9.486233306736644,28.902047640027607,0.6079984427164166,0.05726737500542555,0.058892170143846116,0.12097966231326028,0.07972358042063632,0.021175689460391302,0.0479379047616114,0.006025129634986878,BOW,30HZ
BOW_30HZ,-0.012509017603906249,0.03136834340227129,0.031367118052424064,0.09016930760390626,-0.11256754239609376,0.20273685000000002,-3.353761712787673e-14,-7.457856554538011e-13,1.2285451594537302,3.5887116630979676,4.408894342514712,-0.015391765548437499,0.04202871199727619,0.042027070218647176,0.1610392655484375,-0.17494084445156252,0.33598011000000005,-1.2789769243681804e-14,-2.4556356947869064e-13,1.3083959317458653,4.1625753005685295,5.446296588979276,-0.01044675819296875,0.0005311256421064757,0.0005311048946058483,0.0022592081929687508,-0.002081161807031249,0.00434037,3.725290298461914e-11,3.814697265625e-08,1.26382986248214,4.25378905685213,5.3760656488718785,1614.0,1351.125549260667,776.060451688638,5.293532197806244,80600.76820423083,0.34181526939318785,0.6476701796029685,0.003969727373857959,0.006285689028445446,0.00018518862139557313,1.9116235500135504e-05,2.9396949990706825e-05,2.5430094481954038e-05,58.0,1356.365504342408,834.3018978128905,6.445085543968804,144693.21795273965,0.36642618384451037,0.6286324040007751,0.003370517933027348,0.0013502913395896754,0.00015911002645294139,2.1433052029249554e-05,2.8977820271968358e-05,1.1079663145873204e-05,12.0,3091.6263925602957,3361.2157323597603,10.457355810716102,23.107371753418263,0.5160108610550316,0.07102733870067905,0.07366986623603171,0.14816382041179563,0.09760803773628718,0.026138266610358108,0.06018129335925747,0.007200515712868261,BOW,30HZ
BOW_30HZ,-0.012577904261718752,0.03095788100512442,0.030956671689277748,0.09370989426171875,-0.11022640573828124,0.2039363,7.673861546209083e-15,-1.3642420526593923e-13,1.2279618793010636,3.5606672074149026,4.372363595724115,-0.015319683999218752,0.04136535206097643,0.04136373619535106,0.16096718399921878,-0.17501292600078125,0.33598011000000005,9.094947017729283e-15,2.9103830456733704e-13,1.303540090440279,4.231071515638865,5.515371346288512,-0.0104364575203125,0.0005314038397927143,0.0005313830814247776,0.002517107520312499,-0.0022136424796875,0.004730749999999999,-3.725290298461914e-11,0.0,1.2627350386882066,4.736898112801361,5.981447232986694,1614.0,1348.7458302662094,781.4360298698449,5.2647610526639195,78505.207602763,0.33149504133587077,0.6577813568799169,0.003997358623675581,0.006454621483938445,0.00019275023177722287,1.927015015644432e-05,3.285165823734774e-05,2.6748766284921986e-05,58.0,1348.3436583917583,841.6468202683117,6.610501645478887,140161.73446414317,0.37412205573806034,0.6207087982587866,0.003455320900673835,0.001499032496415866,0.00015370031929131685,2.1568077641808345e-05,2.9439428212668422e-05,1.0084056876140242e-05,2.0,3325.344727506957,3415.6624878924276,10.801461167667412,23.13158528477359,0.4850610210876643,0.07472645268740767,0.07740079621744828,0.15268535247635234,0.10668049753358227,0.02608012335018056,0.06933709906638909,0.008028620687375747,BOW,30HZ
BOW_30HZ,-0.012718449559375001,0.03092238541804443,0.03092117748877121,0.093850439559375,-0.10195195044062501,0.19580239,1.9326762412674726e-14,6.002665031701327e-13,1.228210801612713,3.2971561472505675,4.049602794787869,-0.01551628320078125,0.040047114168993814,0.040045549798041875,0.14500026320078124,-0.16347294679921875,0.30847321,-1.9895196601282807e-15,-1.8189894035458565e-14,1.3031491023818291,4.082175113578538,5.3196828351581535,-0.010599489828125,0.0005806535114354696,0.0005806308292146583,0.002680139828124999,-0.0022681501718750004,0.004948289999999999,-7.450580596923828e-11,0.0,1.2563227951785298,4.615910297312589,5.79907333700065,1614.0,1347.0503896265302,783.5911723896245,4.8971479678101675,78325.28628639951,0.3378423158565667,0.6513154134431984,0.0039961182346424555,0.006576156301298823,0.00019569130175821957,1.7601776592317684e-05,3.1159625888275734e-05,2.5543311152212542e-05,58.0,1391.819882172496,830.2329256571716,6.7234081161727675,131370.68532677944,0.3534930221977546,0.6408070735023541,0.003682474041229302,0.0017431349413024194,0.0001989335968803696,2.825170397898393e-05,3.419816260363405e-05,1.2908747897199982e-05,6.0,2872.7047274721353,3388.3571450861837,9.855532494425198,27.617866547566848,0.5571119509541304,0.062370543804256835,0.06370911651119836,0.13221744730730484,0.09478181815211802,0.02384056798327243,0.05916262036494412,0.006805933914372153,BOW,30HZ
BOW_30HZ,-0.012909678603906249,0.0312972318927351,0.03129600932073547,0.09285115860390625,-0.10429372139609375,0.19714488,-2.2737367544323207e-14,-8.913048077374697e-13,1.2282828972201094,3.3324926614097232,4.09324374125188,-0.015727086659375004,0.040254808808374086,0.04025323632419183,0.153544636659375,-0.165380923340625,0.31892556000000005,1.5631940186722205e-14,5.002220859751106e-13,1.3049382235671447,4.108512468527259,5.361354962316616,-0.010558906535156249,0.0005980125414789732,0.0005979891811578065,0.0023966865351562495,-0.0023087334648437506,0.00470542,-7.450580596923828e-11,-3.0517578125e-07,1.2531849622975548,4.007909518543389,5.022651947287045,1614.0,1351.9864427698808,774.3925763252475,5.238116245503556,80235.74116598077,0.322098667447384,0.6672841688099387,0.003908044366816057,0.006448774775048648,0.0001881086971952617,1.631794710592136e-05,3.0976600568924943e-05,2.4940587182052406e-05,58.0,1398.6661965895794,824.563452215323,6.543943357480431,132736.8630057051,0.3523375576841651,0.6422698970342167,0.003524189685337751,0.0016044105478193941,0.00019939963931209817,2.388594172597556e-05,3.0161450519024394e-05,1.0497811545137889e-05,2.0,2712.583603298086,3355.7985016090374,9.422149486434787,29.293859781974657,0.5816627754166469,0.053776754743195467,0.05856492322154078,0.1329232845576374,0.09134366396699327,0.02249346344617187,0.05351631339535334,0.005718815604080818,BOW,30HZ
BOW_30HZ,-0.01269653154296875,0.03142704380005755,0.03142581615718124,0.09222677154296875,-0.11616611845703124,0.20839289,1.3642420526593923e-14,3.092281986027956e-13,1.2280640134799135,3.696518743453195,4.53956164413331,-0.015245921195312501,0.040988111299304526,0.04098651016993423,0.15306347119531252,-0.1725894488046875,0.32565292,9.094947017729283e-15,2.3646862246096135e-13,1.3015255851193501,4.210884217390142,5.480573545042258,-0.010277328546874999,0.0005578794478133571,0.000557857655221782,0.0021151085468749994,-0.0021388414531250018,0.004253950000000001,3.725290298461914e-11,-7.62939453125e-08,1.2570534919609646,3.8340272456074054,4.819577346003707,1616.0,1365.2054956135025,766.9830981693154,5.041631569320317,80902.71101932159,0.3206404449507426,0.6686033685487923,0.0038666074333763424,0.006612077913397721,0.00019989811466684698,1.9396235456182497e-05,3.231639797046285e-05,2.588943833846603e-05,58.0,1372.9093904969661,834.9492808817181,6.431558114901388,137616.91789418348,0.36013367820960723,0.634616278339708,0.0034256644749863707,0.001575074556431121,0.00018324750775811752,2.57385833620774e-05,2.9014126264620718e-05,1.1302591231811716e-05,6.0,3132.0145713494617,3398.1478764352146,10.116994289043657,25.49392702902912,0.516741026429451,0.06021221475852216,0.07102940602307285,0.152575497116439,0.10876364613843785,0.02343950729957333,0.06085458946827936,0.006384109944681048,BOW,30HZ
BOW_30HZ,-0.012843998123437499,0.03150872724298354,0.03150749640928543,0.09185571812343749,-0.11601865187656249,0.20787436999999998,-3.410605131648481e-14,-8.36735125631094e-13,1.2284123157685627,3.6822554977325623,4.523328003364742,-0.0152476225921875,0.04081626630907298,0.04081467189252873,0.14273500259218752,-0.17878166740781248,0.32151667,-6.252776074688882e-15,-2.0008883439004421e-13,1.3002645156021297,4.3803284239106866,5.695585616434016,-0.01026590688203125,0.0005620427328629181,0.0005620207776398444,0.0021260368820312497,-0.0021443031179687495,0.004270339999999999,0.0,-3.814697265625e-08,1.2636331707359443,3.8153449115497335,4.821196396611164,1614.0,1360.8377810435775,771.1501535393726,5.032893856802463,81323.81343988476,0.3230008322898277,0.6660737557703336,0.003936251786944107,0.006704053055429775,0.00020104261530415058,2.0879635187768e-05,3.478778807553189e-05,2.8392931439994892e-05,58.0,1357.2258615916664,851.9484368131347,6.737302960803686,136465.40557516593,0.3667333850646391,0.6272465770874129,0.0038169099554713924,0.0018220545919940452,0.00022927293248063295,5.874771413638212e-05,5.531301370553256e-05,3.770517677223371e-05,6.0,3147.0357284668407,3393.8150314317536,10.371232337667529,25.875853841685487,0.5164202139446734,0.062389479687369076,0.0731924590898951,0.14405753227153223,0.1107912917376607,0.024861528845073776,0.06185839330652045,0.006429088662694214,BOW,30HZ
BOW_30HZ,-0.013195299963281249,0.0318544738760543,0.03185322953636453,0.09635219996328126,-0.10920522003671874,0.20555742,-2.5011104298755527e-14,-8.731149137020111e-13,1.2261050927055255,3.4283876901278925,4.203563606766709,-0.01580047126640625,0.04058429534659472,0.04058270999159317,0.14707393126640625,-0.17822881873359375,0.32530275,1.3642420526593923e-14,4.0017766878008843e-13,1.3038388506409315,4.391742660017595,5.7261247022891855,-0.010476734781250002,0.0006170253960000411,0.0006170012929747385,0.0023368647812500015,-0.0023655752187499973,0.004702439999999999,0.0,0.0,1.2575853390269829,3.8339874516484396,4.8215664170210175,1614.0,1357.647213647472,765.0287451795706,5.017914210799909,83118.34475726,0.3313457012504413,0.6581268491086131,0.003889046280739659,0.006384215591232177,0.00018369382164396347,1.734653839499047e-05,2.9817789204158292e-05,2.3329612197536788e-05,58.0,1396.171693622288,821.1790296926023,6.774290658076326,134918.66425284778,0.34785523625837733,0.6465438229533506,0.003697526190612866,0.0016428715304450227,0.00019547745787503246,2.4774451341298283e-05,2.939479983819072e-05,1.0895774032627364e-05,2.0,2575.317317823708,3318.2433176634086,9.237963973087748,31.18617358606228,0.6042485210750558,0.05332872443492545,0.05837858968851288,0.11613197769611251,0.08815262565659485,0.022046896548894915,0.05226181552176241,0.005450849375546544,BOW,30HZ
BOW_30HZ,-0.012791525328906247,0.031950070299766625,0.03194882222576862,0.09594842532890625,-0.10261344467109375,0.19856187,-1.5916157281026246e-14,-6.548361852765083e-13,1.2214802281278616,3.211806805983543,3.923158510198192,-0.015445094041406251,0.04054272036097362,0.040541136630026675,0.14820708404140626,-0.16425337595859374,0.31246046,1.2505552149377763e-14,3.637978807091713e-13,1.3045856277934575,4.051523701801899,5.2855595921656775,-0.010894291915625,0.0006397256551368371,0.0006397006653653423,0.0024653619156250004,-0.002716858084375001,0.005182220000000001,0.0,0.0,1.2683543047960681,4.2470771522119435,5.386798597229856,1616.0,1373.0627094116378,759.178952564762,4.98828910389197,83617.97607493537,0.302261671884987,0.687307498953976,0.0038443995542598065,0.006293225161081894,0.00019231579906588733,2.9355281841044588e-05,3.838032315204503e-05,3.3142471287561e-05,1874.0,1445.341669395617,791.60647836973,6.523893012034721,134642.3826890709,0.3207808487735025,0.6734540068307605,0.003880062899084912,0.001573674734727736,0.00019890214020093036,4.398695158181799e-05,4.4512168606487845e-05,2.3988702323358356e-05,2.0,2284.4917184188976,3219.080782585663,8.839835791481075,33.52305297009411,0.6469798657724029,0.05054668897609939,0.053318110313306986,0.10171669084622327,0.07701831749611389,0.019100052851275598,0.04598826834634243,0.005331937304827986,BOW,30HZ
BOW_30HZ,-0.012778994894531248,0.03135250619530487,0.03135128146411062,0.09506871489453124,-0.09717257510546876,0.19224129,-4.547473508864641e-15,1.0913936421275138e-13,1.2211630077609545,3.0994769771566624,3.784966628031189,-0.015317042154687498,0.04097268764351706,0.040971087116645086,0.1525326221546875,-0.1868044378453125,0.33933705999999997,-1.4495071809506044e-14,-3.0013325158506633e-13,1.3059918140834195,4.559421069519562,5.954566593897352,-0.010892066926562501,0.0005959790325504809,0.0005959557516648082,0.002215796926562501,-0.0027190830734374997,0.004934880000000001,-7.450580596923828e-11,0.0,1.2572398285927764,4.562558648488845,5.736230462795867,1614.0,1387.6782183864814,758.4414389940383,4.915591225653243,80519.40197567525,0.30526386602554084,0.6837840879251473,0.004016538311985244,0.006591360640851578,0.00022905449803321652,3.3841562984575364e-05,4.3864168284161067e-05,3.737322087297469e-05,1874.0,1442.4152031520302,792.923643869497,6.710112081040184,137513.36889799475,0.31912351464814187,0.6750826703989654,0.0037763244933713865,0.0017006602879859106,0.0002101387443343759,4.1278062686382445e-05,4.438128022349905e-05,2.101789310099917e-05,2.0,2605.580531789084,3310.9961674442425,9.240996782255507,29.094974225070157,0.5963204959545113,0.0591176239618905,0.06103464783629428,0.11757656261439726,0.08579217313430337,0.020656896560871142,0.05387212754870024,0.005629463148122693,BOW,30HZ
BOW_30HZ,-0.013132831829687499,0.031386998089481664,0.03138577201092148,0.09656240182968749,-0.1083096181703125,0.20487202,-5.684341886080802e-15,-7.275957614183426e-14,1.2224443549793316,3.450914577763851,4.218551045237713,-0.01589791097890625,0.04284470626519731,0.04284303261116963,0.15697707097890626,-0.19607841902109374,0.35305549,-5.684341886080802e-15,-1.1823431123048067e-13,1.3061127017914576,4.576669928948899,5.977646726246689,-0.01050072226796875,0.0005487055307815792,0.0005486840965531377,0.0024666422679687494,-0.0021478877320312492,0.004614529999999999,0.0,0.0,1.2580451123119563,4.495559975163789,5.655617264167666,1614.0,1374.10254808765,763.8750502250356,4.593498650134139,80696.66325543242,0.29981791371090016,0.6892256665309298,0.004208256517097255,0.0064138714090608015,0.00023395293003020012,2.7804846601085897e-05,3.993710368726976e-05,3.258597122151863e-05,58.0,1420.9417851980172,793.9376276213678,6.615941718830671,150366.24497768653,0.31767552613675515,0.6770313749670196,0.003442166192863308,0.0015657715187210803,0.00020145892679579352,3.291582588353742e-05,3.491797508708612e-05,1.5859668078432048e-05,4.0,3183.842155907335,3410.897707584801,10.38267905605501,24.662363909641684,0.5058415336674015,0.06948645034449578,0.06994517205378332,0.15343663154696666,0.10405397091195137,0.025526430112021374,0.06562808268495401,0.006081668001378438,BOW,30HZ
BOW_30HZ,-0.0125690521484375,0.032331527212090864,0.03233026423714118,0.09599862214843749,-0.1088733978515625,0.20487202,1.8189894035458565e-14,6.184563972055912e-13,1.2187219804741558,3.367538138556895,4.104092749671254,-0.01563669546796875,0.04447084952811245,0.04446911235162287,0.16275334546796874,-0.19633963453203124,0.35909298,1.7053025658242404e-15,9.094947017729283e-15,1.298703558924358,4.415191222508195,5.734024554131924,-0.01039310166328125,0.0005491452120925823,0.0005491237606887541,0.0023590216632812487,-0.002362788336718751,0.00472181,-5.587935447692871e-11,7.62939453125e-08,1.2581741002729459,4.3028338993241215,5.413714179764882,1614.0,1367.4812609781613,767.0895560702077,5.143809885698595,85626.55208351869,0.3127818952603795,0.6764734345166342,0.004059620703450098,0.006291784367783656,0.0002599892848590493,3.994306770905653e-05,5.1389906773731004e-05,4.192094562325419e-05,58.0,1420.541519350805,783.8992342255409,6.44678244993276,161996.9600451898,0.3131617128709868,0.6819405100037197,0.003309678568143159,0.0013627032503134235,0.00016864847828604546,2.2944878338646003e-05,2.5233465787337303e-05,8.568145234555817e-06,4.0,3243.8987326016195,3408.6283233247545,10.384908823182245,24.701903230170807,0.4975898805182998,0.068507324619678,0.07154749966795389,0.15964556827062237,0.10579828619295595,0.025222289428773872,0.06521700074845646,0.0064721498089592095,BOW,30HZ
BOW_30HZ,-0.01253751851015625,0.03268830490810152,0.032687027996250874,0.09131530851015625,-0.10595175148984375,0.19726706,-1.9326762412674726e-14,-6.184563972055912e-13,1.2108053780627632,3.241400579421132,3.9247052541389325,-0.015258894548437499,0.044770794793523715,0.04476904590019336,0.1658740545484375,-0.2045786854515625,0.37045274,-1.2221335055073723e-14,-1.1823431123048067e-13,1.3087088112303662,4.569645864311557,5.980335806960519,-0.010470675137500001,0.0005528939831032193,0.0005528723852601632,0.001967245137500002,-0.002285214862499999,0.004252460000000001,3.725290298461914e-11,1.1444091796875e-07,1.2598085699325106,4.133349610672459,5.2072292714708714,1616.0,1409.3670015146183,739.9104932055324,4.971220902537065,87526.75229646738,0.28282371042038507,0.7062008347556917,0.0039933923438692795,0.006686222712841708,0.00021993112431084518,2.0247034504935057e-05,3.139144756143408e-05,2.4267790469399585e-05,1874.0,1467.9143287725674,756.700194728016,6.341594216718977,164189.5913142939,0.28327882338012206,0.7115569188614908,0.003367105234152592,0.0015468252812510053,0.00019198291261624258,2.2049797829604775e-05,2.6681459703806e-05,9.61179087401935e-06,4.0,3155.4004468488138,3405.0068587960213,10.361512190774661,25.04031272985455,0.5129006275688403,0.06717726038684697,0.07270148450733122,0.1487102328081542,0.10238357277086112,0.025190988011298338,0.06412736835718107,0.006808428818524124,BOW,30HZ
BOW_30HZ,-0.013050466259374999,0.03255331908913174,0.032552047450267636,0.088843786259375,-0.10543880374062499,0.19428258999999998,-2.3874235921539365e-14,-6.184563972055912e-13,1.207657421581602,3.239083621344347,3.9117033745600795,-0.01580898579453125,0.0451118346482206,0.04511007243276071,0.18552295579453124,-0.20402859420546876,0.38955154999999997,2.5579538487363606e-15,1.2732925824820997e-13,1.323245143791447,4.522905488681332,5.984912723857927,-0.01049248070546875,0.0005539293358969553,0.0005539076976096408,0.00237645070546875,-0.0020741792945312507,0.0044506300000000006,7.450580596923828e-11,2.288818359375e-07,1.2624668733723816,4.290337020831918,5.416408374181989,1614.0,1429.6199847965809,729.4099284951675,4.82793429921484,86805.3645043561,0.2856058763178198,0.7032721362083934,0.004028156174307227,0.00675322783340366,0.00024819689112555085,2.4041214927496857e-05,3.9809036600749725e-05,2.854883435843943e-05,1758.0,1496.0018786718783,734.9603471111357,6.484203188071801,166700.53457835532,0.26434068674377864,0.7305101751628622,0.003350146933378097,0.0015414286519523247,0.00020287654120731456,2.003478132314755e-05,2.574806219728462e-05,8.90302425819556e-06,2.0,3185.7821212622152,3417.424279937972,10.476890065061266,25.13418141000814,0.5067604315073081,0.06952244746692315,0.07242606201400865,0.1488626375954487,0.1044973881482614,0.02503324554466412,0.0659141953750212,0.006983589454549292,BOW,30HZ
BOW_5HZ,-0.012859042234375,0.0015964173479888503,0.0015963549867181771,0.005888822234375,-0.005745097765625002,0.011633920000000002,1.3969838619232177e-11,1.0132789611816407e-08,1.240134367352254,3.688917740528663,4.57475367123077,-0.015684592093749998,0.0021629988803702383,0.002162914386576172,0.009785682093749998,-0.009281847906250001,0.01906753,2.0372681319713594e-12,1.341104507446289e-09,1.29297819007961,4.52430394377104,5.849826327291725,-0.010363089687499999,0.0006126868153113464,0.0006126628817651621,0.0029354396874999985,-0.002629710312500002,0.0055651500000000005,0.0,0.0,1.2714060351525824,4.7912804416212245,6.091662879528683,80.0,661.4976437808801,1643.1137292324452,6.357581719838984,208.7607703193202,0.9285947965399393,0.005659533655999626,0.005473320218182435,0.04009280854046017,0.0108913138899735,0.002037422529328351,0.006228792515711133,0.0010220094090261855,44.0,535.7088429728913,1285.2285606371909,6.885793540642021,383.2380351141904,0.9512908066922462,0.011815592738737335,0.003762740717289772,0.019260497156292983,0.007492538219745494,0.001435612360188964,0.004173563290366313,0.0007686372098292498,10.0,2750.4736617608883,3302.383859388894,9.680362014671799,30.749148312011314,0.5723633709909808,0.05208592681244473,0.0539770511502026,0.1647005681694323,0.08465032469227676,0.01951181442496461,0.04682469946991504,0.005886203460151312,BOW,5HZ
BOW_5HZ,-0.012828602349218749,0.0016151031659844331,0.001615040074784738,0.005858382349218749,-0.005660807650781252,0.011519190000000002,5.820766091346741e-13,-2.384185791015625e-09,1.2347966248844195,3.6273913180589017,4.479090559447539,-0.015691787396875,0.0021843708223884583,0.002184285493736601,0.010879087396875,-0.008292742603125,0.01917183,-2.0372681319713594e-12,-2.2351741790771484e-09,1.333126803701672,4.980616051834786,6.639792760687549,-0.010489861681249999,0.0005712703506433425,0.0005712480349594087,0.0022754916812499984,-0.0024463183187500015,0.00472181,6.51925802230835e-11,1.71661376953125e-07,1.274793864223373,4.282410029894317,5.459190039754509,80.0,617.5087974622314,1608.725426533384,6.367351568277053,213.67639599174402,0.9320147860622905,0.005562370622113202,0.004895255866483115,0.03855776607895157,0.010079728834878104,0.0019074023940260539,0.005999184424847887,0.0009835056413364431,48.0,545.1568642334581,1254.552268089971,6.83225712019924,390.8487674574559,0.9514411035460524,0.013424917188343,0.0033988984711762604,0.018616706631127265,0.007021223627124776,0.0013072459681634982,0.004051223364426999,0.000738681107587526,8.0,3115.172335336477,3354.406194282997,10.033570876842312,26.73248815118118,0.5144780582176472,0.05752045865243673,0.06006605230802813,0.192009745486056,0.094320845459224,0.021780437414014944,0.0530285157344554,0.006795881783709228,BOW,5HZ
BOW_5HZ,-0.012793419840625,0.0016152447035008607,0.001615181606772248,0.005459639840625001,-0.0065244301593750005,0.011984070000000001,9.022187441587448e-12,6.258487701416015e-09,1.2391641927603272,4.039440597874237,5.005530150767173,-0.01564947803203125,0.002052345559078795,0.0020522653877645173,0.010836778032031251,-0.008136881967968749,0.01897366,8.731149137020111e-13,0.0,1.3079091037157156,5.280397989148514,6.9062806046146985,-0.01057380641875,0.0005663355913057573,0.0005663134683896253,0.0023162264187499993,-0.0025247835812500004,0.00484101,-7.450580596923828e-11,-1.52587890625e-07,1.2767667943698842,4.458279235299173,5.692182897710037,80.0,599.033411907307,1603.7680169796251,6.252118898241918,213.71384910439505,0.9323191507860239,0.005741788729635528,0.005271873004705192,0.03730339828555118,0.01059126133976618,0.001984786087694772,0.0058235444296291326,0.0009641883522439231,50.0,576.983099422862,1327.0541949369428,6.963770472195521,345.0301036696322,0.9445232097229496,0.015661664229634043,0.00411319699531021,0.020537651957525993,0.008315036285894728,0.0015478872851420477,0.004465543978617132,0.0008357925119433299,2.0,3181.6270075052,3347.5081670512895,10.229887062179964,26.272640976723586,0.5033896228955709,0.058020785320196444,0.06389708155241947,0.19459832258948162,0.09869339660336252,0.021203297533565424,0.053475902504488075,0.0067215601730669415,BOW,5HZ
BOW_5HZ,-0.012798056417968749,0.00155384358507137,0.0015537828868707932,0.005464276417968749,-0.0065197935820312525,0.011984070000000001,-4.656612873077393e-12,-2.384185791015625e-09,1.2691772101889396,4.196077607062316,5.325566074495115,-0.0156072266375,0.001878144535309691,0.0018780711688558141,0.0076580766375000005,-0.008179133362499999,0.015837209999999997,-6.693881005048752e-12,-2.384185791015625e-09,1.2935581020288776,4.355071039788092,5.633537431428855,-0.010610155434374999,0.0005635315887326163,0.0005635095753499742,0.0023078754343749987,-0.002488434565625001,0.00479631,-3.725290298461914e-11,0.0,1.279904574744329,4.415957900384518,5.652004728610512,80.0,680.6275756233802,1662.9655890439337,6.636044270195266,197.77464400424415,0.9263964521472909,0.00637554231938747,0.0056050241583389905,0.04014491282599091,0.011665530442678802,0.002276091136965323,0.006505900960726604,0.0010305457726005505,56.0,658.0497570384891,1434.4388971504343,7.467390838075795,288.9442359404482,0.9370497259012489,0.0157978009323194,0.004883162151306683,0.02365136348827507,0.010183900644661112,0.0019218758274267287,0.005522634885900277,0.0009895348391827043,2.0,3192.4016474357045,3369.05619461225,10.179463826192508,26.01312601048007,0.5078276806059571,0.05835869175458411,0.0633130510930927,0.18349752344494066,0.10144473757871053,0.02206523569821889,0.05685313983938507,0.006639936149310871,BOW,5HZ
BOW_5HZ,-0.0128452711421875,0.0016382178868652691,0.0016381538927291537,0.0053952711421875,-0.006386158857812501,0.01178143,0.0,-1.7881393432617187e-09,1.2690844302875095,3.898387619294311,4.947383033892098,-0.015616958200000001,0.002012268138614115,0.0020121895328546516,0.0077065482000000015,-0.0090380718,0.01674462,2.6193447411060332e-12,4.4703483581542967e-10,1.2910583152415704,4.491660277491959,5.798995353378187,-0.010382341302343749,0.0005746963564576349,0.0005746739069427352,0.002701391302343749,-0.002166438697656252,0.004867830000000001,-7.450580596923828e-11,-1.52587890625e-07,1.2673181248772367,4.700737696643322,5.957330093616208,80.0,620.581040281462,1586.8821099113336,6.325806942237451,219.8362671372466,0.9334374791983348,0.006150621121059985,0.004439055991824928,0.03715237407433228,0.01008117252967563,0.001990869734043543,0.00574546867358596,0.0010029537850785857,44.0,587.9013883333891,1336.8277581434847,7.163020979867919,331.6864400498127,0.9469641489573002,0.013027858168522071,0.0037763662319025702,0.020517334799876618,0.008501506693857571,0.001642907116660763,0.004667954003247442,0.0009019127863394284,2.0,3014.7691234120634,3348.701161166758,10.058248357753925,27.05408816732036,0.5354974400174581,0.05317443130048709,0.058311629152159254,0.17863788194442443,0.09390503341811672,0.021286990319943126,0.05254035945015707,0.006646232108603538,BOW,5HZ
BOW_5HZ,-0.01291152666953125,0.0016124087110455222,0.001612345725100029,0.005461526669531249,-0.005406533330468751,0.01086806,2.3283064365386963e-12,0.0,1.2481300867185223,3.3873173607385616,4.227812713823927,-0.015623616521093751,0.001959234810406071,0.001959158276301454,0.008546116521093751,-0.00903141347890625,0.01757753,3.2014213502407074e-12,1.9371509552001954e-09,1.2862969425511162,4.609843718878153,5.929627884258056,-0.010218099650000001,0.0005970842324454384,0.0005970609083870516,0.0025371496500000016,-0.0023306803499999994,0.004867830000000001,1.210719347000122e-10,1.71661376953125e-07,1.2710159320437644,4.249398361391074,5.401053027974788,80.0,615.6246049639866,1610.744511334208,6.60276494274554,212.96404430086352,0.9311389852288696,0.006140478447957169,0.004670105500124655,0.03888847389458509,0.01043233805618842,0.0019879939507681625,0.005700276996745904,0.0010413428020173698,46.0,593.6324907020087,1386.975629497497,7.218978891829175,314.4336305530415,0.9399247080836155,0.016784525255687938,0.0040101484928145355,0.022730458625805784,0.008978701371684555,0.0017079670498173424,0.004941588773547479,0.0009219009862930647,4.0,2864.0292240872986,3307.5201083211095,9.873282247877397,29.20298357333229,0.5541405202774554,0.050649448271347854,0.055114469087576626,0.18170247856953747,0.08508950083666372,0.020034678455847832,0.04714938110920004,0.006119496748992882,BOW,5HZ
BOW_5HZ,-0.012968896907812501,0.001552043727635046,0.0015519830997427736,0.005232816907812501,-0.006398123092187498,0.01163094,-3.783497959375382e-12,-4.470348358154297e-09,1.248604927076517,4.122546881551338,5.1474323517256115,-0.01563923521328125,0.0018158595984266355,0.001815788665025627,0.008561735213281251,-0.00715627478671875,0.01571801,-8.149072527885438e-12,-5.364418029785156e-09,1.2890445665617203,4.715160620547906,6.078052181730404,-0.01032629192578125,0.0006609481057898461,0.0006609222870001807,0.0026632219257812497,-0.0023416880742187507,0.0050049100000000004,0.0,7.62939453125e-08,1.248020261922963,4.0295538131111135,5.028964812880617,80.0,644.197001979148,1664.840502633131,6.605456852791176,197.31673436415247,0.9263457872140659,0.006471087665464802,0.005267755038375195,0.04105607449887341,0.01135027218361196,0.0020985785094412225,0.006277824996914204,0.001132619358534654,50.0,659.5359214959622,1502.9350725740085,7.347663455240291,270.0974881461723,0.9259351828284198,0.022584516808935477,0.0047308174641377335,0.02702390478394494,0.010652711369516447,0.0020037801552544553,0.0060095503563739406,0.0010595348313990787,4.0,2340.6921634474993,3191.1075848075125,8.751405928914599,35.78415263432853,0.6346409539584854,0.0447131653197422,0.04425938800799248,0.14571792016919538,0.07004911598640079,0.016321050738761188,0.039250518470472555,0.005047887310145987,BOW,5HZ
BOW_5HZ,-0.01299939406484375,0.0016467071660681515,0.0016466428403130898,0.005263314064843749,-0.006367625935156249,0.01163094,-9.022187441587448e-12,-5.364418029785156e-09,1.2398920227864019,3.867035264355496,4.794706179019891,-0.01569373452421875,0.0021532760703821307,0.002153191956392748,0.00849405452421875,-0.01133784547578125,0.0198319,8.731149137020111e-13,-3.7252902984619143e-10,1.3015100129956196,5.2655990269952495,6.853229861237133,-0.0104312332078125,0.0006098615155646668,0.0006098376923839095,0.0027681632078124995,-0.002546666792187501,0.00531483,4.656612873077393e-11,3.814697265625e-08,1.2659575709168922,4.539180240651122,5.746409600831499,80.0,582.4339298598677,1584.5331561241105,6.290181668088069,222.1205638640342,0.934272917801081,0.005584635897182877,0.004703712542388128,0.0367823236595812,0.010117413181135966,0.0018696359557634618,0.0056439202271277265,0.0010254253921674827,50.0,530.3921624513057,1287.3742800574032,6.796074475658365,379.80042044206976,0.9485111996652287,0.014657514673362928,0.003404729081972867,0.019524716358150174,0.0074630945705134455,0.001446081539082775,0.004246748915779852,0.000745915185098147,6.0,2757.8406450248294,3287.504589765344,9.432693979667174,30.46621289085603,0.5693021267983549,0.05144544406849983,0.05179949237863686,0.1743329205742093,0.08275159647289272,0.01842474209489036,0.04591176903839357,0.006031899024797476,BOW,5HZ
BOW_5HZ,-0.0129892209734375,0.0016860424831446048,0.0016859766208237085,0.0050832809734375,-0.0068680090265625,0.01195129,-1.7462298274040222e-12,-1.1920928955078125e-09,1.2322638615156232,4.073608695198528,5.019760784026318,-0.0156843734828125,0.0024029093840361657,0.0024028155185550058,0.008347613482812499,-0.0113472065171875,0.01969482,4.365574568510055e-12,2.4586915969848634e-09,1.2821375641323274,4.722462638034304,6.054846745955125,-0.01040034283046875,0.0005484512209903674,0.000548429796696096,0.0025808228304687493,-0.0025775571695312513,0.005158380000000001,-9.313225746154786e-11,-1.9073486328125e-08,1.2807726625761775,4.705839911161926,6.02711112366586,80.0,589.0957756088214,1569.9092514468975,6.33645432142707,232.85901056128677,0.9338790237503671,0.006021644127910867,0.0043750525118757535,0.03811446416668311,0.009642442848754321,0.0018341687737517133,0.005219170249086466,0.000913996420284917,44.0,448.63899858985604,1153.7084099892077,6.250076423503022,472.96695713030215,0.95954452659625,0.011345823130723224,0.0026990471143209295,0.01566260919360917,0.005778535800122156,0.0011712189453853415,0.0032258632623797267,0.0005723725976480912,2.0,3419.325231039579,3321.50612907005,10.65341094285948,24.639508787219075,0.4637462445021342,0.0629783540014358,0.06353874162532788,0.22450336733123574,0.10016320067805136,0.023231234094619663,0.0547564563749967,0.007082322621638153,BOW,5HZ
BOW_5HZ,-0.0129281035015625,0.0016390993969073956,0.0016390353683366215,0.0056271035015624995,-0.0069291264984375,0.01255623,-3.4924596548080443e-12,0.0,1.245073244635517,4.227563741496302,5.263626507739684,-0.015644231718750002,0.0021179469321974064,0.002117864198279439,0.00830747171875,-0.00989734828125,0.01820482,-2.1827872842550277e-12,-1.5646219253540038e-09,1.286021182454801,4.673268609298639,6.009922425696866,-0.010363105984375,0.0005582702886923811,0.000558248480833286,0.0026136159843750005,-0.0028531940156249994,0.00546681,-1.0244548320770264e-10,-1.52587890625e-07,1.2813784490497457,5.110974966300169,6.549093187181289,80.0,618.543779413194,1613.3812377989518,6.203125794192918,220.07291419786938,0.930508446651071,0.006533538840076807,0.004502668400425728,0.039432258154739386,0.010340731185130857,0.0019231960785592017,0.005797813957674817,0.0009613450694484698,46.0,521.9435676313157,1302.2060034864649,6.435712574790868,367.43977067596313,0.947471780924278,0.01522163961688128,0.003395398512834766,0.01985192703821603,0.007538008074987856,0.0014574060692198103,0.004273469679465094,0.0007903697360899921,26.0,3291.401892766503,3339.228274720355,10.553474961728112,25.52966073161086,0.48984589923809513,0.06095041908306171,0.05942126241658393,0.20736008469203634,0.0983875472512025,0.02236635403217509,0.054260360285066554,0.0074080730017400676,BOW,5HZ
BOW_5HZ,-0.012956907296875,0.0015578974370535046,0.001557836580496242,0.005915167296875,-0.006413092703124998,0.012328259999999997,2.3283064365386963e-12,-2.384185791015625e-09,1.2528063966041214,4.116665880939495,5.157385351633548,-0.015690556284375,0.0018792385667061506,0.0018791651575158375,0.009226936284375,-0.008222453715624998,0.01744939,-2.9103830456733705e-12,-5.960464477539063e-10,1.3010034471659715,4.910125245011686,6.388089873176294,-0.010376719462500001,0.0005539496758354569,0.0005539280367535981,0.002627229462500001,-0.002839580537499999,0.00546681,-1.862645149230957e-11,-7.62939453125e-08,1.2855464724643866,5.126262517809434,6.590048708593263,80.0,649.4959910559302,1678.2734859545292,6.436683723219535,198.80794817181516,0.9255585870518724,0.006670399377360137,0.005165228519874278,0.041190768038055776,0.011676363173898285,0.0021066657571748473,0.006598425073447467,0.0010335427767729816,50.0,668.6338767679503,1460.5890909820394,7.250759190828662,289.2809585083584,0.9262208903867633,0.025088711190115708,0.004546606900426826,0.0257596973342797,0.009996340630598333,0.00175950880326283,0.0056481817739569735,0.0009800565693065524,28.0,3346.7671404123957,3345.801005011883,10.636781385013972,25.13602828342469,0.4801657019409931,0.06328612731725884,0.0618084330456962,0.20876573738077087,0.10027338405846681,0.0219918758139804,0.05632550036231369,0.007383156290170931,BOW,5HZ
BOW_5HZ,-0.012976027605468753,0.0015654569566697883,0.001565395804813023,0.005934287605468752,-0.006393972394531246,0.012328259999999997,2.3283064365386963e-12,1.1920928955078125e-09,1.246700951369101,4.084572330389243,5.092240213485178,-0.01573078966015625,0.00203430196852766,0.002034222502054905,0.009267169660156251,-0.01025183033984375,0.019519,6.402842700481415e-12,2.384185791015625e-09,1.3226415632441515,5.039679938870014,6.6656901558740005,-0.01038185798359375,0.000565583988912371,0.0005655618953562809,0.0023626779835937486,-0.0024112820164062503,0.004773959999999999,-4.656612873077393e-11,-9.5367431640625e-08,1.2852252268927444,4.263515685800801,5.479577924332841,80.0,645.576207869425,1660.6018860887646,6.382289952158568,200.74201302714337,0.9250413470738816,0.0076926208722189375,0.0053091424755231835,0.04154923667915438,0.011133806637952442,0.0020896661077220184,0.006225120435487036,0.000959059323000506,50.0,630.3222855630285,1339.6453882568783,7.275569930210581,338.98997340716863,0.9345854163122519,0.024364257479321184,0.004102401806399314,0.02160935107488995,0.008496120431394779,0.001463131805892976,0.0045691901023373034,0.0008101256944712791,6.0,3165.1366306439395,3330.8089092624473,10.341247926544696,26.202952381581557,0.5041442274149598,0.06225158335336753,0.06125404777337365,0.19624427142976947,0.0956407258100116,0.021307733858416538,0.05265504631227177,0.006502357262083909,BOW,5HZ
BOW_5HZ,-0.0129147414609375,0.0015320036455585319,0.0015319438004972555,0.005667381460937501,-0.0057862485390625,0.011453630000000001,-7.566995918750763e-12,-2.384185791015625e-09,1.247421845121508,3.777063188223531,4.711591134469887,-0.0157579720328125,0.002075620598732092,0.0020755395182188194,0.006597452032812501,-0.0102246479671875,0.0168221,8.731149137020111e-13,7.450580596923829e-10,1.2851910038775864,4.926260315696518,6.331185443542705,-0.01036852271640625,0.0005676330980392286,0.0005676109244382498,0.0023970227164062507,-0.0024246172835937496,0.00482164,9.313225746154786e-11,1.33514404296875e-07,1.2841012201745343,4.2716184184117205,5.48519043286615,80.0,670.4245339154498,1700.5158783045822,6.337185327444928,192.25410014520986,0.9213204821616343,0.008264827004131814,0.005634902256541814,0.04300696441556605,0.011785516726197947,0.0022878759922255816,0.006644377231348121,0.0010550537596316439,44.0,551.8652023080421,1324.3848137132757,6.840532943674,352.9002429387652,0.9422353263034369,0.018790367232268863,0.003904664917407381,0.020031296696958235,0.008333920544505196,0.0014456665569975843,0.00447552824089376,0.0007832285798788009,8.0,3177.7772928354734,3347.402765302494,10.356118585362172,26.393162864669886,0.5054182072982831,0.0617455960475764,0.06232015170594904,0.18695361150851306,0.09983620466487518,0.022575732030680355,0.05448721096763632,0.006663271289487906,BOW,5HZ
BOW_5HZ,-0.0129256044921875,0.0015660605204648975,0.0015659993450309608,0.005652914492187499,-0.006249205507812501,0.01190212,1.2223608791828155e-11,1.0132789611816407e-08,1.2544903069183657,3.9905543534556176,5.006111758837711,-0.015737485464062503,0.0020675926444670032,0.0020675118775518187,0.009223205464062502,-0.009264714535937496,0.018487919999999998,2.9103830456733705e-12,8.940696716308593e-10,1.2804617938005836,4.481093739798454,5.737869331026147,-0.01027892855078125,0.0005558839131907231,0.0005558621985512417,0.0023074285507812507,-0.00265874144921875,0.004966170000000001,3.725290298461914e-11,7.62939453125e-08,1.2787596983007408,4.783094535597497,6.116428536288075,80.0,634.3515551382905,1673.110554308387,6.4200375811183985,200.89683590737758,0.9253178294689944,0.007504023585794097,0.005329479421046163,0.040584320302600174,0.011590832670976494,0.002128281174652701,0.006473098942927244,0.0010721301024049256,48.0,562.4838512905919,1345.2537323032655,7.034908683577747,350.175672461365,0.9408947283285273,0.019008507003681552,0.0038825814458988304,0.02053230733586927,0.008584784916730419,0.0015643042193931324,0.004730721718317488,0.0008020589922843484,2.0,3390.306323290445,3358.2880160765894,10.651701978945278,25.3118709538904,0.4755979670003161,0.06263225388523261,0.063746014776711,0.20275503431786554,0.10623910078454021,0.023164631319515218,0.05847289373679497,0.007392000924776111,BOW,5HZ
BOW_5HZ,-0.01293556968203125,0.0016399345355303972,0.0016398704743363834,0.00566287968203125,-0.00623924031796875,0.01190212,1.6880221664905547e-11,7.599592208862305e-09,1.2458027428747913,3.8047153185613074,4.739924782611838,-0.015537480319531251,0.002033810194807103,0.002033730747544633,0.009213920319531253,-0.009464719680468747,0.01867864,1.1641532182693482e-12,0.0,1.3255912413194912,4.653870571235566,6.16913007049781,-0.01028791441484375,0.0005628823049114042,0.0005628603168919067,0.00239538441484375,-0.00275256558515625,0.00514795,2.2351741790771484e-10,2.288818359375e-07,1.2708544551391439,4.890317362335109,6.2148816180094855,80.0,608.9556819845891,1599.2885306278731,6.4249949257872,220.29723042926864,0.9316563479805987,0.00675998889068946,0.004842819146467229,0.03764355923101957,0.010431653321536966,0.0019798015914538163,0.005735254507423523,0.000950572699293625,148.0,639.8308646219567,1346.4048372372577,7.4820314003787525,338.826096939189,0.936871414171148,0.02156275160014848,0.0039647099594099485,0.021854242897231917,0.008631882826426965,0.0016078802634809175,0.00465931142365473,0.0008478067889840141,4.0,3324.599058738229,3348.4602295231043,10.441271323171904,25.953217443407517,0.48614883883984283,0.05753268712750428,0.060048336816670184,0.21072332765005494,0.10076598243570838,0.022550307292674633,0.05536977390001153,0.006860745697206955,BOW,5HZ
BOW_5HZ,-0.012883065225,0.0015520792320102208,0.0015520186027310316,0.005199135225,-0.006005664774999999,0.0112048,-6.402842700481415e-12,-3.5762786865234374e-09,1.2485496883515512,3.869582980875656,4.831366627935724,-0.015442979281249998,0.0019098882832265878,0.0019098136767583382,0.009119419281249999,-0.008298680718750003,0.017418100000000002,1.7462298274040222e-12,8.940696716308593e-10,1.3039378119336307,4.775030877333544,6.226343317366009,-0.01030358572265625,0.0005732826826456982,0.0005732602883535103,0.0024110557226562496,-0.0027368942773437505,0.00514795,3.725290298461914e-11,0.0,1.2726193242350663,4.774261061114597,6.075816895916153,80.0,672.3631470333237,1664.309046833764,6.540152703743649,197.32576472708095,0.9246383265562643,0.006976672666686866,0.005380911419564295,0.04237846902935796,0.011239178727520617,0.002268610194324702,0.006060645887668723,0.0010571579273033328,46.0,643.6058262421144,1410.129665881557,7.237473679491942,298.7940480490624,0.9313115071542676,0.022618505369521924,0.004463900270558457,0.02447693783183318,0.009472128909344938,0.0018260459994247835,0.004919481456268068,0.0009114919583280753,4.0,3076.7520611788127,3315.745151177593,10.144485073097654,26.92115362598064,0.5166546406254579,0.058820534425674934,0.05891733988157995,0.19644471253330154,0.09166999429910039,0.021847473628842096,0.04946988131793485,0.006175390453028817,BOW,5HZ
BOW_5HZ,-0.012901698489843749,0.0015496577379730692,0.0015495972032853384,0.005205848489843749,-0.005808231510156251,0.011014079999999999,-2.3283064365386963e-12,-1.7881393432617187e-09,1.2417328193046395,3.7482201788270264,4.6542880130329705,-0.0156326206609375,0.00195369296313722,0.0019536166455152403,0.006329060660937498,-0.0100147493390625,0.01634381,0.0,-1.1920928955078125e-09,1.2811043687700516,5.126261263654919,6.567275703686601,-0.01028103899609375,0.0005870644119820494,0.0005870414793305442,0.0023691389960937507,-0.00216940100390625,0.004538540000000001,-7.450580596923828e-11,-1.1444091796875e-07,1.2700895432706385,4.035726733926476,5.125734332989253,80.0,662.8849928939054,1665.2597678692748,6.538766566491447,196.71052226642598,0.9259080022808889,0.00649331759588998,0.00533265302185148,0.0415799336765006,0.01103522071635524,0.0022318167667232667,0.006348467255453107,0.0010705886194171514,46.0,594.2015765248873,1369.5513992466488,7.130340212374214,312.65734687948236,0.9368413571497826,0.020967712220867782,0.00412377405666376,0.021933741033470157,0.008771573582064485,0.0016705785767672356,0.0048408898535001,0.0008503702434937842,4.0,2860.8211141918882,3303.2641990369216,9.904496478604333,28.2310820036705,0.5521063638568707,0.057244935327510474,0.05862261862696156,0.17171805018775388,0.08480740853276386,0.020742416437250784,0.04870455817846902,0.006053638490033557,BOW,5HZ
BOW_5HZ,-0.0129405845796875,0.0015830232414772946,0.0015829614034241263,0.005244734579687499,-0.0057693454203125005,0.011014079999999999,3.4924596548080443e-12,1.4901161193847657e-09,1.2400201279149834,3.644653245611734,4.519443386684277,-0.0157744095265625,0.0019510307259730253,0.0019509545123467154,0.007804399526562502,-0.010165000473437498,0.0179694,-7.566995918750763e-12,-2.9802322387695314e-09,1.3133841709707237,5.210270359404847,6.843086620027827,-0.010513094622656252,0.0005859171007475245,0.0005858942129137398,0.0025117946226562524,-0.0021548853773437487,0.004666680000000001,0.0,-7.62939453125e-08,1.2649505211205236,4.287112866122381,5.42298566335992,80.0,642.3370102159877,1632.7103000699103,6.543699828751073,205.2724176036031,0.9296955308168148,0.006184474967645941,0.005215381615477961,0.038828214448086214,0.010655381442678809,0.002115811929811373,0.006253158606460885,0.0010520368187940637,46.0,641.2335527488183,1374.3527462920788,7.366209508299235,311.80583032927234,0.9383250745168005,0.01878309919125201,0.0040999162477949125,0.02249244556926248,0.008562147500184995,0.0016799184743654103,0.005152699237384736,0.0009046963647421455,2.0,2931.5663704268195,3333.5546070498776,9.872679526430488,28.120844874071057,0.5462597235331718,0.0532999959071068,0.05842808977016232,0.17913265803449224,0.08372736162659555,0.021563685198899493,0.05114811919812678,0.006440346756715263,BOW,5HZ
BOW_5HZ,-0.0128797590546875,0.0014747561092929445,0.001474698500507232,0.0050214990546875,-0.005633490945312498,0.010654989999999998,-1.3969838619232177e-11,-5.364418029785156e-09,1.2514325208006203,3.8200967448971612,4.780593302410641,-0.015751114657031252,0.001837749182694039,0.0018376773942144439,0.007781104657031253,-0.010188295342968747,0.0179694,-6.984919309616089e-12,-1.9371509552001954e-09,1.3323210838133293,5.544115288951381,7.386541694581251,-0.010540937484374999,0.0005481818054349366,0.000548160391664916,0.0025396374843749993,-0.002127042515625002,0.004666680000000001,-1.4901161193847657e-10,-3.0517578125e-07,1.2828266813197373,4.633018945473957,5.9433603291562,80.0,700.1361873416342,1744.2768367029585,6.700180029931677,178.15434592129213,0.9186385590439474,0.006516354235715426,0.00591845772745757,0.046204048239034255,0.012172794461427506,0.0024926620154398717,0.006826067608022124,0.00123105612980987,44.0,709.7142339120287,1465.936283433652,7.369803315077786,276.6486087540102,0.9306668509921207,0.01836922545723346,0.004613879532011115,0.028104725791945374,0.009778225781361886,0.0018518357629301288,0.005544100209297804,0.001071152254964267,2.0,3396.1147920489166,3331.9669000148583,10.66336750879018,24.61530644411099,0.4722425652588262,0.059470743517416914,0.06520983777222546,0.22065823004915916,0.09646783166057574,0.023594057772926853,0.05469054026605587,0.007666193693753119,BOW,5HZ
BOW_5HZ,-0.01280479610703125,0.0014621230392969336,0.0014620659240001564,0.00539502610703125,-0.00480700389296875,0.01020203,-5.820766091346741e-12,-5.960464477539063e-09,1.2558454419023397,3.6900019450427126,4.634072126462196,-0.01571968101171875,0.0017143015671265151,0.0017142346009135897,0.00744273101171875,-0.00988894898828125,0.017331680000000002,-9.89530235528946e-12,-4.470348358154297e-09,1.3359173074966324,5.768725574225533,7.706540341301953,-0.01054862041328125,0.0005548128082542737,0.0005547911354556462,0.0024355704132812492,-0.00209998958671875,0.004535559999999999,7.450580596923828e-11,1.52587890625e-07,1.2770263295279332,4.390067276202719,5.606231510214969,80.0,711.8934834905594,1759.8687052575294,6.892843745589865,175.11520390281837,0.9162880435142879,0.0064211160789718405,0.0057013515941099335,0.049234678672148445,0.011906427286839346,0.0025321843139261752,0.006704354146103179,0.0012118441415557054,44.0,746.5216921928322,1549.984253580687,7.488399235941033,240.73013456466842,0.9214264049869284,0.020982451125019463,0.00524192335799204,0.03169307080782465,0.011248053650159755,0.00210450597334184,0.0060655692514083375,0.0012380150770647548,2.0,3239.710104104435,3315.6656304066496,10.519570766764685,25.214419289690802,0.49457892517212304,0.060722909206671255,0.06137315007813673,0.2083303599390368,0.09403843472600158,0.022373822626468542,0.0510262116404103,0.007556185053616361,BOW,5HZ
BOW_5HZ,-0.01281132067734375,0.0015573035237800216,0.0015572426904229492,0.005401550677343749,-0.004842199322656249,0.01024375,-2.9103830456733705e-12,-2.9802322387695314e-09,1.2520928876555426,3.4686633670491127,4.343088734342482,-0.01565254324140625,0.001798728793591183,0.0017986585293753086,0.00907121324140625,-0.00897268675859375,0.0180439,-3.4924596548080443e-12,-8.940696716308593e-10,1.327274800105293,5.043321502227245,6.693873542456985,-0.010548870104687502,0.0005738735587981623,0.0005738511414244238,0.0027755401046875017,-0.0023589998953124983,0.00513454,0.0,7.62939453125e-08,1.270184609749898,4.836690039443531,6.14348926093752,80.0,657.871034163313,1655.9041476554169,6.304235320530788,198.65639301929113,0.9259699337404288,0.006130944355938136,0.005030508590225549,0.04301865734107969,0.010785157919031611,0.0021002644545212927,0.006003191978383888,0.0009613410240470463,44.0,691.4725677543431,1475.8673824994828,7.460704251199504,265.02533163479615,0.9301504458674072,0.01897448824763105,0.004760886688144544,0.02695791871890648,0.010396910114423112,0.0019886998345536805,0.005746926738834694,0.001023723782045542,2.0,3026.785237185918,3329.8290083767542,10.149843245944162,26.976676769727014,0.5276573072883918,0.057258225540765005,0.05701354529671476,0.1856185809830021,0.09415906592836178,0.02159590041143817,0.05053845227979083,0.006158898979467775,BOW,5HZ
BOW_5HZ,-0.012856109960937499,0.0015143063355530994,0.0015142471818064976,0.005753279960937499,-0.0078340300390625,0.013587309999999998,1.7462298274040222e-12,-5.960464477539063e-10,1.261565613977564,5.173547706090462,6.526769892586472,-0.01556206368984375,0.00202986251852804,0.002029783225474687,0.008980733689843751,-0.00906316631015625,0.0180439,-4.365574568510055e-12,-2.9802322387695313e-10,1.2952620706958136,4.465090750551276,5.783462694253071,-0.0103994356765625,0.0005582740258917523,0.0005582522178866699,0.0026261056765625006,-0.0025084343234374994,0.00513454,3.725290298461914e-11,0.0,1.2775561885379842,4.7041562715142975,6.0098239672882885,80.0,689.8561447113149,1703.3139313797324,6.43841702472232,187.83801573305277,0.9217775178177237,0.0068019749851971015,0.005531236870704282,0.0440836224305366,0.011909278914621157,0.0022886358747159705,0.00655886501946704,0.001048867753442179,46.0,591.1453293400124,1339.8338589130663,6.935408829356796,337.51203372512697,0.9431311348626598,0.016344869865122427,0.00382290214005215,0.021311204785244616,0.008349543389703885,0.0015951557345881477,0.004653231233078846,0.0007919577394262949,6.0,3269.1289769476616,3363.3613970351944,10.407385002200167,25.530002612677897,0.4931981403333524,0.059042364563904826,0.06174986949688137,0.19705282794000836,0.1037392874514517,0.023194470881331024,0.05553278451242242,0.006490248851297175,BOW,5HZ
BOW_5HZ,-0.01291825681328125,0.0014476912332142332,0.0014476346816708918,0.005815426813281251,-0.007771883186718748,0.013587309999999998,-4.656612873077393e-12,-1.1920928955078125e-09,1.265769824260674,5.368677111534516,6.795509488673564,-0.0154908569390625,0.002015616780437125,0.002015538043868786,0.0082569069390625,-0.009068813060937498,0.017325719999999996,1.1641532182693482e-12,2.9802322387695313e-10,1.3017036987527972,4.499450200915403,5.856950971791496,-0.01028833510703125,0.0005586679487699287,0.0005586461253769334,0.002486695107031249,-0.002394544892968751,0.00488124,-7.450580596923828e-11,0.0,1.2756819682809584,4.451288552126126,5.67842855172738,80.0,714.0221856304673,1764.6192458576534,6.832174185286025,171.6753344221872,0.9164878358048058,0.007382517069030712,0.005863043938053833,0.046353857097738385,0.012895431312158137,0.0026846371980913343,0.007077592740574093,0.0012550842960772299,44.0,568.5023554014019,1349.3740089241267,7.075950441810815,332.79128473092425,0.9423199793617492,0.016961873863017247,0.00386891340672238,0.02142034462856183,0.008333994969206115,0.0016359990610227688,0.004596748756560554,0.0008621429226164213,10.0,3236.4712460516507,3353.6675583492574,10.531355055653489,25.566044780917778,0.5014691400716794,0.057401891526666686,0.059307889783614294,0.19882062704702994,0.09879899963987761,0.02226496650573079,0.0544070853971396,0.007529309149908237,BOW,5HZ
BOW_5HZ,-0.013022664954687502,0.0014966598920493615,0.001496601427630423,0.0052180449546875025,-0.005822855045312499,0.011040900000000001,-4.656612873077393e-12,-2.9802322387695314e-09,1.247543741154136,3.890718620148009,4.853841666400748,-0.01557097319140625,0.0018160222601232496,0.0018159513203681444,0.008690153191406251,-0.008988696808593748,0.01767885,8.149072527885438e-12,2.9802322387695314e-09,1.3228963711672237,4.949855595149781,6.548146008231328,-0.01030973558125,0.0005964195174125829,0.0005963962193201342,0.0027748055812500004,-0.0030764244187499994,0.00585123,1.1175870895385742e-10,0.0,1.276796290712021,5.158356666141568,6.586170668542461,80.0,672.9175297798188,1729.8518862776027,6.255412585260483,183.4857131710782,0.9206118545251146,0.007038641433018343,0.005677964723492412,0.04378093528795281,0.012315725971095186,0.0024708588947030645,0.006818741935293368,0.0012852759591599006,40.0,669.4641139884791,1489.2977262946729,7.530007644058043,270.1458803490591,0.9300576985056114,0.019275877044279393,0.004961125758975305,0.026182898931225402,0.01039110399220606,0.0020291535308447337,0.005940273978789816,0.0011618649024198496,4.0,2907.3525369101126,3325.97175696686,9.955815014953238,29.137997920178467,0.5532061775831455,0.04933734096699951,0.05501694145443993,0.17758741479869947,0.08800879105064047,0.020471562513921793,0.049296641213891254,0.007075126174604462,BOW,5HZ
BROKEN_10HZ,-0.01401392482109375,0.002512923486535049,0.002512825323544073,0.00928615482109375,-0.011634935178906248,0.020921089999999996,-3.783497959375382e-12,-8.940696716308593e-10,1.283903238927956,4.630220439622994,5.9447550217481515,-0.01667633783984375,0.003878341541404173,0.0038781900407286562,0.012467087839843748,-0.012143242160156251,0.02461033,2.1100277081131934e-12,4.656612873077393e-10,1.2127752059071648,3.2146665598384896,3.898667900036282,-0.01070201160625,0.0005100290943232302,0.0005100091709225966,0.0022194416062500007,-0.0020643083937499987,0.004283749999999999,0.0,0.0,1.2656342013917268,4.351768023863779,5.507746458324196,56.0,507.1514449302231,1217.6345664192786,6.710042522482007,517.2667281473365,0.9013872073248725,0.0641295682277747,0.002589067887279272,0.024918389010692522,0.003855074367449074,0.0008283262451095917,0.0019641848366903024,0.0003281794282813622,44.0,277.7717847942741,948.2146333700375,4.909824624958,1232.1061318890536,0.9467668890502076,0.03374514249498402,0.0013094318049832268,0.014250270282868398,0.0020258705577739446,0.00041255651013739013,0.0010710348189638865,0.00041879606547177403,6.0,3179.877455151418,3332.3962485736574,10.509376227419548,21.30815836253385,0.5025565262903505,0.06721976599866736,0.0660085036749756,0.17666572226109672,0.10122980005895767,0.025863383150158993,0.054672187827645685,0.005784106230417064,BROKEN,10HZ
BROKEN_10HZ,-0.01393094555703125,0.0024469257790041966,0.002446830194099025,0.009203175557031248,-0.01061829444296875,0.01982147,-1.4551915228366853e-12,-8.940696716308593e-10,1.2917819675683408,4.33961231320305,5.605832934724294,-0.016561311702343748,0.0035373479368357268,0.0035372097564830562,0.012352061702343747,-0.012258268297656253,0.02461033,2.764863893389702e-12,6.705522537231445e-10,1.2467372357933466,3.4920354033889707,4.353650567344483,-0.010700817278125002,0.000507370078031732,0.0005073502585009513,0.0021750372781250017,-0.0020655027218749976,0.004240539999999999,-3.725290298461914e-11,-7.62939453125e-08,1.2698096527313159,4.287052657200668,5.443740856610594,56.0,509.70849225267887,1229.206517635654,6.616364886559891,490.45323828405225,0.9021155272348506,0.06278140601082112,0.0027710737877816275,0.02516036572957605,0.0038791707714724514,0.0008025391173001219,0.0021567621003930676,0.00033315269478053304,46.0,300.94983349247684,1001.6030467034165,4.966998727247737,1024.9709869542453,0.9428922076227357,0.03535904124303411,0.0015040744135130049,0.015665749853248388,0.00234504771343133,0.00046149790018061484,0.0012763379934134654,0.0004960421838805917,6.0,3089.0620929082265,3340.927835226999,10.386525331284348,21.086559102968433,0.515190173681538,0.06960288159111264,0.06517436618786913,0.1661777141395512,0.09750208191039547,0.024008398524720656,0.05669171636816454,0.005652658863836504,BROKEN,10HZ
BROKEN_10HZ,-0.01401746194140625,0.002525940077226101,0.0025258414057646194,0.01032971194140625,-0.012577548058593749,0.02290726,-2.3283064365386963e-12,-4.4703483581542967e-10,1.3160379428056361,4.979547815198929,6.553273865411189,-0.016375006176562498,0.002913394592843594,0.00291328078614448,0.011116796176562499,-0.008233833823437502,0.01935063,-5.820766091346741e-13,0.0,1.2314882497348876,3.815902753218266,4.699239404332341,-0.010626163738281251,0.0005135269249306132,0.0005135068648933028,0.002100383738281251,-0.0019077162617187494,0.0040081000000000006,1.4901161193847657e-10,1.52587890625e-07,1.2663933049004104,4.090273914112907,5.179895510128677,56.0,491.6159714441592,1201.6319880894164,6.691838284304028,522.639344249799,0.9099404786882755,0.05662145864134276,0.0024010607216983716,0.024478663696906676,0.003443932506053471,0.0007675062854224168,0.0020092509915156675,0.00033764826131211546,60.0,406.1546487326454,1181.239994409833,5.695747549695866,695.271828956867,0.9173982997340134,0.051810742118958523,0.002143579197844521,0.022098874373993643,0.0032061875745697127,0.0006985706566819895,0.0018483863132692428,0.0007953589932152391,6.0,2919.382046646575,3326.002548956339,10.175037386528887,21.60142776530283,0.5448579749297406,0.06443233843720157,0.064537931810981,0.151826675490332,0.09065097530720423,0.023830843748565374,0.05321064669303195,0.006652587164527945,BROKEN,10HZ
BROKEN_10HZ,-0.01417221217734375,0.0026988326203085077,0.0026987271951001506,0.01048446217734375,-0.012422797822656248,0.02290726,-2.9103830456733705e-12,-4.4703483581542967e-10,1.2774564762856018,4.603206222773483,5.88039560313912,-0.016365533501562498,0.0029612015811392185,0.002961085906943149,0.011107323501562499,-0.009447226498437503,0.02055455,-1.4551915228366853e-12,-8.195638656616211e-10,1.2321229723406943,3.751098025142387,4.621814049840598,-0.010715926110937501,0.0005370913099361873,0.0005370703293971088,0.0021514061109375003,-0.0022545238890624986,0.004405929999999999,0.0,1.52587890625e-07,1.2650534659350365,4.197818724030999,5.310465136090248,52.0,453.4978065108517,1149.07807545565,6.483935457608202,596.6338849195721,0.9208603433773886,0.04892502057783511,0.002018597579731335,0.022021682856986264,0.0033030511300917733,0.0007134200695658711,0.0018261071028335984,0.000331776083840607,60.0,423.27234564954284,1218.202290411026,5.898577544688443,718.2770000246476,0.9188873554800887,0.047202045890631754,0.0021996749054536465,0.02490834484445959,0.00343040415836971,0.0007362681605251796,0.0018563872388335015,0.0007795108454349866,6.0,2907.3987288052167,3329.7912693980643,9.98483039805826,23.629376707785738,0.5497597411026449,0.057330353223984803,0.062296807714322354,0.15677491740803368,0.09211671802619904,0.023635559846974265,0.0511477133018006,0.006938181254897492,BROKEN,10HZ
BROKEN_10HZ,-0.014325772508593747,0.002650403854894579,0.0026503003214718205,0.008529672508593747,-0.010592987491406254,0.01912266,2.3283064365386963e-12,7.450580596923829e-10,1.2744674663952065,3.996900804632825,5.093920043835374,-0.016517233428125,0.0029506289690456114,0.002950513707850269,0.012903983428125,-0.009295526571875,0.02219951,-5.820766091346741e-13,-6.705522537231445e-10,1.2413379603595707,4.373470080623118,5.428954431414311,-0.0108214050734375,0.0005459901051484967,0.0005459687769934407,0.0023775750734375007,-0.0021520249265624992,0.0045296,-1.862645149230957e-11,-1.9073486328125e-07,1.2694033360729426,4.3547821217462825,5.527974963340614,56.0,481.01824732929003,1187.8584280623702,6.665596429167424,575.4136004832989,0.9137275113238684,0.053555391994328023,0.002109036105690678,0.02380027152305651,0.003704816690648905,0.0007412930233037235,0.0020019471962457423,0.00035972964260354523,60.0,440.94935420123977,1237.5014530598678,5.966346170532595,713.1571123689633,0.9143037307821438,0.050659108489654936,0.002100657387936566,0.025732984596301026,0.0037281949133741226,0.0007053408495707771,0.001989554107467531,0.000780425051759481,2.0,3063.060995153858,3341.334689717232,10.261597864287324,24.418870163600484,0.5238735658326584,0.06129038349879517,0.06280714047359702,0.16937188695450928,0.09998522189403726,0.022417873876060344,0.05353896906815503,0.006714919989547676,BROKEN,10HZ
BROKEN_10HZ,-0.014368152066406252,0.002776819530773968,0.0027767110591424195,0.009476482066406253,-0.013122347933593749,0.02259883,1.0186340659856797e-12,4.4703483581542967e-10,1.2958352287273416,4.725860073075336,6.123935970932453,-0.01658781833671875,0.0033370032310056775,0.003336872876770935,0.01297456833671875,-0.00981647166328125,0.02279104,-1.4551915228366853e-12,-4.4703483581542967e-10,1.2195609660510693,3.8882417197103094,4.7419478293510515,-0.010808744380468749,0.0005274606838131884,0.0005274400794777907,0.0023649143804687495,-0.0021646856195312505,0.0045296,3.259629011154175e-11,-7.62939453125e-08,1.2729913713479357,4.483759327365586,5.707786945758894,52.0,440.4294073630659,1126.762025773814,6.172858482991383,631.6133846771187,0.923566498821398,0.04713732425320746,0.0018556693278054283,0.02155980303316988,0.0031953951267970587,0.0006583207979998448,0.0017268188588388327,0.00030016492792967213,60.0,349.98299578388,1083.2585994115254,5.523025492720305,912.1563123729657,0.934773632325936,0.03922230420504765,0.0015450210949911438,0.019126380167992094,0.002696336085113599,0.000530305003397777,0.0015130585341237568,0.000592960016287747,4.0,3066.744369928347,3333.059714891376,10.35254909247481,22.789573628113715,0.5198606547997142,0.06820118249737699,0.06048315774956879,0.16642102006112544,0.1022175782357018,0.0226887152163094,0.05352536051794019,0.00660233082860222,BROKEN,10HZ
BROKEN_10HZ,-0.01421297310625,0.002767076641739326,0.002766968550696814,0.009321303106250001,-0.01327752689375,0.02259883,1.1641532182693482e-12,1.043081283569336e-09,1.282529074175444,4.798582508502924,6.1543215842089465,-0.01651336070859375,0.0033267465619599024,0.0033266166083841205,0.01062935070859375,-0.00989092929140625,0.020520280000000002,-2.9103830456733704e-13,-7.450580596923828e-11,1.219309529069422,3.1952436835099056,3.8959910721736657,-0.010811026990624998,0.0005032832087914016,0.0005032635489070687,0.002262896990624999,-0.0023069330093750014,0.00456983,1.1175870895385742e-10,2.47955322265625e-07,1.2740566411625414,4.58394614472078,5.8402070400176065,52.0,447.5634396298703,1118.523460488361,6.504790221159306,627.1889395196391,0.9197923964446154,0.05193617999414512,0.0018720783039079501,0.020717927505591562,0.002989024025427078,0.0006321994677183803,0.0017757556770522064,0.00028443235766275796,60.0,364.11517386181794,1097.6519011136438,5.734477550381157,906.5576909928851,0.9280031954084259,0.04545727408861196,0.0015913076406428156,0.0197661226981118,0.0025178721339864205,0.0005201601120682938,0.00158006082955124,0.0005640062390142293,6.0,3232.56677751575,3368.516803828805,10.646483543757675,20.74822243638704,0.4966666954251497,0.07319897867134065,0.06460168653496094,0.17272766764327996,0.10087233734867061,0.024455430824958047,0.060717607942355735,0.006759595574568535,BROKEN,10HZ
BROKEN_10HZ,-0.014177349534375,0.0026536885312771533,0.0026535848695442175,0.008251619534375,-0.011096030465625002,0.01934765,1.7462298274040222e-12,-2.9802322387695313e-10,1.2730958710552351,4.181524619315961,5.3234817295731105,-0.016536468164062502,0.002880998468630558,0.0028808859274297638,0.009749518164062502,-0.0089440218359375,0.01869354,2.3283064365386963e-12,-2.9802322387695313e-10,1.2478533249849837,3.3842083325307186,4.222995621656211,-0.010816815757031249,0.0005084477767962471,0.000508427915167036,0.0022984857570312496,-0.0023011442429687508,0.00459963,-5.587935447692871e-11,9.5367431640625e-09,1.2801457314679858,4.525999005555678,5.793938318986242,56.0,475.8960617483639,1174.6462823366162,6.597620224665669,576.8407172035539,0.9082909283441661,0.060320285997072336,0.0020027583322817792,0.022952452476868737,0.003461958425392346,0.0007137262489655278,0.0019443052254175012,0.00031358457997238826,44.0,461.27437386110813,1256.149745361532,5.74930044008367,679.8953467573668,0.9063836512269877,0.057807512178050635,0.0022292113778115026,0.026342990906520147,0.003632819800586591,0.0007427599410032156,0.0020989259796681493,0.0007621243158814808,6.0,3372.020446394354,3354.8143693582974,10.733848852116491,21.176233864640565,0.47640957160804387,0.06881670116549549,0.06879262858229782,0.18997541813909552,0.10404120298319783,0.02578041560851846,0.0592827671641482,0.006901266726783079,BROKEN,10HZ
BROKEN_10HZ,-0.014157035246875,0.002626778854281423,0.002626676243728276,0.007867745246874999,-0.012287484753125,0.020155229999999996,-1.7462298274040222e-12,-2.9802322387695313e-10,1.2720161080125865,4.67795937081546,5.950439674571076,-0.01657902419375,0.002724732599029219,0.0027246261620831823,0.00905750419375,-0.008901465806250002,0.01795897,-4.94765117764473e-12,-9.685754776000977e-10,1.2341899013031945,3.3243108050832717,4.102830825932699,-0.0108499022546875,0.0005724366150038555,0.0005724142537618305,0.0023777622546875005,-0.0027493277453125003,0.005127090000000001,0.0,-2.288818359375e-07,1.2698354668383662,4.803038572923795,6.099068739146359,56.0,466.15970708823085,1176.8625731382906,6.565894943137147,565.2011507657631,0.9190326038024165,0.048960567604430995,0.002109883730547941,0.023030697883937468,0.003776957601622345,0.0007874017911349298,0.0019770854867430243,0.0003247961371777034,52.0,490.2715767596243,1312.5499658770764,6.23380622614833,608.1403094174872,0.9031261711565174,0.05734642780646028,0.002701110879619712,0.028343966883018143,0.004377538797185545,0.0008819722919639094,0.002339945664226398,0.0008828561928997226,2.0,2669.616751520504,3274.207358545607,9.312321553357437,26.841749776748618,0.5839284449678305,0.05428552507496481,0.05715241813367492,0.14659273377431073,0.08603063076310712,0.02055603410380952,0.04586648327677302,0.0055877273434446545,BROKEN,10HZ
BROKEN_10HZ,-0.014055119130468752,0.002530298324664925,0.0025301994829560782,0.007901419130468752,-0.012827460869531248,0.020728879999999998,-1.4551915228366853e-12,0.0,1.2733143738359172,5.069742900063733,6.455376508855069,-0.016481806350000003,0.002681853912831104,0.002681749150866462,0.009013926350000003,-0.008423543649999997,0.01743747,-2.3283064365386963e-12,-9.685754776000977e-10,1.2286421458195904,3.361211597187019,4.129726230861489,-0.01095707504453125,0.0005996353293089716,0.0005996119055964172,0.002484935044531251,-0.00264215495546875,0.005127090000000001,-3.725290298461914e-11,-7.62939453125e-08,1.2578779652615508,4.4064417774264015,5.542766026276536,56.0,503.53835333246957,1210.922449776228,6.96898653261995,524.4444200325164,0.909922216633809,0.05598694396077781,0.0023782558050907967,0.024556880375946933,0.003827897942229404,0.0008298320942841774,0.002161311499609716,0.00033666147773515426,60.0,509.10466097505457,1319.7670041077865,6.134808705286863,589.1504972196219,0.8926649304480345,0.06772806507858035,0.0028218962616049803,0.0282640821818542,0.0043467683238874325,0.0008812784823689939,0.002434958632421029,0.0008580143786040049,4.0,2345.473349393246,3186.9190968065477,8.922066675879606,29.453061262417418,0.6339195181268055,0.051608590742575254,0.05337345579731817,0.12149981732572222,0.07421000455769389,0.018227487889441344,0.042366327964355736,0.004794786996083923,BROKEN,10HZ
BROKEN_10HZ,-0.014015614457812502,0.0024504049665521445,0.0024503092457385553,0.008660554457812502,-0.012866965542187497,0.02152752,0.0,-2.9802322387695313e-10,1.2767687689120162,5.251159852297772,6.704516902714623,-0.016465248725000003,0.0027928345296361363,0.0027927254324064755,0.008997368725000003,-0.008440101274999997,0.01743747,2.1827872842550277e-12,9.313225746154785e-10,1.2264488116813714,3.221716183543796,3.951269986296775,-0.010963487981249999,0.0005538525597885785,0.0005538309245003893,0.002413867981249998,-0.0021768220187500017,0.00459069,0.0,-7.62939453125e-08,1.2756143345306503,4.358492583398182,5.559755626366971,56.0,529.1267070697908,1260.4605665216743,6.771474243411222,491.84894203708785,0.9016920501270516,0.0611739358292117,0.0027362439130478758,0.026522202720639043,0.0042374018269938215,0.000908245058882945,0.0023422134506201706,0.000387705083442656,60.0,484.09618647510354,1284.5870562621978,6.002828926593555,638.9199128794413,0.8994685103115911,0.06304283441202785,0.002599731156035473,0.026960467585590637,0.004011885879544044,0.0008423317479671599,0.0022632741079953935,0.0008109642974894293,4.0,2841.082340427373,3308.2901278101467,10.057386665068709,25.1272145541999,0.5557497642488295,0.06108353948579663,0.06296408924882728,0.15313880179491574,0.08827804878774488,0.02178001830678496,0.0509013930398641,0.0061043427684234295,BROKEN,10HZ
BROKEN_10HZ,-0.013978362711718751,0.002509837847804665,0.0025097398053488063,0.009310192711718752,-0.012175607288281248,0.0214858,1.4551915228366853e-12,1.043081283569336e-09,1.2824842070287568,4.851342460872244,6.221770091435728,-0.01650177886875,0.002770141370381152,0.002770033159620338,0.00831422886875,-0.010099191131250001,0.01841342,-1.4551915228366853e-12,-1.1548399925231934e-09,1.23805632211881,3.645873729897272,4.513797022575713,-0.010846534505468752,0.0005339797258571199,0.0005339588668666686,0.002064474505468752,-0.002155205494531248,0.00421968,0.0,1.52587890625e-07,1.270910660039651,4.036276245662822,5.129746517084708,56.0,514.4076531514182,1239.5433354825598,6.835366558220687,515.9971960471418,0.9090428161978481,0.05526699845037732,0.0026642592710982415,0.0252109883090405,0.0042342358204435285,0.0008355099653072717,0.0023651730604782035,0.0003800168591122868,60.0,511.2358249102711,1330.3907213821215,5.983726396816014,628.5790174370525,0.8943414304592703,0.06481030965110368,0.002714800188854444,0.029834239775180245,0.004183411777914837,0.0008297325055419695,0.0024352187404135797,0.0008508559758438792,4.0,3188.3079505738765,3353.3443386253625,10.434959439856234,23.35638093572502,0.4989678975838364,0.06834647969681983,0.07018655739079951,0.17610536217507494,0.09912100942249469,0.0229814509484143,0.05748185842079969,0.0068093811085215596,BROKEN,10HZ
BROKEN_10HZ,-0.01398227023671875,0.0024321279801561993,0.002432032973301336,0.009314100236718751,-0.012171699763281248,0.0214858,-2.473825588822365e-12,1.1920928955078125e-09,1.2759313376689152,5.004742901061151,6.385708307065628,-0.016555371957031252,0.0026612145480941454,0.002661110592370436,0.009781831957031252,-0.01004559804296875,0.01982743,2.1827872842550277e-12,4.4703483581542967e-10,1.2732637763012729,3.7749645084255867,4.806525567207451,-0.010860589978125001,0.0005295574748203928,0.0005295367885774965,0.002264779978125001,-0.0022782300218749992,0.00454301,-3.725290298461914e-11,7.62939453125e-08,1.2737528280307053,4.3023073499628595,5.480076164421292,56.0,548.2626568320233,1265.2699196347357,6.981854727147157,484.53913734051054,0.904680884223045,0.05715295099746039,0.00260470030611012,0.027658575113894322,0.004375549641904057,0.0008893304557671169,0.002255136248397145,0.0003828702614283592,60.0,541.1938048898564,1362.1765829238468,6.164969310393663,580.117265236521,0.8849999123701613,0.07172131967493112,0.0027738102103687014,0.03198275406974913,0.004355304529534043,0.0008922030995887173,0.0023966340511485545,0.0008780618305350332,4.0,3132.892783900705,3323.032124162575,10.422593062743498,22.971122545610967,0.5051273136448745,0.06997729093003763,0.06618837253223168,0.17604931897952203,0.09945998031129204,0.023839288780301282,0.05300221452441842,0.006356218122711509,BROKEN,10HZ
BROKEN_10HZ,-0.014107321280468751,0.0025279020614875024,0.002527803313384514,0.007734591280468751,-0.00995617871953125,0.01769077,-5.820766091346741e-13,2.9802322387695313e-10,1.2448456259766085,3.938668274891255,4.903033976110855,-0.01667140605625,0.00284066546634916,0.00284055450068704,0.010811236056250001,-0.01043467394375,0.02124591,2.0372681319713594e-12,1.4901161193847657e-10,1.27522406360833,3.8060301429981633,4.853541226878571,-0.0108986292125,0.0005070281947433008,0.0005070083885675966,0.0025352592125,-0.0022401907875000005,0.0047754500000000005,-1.30385160446167e-10,-3.0517578125e-07,1.2761195844538513,5.00042852281439,6.381144781210962,56.0,521.1845887888114,1219.588413041482,6.883779598449758,523.4515637440337,0.8978715592486688,0.0674855275659172,0.0023069267280085796,0.025473311473710743,0.003745765857328038,0.000859171044416673,0.001903580747429116,0.0003541556671523012,50.0,450.35437860434223,1257.7646623513003,5.813131523508199,660.9919894715051,0.9092406035434217,0.05454050512180066,0.002325368288932151,0.02678208735598121,0.0035584999233128868,0.0008215785384637464,0.001958630246809571,0.0007727269552681263,4.0,3216.740621959016,3324.8703495666655,10.617401341952629,21.058151387319082,0.49479116071172996,0.07168876784883484,0.06596099368114142,0.178103947202846,0.10197984236821643,0.026994808696696026,0.05365030786790339,0.006830125140194767,BROKEN,10HZ
BROKEN_10HZ,-0.0141451150140625,0.0025718917439172605,0.0025717912774337395,0.0099701350140625,-0.009918384985937502,0.01988852,2.3283064365386963e-12,2.9802322387695313e-10,1.2628973386769033,3.8767279046589134,4.895909355471926,-0.0166627708078125,0.0029505395017447793,0.002950424244044321,0.010802600807812502,-0.0104433091921875,0.02124591,1.1641532182693482e-12,8.195638656616211e-10,1.2785739333721042,3.661372030126544,4.681334839684167,-0.01090715143046875,0.0005289054746576615,0.000528884813884019,0.0026078514304687488,-0.00208117856953125,0.0046890299999999985,5.587935447692871e-11,7.62939453125e-08,1.2800168237855554,4.930849510286344,6.311570340655021,56.0,511.8016128082331,1196.2234609202976,6.760750758375456,541.8279220735235,0.8922264376759488,0.07545565938728502,0.002357289852820131,0.02317957870873165,0.003729366574178888,0.0008216754634855919,0.0018890131695377956,0.00034097850584844866,44.0,428.39900737893805,1216.2471402147773,5.65125674577129,713.1138681832606,0.911441092758427,0.055275419885569534,0.0022043701601339324,0.0242668334332475,0.003487931698944394,0.0007363251536773986,0.0018803353185715224,0.0007076792130424599,2.0,2980.097637980346,3319.181038295091,10.203191782821811,22.914592531926772,0.5331360948251411,0.0627976106256637,0.06461597782472814,0.15960387226338107,0.09895468318716286,0.024225194563088973,0.05051988578558105,0.006146675483227043,BROKEN,10HZ
BROKEN_10HZ,-0.014102451308593751,0.002598944709236521,0.0025988431859759013,0.009927471308593751,-0.01294551869140625,0.022872990000000003,4.3655745685100554e-13,7.450580596923828e-11,1.2930391596164224,4.981261953888829,6.4409667731640665,-0.016632511585156252,0.002971887243387871,0.002971771151774968,0.011283411585156253,-0.010019118414843747,0.02130253,-1.4551915228366853e-12,-7.450580596923829e-10,1.2612837601500866,3.796864228465263,4.788923192469495,-0.0108767467,0.000546594666824499,0.0005465733150532912,0.0025774466999999995,-0.0019819533000000004,0.0045594,-3.725290298461914e-11,0.0,1.2713994917432143,4.715646783877567,5.995470935231659,56.0,506.27502173105336,1183.3830126535222,6.893462775566291,553.286531445019,0.8985652388527444,0.06961156780818853,0.0024704942464228515,0.022581378971646603,0.003757026470755008,0.0007789349258215024,0.0018666746995290029,0.0003686620348875472,50.0,441.08510494324565,1203.2332216205182,5.751749008351542,723.4702381906106,0.9066153967527025,0.06100410701588805,0.0022789722930506738,0.023365769903392994,0.0034917666640773798,0.0007187825607508098,0.0017874564544713902,0.0007377421243238273,4.0,2773.80199441063,3299.997554210932,9.731906551361465,24.472977332566522,0.5650708029070441,0.05818924573606255,0.06384444345979087,0.14640762274134736,0.09086511690455325,0.021499463375204746,0.04754298255743347,0.006580253022453878,BROKEN,10HZ
BROKEN_10HZ,-0.0141645394921875,0.002679624182544325,0.0026795195076802234,0.008687299492187498,-0.012883430507812502,0.02157073,-1.1641532182693482e-12,-2.2351741790771484e-10,1.2839370980385418,4.8081122253736215,6.173313659993731,-0.01656472205625,0.002984597447054678,0.0029844808589397464,0.011215622056250003,-0.010268687943749997,0.02148431,-2.9103830456733705e-12,-1.1920928955078125e-09,1.233507163422248,3.7579808960398005,4.6354963568222525,-0.01083452510546875,0.0005129931354526771,0.0005129730962669254,0.00211057510546875,-0.0022581048945312498,0.00436868,-1.8626451492309571e-10,-2.6702880859375e-07,1.2649422544316835,4.401994776260645,5.56826920713453,56.0,473.20249515674425,1154.7498500536951,6.688579373986053,588.1712471309355,0.9085288179337782,0.06118436914222702,0.002028179947575312,0.02224202013162231,0.003209104894253469,0.0006666647194334514,0.0018060304357167588,0.00033481222715103467,44.0,420.4482471783496,1191.7543429290913,5.657017667770746,729.671763535274,0.9176966881184435,0.050552785047295865,0.0021320171122401945,0.023116053159252355,0.003238745261794313,0.0006762436108168094,0.0018103918208098263,0.0007770708531429622,4.0,3012.6513165070814,3332.3772268107036,10.32922856072881,21.55654328270972,0.5285931970657812,0.06686625414678657,0.06910174073592268,0.1579302885360972,0.09288732062764998,0.022804554653857025,0.05427527974991184,0.007541364481373087,BROKEN,10HZ
BROKEN_10HZ,-0.014114443131250001,0.002563783398753433,0.0025636832490083315,0.00904546313125,-0.01568406686875,0.02472953,1.7462298274040222e-12,4.4703483581542967e-10,1.3042536946999854,6.117786535719274,7.979145695710063,-0.01641110689765625,0.00288086641094394,0.00288075387490175,0.009455786897656249,-0.010422303102343749,0.019878089999999998,-4.365574568510055e-12,-3.725290298461914e-11,1.238339059063249,3.617908211294622,4.480197051707002,-0.011008968834374999,0.0005291527381232361,0.000529132067690676,0.0022850188343749994,-0.0023459011656250008,0.00463092,-7.450580596923828e-11,3.0517578125e-07,1.2613482617651628,4.433488923530707,5.592173557819137,56.0,510.9892393101713,1207.8473770220492,7.142053474076772,538.4168944517075,0.9066776085042205,0.05942477922885137,0.0022122496471249525,0.024987621586018974,0.003586782775501903,0.0007653525298745191,0.002003431412932091,0.0003421576234175646,60.0,450.10188273913894,1239.294722142217,5.839587697258209,679.8330190257517,0.9101183935043798,0.05530331999335679,0.0020825621987014473,0.025570140025048472,0.0034561590368687545,0.0007108473772450778,0.0020088447294781837,0.0007497282503819258,2.0,2852.544817393507,3304.637815466955,9.973877680573429,22.93602270457946,0.5540534405629107,0.06294958121140709,0.061398907113031996,0.15159917639299905,0.0916511354936808,0.021483871815782284,0.05087911680072002,0.005984764559715437,BROKEN,10HZ
BROKEN_10HZ,-0.014037245882031249,0.002473684984749059,0.002473588354541997,0.00896826588203125,-0.01576126411796875,0.02472953,1.4551915228366853e-12,7.450580596923829e-10,1.29563144912268,6.371821763575226,8.255532668429872,-0.01641164236640625,0.0030656756118722,0.003065555856579595,0.01127710236640625,-0.01105650763359375,0.02233361,-4.3655745685100554e-13,-5.21540641784668e-10,1.2416292123296209,3.6786484703984708,4.567517404228365,-0.01099984956875,0.000546758783460834,0.0005467374252786949,0.00257091956875,-0.0023550204312500003,0.00492594,0.0,-1.52587890625e-07,1.270598369573103,4.702292993272231,5.974725821434684,56.0,557.4537425390769,1261.9932186144583,7.219017799723002,501.2389357639832,0.8955711100337516,0.06715389702917518,0.0026485586950263248,0.02687185133487202,0.004288777643728813,0.0008253005686675348,0.0022823758286869018,0.00035812727687950784,60.0,445.5559251745969,1197.5096687558867,5.8546233999175366,769.8540736558637,0.9166579066162673,0.051293422347399475,0.002050058524125008,0.023444495219963887,0.003336243800304205,0.0006476614748993356,0.001905046074310019,0.0006651605695755263,2.0,2897.4773014546754,3327.472286137391,10.027533850312746,24.487674940014013,0.55130883210464,0.0610233538054918,0.0592011939678038,0.15163006552324185,0.09761673566107888,0.020985468745064084,0.05235456726834759,0.005879776018027852,BROKEN,10HZ
BROKEN_10HZ,-0.0141628697609375,0.002546935479290592,0.002546835987680199,0.0089240297609375,-0.0115366502390625,0.020460680000000002,2.3283064365386963e-12,2.9802322387695313e-10,1.2889093828565998,4.529797085614819,5.838497968377872,-0.016515669393749998,0.003171815796127431,0.0031716918946528973,0.011381129393749998,-0.010952480606250002,0.02233361,-2.0372681319713594e-12,-8.195638656616211e-10,1.2453487956523763,3.5883464624508163,4.468742946805535,-0.010867671901562499,0.0005265320759166533,0.0005265115078557101,0.0024387419015624995,-0.002043178098437501,0.00448192,-1.30385160446167e-10,-2.288818359375e-07,1.2734352930314556,4.631887167789971,5.898408604006073,52.0,538.0233661763718,1243.2005386407159,6.934565279418752,531.363721201412,0.9012885370647454,0.0626818331755834,0.0025854690359772632,0.02600029320165355,0.0040818880149815235,0.0008022248945128508,0.0022039273587767297,0.0003558267360822229,44.0,438.2484536977685,1171.1412188853767,5.970524064248403,824.0848465957614,0.9209276022955029,0.04845052740206411,0.0019903222711222385,0.022409302450258715,0.0031707252027670576,0.0006178330798644188,0.0017798236099401765,0.0006538636011930902,10.0,3168.3027749795747,3356.8868195968844,10.419991929983489,22.709401051575824,0.5092565785252878,0.06492297899576303,0.06262794884434754,0.17095170437354004,0.10507279045039637,0.023693737822053727,0.05652898378677898,0.0069452743096186445,BROKEN,10HZ
BROKEN_10HZ,-0.01420458638515625,0.002618625212828469,0.0026185229207831623,0.009935736385156251,-0.01149493361484375,0.02143067,0.0,0.0,1.297937564092986,4.389854111727969,5.697756554675721,-0.016541571414062498,0.00319995849290814,0.0031998334920880405,0.011274421414062498,-0.010405078585937502,0.021679499999999997,2.837623469531536e-12,1.4901161193847657e-10,1.2356485909641899,3.523440028494099,4.353733707916171,-0.01087748878984375,0.0005359307300652429,0.0005359097948622011,0.0022041987898437504,-0.002523571210156249,0.004727769999999999,3.725290298461914e-11,1.52587890625e-07,1.2692116272639749,4.708947717770654,5.976651206725017,52.0,491.40111378229034,1190.7330276409373,7.14494173960543,561.697774731865,0.9148303578657305,0.05219342594932604,0.002312055153777173,0.02406535923571138,0.0035711618369569037,0.0007316654900685762,0.0019740102635517356,0.0003219634638302082,44.0,408.2489144276704,1153.08124876419,5.958900506433143,838.773517063713,0.9229882254209225,0.047197982847126736,0.0019050432285309504,0.02205441207867436,0.0028887431987424245,0.0006475225112811372,0.0016658128105358219,0.0006522271625481828,4.0,2884.7616289742455,3323.724357292521,10.07406050833331,23.52736746846209,0.5520937405071181,0.058670343312486675,0.05881023072016824,0.16035958349747514,0.08902966780219758,0.023212921384170717,0.05154134897019579,0.006282152047734765,BROKEN,10HZ
BROKEN_10HZ,-0.014186362521093749,0.0026365261649201823,0.0026364231736052766,0.009917512521093748,-0.011322437478906253,0.02123995,-2.3283064365386963e-12,-8.940696716308593e-10,1.2697468495003144,4.294620676971344,5.453081076451634,-0.0165081576984375,0.0032270796033143727,0.0032269535430552057,0.010069867698437502,-0.010438492301562498,0.02050836,1.1641532182693482e-12,7.450580596923829e-10,1.2281543512157564,3.234782329232044,3.972811994113308,-0.010880284053125,0.0005519698853491449,0.0005519483236043624,0.0022069940531249995,-0.0025207759468749997,0.004727769999999999,-9.313225746154786e-11,-1.9073486328125e-07,1.2602883200833601,4.567050635912151,5.755800584097518,52.0,479.9212347723574,1177.2777974821242,6.664237686326406,569.403568484166,0.9066736694750329,0.061893069623813475,0.0023813505084600917,0.022525658547515946,0.003481447343888855,0.0007128782778149593,0.0020005742339551736,0.00033135083141852496,52.0,400.7417847122226,1151.4779783630236,5.914917945426841,853.0517418491236,0.9174889059688309,0.05303536066269118,0.0018131130927890485,0.021972222307393915,0.002742091564758541,0.0006057664113102309,0.0017129866456152202,0.0006295338363051443,2.0,2725.389236102312,3313.3733999376204,9.884456454110138,24.956678447543624,0.5786941403699472,0.057729021650294456,0.055408539803339985,0.14608051264475522,0.08325687039936978,0.021594027707593104,0.050981924316982404,0.006254951450245732,BROKEN,10HZ
BROKEN_10HZ,-0.014166964234375001,0.002590239955215272,0.0025901387719907483,0.010039664234375,-0.011341835765625,0.0213815,2.6193447411060332e-12,4.4703483581542967e-10,1.274736931829004,4.378852547938562,5.581885064045873,-0.0164258333359375,0.0032812917191309713,0.003281163541169668,0.009987543335937502,-0.009109786664062498,0.01909733,-1.3096723705530166e-12,1.4901161193847657e-10,1.231654282759741,3.0439029349123037,3.749036087232277,-0.01083037894765625,0.0005329206982425759,0.0005328998806211988,0.0025578989476562498,-0.0020134210523437505,0.00457132,3.725290298461914e-11,7.62939453125e-08,1.2660052959790427,4.79996156102448,6.076776768156049,52.0,491.729019958423,1207.357214812003,6.494592618859158,549.586440969322,0.8997921763162492,0.06709791906266128,0.0024715570707579152,0.023570404828203106,0.0037975859712289436,0.0008032819427492638,0.0020969210241080566,0.00037015339081244406,44.0,383.50916444073465,1140.5538062997775,5.3100675127026085,881.9535250832646,0.9226126775897883,0.04843826815048752,0.001856305911891949,0.021339773905445447,0.0028646197221033755,0.0006088920528736955,0.0016549372493138714,0.0006245146735627073,2.0,3057.640681145805,3353.661861113246,10.386629171519305,23.263828648157013,0.5248700953235642,0.06591983741988652,0.06247385275910536,0.16383944349288596,0.09719849929341322,0.023871631926784067,0.054617086171468966,0.007209549833668212,BROKEN,10HZ
BROKEN_10HZ,-0.01410676602265625,0.002403027394617073,0.0024029335245260345,0.00997946602265625,-0.01027261397734375,0.02025208,-8.149072527885438e-12,-2.2351741790771484e-09,1.2798149253260456,4.275030444337796,5.471247771163651,-0.01646459033125,0.0032709028958548244,0.003270775123714857,0.009728300331250002,-0.009071029668749998,0.01879933,-1.1641532182693482e-12,-3.7252902984619143e-10,1.2112199386762061,2.9743103577315195,3.6025440101970103,-0.010727672316406249,0.0005268708925071349,0.00052685031121091,0.0024551923164062486,-0.0021161276835937517,0.00457132,3.725290298461914e-11,1.52587890625e-07,1.2764492204473534,4.6601326021865965,5.9484226385329135,52.0,531.0810791269128,1292.1380691315283,6.799870773747809,473.0134148647281,0.8969948906016373,0.06376131200166646,0.00278449292319916,0.02832996083354945,0.004318553112233383,0.0009406383973238428,0.0024657944722956873,0.00040435293636518224,44.0,365.71550391819164,1126.9678065993442,5.607810722202746,876.3777044458601,0.9309853117036182,0.04057823412076916,0.001888632431596331,0.020719362263343352,0.002906069977125242,0.0006178999223066887,0.0016850728246687293,0.0006193952455873183,4.0,3141.205835279216,3357.599801213152,10.335669204716257,22.738637268268118,0.5088116424466778,0.0677876062092623,0.06823982936161173,0.16914891552377023,0.09834786181201828,0.024355820165187957,0.056706006949244464,0.006602279393285339,BROKEN,10HZ
BROKEN_20HZ,-0.01414712255625,0.005662049089696425,0.005661827911583889,0.02069269255625,-0.020428327443749998,0.041121019999999994,3.2741809263825415e-13,3.725290298461914e-11,1.2546199201919204,3.654772429635092,4.585350294798281,-0.0166129847859375,0.005604879168057711,0.005604660223188858,0.0205391347859375,-0.019944165214062497,0.0404833,-8.003553375601769e-13,-6.51925802230835e-11,1.2515146146064633,3.664652978836028,4.586366761292712,-0.0109194792015625,0.0004980340860846604,0.0004980146312481881,0.001958619201562501,-0.0022521207984375,0.004210740000000001,7.450580596923828e-11,1.52587890625e-07,1.261960915323156,4.522198049223469,5.706837200929815,54.0,578.8993896568707,1081.6570509222302,7.091790714311679,2626.0517238250663,0.8803342390924678,0.09227169316708753,0.0014937993911946403,0.023605294916120647,0.0013228938831985424,0.0003464334827538593,0.00044810977984424856,0.00017752652584256855,194.0,693.5207562257032,1379.2165739681507,6.897774025302912,2573.2887624928558,0.8258961417162031,0.12566737148944374,0.0020114077664187,0.04338832638960859,0.0012451106311312347,0.00034873426723169355,0.0006044793130615949,0.0008384206828608338,2.0,3050.7480157825535,3370.290108776872,10.382799100601899,20.3176819355999,0.5268855884868658,0.07057527369657608,0.07386881269120688,0.13251418783793084,0.10262663954896876,0.027685278724853175,0.05869654682620429,0.0071476288183392024,BROKEN,20HZ
BROKEN_20HZ,-0.01422429955078125,0.005965664745451358,0.005965431707120619,0.02076986955078125,-0.024274320449218748,0.04504419,-6.366462912410497e-13,-7.450580596923828e-11,1.2630390704713166,4.069164083493675,5.139513222472668,-0.01661816125546875,0.005646923050758187,0.005646702463518088,0.02018671125546875,-0.018997308744531254,0.03918402,-6.912159733474255e-13,-1.30385160446167e-10,1.2633244478629433,3.574955716600089,4.516328957608098,-0.011047168127343751,0.0004963077772414105,0.0004962883898401945,0.0019671081273437523,-0.002124431872656249,0.004091540000000001,-1.1175870895385742e-10,-7.62939453125e-08,1.2641600474320434,4.28063986961226,5.411413911512301,484.0,532.6479369626169,1015.0762203515542,6.714274324333946,2915.235914357518,0.9065996917520255,0.06846882689218252,0.001411753897644154,0.021471425531314453,0.00113821526485357,0.00032545182647933775,0.0004134020427699153,0.00017120720065755805,194.0,647.8356342375139,1328.9938357397832,6.978018439985483,2612.03962252196,0.8472269228564897,0.10847484496465942,0.002181294131670087,0.03897902932724408,0.0012615486104308302,0.0003859862002766725,0.0006382675253366828,0.0008520695729826677,2.0,3028.362542256436,3364.0419100880445,10.372589543592726,20.177073535711642,0.5284606693278004,0.07343362001072692,0.0695335872013759,0.1341049615973173,0.10127983238037916,0.028295470562944378,0.05794720360745449,0.006944644806099739,BROKEN,20HZ
BROKEN_20HZ,-0.0141696962890625,0.00611601917008666,0.006115780258421494,0.027332356289062498,-0.0243289237109375,0.05166128,4.729372449219227e-13,1.1641532182693481e-10,1.271444539599896,4.4691527703200915,5.6822798873903455,-0.016610350745312502,0.005660355675549058,0.0056601345635868055,0.018933260745312503,-0.0196622092546875,0.03859547000000001,1.127773430198431e-12,1.6763806343078613e-10,1.2589369177805,3.4738059723360757,4.373302584552922,-0.01091675145390625,0.0005069245860596983,0.0005069047839312875,0.0019737714539062503,-0.0018316885460937498,0.00380546,-2.9802322387695313e-10,-3.0517578125e-07,1.262199121456516,3.8937715969159794,4.914715098475224,54.0,501.1495124754997,1008.0027768298247,6.573325440145744,3064.0347809013133,0.9107443502541184,0.06477445174639843,0.0013667436124450841,0.021232278742423626,0.0010587490303753668,0.00027693700045021554,0.00040383300656520414,0.0001426484660527894,20.0,616.9431793731843,1321.3422289483974,7.041879159611798,2624.4811389681645,0.8609509655542754,0.0951606505700632,0.0019855493068921533,0.03896261419015062,0.0011850909152819893,0.000338965917040158,0.0006117235217660077,0.0008044399926942474,2.0,2931.635410992667,3357.9666163141474,9.981708696353206,21.049545530541902,0.5406930998585026,0.07003797800371027,0.07103488800135366,0.12926070961132047,0.1007847712619782,0.024816003912188436,0.056765438118366866,0.006607110320319666,BROKEN,20HZ
BROKEN_20HZ,-0.0140751311109375,0.0059116384731449185,0.005911407545256663,0.0272377911109375,-0.022487978889062503,0.04972577,-5.820766091346741e-13,-3.958120942115784e-11,1.2540533402595293,4.607665923521978,5.778258843170222,-0.01663127651484375,0.005525062433928058,0.00552484660696128,0.018954186514843752,-0.01964128348515625,0.03859547000000001,-1.0186340659856797e-12,-1.8626451492309571e-10,1.2526948728637728,3.555082136914579,4.453433166328552,-0.010825250088281248,0.0004890653416073007,0.0004890462371192524,0.0018822700882812488,-0.0019097799117187512,0.00379205,-7.450580596923828e-11,0.0,1.2626828146387492,3.905111138495369,4.930916733915184,54.0,534.8201978028184,1050.836954631766,6.978801831593857,2862.6730381179605,0.9025503247995944,0.07075236880945593,0.0014016274021974237,0.02326134437149458,0.0011462874917180005,0.00027856957948309144,0.0004516363234541163,0.00015783728947761465,20.0,663.1075151013764,1379.9639162400085,7.158626073381966,2500.5204230441573,0.851761231062731,0.09934076717346733,0.0024058373826387333,0.043231600603953375,0.001310161704469377,0.00037885172913725956,0.0006999834150309159,0.0008715069813984801,10.0,3193.820808810689,3411.281728592198,10.560209253327507,19.59249699720842,0.5039567184955824,0.07274856968376002,0.07902321667967228,0.13716185307879758,0.10898429934386998,0.025624522049828374,0.0655622114309946,0.00693860029007438,BROKEN,20HZ
BROKEN_20HZ,-0.01400953188203125,0.005937886201685929,0.005937654248475751,0.021036371882031252,-0.026785178117968746,0.04782155,-1.0913936421275138e-13,-1.862645149230957e-11,1.2515277806067593,4.511070701082615,5.645730303636939,-0.01662644891484375,0.005732520849660829,0.005732296918691402,0.021094958914843753,-0.018211241085156246,0.0393062,-7.275957614183426e-13,-1.1175870895385742e-10,1.2535510047683835,3.680018535393557,4.613090933413623,-0.01073115495859375,0.000509365338079839,0.0005093454406076901,0.0029026949585937486,-0.00188914504140625,0.004791839999999999,-1.4901161193847657e-10,-1.52587890625e-07,1.2605314016612854,5.698872948448752,7.183608319701295,484.0,576.9919117608015,1051.0917602870297,6.916676970515173,2888.150063625128,0.8956618364234988,0.07755165086794262,0.0014890967644247178,0.02317787657280146,0.0012370802649551709,0.00029855786170323207,0.0004296608112293742,0.00015423436808863672,194.0,691.4151313675021,1349.6410383452637,7.10673607248596,2691.8279548537225,0.8366964988265487,0.11699755716086566,0.002053287328615197,0.04128370780781245,0.0011972728277114951,0.0003383476844822953,0.0006270725199516388,0.0008062558145526164,2.0,2994.550746685479,3389.178434540758,10.085302842296482,21.252733220133386,0.5380667096617003,0.06747616810663198,0.06737357435951599,0.13211154785580886,0.1023960324776679,0.02518319342671671,0.06167298569873931,0.005719783030355678,BROKEN,20HZ
BROKEN_20HZ,-0.013915619510156251,0.0064119286678076355,0.006411678196951944,0.02209869951015625,-0.026879090489843747,0.04897778999999999,-1.4551915228366852e-13,-4.190951585769653e-11,1.249449363822037,4.192208289310218,5.237951980905062,-0.01656344403203125,0.006188146029865739,0.0061879043006900815,0.02103195403203125,-0.021363015967968753,0.042394970000000004,-1.0913936421275138e-13,-9.313225746154785e-12,1.2424929083445884,3.4523830567537934,4.289561465598819,-0.0107298124453125,0.0005078849343908891,0.0005078650947481388,0.0029013524453125,-0.0020975975546874987,0.0049989499999999985,0.0,3.0517578125e-07,1.2640523186765737,5.712840810685171,7.221329687195741,54.0,509.31904889070665,991.7631634960926,6.585726902855705,3367.699852143947,0.8998909442272587,0.07784902265955006,0.0012700754976386359,0.01918728401445522,0.0010943531348039518,0.0002516929796620635,0.0003370493803411127,0.0001195764291805403,54.0,628.0009177040181,1283.3125869330565,6.707869475849769,3136.729905780612,0.8491847613783315,0.11019710845237266,0.0016459813855985357,0.03650128659734956,0.0010062668117445405,0.00027838740945083733,0.0004997857812181461,0.000686403997817512,2.0,2947.9189272799113,3356.506884699765,10.129971466847406,21.129376371842245,0.5411582823385656,0.07012567063697372,0.06586983864459017,0.13492929071279386,0.0988665642318824,0.02461359095487765,0.05842349564751939,0.006013242015228586,BROKEN,20HZ
BROKEN_20HZ,-0.014024047159375002,0.006662306422276992,0.006662046170849236,0.022207127159375003,-0.023051622840624994,0.04525875,3.637978807091713e-13,2.3283064365386964e-11,1.24274261016119,3.4601415610162864,4.300065355710052,-0.016477847257031247,0.006405541926988597,0.006405291705619842,0.02375500725703125,-0.021448612742968755,0.04520362,6.184563972055912e-13,1.1175870895385742e-10,1.2440030763829895,3.7086534610875797,4.613576315551646,-0.0109169112796875,0.000492766432618734,0.0004927471835539941,0.0021572012796875,-0.0021056887203125003,0.00426289,-2.7939677238464354e-11,-1.9073486328125e-08,1.265755127966856,4.37790686037115,5.541358069521905,54.0,434.5356840941286,947.7254364031583,6.089321876209618,3635.84383110398,0.9140461144266641,0.06623168724785268,0.0011370294310091814,0.01692767385539466,0.0009638177920844915,0.0002562745743409393,0.0003154485277465651,0.00012195036511531177,54.0,556.2411374605621,1234.019684781289,6.391258723668091,3360.994256480513,0.8738469467643899,0.08898110276045458,0.0014215925624581462,0.033497127369445996,0.0008899759912000881,0.0002748879099006547,0.0004582850213769146,0.0006300774360076186,8.0,3035.852797133651,3364.1719183542514,10.506355276782237,19.890158642784748,0.5266217094282332,0.0738041145880998,0.0723563665069843,0.13603240667087102,0.09841687181769468,0.025267659741347252,0.060091866794263836,0.007408994406835232,BROKEN,20HZ
BROKEN_20HZ,-0.01421318089140625,0.006635127132019455,0.006634867942303462,0.02133389089140625,-0.02354788910859375,0.044881779999999996,-4.729372449219227e-13,-1.210719347000122e-10,1.2600543145173966,3.549111950654649,4.472073826801671,-0.0164621651234375,0.006321731164010254,0.006321484216563374,0.023739325123437502,-0.0203065648765625,0.044045890000000004,4.729372449219227e-13,9.313225746154786e-11,1.2577573381137381,3.7553404084251376,4.723306956558942,-0.011049911589843751,0.0005902681442933315,0.0005902450864935886,0.0032631715898437507,-0.0025165384101562497,0.00577971,-1.4901161193847657e-10,-2.288818359375e-07,1.2979983953538974,5.5285027507818025,7.175987711382029,54.0,430.9289153846324,923.2539745933238,6.047406926674337,3606.239036635566,0.9245030271694646,0.05640729131569118,0.0011370276082080333,0.016304932081623816,0.0009321796361426532,0.0002626189562557059,0.0003295576333203722,0.00012336544600171596,54.0,529.1221483065439,1205.2336849792368,6.558772197274824,3273.618448408523,0.8854024262577912,0.07938696301349603,0.0015534954919478976,0.031300957976228574,0.000921096071941687,0.0002862196369894928,0.0004838891220065254,0.0006649524276203701,2.0,2178.012017390238,3165.5622725954404,8.98096636434507,28.54004836455478,0.6636935848207579,0.050847832758599346,0.05074234091284685,0.09716162985766234,0.07046284830852079,0.01819709028873648,0.043781104994456914,0.005113567295975984,BROKEN,20HZ
BROKEN_20HZ,-0.0141485650625,0.006282956213834448,0.006282710781063642,0.0212692750625,-0.0236125049375,0.044881779999999996,2.5465851649641993e-13,5.587935447692871e-11,1.259963328112813,3.758330720062869,4.735358882952751,-0.01652694019609375,0.005931859400057684,0.005931627682274043,0.01877237019609375,-0.018923139803906253,0.03769551,-5.820766091346741e-13,-1.1175870895385742e-10,1.257095650284264,3.1902103123002092,4.0103995077607015,-0.011068995579687501,0.0005974790193954197,0.0005974556799153664,0.0032822555796875007,-0.0024974544203124997,0.00577971,1.1175870895385742e-10,1.52587890625e-07,1.295562560156082,5.493722270175307,7.117460901047756,54.0,477.85360818250405,981.5923452932368,6.31787264967993,3233.583494212731,0.9100871190898847,0.06784140917012887,0.0012882366281349767,0.018974841314122668,0.001051120991890977,0.00026098218443293354,0.00036813996392932104,0.00012815041195269407,20.0,595.0717120310065,1280.3316378297914,6.91179171092978,2882.290244345533,0.8619480635954903,0.09803639504810126,0.0018289779685776286,0.035456252723567894,0.0011065849699872724,0.000311474393664169,0.0005621725278076825,0.0007500717710067077,2.0,2198.7183263200623,3167.0210461199745,8.789189222206904,29.241613652208354,0.6609397106928954,0.04935098949251101,0.05300614345255889,0.09484808913669103,0.07661517853951125,0.01792633720186449,0.042802090654168595,0.004511448560366012,BROKEN,20HZ
BROKEN_20HZ,-0.013996680399218751,0.005662869797842069,0.005662648587669995,0.02048414039921875,-0.02027480960078125,0.04075895,-1.0913936421275138e-13,5.122274160385132e-11,1.2449537978705598,3.6174133143638927,4.503512444980159,-0.0165160556296875,0.005589307189639898,0.005589088853063333,0.0181565456296875,-0.018934024370312504,0.03709057,0.0,6.51925802230835e-11,1.254021237503231,3.387676393182986,4.248218143599901,-0.010790090395312502,0.0005432600782606361,0.0005432388567493383,0.0020944503953125027,-0.0024485596046874974,0.00454301,-7.450580596923828e-11,-3.0517578125e-07,1.2714456227248672,4.507335161611937,5.730831571934756,54.0,554.3774847544055,1103.0821242397199,6.771790217536386,2626.813072662653,0.887557879359703,0.08321043649246204,0.0016401961571481326,0.025321198868316696,0.0013045380617989605,0.00033373498504570486,0.0004506365101551575,0.0001813646920722216,194.0,664.2752103075143,1373.932428651337,6.847773734029894,2559.009943627005,0.8394335637605839,0.11288671044672628,0.0019560110907987185,0.042736943232136906,0.0012286820068511714,0.00033627055282345217,0.0006016644015610143,0.0008201453223234797,2.0,2589.251902503578,3287.16883374318,9.434536726756958,24.17528481857771,0.6004834565375825,0.05659483480021457,0.06230701082026401,0.10905647360793994,0.09506219220232646,0.021215458724589152,0.04949796627059127,0.005782595002227395,BROKEN,20HZ
BROKEN_20HZ,-0.01399722052421875,0.005593392740528265,0.005593174244356752,0.01917050052421875,-0.02093135947578125,0.04010186,-3.092281986027956e-13,-1.862645149230957e-11,1.2463482927027119,3.7423042010818266,4.664214452626433,-0.01667374943046875,0.005504916052526774,0.005504701012543391,0.01831423943046875,-0.019589870569531254,0.037904110000000005,5.093170329928399e-13,1.0244548320770264e-10,1.2559371342952113,3.5587528771015307,4.469569890943689,-0.0107582043953125,0.0005497510522070367,0.0005497295771371167,0.002062564395312501,-0.0022271456046874995,0.00428971,-7.450580596923828e-11,0.0,1.256544807383159,4.051347595730045,5.090699793579205,484.0,616.9406234914136,1113.3213384896237,6.669729139285061,2562.7523588246127,0.8767798483282844,0.09253157077953619,0.0016670690224944258,0.026727654396392152,0.0013385311029702096,0.0003297268116072085,0.00045493605989240405,0.00017066334234848012,194.0,670.4402040176084,1395.6295447195964,6.849374338404881,2482.3179868179386,0.8538140645363617,0.09570687332841782,0.001989708038841896,0.045372231010183485,0.0012385792532007365,0.00036206275239532564,0.0006430047109758093,0.0008734763678121089,4.0,2495.6412564458,3268.492123760976,9.308431196009316,24.756437689187003,0.6121358076320323,0.05751646310801256,0.06059929511270742,0.10706602312795443,0.08740523748972204,0.02041650789086632,0.04892243271905546,0.005938229403885522,BROKEN,20HZ
BROKEN_20HZ,-0.014080648534374997,0.005875228258784424,0.005874998753197947,0.022579608534374997,-0.020847931465625004,0.04342754,2.9103830456733704e-13,1.257285475730896e-10,1.258348028598318,3.843338437857687,4.836257347337553,-0.0167075276140625,0.005819035810353511,0.005818808499827423,0.024296097614062498,-0.022571852385937504,0.046867950000000005,6.548361852765083e-13,1.210719347000122e-10,1.2607145855409168,4.175442036047008,5.264040676829786,-0.010897269471093748,0.0005760095311771465,0.0005759870303653574,0.0024653594710937476,-0.0020880805289062512,0.004553439999999999,-1.8626451492309571e-10,-1.52587890625e-07,1.2417783531589197,4.280234340085224,5.315102359193101,484.0,557.3202216390941,1058.3038765065592,6.6347851979605394,2827.5188009619114,0.8970847468685064,0.07576125758870719,0.0015184582840745823,0.02342978325204028,0.001278360731586991,0.00032213017683456257,0.0004595080350854658,0.00014575429671848277,194.0,624.4669282163516,1336.9401214968116,6.894811197405299,2773.690976092947,0.8635044343111998,0.0908445682739759,0.0018644609587135114,0.040942450107793765,0.0011016226848871108,0.00032658917174348186,0.0006404796380834233,0.000775390993675579,4.0,2386.099188931886,3247.464699366579,8.850193569649146,27.177865992856148,0.6310155451218596,0.05472118790875752,0.057617761380318384,0.10462680268640993,0.0792364540479882,0.018223190053845185,0.049370568710831085,0.005188488076430093,BROKEN,20HZ
BROKEN_20HZ,-0.014171888917187498,0.005924937704399253,0.005924706256999629,0.0226708489171875,-0.0237217910828125,0.04639264,3.637978807091713e-14,-1.3969838619232177e-11,1.2520123090415691,4.003876318894792,5.012902435982429,-0.01656738089140625,0.006214404800262477,0.006214162045333566,0.02415595089140625,-0.022711999108593752,0.046867950000000005,3.637978807091713e-13,5.587935447692871e-11,1.250091074898656,3.887241869667458,4.859406368025644,-0.01083328747421875,0.000559067285157566,0.0005590454461651883,0.0024118074742187495,-0.0021177925257812504,0.0045296,1.1175870895385742e-10,2.288818359375e-07,1.2529469554167627,4.314152787485455,5.4054046099516295,54.0,481.1101928832109,1039.1495965551221,6.505920167038399,2875.5676610929904,0.908759760410386,0.06607680885007639,0.0014624891936069009,0.021508836744107154,0.0012214327148914648,0.0003365016723829396,0.000481242241914889,0.00015292425714794454,54.0,558.5316354619475,1277.6668594024907,6.400233004592878,3163.407153973156,0.873767704817092,0.0855251086325302,0.0017706569682608491,0.036371616307577556,0.0010148366794340688,0.0002936487915702724,0.0005902409308767775,0.0006661837982903779,6.0,2591.4689095495983,3312.636888797667,9.395661781533768,25.602606002330262,0.6011975963889488,0.05752513304270048,0.05974550560264762,0.11548083407920144,0.08661630918002558,0.019503145040453043,0.05458602777937851,0.0053454445744138285,BROKEN,20HZ
BROKEN_20HZ,-0.014171294546875,0.0062440566152545795,0.006243812702029023,0.020028484546875,-0.024708765453125003,0.044737250000000006,-1.8189894035458566e-13,5.122274160385132e-11,1.2414276826670863,3.9573200908377966,4.912726710727485,-0.016583971925,0.006228607243568725,0.006228363933846037,0.021354951925,-0.019679648075000004,0.041034600000000004,-9.822542779147626e-13,-1.1175870895385742e-10,1.2345702780277727,3.4286615471399693,4.232923640195346,-0.0107812160484375,0.0005089673748090612,0.0005089474928826562,0.0023597360484375,-0.0021698639515625,0.0045296,5.587935447692871e-11,1.52587890625e-07,1.2696461997366701,4.6365019511847025,5.886717093959767,54.0,483.1188625910796,990.2305784261872,5.947856389191471,3193.6673719559653,0.9056521020642356,0.07253050853029377,0.0013746191456772746,0.01848684426443607,0.0010538576942635248,0.00032240681666349596,0.00042213228724928277,0.00015751105938073467,54.0,554.5474578664879,1252.2847625850686,6.162409814204451,3177.8830180540463,0.8752014672910431,0.0866548508460404,0.0017281896834381476,0.03384039818540412,0.0010396067918065864,0.0003012727686565415,0.0005555167968311773,0.0006786967192833218,6.0,3076.652467890693,3389.1088662967563,10.431661317943414,21.219536939188693,0.5222276029923789,0.07120688353098553,0.07050869278897365,0.13984750151307798,0.10194979842082877,0.0249527630847566,0.0626364317098228,0.006670325838182085,BROKEN,20HZ
BROKEN_20HZ,-0.014228866051562499,0.006251995065830604,0.0062517508425032646,0.0197940160515625,-0.024651193948437504,0.04444521,4.0017766878008843e-13,4.656612873077393e-12,1.251160368901857,3.943086435387087,4.933433479899945,-0.0166460958453125,0.005861020247978638,0.005860791297403424,0.0193221358453125,-0.018507474154687502,0.03782961,7.275957614183426e-13,1.30385160446167e-10,1.2396277627429202,3.2968476203164183,4.086863840374486,-0.010737153838281248,0.00048116939227456476,0.0004811505962280616,0.002145813838281248,-0.001895066161718752,0.00404088,3.725290298461914e-11,-7.62939453125e-08,1.2717857762692386,4.459755117510847,5.671853135882345,54.0,516.8993555600238,995.6186585213354,6.2600308900804675,3201.7931443475445,0.8974430639241647,0.08037852317398067,0.0012623399178693989,0.018986461527686464,0.0010545799371078374,0.000318130987930486,0.00040653574091381036,0.00015034573690940435,194.0,608.3233582537997,1288.432988510058,6.7236001653320825,2813.8598174852455,0.8606234494989902,0.0991039013516959,0.0016313966441435465,0.03584031200683393,0.001118858871810213,0.0003209640239186597,0.000592212233895905,0.0007688999279522712,6.0,3372.0227985005954,3406.026914629924,10.706754273926673,18.964963044837795,0.47454865993479567,0.0779097511955983,0.07421727472792422,0.1603694311211041,0.10958626633447671,0.029529090497247584,0.0661258840202054,0.007713639638976462,BROKEN,20HZ
BROKEN_20HZ,-0.014163091980468749,0.005626975087610137,0.005626755279602569,0.01692108198046875,-0.020390008019531253,0.037311090000000005,-2.9103830456733704e-13,-4.656612873077393e-11,1.2526703838523918,3.6237595208419453,4.539376230768587,-0.0167044926703125,0.005542494340568307,0.005542277832654376,0.019380532670312502,-0.017117017329687498,0.036497550000000004,5.093170329928399e-13,4.656612873077393e-11,1.2367541930471566,3.49685332493223,4.324748012861146,-0.010818021958593748,0.0004978562499002726,0.0004978368020106619,0.002226681958593749,-0.001979588041406251,0.00420627,-7.450580596923828e-11,0.0,1.2700182041313588,4.472714642886821,5.680429029761375,194.0,560.1247125486491,1102.664175830088,7.026409857356117,2593.617921638465,0.8824995273398609,0.08882215235595824,0.001561907127538826,0.024763200394805313,0.0013424001202842657,0.0003573869528035952,0.00048070678595663453,0.0001727161770643745,50.0,648.5540445837667,1374.4196447016218,6.696295228844718,2516.323828317634,0.8528032747310352,0.0996474586941235,0.0019727667496750737,0.042414738089428264,0.0012842403223404593,0.0003520317823251926,0.0006674363846084668,0.000858051093838794,2.0,3173.832277417744,3401.3545067377895,10.196553924088072,20.30317426251615,0.5060993554398484,0.07042019605673687,0.072937060159927,0.1462340919308719,0.10820877615376424,0.026851965410032427,0.062095121089209476,0.0071534235875157556,BROKEN,20HZ
BROKEN_20HZ,-0.01407174904375,0.005711473813721345,0.005711250704917818,0.01881590904375,-0.021789570956250004,0.04060548,-5.638867150992155e-13,-9.778887033462524e-11,1.2504550310483773,3.815201271706097,4.770737625502378,-0.01680496930703125,0.005610618378584791,0.005610399209523648,0.01900420930703125,-0.01800590069296875,0.03701011,7.275957614183426e-14,2.7939677238464354e-11,1.2375417096826962,3.3873185479179986,4.191947987777522,-0.010828200753906248,0.0005368059668810527,0.000536784997488405,0.0024007607539062482,-0.0019694092460937514,0.00437017,0.0,-1.52587890625e-07,1.2666045557444447,4.472481087710775,5.664864931728659,484.0,577.1053934928569,1094.3737265451687,7.0626582747584425,2672.098081351975,0.8873633350641124,0.0836944753245927,0.001550500599973779,0.025057669742347802,0.0013493832659036218,0.0003510862997768518,0.00045109770761815593,0.00018244171286235263,194.0,649.4650855614135,1373.7757581346323,6.744004846597231,2578.5613754564747,0.850448196395786,0.10192022368034537,0.0020362957958499632,0.042394686246804245,0.0013506961770957519,0.0003556306177958118,0.000633979976580792,0.0008602911086863919,2.0,2746.294592150631,3317.1137348292423,9.758068676099576,23.60427606320228,0.5736367901338668,0.06071448113949163,0.06564325092142773,0.12422826740541505,0.09489405149832549,0.022140154662016145,0.05235245001182118,0.00639054028629168,BROKEN,20HZ
BROKEN_20HZ,-0.013982333328906249,0.006226637054241117,0.0062263938214804524,0.02259900332890625,-0.02838730667109375,0.05098631,2.5465851649641993e-13,5.587935447692871e-11,1.258640127835678,4.559189071626198,5.7383783168602465,-0.01661252905546875,0.005665954290849374,0.005665732960186938,0.01814722905546875,-0.01929051094453125,0.03743774,6.548361852765083e-13,1.30385160446167e-10,1.2425065020231238,3.404768822794994,4.23044740095507,-0.01070322653828125,0.0005362856024847662,0.0005362646534192498,0.0022757865382812496,-0.0026143934617187514,0.004890180000000001,7.450580596923828e-11,1.52587890625e-07,1.2540682397478278,4.875192575483127,6.113824182968564,484.0,542.2867623619499,1020.7739932154436,6.393730185304378,3175.8729232559294,0.8949050302804951,0.08054576614478899,0.0012951252536264168,0.021338368296290683,0.0010897998672614309,0.000296226120909321,0.000391316348989093,0.000138367685366486,46.0,677.949402204348,1370.9838578285833,6.746396623188493,2629.6754189338885,0.8429095899028243,0.10920923019171035,0.0019287915137171157,0.042791793234087126,0.0013133875950082472,0.0003618937388060299,0.0006426969712783425,0.000842614352037257,2.0,2777.7649312366216,3332.0744850421092,9.895586524381436,23.55853545586985,0.572024936329636,0.06199084081498125,0.06585680696625149,0.12084523728094056,0.09561689377849189,0.02272821215555774,0.05451607996285554,0.006420992661392065,BROKEN,20HZ
BROKEN_20HZ,-0.013889552658593748,0.006273073306388366,0.006272828259676173,0.022582212658593746,-0.02848008734140625,0.0510623,4.3655745685100554e-13,2.3283064365386964e-11,1.2654800278897504,4.540230683493361,5.745571252889025,-0.01639774299453125,0.005869476439995138,0.00586924715909347,0.02126110299453125,-0.02833354700546875,0.049594650000000004,3.2741809263825415e-13,1.1175870895385742e-10,1.253853120275709,4.827458485326,6.052923885858748,-0.0108858601453125,0.0005433640269656167,0.0005433428013937433,0.0021455201453125013,-0.0024317598546875,0.004577280000000001,-1.4901161193847657e-10,-1.52587890625e-07,1.2550334691582092,4.475553635705071,5.616969616160373,54.0,488.4112638051635,1007.0758782451843,6.57328668909658,3223.418828833802,0.9017891561989003,0.07479131074476446,0.0013014300705617233,0.02022900963850498,0.0010531214900772856,0.0002801470424891928,0.00041864133316959785,0.00013718348048391067,194.0,663.388426999469,1358.5508582533355,6.822087439570255,2821.9852852942718,0.8435393286434584,0.10957833742944233,0.0018614941475511672,0.04204277592287481,0.0012038178187800059,0.00035279417700035683,0.0006480321801265149,0.0007733993544809037,2.0,2751.014654942737,3352.972971607455,9.65782838834491,24.184537766560958,0.576451468450045,0.06407377344681704,0.06516731550153504,0.11387480923685903,0.09495955489827189,0.022369466128052556,0.05651856354811719,0.006584991498928251,BROKEN,20HZ
BROKEN_20HZ,-0.013848336232031251,0.006283707862165249,0.006283462400032606,0.02486092623203125,-0.022933803767968747,0.047794729999999994,-2.5465851649641993e-13,-9.313225746154785e-12,1.2703098516153282,3.9565648117741063,5.026063259751083,-0.016364458839062502,0.006069881793580512,0.006069644684191817,0.021227818839062502,-0.028366831160937498,0.049594650000000004,5.093170329928399e-13,4.656612873077393e-11,1.262197843030129,4.673557124380672,5.898953722643254,-0.011075537960156251,0.0005004033015119845,0.0005003837541262268,0.0020684879601562504,-0.0020647720398437493,0.00413326,-1.210719347000122e-10,-7.62939453125e-08,1.2610264119970265,4.133803183987165,5.212835007422893,54.0,486.40013241978875,984.4943695606651,6.39223219356327,3234.3572263978326,0.9029150019755416,0.07520365387856018,0.0012811912629796577,0.01879665263475769,0.0009890612174146831,0.00026459589518093715,0.0004076236564141258,0.00014221929283012017,54.0,607.1188708961204,1295.0219432176966,6.650815032008954,3017.9808708588093,0.8567943059299915,0.10192760023556945,0.0016835701183860905,0.036841407157929364,0.00110351160296029,0.00032347462296502383,0.0005948597528910305,0.0007312591713607779,14.0,3215.7168639775623,3416.282327662666,10.684104601822625,20.511449421969587,0.5032553060562246,0.07625577839774138,0.07423103692272778,0.13977813445526155,0.10513710980520698,0.02722695138482217,0.06654358227029139,0.0075720792740219265,BROKEN,20HZ
BROKEN_20HZ,-0.01388224374296875,0.006479093261629777,0.0064788401671058956,0.03064623374296875,-0.026031876257031246,0.05667811,-5.093170329928399e-13,-7.916241884231568e-11,1.2699423777043999,4.730203701248004,6.007086136316229,-0.016484893909375,0.005935445564885537,0.005935213707014595,0.020647953909375,-0.023046296090625,0.043694250000000004,-4.3655745685100554e-13,-9.313225746154786e-11,1.2587513522775842,3.882976624667198,4.887702077985595,-0.010944763337499998,0.0005205037814535676,0.0005204834488774762,0.002049463337499998,-0.0021955466625000024,0.0042450100000000004,0.0,0.0,1.2561760440160037,4.218283334497653,5.298906481848639,54.0,493.76405335485646,959.9004285964216,6.1194977672316195,3438.6223190714377,0.9066884908944969,0.07276649400520202,0.0012070475603414088,0.01754966624979931,0.0009986198801468773,0.00028128940093261436,0.00036983770206474437,0.00013854501834438483,194.0,600.8120643682984,1268.5125042040606,6.735953043174939,2885.776322400556,0.8638829743496009,0.09698009881660714,0.0016509331502043197,0.03476213435751295,0.0010810219237655002,0.0003160748744299939,0.0005739651213938532,0.0007527973996885798,2.0,2919.4751334525727,3376.2444052742394,10.080248338209403,22.19237544390218,0.5484793954646463,0.06696005723260691,0.06739092684967415,0.13255924539686811,0.09393365337491613,0.024370362379182272,0.0595780857553419,0.006728273546319779,BROKEN,20HZ
BROKEN_20HZ,-0.013965884078125,0.006272165983426523,0.006271920972157327,0.030729874078125,-0.025948235921874997,0.05667811,-6.184563972055912e-13,-9.080395102500916e-11,1.2649092252928282,4.89959522921976,6.197543206628946,-0.01663467650859375,0.005653891068522463,0.005653670209088853,0.02204188650859375,-0.019198333491406247,0.041240219999999994,-4.3655745685100554e-13,-4.656612873077393e-11,1.2541565195197653,3.898686285107411,4.889562822894602,-0.010815601523437501,0.0005027914805966452,0.00050277183992082,0.0025148115234375004,-0.0021131284765624984,0.004627939999999999,-4.656612873077393e-12,1.33514404296875e-07,1.2623103026563092,5.0018941371729495,6.31394251470787,54.0,527.668606924791,1025.021484874292,6.638336134002977,3222.48644128607,0.8889653953727454,0.0876738224375421,0.0012649328830024982,0.020139174906336564,0.0011375608981538735,0.00030055412177143915,0.00038280971602647814,0.00013574913090617195,194.0,700.062060827519,1341.2762477539914,7.0136263561169105,2618.4898060493792,0.8210372707678487,0.13488486482813794,0.0019145814050087423,0.039100738819796386,0.0012661120134590128,0.0003468398966339211,0.0006298044629829921,0.0008197842325840355,8.0,3163.4185873508636,3398.580881457376,10.515111372049663,20.707699232466954,0.5117548593949334,0.06729448181856225,0.07285585514208182,0.14162855123470894,0.11165289183330637,0.025928593255950653,0.06140542792014938,0.0074792711276545605,BROKEN,20HZ
BROKEN_20HZ,-0.01404338770859375,0.006101260196755845,0.006101021861624335,0.02145464770859375,-0.02307251229140625,0.044527159999999996,3.637978807091713e-14,1.862645149230957e-11,1.2472583822359555,3.781745551962615,4.716813839942031,-0.016742930828906252,0.005751820257436179,0.00575159557256891,0.02215014082890625,-0.019557939171093747,0.041708079999999995,2.1827872842550277e-13,5.587935447692871e-11,1.253063432001967,3.8511297509678544,4.8257098636716815,-0.01086764571015625,0.0004959446065295097,0.0004959252333149267,0.0025668557101562496,-0.0019865842898437493,0.004553439999999999,-3.725290298461914e-11,-7.62939453125e-08,1.2690194503830663,5.175892518762663,6.568308292646573,54.0,545.2851045627057,1056.5562834358136,6.760023030408251,3049.264558937462,0.8801113017171129,0.09479387908847564,0.0014112690148309708,0.021731444057768105,0.0010882060629623792,0.00030523409804875286,0.00041083947984849024,0.00014782624190402556,194.0,699.2269390894304,1345.8024333743133,6.856461363633819,2709.9833779674295,0.81599584035068,0.13960873902419493,0.0019051927591469905,0.03944448339549815,0.0012446963215775142,0.0003736926113613498,0.0006346721438078567,0.0007926742383043752,2.0,3244.1346461774556,3403.8287739108164,10.634312249133764,20.14755531825418,0.5002997861816604,0.07069457169634341,0.07190290175944582,0.14423901410407594,0.113166907102326,0.028844213810310066,0.06324942626362867,0.007603176296395141,BROKEN,20HZ
BROKEN_20HZ,-0.014223230010156249,0.006811442292356393,0.0068111762151949265,0.02479478001015625,-0.022785389989843752,0.047580170000000005,4.547473508864641e-13,5.122274160385132e-11,1.247406709357346,3.6403081087818174,4.540944759689081,-0.016716521859375,0.006558204907608614,0.006557948722725701,0.022113301859375,-0.020199718140625003,0.04231302000000001,-1.8189894035458566e-13,-4.656612873077393e-12,1.2521870698032407,3.3719845626990494,4.222355469631738,-0.0108619773078125,0.0004841885467461439,0.0004841696327616157,0.0020650173078125,-0.0018998726921875004,0.00396489,-1.4901161193847657e-10,-2.288818359375e-07,1.2684232551904486,4.265069851177874,5.409913795419273,54.0,461.5008208450005,943.1395327436376,6.015134860666261,3800.442588036655,0.9180441154808565,0.06169084457671124,0.0011627698126875688,0.017546270857938622,0.0008440721960662768,0.0002548517694857046,0.0003369895710236837,0.00012008566809518508,54.0,558.2617092181106,1220.5104852890963,6.398681498667319,3523.108169800302,0.8697218050555742,0.09422702571114383,0.0014469435998969223,0.03228654805442814,0.0009365853143904703,0.00026753190216700175,0.000490549176508946,0.0006230076523496916,30.0,3416.8047869497395,3401.0961339143487,10.905865695583639,19.203705543835092,0.4692628802135773,0.08077792491341491,0.07257956996810891,0.15542185252397767,0.11612401861940408,0.030232690386790006,0.06764323634601171,0.007957823608518473,BROKEN,20HZ
BROKEN_30HZ,-0.0144370120671875,0.016815569717910674,0.016814912846888803,0.0473108820671875,-0.05397484793281251,0.10128573,3.637978807091713e-14,-1.6007106751203537e-12,1.261517984324552,3.2099392022474458,4.04939603246438,-0.016682383864062497,0.013731122994343896,0.013730586611875505,0.038935533864062497,-0.0424497561359375,0.08138529,1.77351466845721e-13,3.783497959375382e-12,1.207046467811727,3.091619996492454,3.7317289968541028,-0.01119221497109375,0.0005122235231763665,0.0005122035140541816,0.00196762497109375,-0.00207623502890625,0.00404386,-7.450580596923828e-11,0.0,1.2537921790449902,4.0535352997072325,5.082290866178123,58.0,261.8829660688367,763.053232438706,4.191161781749692,23162.166909520143,0.9483037144713982,0.038570015316366786,0.0007754125038092909,0.011828948440134695,0.0003168501411884463,9.169049103902868e-05,6.882462479144587e-05,4.453528412847723e-05,162.0,477.1980594938729,1182.3342924677356,5.02524204987177,15444.296408164271,0.9109193136316207,0.05108112049762906,0.0013143711329618051,0.03586816211725513,0.0003157082478878398,0.00012286419533907037,0.00012969551822698716,0.0002487627229394633,2.0,2755.698279154142,3304.3168092146375,10.049329444345874,21.491911880513953,0.566287519438023,0.07245135957625352,0.0644542295329553,0.12434977891728013,0.08773061013205247,0.025580238778385795,0.05406778466316269,0.005078477908085584,BROKEN,30HZ
BROKEN_30HZ,-0.01424276716953125,0.016573276508144944,0.016572629101886446,0.04583821716953125,-0.05416909283046875,0.10000731,0.0,-5.820766091346741e-13,1.2571977512953043,3.2685877716912253,4.109261196729492,-0.01662192141015625,0.013253169849338076,0.013252652137279074,0.03978248141015625,-0.042510218589843746,0.0822927,1.1141310096718371e-13,7.421476766467095e-12,1.2083022463938677,3.207676331219535,3.8758425170094624,-0.01086115233671875,0.0005883180767756417,0.000588295095151899,0.0020627023367187514,-0.0021644276632812494,0.004227130000000001,-7.450580596923828e-11,-3.0517578125e-07,1.2458578339138784,3.6791529921615895,4.583701585243703,88.0,234.52804332541444,753.5446653921991,3.731048692506914,22499.494788691078,0.9620426263023086,0.02397995107274783,0.0007728753905583206,0.012698600747950872,0.00031428736430281454,8.691459246606226e-05,6.63971539512151e-05,3.8342671066377915e-05,162.0,515.2798073137981,1261.6187811692532,4.6320114039280895,14387.838120944243,0.9119708887318908,0.04232023452319199,0.0015182428001655425,0.04323327242412677,0.00039129372659267185,0.0001495677183776755,0.00014958617116149676,0.00026690376310597297,2.0,2113.714190977104,3107.939775927532,8.795331276523088,28.351785522065015,0.6673578107917458,0.05487643595617132,0.05081872248611727,0.09739628152660335,0.06452511830927139,0.019914239176508503,0.04089478418546887,0.004216533128937223,BROKEN,30HZ
BROKEN_30HZ,-0.013958842664062499,0.015282854320724437,0.015282257322567185,0.0441983926640625,-0.0482590873359375,0.09245748000000001,-9.549694368615746e-14,-9.022187441587448e-12,1.252441339001848,3.1578507228454953,3.9550227879473643,-0.01663129420859375,0.012559508532047927,0.012559017916663374,0.039791854208593755,-0.03842271579140625,0.07821457000000001,1.659827830735594e-13,7.566995918750763e-12,1.2249583284346484,3.168388999002009,3.8811444923572624,-0.010760041751562501,0.0005385580563575671,0.0005385370185225874,0.001961591751562502,-0.0023862282484374987,0.0043478200000000005,0.0,0.0,1.2554259013144353,4.430945621069631,5.562723910335916,58.0,237.66167461558018,782.7350566607499,3.9991871389607025,19132.202112552026,0.9634586516271203,0.02110756276255927,0.0008867865066525181,0.01398198937574267,0.00035541794763551955,9.382021696706643e-05,7.437419328242704e-05,4.13956908928878e-05,162.0,545.2863127366084,1327.6124360288454,4.824432725966852,12921.154097479668,0.9093398693242842,0.039028786729444494,0.0015985262209573215,0.048954570117090826,0.0004197658261711304,0.00016002034741424188,0.00017022519329262865,0.0003282258066298367,2.0,2512.0552193568915,3269.6268782665575,9.529867561796626,23.75861243970509,0.6111833119777867,0.05977178070682592,0.05972386707257671,0.11036519340822314,0.07830720245296291,0.024168480138433014,0.050590577531969924,0.0058895578242733615,BROKEN,30HZ
BROKEN_30HZ,-0.014200048985937498,0.016399892576327017,0.01639925194301064,0.0484268389859375,-0.0490221410140625,0.09744897999999999,6.8212102632969615e-15,9.022187441587448e-12,1.2677961928027293,2.989291290933941,3.789812118055502,-0.01651916262890625,0.01216563914587738,0.012165163916316236,0.03603369262890625,-0.04426687737109375,0.08030057,1.1823431123048067e-13,1.2514647096395492e-11,1.250820488097566,3.6388229268397305,4.551514269824429,-0.010915423375,0.0004991140678923606,0.0004990945708682749,0.0019262533750000008,-0.0022368066250000006,0.004163060000000001,1.862645149230957e-11,7.62939453125e-08,1.2725007132185893,4.4817290170616335,5.703003382090075,88.0,226.97057629697403,733.2233160990728,4.050813300942818,22031.193363374605,0.965770086104216,0.021077184268974987,0.0008524107295755402,0.01174247947492487,0.00033343431391633685,9.971378362665579e-05,7.685676139148404e-05,4.7822879022277876e-05,164.0,519.0904755602005,1289.0230364238566,5.312155678161064,12123.440188481898,0.9072697006870036,0.04542646066552879,0.001712328750978257,0.04452913066375424,0.00041712005944465383,0.00016001835720964427,0.00017493802969673286,0.00031030106382250297,6.0,2954.3505358198004,3371.9079006777697,10.329072095290355,20.40589522088061,0.5467749908670345,0.06627505997053836,0.06625717260383229,0.1297198686560407,0.09749806858118089,0.027770539371179865,0.05850688601000924,0.007197333847707573,BROKEN,30HZ
BROKEN_30HZ,-0.014141590698437501,0.01631911571696643,0.016318478239057754,0.049454590698437495,-0.0490805993015625,0.09853519,1.3187673175707459e-13,6.402842700481415e-12,1.2783999963919443,3.0305883901011637,3.874304187208214,-0.01672122362421875,0.011439413240583639,0.011438966379776008,0.03442391362421875,-0.044064816375781246,0.07848872999999999,-1.8189894035458565e-14,0.0,1.2339530600999011,3.852167661742173,4.75339407464018,-0.01102540993671875,0.0005229813925893004,0.0005229609632296337,0.0019721699367187488,-0.0021268200632812515,0.00409899,-7.450580596923828e-11,-1.52587890625e-07,1.2599486864190954,4.066881103476317,5.124061513945799,58.0,238.65560393066215,748.7210550291692,4.080166263703939,21814.700689484125,0.9606931234826854,0.025811507766863435,0.0008799776045930731,0.01207005341332466,0.00032639783096823175,0.0001037593855432658,7.257858775719912e-05,4.2594512908041234e-05,58.0,562.2977050223138,1336.1506760443103,5.462223117843168,10719.228061707186,0.8881636642922204,0.061657410020809524,0.001987142646920655,0.04699297377461117,0.00047849214394791605,0.0001753277472972226,0.00019786067758368068,0.0003471273593423599,2.0,2688.158296389362,3289.9742936534267,9.949554025708547,22.404150822752978,0.5841436951693666,0.0634607476911697,0.0616593545371913,0.11894559373778082,0.09161493007611822,0.023036420835225765,0.05120101053667623,0.005938246239099766,BROKEN,30HZ
BROKEN_30HZ,-0.013923528034375,0.016245434888954143,0.016244800289259023,0.051502818034375,-0.051541111965625004,0.10304393,5.456968210637569e-14,1.4551915228366853e-12,1.2718616435466008,3.1727759679834873,4.035332057493043,-0.0166637260375,0.013415901433762353,0.013415377364876677,0.042127826037499996,-0.0443577339625,0.08648555999999999,-1.8189894035458565e-14,-4.656612873077393e-12,1.221316184469783,3.3064842495842295,4.038262728012662,-0.01102773363828125,0.0005538785810822118,0.0005538569447775459,0.0020355836382812496,-0.00205595636171875,0.004091539999999999,0.0,0.0,1.251806601044276,3.7120710995732735,4.6467951143813915,58.0,247.55128732061507,759.4111068708675,4.087465852871061,21618.15850526889,0.9560107793061533,0.03066551308056303,0.0007985611541507262,0.011995935496849037,0.00033277625926081785,9.317740227219856e-05,6.68901751850979e-05,3.6367100097152876e-05,162.0,466.09241073041073,1172.8914483972462,4.830670435705304,14743.334927594091,0.916014933931692,0.046692401827732086,0.0013387760449157756,0.035021645672211506,0.0003496932280289462,0.0001404051652098221,0.00015475399495783,0.00028738626452252274,2.0,2379.4983091271906,3222.705956506823,9.393168015099167,25.12957565168969,0.6309998727699803,0.05760818621238941,0.05644951430255277,0.1018766902711782,0.08059948581650402,0.02048565146485519,0.04673728739959266,0.005243311755752045,BROKEN,30HZ
BROKEN_30HZ,-0.014134244300000001,0.018126533123425787,0.01812582504189567,0.055244834300000004,-0.0513303957,0.10657523,6.821210263296962e-14,3.0559021979570388e-12,1.2612575048567702,3.047852120897137,3.844126361387218,-0.01652958843828125,0.015332547280785916,0.015331948341459498,0.041993688438281246,-0.04449187156171875,0.08648555999999999,-9.549694368615746e-14,-7.275957614183426e-12,1.1979137879735755,2.901905913582117,3.476233105508804,-0.01085549522578125,0.0005380083886466422,0.0005379873722834768,0.0020451252257812497,-0.002228194774218751,0.004273320000000001,-1.4901161193847657e-10,-3.0517578125e-07,1.2694152764193374,4.141723179522781,5.257566684558946,88.0,215.96154134215524,696.6630591197201,3.8402006052898,26914.45036976374,0.9664377795922662,0.022130231683864583,0.0006969450828136002,0.010226535495726795,0.0002857530241881478,0.00010147895933122079,7.120300929105582e-05,5.0053119568571546e-05,162.0,396.49699663129377,1045.5812273403417,4.383684190927224,19256.823001115386,0.9398651729157322,0.030264797189807558,0.0010279175851076832,0.028131793641705285,0.00028401689266629163,0.00011223503648601206,0.00011774375713478747,0.00019632123589793688,4.0,2586.7918038035677,3270.4401531148483,9.75572167079948,23.710139672483972,0.5978541937350836,0.06192166200198674,0.059865335992492275,0.11712572347945387,0.08565739180868202,0.022423235809276243,0.04997830489213961,0.0051741302555404,BROKEN,30HZ
BROKEN_30HZ,-0.01408133917265625,0.01783806741783177,0.017837370604713364,0.05519192917265625,-0.05084988082734375,0.10604181,1.8189894035458565e-14,1.1641532182693482e-12,1.2438862329801161,3.0941740457519065,3.848800498170956,-0.01671047653359375,0.015413474090000216,0.015412871989408567,0.04170373653359375,-0.04183907346640625,0.08354281,4.092726157978177e-14,8.731149137020111e-13,1.1839180371495972,2.7145540099497816,3.2138094554048284,-0.010845541909374999,0.0005084195046155605,0.0005083996440907529,0.0023748919093749994,-0.0020861680906250017,0.004461060000000001,-1.1175870895385742e-10,-7.62939453125e-08,1.268621271464351,4.671309140963433,5.9261221534685005,58.0,205.12732902479698,695.069905456685,3.5949514684019395,26064.633173808113,0.9718420736072629,0.016098826297620054,0.0006841685312852024,0.010878010431412207,0.0002916158167243203,9.861816064802911e-05,6.809993276276815e-05,3.857727438824209e-05,162.0,409.44303343878556,1076.0861960538969,4.0501461577882045,19460.63856163589,0.9410116270299128,0.026121793594008166,0.0010207880178301084,0.03116682775444499,0.0002800225056016586,0.00010291475902768653,0.00010796011174082994,0.0001880653438597326,2.0,2932.3558130786046,3325.2999824184417,10.23985746971133,21.173878630905534,0.5431301894653758,0.06858470571448143,0.07136050065860357,0.12949172544814833,0.10062382459772114,0.02557770951865113,0.05567235641749275,0.005558988028074065,BROKEN,30HZ
BROKEN_30HZ,-0.013846459646875,0.01660036560499005,0.01659971714054304,0.046575799646875,-0.05056177035312499,0.09713756999999999,-4.092726157978177e-14,-3.0559021979570388e-12,1.237249002384851,3.0459416821379035,3.768588307774583,-0.016513130224218752,0.01455539098060847,0.014554822399542974,0.04150639022421875,-0.042011089775781246,0.08351748,-1.0913936421275138e-13,-3.2014213502407074e-12,1.2053042932516862,2.886403462691101,3.478994485877145,-0.010933407791406249,0.0005231872779074182,0.0005231668405051991,0.002462757791406249,-0.001998302208593752,0.004461060000000001,1.30385160446167e-10,1.52587890625e-07,1.262282377274935,4.7074042084178505,5.942073386353611,58.0,221.60317191108223,729.3512875412448,3.8381159359259356,22573.10592912808,0.9663942918638239,0.020629460462742003,0.0007698272924153067,0.011684426076883903,0.00032457600426257166,9.262026702319071e-05,6.866539016055791e-05,3.613017208319822e-05,162.0,446.9973015423999,1155.2004050349622,4.076503912215211,17354.16669343478,0.9295396619658233,0.03269522011680359,0.0011682813435687299,0.0358194916755498,0.0002964172321338253,0.0001080939789579045,0.0001314451804195651,0.00024138791923470588,4.0,2856.801016301154,3358.2886154506687,9.987772300290105,22.42179427239636,0.56046347984298,0.06167912129402998,0.06896628571700758,0.12047302013697016,0.09942050606436166,0.025697910502567173,0.05801243721480413,0.005287236596498883,BROKEN,30HZ
BROKEN_30HZ,-0.01396189693125,0.016852341633989458,0.01685168332653656,0.046691236931250005,-0.050446333068749995,0.09713757,9.094947017729283e-14,3.4924596548080443e-12,1.2672331513449449,2.993548602133887,3.793524029011492,-0.0164066602953125,0.012259899148740002,0.01225942023707558,0.0378358402953125,-0.0389602497046875,0.07679609,4.5474735088646414e-14,3.4924596548080443e-12,1.2442799679897592,3.177984680195878,3.9543026764686244,-0.0108711990109375,0.0005066495655551895,0.0005066297741699769,0.0021532090109375006,-0.0017878409890624992,0.00394105,1.4901161193847657e-10,1.52587890625e-07,1.2623561768789682,4.250064083215575,5.365094658168403,88.0,224.17175239674324,718.6611581069179,3.9686387067305406,23263.578722497503,0.9665424159583136,0.021067919785351562,0.0007587484857207275,0.011113209412807117,0.00030501974668737254,9.564193565880872e-05,7.190271233244103e-05,4.513129691195087e-05,58.0,520.0872097941358,1293.7577786250595,5.266474617429836,12312.034067355546,0.9064670131498987,0.04623988146750987,0.0015976282686291437,0.0446424756312548,0.00041153548764985093,0.00014771506152006325,0.00018579886410293318,0.0003079512436420615,2.0,2970.809512871297,3386.9286245175017,10.20612526448524,21.026711832364022,0.5430883568570033,0.06747488109563157,0.07081138833091072,0.12522696598172472,0.09810110102361315,0.027172383737090664,0.06210171364990552,0.006023206621103119,BROKEN,30HZ
BROKEN_30HZ,-0.013968830553125,0.016209924847817535,0.016209291635260494,0.046053000553125,-0.05137064944687501,0.09742365,1.8189894035458565e-14,2.9103830456733705e-12,1.2830206288857475,3.1692100185277616,4.066161831293353,-0.01650805304921875,0.012210017960931682,0.012209540997789215,0.03923055304921875,-0.03563896695078125,0.07486952,-3.183231456205249e-14,-1.1641532182693482e-12,1.232181830585775,3.2131062955691068,3.9591311974652856,-0.010701816276562501,0.0004840358943726744,0.000484016986351246,0.001889956276562502,-0.0017262737234374978,0.00361623,-2.2351741790771484e-10,-3.0517578125e-07,1.2632864722228416,3.904731292397762,4.932794229542671,58.0,248.12797284384223,756.3939668615863,4.186651581220567,21523.753954119125,0.9605362011088144,0.02602533624219952,0.0008343358472001748,0.0120276863722335,0.00034204426838982784,0.00010366294186898111,8.031887356003354e-05,5.0400504597994375e-05,58.0,518.5891213734267,1266.4564306728068,4.980860973079297,12212.051288394634,0.9043600100732858,0.05107609706498648,0.0016995420402954157,0.04181514093680306,0.00040226876456089463,0.00015084140300551812,0.00018154588570242297,0.00031454943967778746,2.0,3090.5204844397213,3393.6104892877465,10.464007219805467,19.191598611869722,0.5200647463941119,0.07693938686744227,0.07619028856782754,0.13044980077514576,0.0971928857024267,0.027489772614911326,0.0644765165496045,0.007196594708454432,BROKEN,30HZ
BROKEN_30HZ,-0.014089982918749999,0.016032437888976774,0.016031811609639478,0.042748642918749996,-0.051249497081250005,0.09399814000000001,-8.640199666842818e-14,-4.656612873077393e-12,1.2563267194383116,3.1967377315760364,4.016147027466103,-0.01655244818125,0.014195673452204164,0.014195118922879073,0.03969661818125,-0.04041323181875,0.08010985,-1.0231815394945443e-13,-7.8580342233181e-12,1.2063973493755045,2.8469808555648473,3.4345901581181932,-0.01075342859609375,0.0005286741013902989,0.0005286534496548514,0.00253309859609375,-0.0019845814039062496,0.00451768,-7.450580596923828e-11,0.0,1.2706450498218596,4.791605148809604,6.088429374552722,58.0,262.8456663075667,775.1901780783397,4.250952358984921,21054.995134977566,0.9515382566805214,0.03480060518563149,0.000877601623596444,0.012249685515531166,0.00033733220316445697,8.846796562593035e-05,7.13607166660436e-05,3.6689375481923955e-05,162.0,445.5245916696033,1126.8561665982477,4.850794562230029,16506.99480104366,0.9227933842194003,0.04273660865083308,0.0013009519058461423,0.032349708222966046,0.00031349939969878537,0.00011523557874972613,0.00013276542767379364,0.0002578451531749918,2.0,2703.715134661542,3316.8120709057403,9.870716628159515,22.89454857392029,0.5803108866236215,0.06382314461033768,0.06529165881006076,0.12222159689009617,0.08483093362745528,0.02306478158307611,0.05461846605359761,0.005838531340033373,BROKEN,30HZ
BROKEN_30HZ,-0.0143427840015625,0.017002425101367572,0.017001760931164723,0.053124504001562496,-0.0529173059984375,0.10604180999999999,-5.456968210637569e-14,-5.2386894822120665e-12,1.24692121940804,3.1246471594044762,3.8961888464536614,-0.01648327388359375,0.014133363023308181,0.01413281092803176,0.03962744388359375,-0.040482406116406244,0.08010985,-3.637978807091713e-14,-1.7462298274040222e-12,1.205514158384602,2.864427064063164,3.4531073816325146,-0.0108721712359375,0.0005369596102619198,0.0005369386348674603,0.0026518412359375007,-0.0019373587640624992,0.0045892,5.587935447692871e-11,7.62939453125e-08,1.2696189562434907,4.938816205045989,6.270414687007011,88.0,231.86937220551923,734.1255996095628,3.853817640154198,23679.78511133514,0.9615356282343195,0.02556171340149835,0.0008617975669640865,0.011516699991847418,0.00030999414900156175,9.752737318866757e-05,7.125633403112188e-05,4.5368510109597104e-05,162.0,442.18135184004865,1134.380091714108,4.316329454930765,16362.401487474935,0.9287891235770362,0.03517531976250135,0.0014351985753906003,0.033718873983249936,0.0003455126581331708,0.00013950957695916085,0.0001471297772323376,0.00024931651737834207,4.0,2689.4607170338186,3296.3502116244376,9.926477150913675,23.61778992705887,0.5835154742418902,0.06189049428904524,0.06378481272197783,0.12218647578956252,0.08796865169932315,0.022500855112168563,0.05258311524816629,0.005570106453226826,BROKEN,30HZ
BROKEN_30HZ,-0.01418210088828125,0.015741347247269496,0.015740732338882485,0.05296382088828125,-0.053077989111718744,0.10604180999999999,4.092726157978177e-14,1.1641532182693482e-12,1.2570531216859104,3.3720152255708205,4.238802265945508,-0.01670252342578125,0.012811626194488975,0.012811125730565876,0.039191093425781254,-0.040118626574218746,0.07930972,2.0008883439004421e-13,2.0954757928848266e-11,1.2247722019071428,3.1315457684853376,3.835430206540165,-0.010851303553125,0.0005257361297288683,0.0005257155927601804,0.002036463553125001,-0.0019582264468749992,0.00399469,5.587935447692871e-11,-1.9073486328125e-07,1.2547020890663252,3.8736982073504747,4.860337242420303,88.0,237.73679050222444,771.4768520457964,3.9047052871646426,20297.37204563494,0.9622306336223175,0.02292093496203381,0.0008689769709133869,0.013425595874417736,0.0003490812298456563,9.404887782817718e-05,7.105617645094304e-05,3.966994853565866e-05,162.0,515.0833531563718,1268.2993402229242,4.727612572849497,13445.115368652614,0.9114621396974362,0.04209782817539289,0.0016515100157585678,0.043742778408802446,0.000421787097304164,0.00015534053203117,0.00017675023947733433,0.0002918538839924595,8.0,2778.6659443276344,3334.797307944652,10.047941363839918,22.64079469479263,0.5708267398450356,0.0663640200102518,0.06393739232585975,0.1189961114293863,0.09459786630705191,0.02352571490686183,0.056262459958015994,0.005489667045962071,BROKEN,30HZ
BROKEN_30HZ,-0.0141266664859375,0.015370613504236073,0.015370013077918758,0.0508536764859375,-0.0511055335140625,0.10195921,3.865352482534945e-14,4.074536263942719e-12,1.2706208989856438,3.325015616555197,4.224834332123544,-0.016865591819531248,0.012123649547871923,0.012123175958561489,0.03935416181953125,-0.04016415818046875,0.07951832,4.5474735088646414e-14,5.2386894822120665e-12,1.2337372530051454,3.3130062876627204,4.087379276866933,-0.01086640062890625,0.0005202393471299667,0.0005202190248835429,0.0020500706289062493,-0.0019401493710937499,0.003990219999999999,7.450580596923828e-11,0.0,1.258461278525559,3.9407836447819227,4.959323633538016,58.0,262.5993263552479,790.6672256155791,4.354578236868299,19352.559787106726,0.9514313598477231,0.03373698630400064,0.0009775290109067004,0.013277693480756126,0.0003598530095035145,0.00010255745553754328,7.232544031525081e-05,4.169483059858304e-05,58.0,588.7416005313673,1374.6338618037187,5.595735493766974,12039.896718064207,0.8826155116969397,0.0630775416381879,0.0020663482169067677,0.05112646730528769,0.000429055379670052,0.0001532616095697352,0.0001802958290645891,0.00035151612069542106,4.0,2787.9091972799392,3320.9938257607246,10.091535343262343,22.16983226486665,0.5658673053774426,0.06915955966228984,0.06488665153146098,0.1226704903415364,0.09245284636164577,0.025179473237972223,0.054427939929418495,0.00535572311062166,BROKEN,30HZ
BROKEN_30HZ,-0.0143885228109375,0.01715554342172603,0.017154873270221967,0.051115532810937496,-0.053157647189062504,0.10427318,1.1368683772161604e-14,-5.820766091346741e-13,1.2834993164060142,3.09869075385341,3.977167464556327,-0.016708909007031248,0.012600821175713841,0.012600328946522625,0.04129837900703125,-0.040320840992968746,0.08161921999999999,1.3187673175707459e-13,6.402842700481415e-12,1.216953761801415,3.2775635603664934,3.9886433046477943,-0.011062064169531252,0.0005527982909352278,0.0005527766968302201,0.0022040141695312526,-0.0022197958304687477,0.00442381,-7.450580596923828e-11,0.0,1.2608669415029028,4.015718895499709,5.063287210863867,88.0,250.20599680657315,734.0231515238595,4.069653913730584,24108.21037036204,0.9518433953804865,0.03577589308572246,0.0010066910651762803,0.010935902953238373,0.00026618520065797055,8.18796640723554e-05,5.520185371446411e-05,3.484770332903333e-05,58.0,540.5317813004041,1288.3539552290542,5.169232727638256,13006.298294926091,0.89060872480559,0.06285251056490625,0.002258641233607322,0.043327460834170925,0.00035905262226094167,0.00015016478128238,0.00015164554604522081,0.0002917974403102277,2.0,2388.028218473024,3192.29990933159,9.192407903587839,25.031645762098577,0.6234599612186632,0.06088922240930541,0.058898333779529494,0.11025383324479561,0.07629098725213418,0.022169889769132336,0.04323298409388374,0.004804752244160302,BROKEN,30HZ
BROKEN_30HZ,-0.014237967623437502,0.016855854315921938,0.016855195871252223,0.0484126076234375,-0.0533082023765625,0.10172081,5.456968210637569e-14,8.149072527885438e-12,1.2695594585927503,3.1627162793356116,4.0152563675140165,-0.016763361755468748,0.014315439908706963,0.014314880700913288,0.04247331175546874,-0.042592278244531254,0.08506559,2.955857780762017e-14,1.6007106751203537e-12,1.2094835035999112,2.975384785347075,3.598678814990844,-0.01099188191015625,0.0005642371023927818,0.0005642150614504741,0.00213383191015625,-0.0022899780898437503,0.00442381,2.9802322387695313e-10,4.57763671875e-07,1.2644963436191003,4.05869719234013,5.132207768667393,58.0,244.43150655774286,748.3329780311267,4.080945677371512,23273.27792497817,0.9572929468523151,0.02965384789737159,0.0009845734665809497,0.011498151502345616,0.00033820777587725983,0.00010386135876607155,7.697548885696112e-05,5.1414102863610194e-05,162.0,443.23803268790454,1117.8711941146287,4.731118717291333,16786.703115071094,0.9225837929641494,0.04304249190261625,0.0015542359745573835,0.032069578111418424,0.0002914727905946002,0.00011975753996926857,0.00011730183620871167,0.0002213685997302061,2.0,2243.55392400508,3157.728823625976,8.780082608422143,26.078301050338926,0.6485678698512123,0.05733654121392851,0.053797883490177674,0.0998093891567393,0.07381000261659443,0.020002644296674824,0.04203485988805352,0.004640807596565056,BROKEN,30HZ
BROKEN_30HZ,-0.01403278682421875,0.016956445474671324,0.016955783100582725,0.050682316824218754,-0.05309916317578124,0.10378148,1.3642420526593923e-13,4.220055416226387e-12,1.2537842237881522,3.131625526091139,3.9263826796569083,-0.016634841921875,0.016097893805828142,0.016097264969569154,0.043043601921875,-0.04767802807812499,0.09072163,4.547473508864641e-15,2.9103830456733704e-13,1.1953391144762464,2.9618713592212944,3.540440687944079,-0.01064792053203125,0.0005114371370129466,0.0005114171586095711,0.0019224805320312514,-0.002102009467968749,0.00402449,-7.450580596923828e-11,-1.52587890625e-07,1.2563521232898824,4.110166091363607,5.163815906055817,58.0,221.5975670649617,719.4789783933212,3.992272110673695,23551.883719034595,0.965608957424386,0.022003474596344632,0.0008742845346324488,0.01104344859749743,0.00029501766970847467,7.613184599251718e-05,6.358258334981321e-05,3.5102743812198774e-05,162.0,388.49044470090166,1019.6289947736955,4.09054231425982,21227.269300645316,0.9400565269568644,0.03147649015340256,0.001211408131325289,0.026614756686871417,0.00024708189852663056,8.975442042107047e-05,0.00010382795186288623,0.00020015222135462098,6.0,2940.2818741926008,3349.92322403523,10.340713729753398,21.425972559081714,0.5415884674719381,0.07277938987059264,0.06768543875855036,0.13106855062455247,0.09714430240782793,0.02482395184591523,0.05900290734885842,0.005906942196458377,BROKEN,30HZ
BROKEN_30HZ,-0.0142613196484375,0.018130648577719767,0.018129940335426573,0.0509108496484375,-0.0537735703515625,0.10468442,-8.640199666842818e-14,-3.4924596548080443e-12,1.246511967195578,2.966009228586426,3.6971659984494307,-0.0165281092640625,0.016013929993813514,0.01601330443745499,0.0429368692640625,-0.047784760735937494,0.09072163,1.1368683772161604e-14,2.0372681319713594e-12,1.191679085983144,2.9840662131661757,3.5560492976411178,-0.010544528849999998,0.0005116387023956595,0.0005116187161184825,0.002051528849999998,-0.0022009311500000017,0.00425246,-9.313225746154786e-11,-1.52587890625e-07,1.2601086349723125,4.301897245659803,5.420857876615029,88.0,203.55639488345238,681.716098743137,3.7119111226879067,26926.673009527778,0.9706266622884594,0.0180039813972121,0.0008169904653207555,0.010083332298456519,0.0002815452491424875,8.219289990091087e-05,6.579286816977513e-05,3.948841866093126e-05,162.0,382.08973113654594,1017.2166300880256,4.038922902972876,21006.411302096854,0.9443723039929911,0.02672942792184196,0.0013317763037153437,0.026937570557299124,0.0002516979933634426,8.883971175003929e-05,0.00010775669542616975,0.00018062519792891708,4.0,3028.3881836850233,3360.9367051625904,10.32871853613604,21.44286398733871,0.5251191329953119,0.0725540796137741,0.07127290516924507,0.14381081998291181,0.09456586567968255,0.026046993773442637,0.06039526328065236,0.006234938739183362,BROKEN,30HZ
BROKEN_30HZ,-0.0141143455828125,0.016636564543545604,0.016635914665049937,0.0484052055828125,-0.0539205444171875,0.10232575,-1.8189894035458565e-14,-1.1641532182693482e-12,1.2572362034460542,3.2412130922519635,4.074970442907453,-0.01663518101328125,0.013562372797723937,0.013561843007188852,0.04058842101328125,-0.03995948898671875,0.08054791,-2.955857780762017e-14,1.3096723705530166e-12,1.2275727949431356,2.992839615439681,3.6739284918127306,-0.010695580160937499,0.00056110516183677,0.0005610832432382798,0.0022025801609374986,-0.0021467298390625,0.004349309999999999,7.450580596923828e-11,1.52587890625e-07,1.2588676182542557,3.9255853450546296,4.941792282390325,58.0,218.49903634618985,727.754817375215,3.7461373542588294,22671.659580328138,0.9663204098988635,0.020430598102520264,0.0009114856452755728,0.011873548129395837,0.0002849147969165602,8.332318176609789e-05,6.076177604652645e-05,3.495670877584462e-05,162.0,477.3401735215995,1215.041578983704,4.448415168874212,15067.020174249728,0.9231618867695812,0.0341586171582219,0.001843384861417483,0.04001697468105943,0.0003098265148434199,0.00011555436688296979,0.0001421388263214799,0.0002516129090724388,10.0,2380.564991010635,3216.1745783565743,9.355593180513939,25.789596399731142,0.6286006836414377,0.05843170038353495,0.055940407898579694,0.1105275966852826,0.07326484237615111,0.021495284709023392,0.04646051526116611,0.005278947866475147,BROKEN,30HZ
BROKEN_30HZ,-0.013915466319531248,0.015532096512761126,0.015531489778390585,0.04785319631953125,-0.05011728368046875,0.09797048,-9.094947017729283e-14,-8.149072527885438e-12,1.2719743980082794,3.226817542446673,4.104429301300428,-0.01641184793984375,0.011603579774287014,0.011603126500598906,0.03761007793984375,-0.04178755206015625,0.07939763,1.1823431123048067e-13,6.984919309616089e-12,1.23610266408828,3.6014045054492803,4.451705704029054,-0.010733253064843748,0.0005827828621474886,0.0005827600967472905,0.0019377830648437486,-0.002421956935156252,0.004359740000000001,1.4901161193847657e-10,-7.62939453125e-08,1.2542862991381525,4.156010242496931,5.212826715186796,58.0,256.5897731083662,782.895583377907,4.166537219710988,19761.33015448011,0.9480101830126932,0.037628575737022385,0.0010599925469551659,0.012794058766703118,0.0003059994193570614,8.922215520845253e-05,7.016738433676748e-05,4.1800968977852084e-05,58.0,610.643963635235,1423.670589220563,5.435188027246452,11029.0980914291,0.8809103694144681,0.06025865273717764,0.0025488291466536916,0.05509679880497791,0.0004255254615024679,0.00016047976015159235,0.00020473278400003295,0.00039460487211771366,2.0,2210.1268107160417,3158.695191138551,8.84514409841417,27.820796361638205,0.6574340442112253,0.05302094726020827,0.0492698523162311,0.10248217074404913,0.07058498521291875,0.019679013937864087,0.04297539343546848,0.004553591554047909,BROKEN,30HZ
BROKEN_30HZ,-0.014176937921874999,0.017047396610972678,0.017046730684035925,0.048327737921875,-0.057210452078124995,0.10553819,-1.5916157281026246e-14,-2.1827872842550277e-12,1.2863237390451818,3.356095261617869,4.317025005769361,-0.01635991818046875,0.012630349081600099,0.01262985569895253,0.048287638180468745,-0.041839481819531246,0.09012711999999999,-7.275957614183426e-14,-5.2386894822120665e-12,1.2221542889468733,3.823292943928903,4.672653869692995,-0.010795812228125002,0.0006038519267051992,0.0006038283382785917,0.0021970222281250014,-0.002359397771874999,0.00455642,0.0,0.0,1.247990414947551,3.9073982097193856,4.876395521188811,88.0,244.64690717306803,725.2286680840762,3.9519735202130923,23805.21695343965,0.9542190514506397,0.03389350211198432,0.0008844680546772133,0.010569950803823908,0.00026703739437698167,7.067072030093604e-05,5.92770178431303e-05,3.604072836683756e-05,58.0,512.788975780914,1251.3501802709031,4.9942246290691665,13067.32586738511,0.9028924154805607,0.05361735015779314,0.00214911630029041,0.04040931640722122,0.0003391143194390509,0.0001352930577272185,0.0001655139946328578,0.000291877263906517,2.0,2082.3688355385802,3107.736518917653,8.259431238497875,29.86874180515899,0.6757203946178039,0.04845198205814856,0.047146614024973485,0.09959148780366792,0.06677972470265593,0.018306749888948825,0.03995102420478825,0.0040520089556328786,BROKEN,30HZ
BROKEN_30HZ,-0.014113906498437499,0.0165888070865364,0.01658815907360283,0.048264706498437504,-0.0572734835015625,0.10553819,-9.094947017729283e-14,-6.693881005048752e-12,1.2700917692562756,3.452672671149544,4.385211141827473,-0.016582557589062498,0.014224827945536589,0.014224272277341863,0.0485102775890625,-0.042045962410937505,0.09055624000000001,8.640199666842818e-14,4.656612873077393e-12,1.20586491813483,3.410387304166353,4.112466407635739,-0.01094901321328125,0.0005508638438986969,0.0005508423253595024,0.0023502232132812505,-0.0018783967867187484,0.004228619999999999,0.0,7.62939453125e-08,1.2590383200438704,4.266598808435425,5.371811405825712,58.0,237.7371660883315,731.1140560695748,4.077345046006671,22541.682489322866,0.9618841829195313,0.025417228459273997,0.0008578872279109429,0.011366525426666711,0.00028691924487458714,8.050993727968228e-05,6.608132860217992e-05,4.065728925721086e-05,162.0,426.072891574874,1089.7335817871785,4.567016123813184,16574.86726536664,0.930670092477093,0.036539620517953154,0.0016630379002175765,0.0303792096133747,0.0002702072296171902,0.00010979145175225559,0.0001311154508204819,0.00023691692763285794,2.0,2470.29916134331,3238.9732312391207,9.457676068211002,24.856761805252823,0.6154951106378104,0.057104289705749094,0.05940348343116904,0.11463087412639218,0.07861705799659294,0.022216136648095006,0.04774209676411575,0.004790945924057925,BROKEN,30HZ
BROKEN_30HZ,-0.014006666192968748,0.0157545463433179,0.01575393091933113,0.043513136192968746,-0.045535223807031254,0.08904836,0.0,2.9103830456733704e-13,1.2383520143652325,2.8904039275852145,3.579337526281533,-0.01661765651796875,0.014415570938102005,0.014415007818863599,0.04100895651796875,-0.04201086348203126,0.08301982000000001,-1.659827830735594e-13,-1.3096723705530167e-11,1.2084243675767083,2.9143836761670783,3.5218122509924,-0.01093255371875,0.0005480773833867868,0.0005480559736958321,0.00200745371875,-0.002234576281250001,0.004242030000000001,-7.450580596923828e-11,-1.52587890625e-07,1.2580537597967911,4.077277476064699,5.129434267857292,58.0,245.0194167089385,773.7574760907272,4.0841782928448245,20331.424927068118,0.9587321100859156,0.026789099171718008,0.0009194131003283231,0.013055923067712055,0.0003072008970667208,8.793743761305529e-05,6.668583225086295e-05,4.163016006579817e-05,162.0,426.0816332034161,1101.6915799880194,4.1957803483862905,17022.357582698696,0.932253241114086,0.034058556925419266,0.0014455012422654038,0.03145781314463364,0.0002920935494066529,0.0001035997785624489,0.00012654562524830437,0.0002626433961406229,4.0,2519.9591189603516,3249.7351467882495,9.57512313920963,24.605929855006774,0.6076623206654104,0.0594025689381347,0.058926457611496834,0.11633617947772007,0.0824813996622047,0.022292422059129968,0.04732670006118548,0.005571922415533472,BROKEN,30HZ
BROKEN_5HZ,-0.014183561204687502,0.0009865433013996777,0.0009865047637992645,0.0036239312046875017,-0.005225178795312499,0.00884911,4.656612873077393e-12,-1.9073486328125e-08,1.2887845867198893,5.296658446830437,6.826251774314409,-0.0166145283328125,0.001260153237454672,0.001260104011757376,0.0037230483328124994,-0.0047222716671875,0.00844532,2.3283064365386963e-12,1.1920928955078125e-09,1.237150628488987,3.747525299006201,4.636253282623163,-0.010960825537500002,0.0005469214637287249,0.0005469000991917638,0.0024857055375000024,-0.002343384462499999,0.004829090000000001,-7.450580596923828e-11,7.62939453125e-08,1.2679844263333817,4.545081517864817,5.763092591606019,56.0,1054.0581144151865,2215.419419130595,7.7846192107185646,79.7238599729967,0.853499643061359,0.018396130187746197,0.010873106992606834,0.07588856074261306,0.022907756194288045,0.004399293617661119,0.012311902375174414,0.0017236046453051289,44.0,801.4784612380683,2022.468521099323,6.55201977814515,130.0776652403734,0.8854956503902022,0.012956824735150191,0.008279749767938856,0.06157158262677241,0.017445614056375115,0.0032769978770411513,0.009278090713995268,0.0016954847070798096,2.0,2846.496387065991,3283.681261384456,10.030240214823475,24.50224899291555,0.5549561677817695,0.056449859169026846,0.058610858055250424,0.16587921443841522,0.09236394250282577,0.01937374039805003,0.046239623551060455,0.006126589718133763,BROKEN,5HZ
BROKEN_5HZ,-0.014113295365625,0.0009631823137516112,0.0009631446887076018,0.0033122853656250006,-0.004776924634374999,0.00808921,-4.656612873077393e-12,0.0,1.2684127887009973,4.9597165258993545,6.290967876314118,-0.01665545479140625,0.0014334375980069572,0.0014333816032571162,0.004741414791406249,-0.00468134520859375,0.009422759999999999,1.1641532182693482e-11,7.748603820800782e-09,1.23100183041586,3.3078524081265845,4.071972371990151,-0.010981030985156251,0.0005241042701168251,0.0005240837968938983,0.0023181709851562513,-0.0023231790148437494,0.004641350000000001,-7.450580596923828e-11,-1.52587890625e-07,1.2790696890427653,4.432838840238449,5.669909807779193,56.0,1120.6492825414498,2265.3862250424777,7.939506084459214,75.99289896043948,0.8462823017241311,0.017720972044389976,0.011937797481719283,0.07972711485539057,0.024720928846116784,0.00476682952797998,0.0128898328936087,0.0019542204652406255,46.0,649.6295451677179,1825.067489625983,5.378637633282777,168.3114246894356,0.9086503222986602,0.01050837390133459,0.00654813592262286,0.04918511376041646,0.014077985355623551,0.0025255449014179436,0.007127975144632994,0.0013765483648292092,4.0,3020.6783414579286,3313.7577304813626,10.259323682707508,22.500460659808752,0.5280059275927936,0.05949801277331605,0.06491501335831566,0.17244912573806662,0.09673165579161042,0.021581268096371908,0.05024272206041316,0.006576272790824589,BROKEN,5HZ
BROKEN_5HZ,-0.014142975467187499,0.0009642070023690705,0.0009641693372973802,0.0032808754671874996,-0.0048619745328125005,0.00814285,-2.3283064365386964e-11,-2.384185791015625e-08,1.267367488419409,5.042656242728302,6.39089858393742,-0.016701757589062498,0.0013695184383150799,0.0013694649404561827,0.004787717589062497,-0.0046499424109375034,0.00943766,-6.984919309616089e-12,-4.76837158203125e-09,1.2428838510998597,3.4960497666859656,4.345183800828325,-0.010743718685156249,0.000549087276255597,0.0005490658271149316,0.0022402886851562494,-0.002359341314843751,0.00459963,0.0,0.0,1.2674891219895479,4.297009928561587,5.446413351452313,56.0,1133.8741946576502,2282.8817854859303,8.026383370573862,76.15467611860757,0.8443904918911007,0.018456276134662806,0.012049675700305375,0.07958795887483679,0.02481758527346424,0.0048734152379035865,0.013884745041864993,0.0019398513531713694,46.0,745.8104844173298,1948.5770574003964,5.771563213914822,153.63557160129653,0.8931884965960274,0.013125255885111018,0.007234569545376993,0.05803672627095194,0.015475800275735942,0.0029407232344369613,0.008503463567937292,0.0014949640805586755,2.0,2808.480153805639,3306.248362596979,9.909797611355092,24.696691334546834,0.562688828742689,0.055685607381877354,0.060540237410472424,0.1581617064897461,0.08618398156488713,0.021101403224103303,0.04926289328654308,0.00637533933216051,BROKEN,5HZ
BROKEN_5HZ,-0.014173236785156251,0.0011511682446011294,0.0011511232762132688,0.004349666785156251,-0.004831713214843748,0.00918138,2.3283064365386963e-12,-7.152557373046875e-09,1.2742842637736822,4.197389897753389,5.3486679002762445,-0.0166957980546875,0.001363140923291657,0.0013630876745593062,0.0052406780546875,-0.004655901945312502,0.009896580000000002,1.3969838619232177e-11,4.76837158203125e-09,1.241971830963159,3.8447109079297697,4.775022649348659,-0.01074631687265625,0.0005507722387196635,0.0005507507237588663,0.0022428868726562506,-0.0023880331273437496,0.00463092,-7.450580596923828e-11,0.0,1.2640327945318974,4.335960026905631,5.480795679739625,54.0,830.4815778075335,2006.0406520091694,6.719969597594205,108.55094695340117,0.8870390561550359,0.014050657304745223,0.008232341997861738,0.05851103259803673,0.017087841064158445,0.0033269277793318793,0.010373206389819903,0.001378929711764388,46.0,753.2094993751698,1963.673906951449,6.045032058520541,152.2080162531803,0.8919583899272437,0.014140929400971797,0.007241231410157599,0.057735939000733386,0.01521868993812051,0.002949453636658157,0.009228204106661714,0.001527160030929528,2.0,2902.9265962117597,3313.1572790134346,10.05546806352951,24.848495406241355,0.5446988550692148,0.06331178272913501,0.061348149987085016,0.16530071072097705,0.08661592765712403,0.020544497173045618,0.051641277133411025,0.006538798088915414,BROKEN,5HZ
BROKEN_5HZ,-0.014127356658593753,0.0012362365196687166,0.0012361882282364567,0.004303786658593753,-0.004424633341406248,0.00872842,2.3283064365386963e-12,-4.172325134277344e-09,1.2513686700002455,3.5792553567179364,4.478968018950587,-0.016664105521875,0.001415257630005797,0.001415202345424827,0.005208985521875001,-0.004501344478124999,0.00971033,1.1641532182693482e-11,5.960464477539063e-10,1.2409465887358038,3.680735504031821,4.567596170994569,-0.010945628934375,0.0005313186307255266,0.0005312978756861341,0.002315548934375,-0.0021887210656249996,0.0045042699999999995,1.862645149230957e-11,3.814697265625e-08,1.2726980722707724,4.358287574604628,5.5467842050410345,54.0,755.9052869262256,1923.299468005652,6.36745176338144,125.18697701846568,0.8973570020270385,0.0117442188262203,0.007712320849597333,0.054461651710506716,0.015573152603520641,0.0030923332352702244,0.008906585114496081,0.0011527291850031431,44.0,719.7227011015516,1907.3377391781596,6.040049298627976,164.06918623543626,0.8991609031455957,0.012266890696293678,0.0072997203220948334,0.05362452678214236,0.01492477683785696,0.002837537792139064,0.008510005042489919,0.0013756343463144946,2.0,3223.949364000554,3325.3073718415058,10.488204087025833,23.12416729292766,0.4901709429313866,0.07078275217888881,0.06862235311018608,0.18842337288687946,0.09786984149702549,0.022158405292038757,0.05551533034016948,0.006457001292944143,BROKEN,5HZ
BROKEN_5HZ,-0.014108048237500002,0.0010665523347002208,0.0010665106716859,0.004773198237500002,-0.004116141762499999,0.00888934,-2.7939677238464354e-11,-2.3245811462402345e-08,1.2718282270514123,4.475527868351454,5.692102679261744,-0.01673663488046875,0.001376879985480654,0.0013768262000557038,0.004338344880468751,-0.00488624511953125,0.009224590000000001,-1.6298145055770876e-11,-9.5367431640625e-09,1.2310285230045583,3.5489193304025175,4.368820924740847,-0.010976688915625,0.0005164714454886362,0.0005164512704287451,0.0023972689156249987,-0.002309641084375001,0.00470691,0.0,-1.1444091796875e-07,1.2746930152003955,4.641810463537121,5.916883387211687,56.0,976.1508802218024,2141.4546131570874,7.563321473696436,93.17949545731128,0.8661685533551925,0.014791409203865367,0.009801962152274189,0.07281550612263159,0.019844090844335603,0.003841597287829755,0.011351032023124173,0.0013858488582478377,44.0,751.86748041853,1940.8567193217807,6.148381108062886,155.29167955322677,0.8949238320517625,0.011335385739920633,0.007348915044214619,0.05886436143504652,0.014903168454608467,0.002826316214108094,0.008463781293818206,0.0013342397544914568,8.0,3236.496815296832,3331.9165986616526,10.546068228116853,21.84985933903308,0.4916498419553091,0.06745113194249776,0.06680116133193414,0.1888869962908754,0.10110374402218443,0.022746458941443504,0.055103321218783786,0.0062573365569072985,BROKEN,5HZ
BROKEN_5HZ,-0.014007754125781249,0.0010271642357913998,0.0010271241114047445,0.0046729041257812486,-0.005278805874218752,0.00995171,-9.313225746154785e-12,9.5367431640625e-09,1.288279633373961,5.139404099724422,6.620989635799754,-0.0167139751234375,0.0013568472570476499,0.0013567942541664387,0.005045785123437499,-0.004908904876562502,0.00995469,1.1641532182693482e-11,8.344650268554688e-09,1.2365615590941537,3.718902187434844,4.59865149040244,-0.0109477030609375,0.0005012163867317408,0.0005011968075842214,0.0023682830609374986,-0.0023386269390625013,0.00470691,-1.0244548320770264e-10,1.9073486328125e-08,1.2786268970672197,4.725255668780922,6.041839005677463,54.0,987.8930108628846,2131.529256634257,7.907189553374464,86.42428439875397,0.8667324614715861,0.016797823712160473,0.009529700434787071,0.07009036255826263,0.019693221468006207,0.003727853392269647,0.011924342107881023,0.0015042345033871092,44.0,727.4958816080228,1921.1443139959667,5.954687535105609,150.80576210271397,0.8984750435601073,0.010420430848730863,0.006784842036129952,0.05787452426728032,0.014068892053041761,0.0026584266704770686,0.008309994339720312,0.0014078434771041834,8.0,3200.495209019221,3335.889857519345,10.482733977378846,20.578160026295887,0.4987469690338647,0.0692430813056374,0.06549736397434924,0.18079457784034755,0.09954866808902996,0.0236363698948581,0.05593242155970089,0.006600527793424428,BROKEN,5HZ
BROKEN_5HZ,-0.013832053325781248,0.0010915355684811357,0.0010914929295401839,0.003922063325781247,-0.005454506674218753,0.00937657,1.862645149230957e-11,2.384185791015625e-08,1.2801315894446013,4.997289970095636,6.3971887581950435,-0.016620881320312503,0.0012638778274550021,0.0012638284562630673,0.004952691320312503,-0.004163128679687496,0.009115819999999998,-5.820766091346741e-12,0.0,1.2454218630573568,3.918800286423361,4.880559557528812,-0.010847449109374997,0.0005892581336641077,0.0005892351153186756,0.0027627091093749973,-0.0021081008906250025,0.00487081,0.0,1.52587890625e-07,1.2896191846775356,4.688636221539864,6.046555231533501,52.0,882.2734176982494,2029.8602260291916,7.480436821483273,97.59595129965338,0.8822296168384455,0.014604091080198767,0.008893710097241539,0.06060289011111734,0.01821514119138229,0.003599669018877501,0.010280099324877423,0.0015747619373547475,44.0,818.6839306088048,2032.4498934365765,6.396156848841292,130.8477332743727,0.8845038282388128,0.012772995883446018,0.008211813466950983,0.06300273257870123,0.016861168175654036,0.003361003274074508,0.009533165127558413,0.0017532904855010578,6.0,2371.0191943876357,3184.0346943147615,9.389802401205458,28.442462765851573,0.6304204503949719,0.05029049442158524,0.050167187203503355,0.13111445545521175,0.07441741041734393,0.018048168789647802,0.040168393404022694,0.005373378363223467,BROKEN,5HZ
BROKEN_5HZ,-0.013872731606249999,0.0011001477691993547,0.0011001047938377414,0.0035842816062499998,-0.004920638393750001,0.008504920000000001,-9.313225746154785e-12,-1.9073486328125e-08,1.2640839520093945,4.4728815080528435,5.654097738708778,-0.016625602525,0.0012438262410225307,0.0012437776531109895,0.004552132525000002,-0.004869137474999997,0.009421269999999999,-1.280568540096283e-11,0.0,1.241840937874001,3.9147973586004747,4.861555627299777,-0.01075729840546875,0.0006326565467622617,0.0006326318331332062,0.002672558405468751,-0.002596081594531249,0.00526864,-1.862645149230957e-11,1.9073486328125e-08,1.2658602936931727,4.224508254679482,5.347637268430802,54.0,899.9364034805119,2088.978750690714,6.768122769982918,99.14208728299776,0.8765720456670701,0.014323250030831833,0.00925065726840158,0.06421224088984928,0.019045633696950406,0.0039786455591591914,0.011047922595696268,0.0015696039135867635,44.0,862.1849131817461,2101.5213557947854,6.460747886415751,126.72883514222237,0.8751409126398023,0.01614742695789385,0.008957802731910595,0.06439076593834175,0.018640224866271995,0.0040641043746014755,0.01079882242298998,0.0018599394490058628,4.0,2196.955673292163,3133.7776747875214,8.915254404610112,32.786271200885,0.6595648187448216,0.04272406560115336,0.044023703130637006,0.12755039331103574,0.0677168222678803,0.01631656248020217,0.03727643909529356,0.004827191237762621,BROKEN,5HZ
BROKEN_5HZ,-0.014088040447656248,0.0011863310802904382,0.0011862847383274802,0.004021600447656249,-0.004668079552343753,0.008689680000000002,4.656612873077393e-12,4.76837158203125e-09,1.2438941611356495,3.935041392330602,4.894775015873271,-0.0166457578015625,0.0014317894911922073,0.0014317335608227961,0.004578247801562501,-0.004848982198437497,0.009427229999999998,5.2386894822120665e-12,6.854534149169922e-09,1.2408504104112457,3.386790900021976,4.202500881204595,-0.01071947475546875,0.0005667704589514567,0.0005667483190479755,0.0023769647554687506,-0.00263390524453125,0.005010870000000001,9.313225746154786e-11,0.0,1.2810245966389793,4.647398415417074,5.953431691034831,54.0,795.9952332323245,1991.5124693332784,6.550558291788432,115.28368051557159,0.8913485476924566,0.012205537311559418,0.008354380625248795,0.05646242417904089,0.016731700397984463,0.0033238911939283125,0.010164236626320301,0.0014092673637628552,44.0,691.7026962847666,1888.123500377516,5.669468877249537,167.92461225652664,0.9027414974923232,0.01232323916898308,0.00722818825544176,0.04999353882090519,0.014520465561446013,0.003090240167675427,0.008660185072065821,0.001442645194568755,2.0,2801.789031925918,3311.6825203866915,9.829283756527623,26.313004018540248,0.5650754035272748,0.05268738468884494,0.05882436611674462,0.16374322444540557,0.08376464038132496,0.020262203880616683,0.04927709587290433,0.006365648758507001,BROKEN,5HZ
BROKEN_5HZ,-0.01422865593828125,0.0011725011958713602,0.001172455394148814,0.00416221593828125,-0.004527464061718752,0.008689680000000002,1.1641532182693482e-11,2.384185791015625e-09,1.2407631860340598,3.861523500554239,4.79123620557957,-0.01661319489921875,0.0014646767590208013,0.0014646195439673988,0.00460081489921875,-0.004760855100781249,0.009361669999999999,-1.1641532182693482e-11,-1.0728836059570312e-08,1.2451133354144994,3.2505746063133563,4.047333792843899,-0.01067054897578125,0.0005125307398826798,0.000512510718759608,0.0027243789757812487,-0.0025129710242187513,0.00523735,1.862645149230957e-11,1.33514404296875e-07,1.2907306960720972,5.3157502287154355,6.861202006242715,54.0,814.65503113232,2010.6542657980008,6.386844664731445,112.6114645074413,0.8898050561412725,0.010818937508715418,0.008869153938945539,0.057679997626184865,0.017726829900717573,0.003523784840075879,0.010108498064846655,0.0014677200362896864,44.0,686.2047500523546,1874.9427092482365,5.7127608858341565,175.7274448132229,0.9052389547716441,0.008951833825711917,0.007120794596898202,0.05233318058201568,0.014292696429716157,0.0026928139707700152,0.00799239348169712,0.0013773307132877346,16.0,3501.417661107641,3327.2816975201836,10.856145956083353,21.517700045105943,0.45032260415690234,0.06919399948326298,0.07865806531043122,0.20279265229793975,0.1072330468703969,0.025819330565430718,0.058165573626450445,0.007814727420780838,BROKEN,5HZ
BROKEN_5HZ,-0.014281068783593752,0.001057548175097749,0.0010575068638152825,0.004169928783593752,-0.00426496121640625,0.008434890000000002,2.3283064365386963e-12,1.1920928955078125e-09,1.2552234173041208,4.033034071274064,5.062358813835651,-0.0166529421625,0.001262248542326542,0.0012621992347798005,0.0046405621625,-0.0044424778375,0.00908304,0.0,-7.152557373046875e-09,1.251392167898919,3.6765686675709404,4.600829238985929,-0.010862437112499998,0.0005365488546489079,0.000536527895299903,0.0029162671124999973,-0.0023210828875000027,0.00523735,0.0,-1.52587890625e-07,1.2754306569267724,5.435443585714118,6.93253139613687,54.0,995.3765521501851,2178.781745557775,7.221330440303133,91.61283741967658,0.8636329250897294,0.01388009711224802,0.010168795511621219,0.07249287461143018,0.022090721925919366,0.004249595086594076,0.011775068955825384,0.0017099176528180464,44.0,900.0687253850163,2125.0039530191575,6.734807232940966,130.51059472834132,0.8712311626871152,0.011975119954987979,0.00912256233351093,0.07316637751577837,0.01943779516591739,0.003407711203959776,0.009871642154657067,0.0017876289511327876,2.0,3150.4733416568906,3310.1989457774366,10.141133253808846,23.5816699878457,0.5014024867294672,0.06444658358578463,0.06656140366985244,0.18952212261232781,0.09853399759833839,0.023032919356742315,0.04959753115819006,0.006902955053891738,BROKEN,5HZ
BROKEN_5HZ,-0.014269357383593749,0.0009991637863117696,0.0009991247557140355,0.0039287573835937485,-0.004276672616406253,0.008205430000000001,-3.259629011154175e-11,-3.337860107421875e-08,1.2695890226432751,4.28041902441849,5.434373011154285,-0.016690314505468748,0.0010954907297574972,0.0010954479363150403,0.004244344505468747,-0.004405105494531252,0.00864945,-2.677552402019501e-11,-1.9073486328125e-08,1.2412839530777569,4.0212823854762405,4.991553300442532,-0.010990307632031251,0.0005121313951770316,0.000512111389653667,0.0024123776320312523,-0.002181292367968749,0.004593670000000001,0.0,0.0,1.272431052756976,4.710650214110754,5.993977622815263,52.0,1083.7077643152902,2250.03700049339,7.802059800314909,81.7766628889836,0.8496588059584514,0.0171662220995906,0.011317916521580458,0.0794908427631858,0.0232417191004828,0.00445158902515687,0.012959991862763112,0.0017129088102103306,44.0,1116.144191896264,2329.0070036580946,7.5583719988024525,98.30450689203782,0.8373229735942912,0.01854308493143093,0.01153923671396356,0.08898881504677916,0.02399185641272447,0.00447191398447154,0.012907609896793045,0.0022344986361489023,2.0,3256.615236035034,3331.2754379975645,10.572450638487833,21.4841815515107,0.48754900673684726,0.06728665657935214,0.06765751388571203,0.19303475268387388,0.10021152390096716,0.023171259545727085,0.054361617693955616,0.0067276677003087005,BROKEN,5HZ
BROKEN_5HZ,-0.014223746039062499,0.0011547807197414372,0.0011547356102385104,0.0043554760390624985,-0.006523013960937501,0.01087849,-6.984919309616089e-12,-3.5762786865234374e-09,1.289339994483386,5.648924219061063,7.283383927748661,-0.0167130406140625,0.0012631336534833016,0.0012630843113612302,0.004688740614062501,-0.004240829385937499,0.00892957,-6.984919309616089e-12,-4.76837158203125e-09,1.240680562095208,3.712135894790185,4.605574852168377,-0.01095821163515625,0.0005176984577013666,0.0005176782347103747,0.0024607416351562494,-0.002213388364843751,0.00467413,-9.313225746154786e-11,-3.814697265625e-08,1.2782200337565197,4.753419142258397,6.075915588213273,54.0,812.8407214767552,1980.8576273465624,6.822835388864031,109.23330221766605,0.8890678564560311,0.013504834602588648,0.00899529716297781,0.057108138531024234,0.017056646093563704,0.003461397535217788,0.009560221308932033,0.0012456020717761254,44.0,846.1302131944639,2074.271165526794,6.625444166616724,130.69369168409773,0.8775458734469895,0.01494291953518658,0.009056808752111697,0.06593167776357088,0.017404907300700677,0.003382649591824219,0.010067974741549716,0.001667187666123102,6.0,3147.6663941607912,3331.5354063905916,10.455278651005763,21.95380264842532,0.5073278643672312,0.06524226220866118,0.06955273193216749,0.17794487989346341,0.09679926803632417,0.021858639686939324,0.05508094881340244,0.006193402876533496,BROKEN,5HZ
BROKEN_5HZ,-0.0141735386265625,0.0013828307620665236,0.001382776744184823,0.004305268626562499,-0.006969561373437502,0.011274830000000001,1.1641532182693482e-11,8.940696716308593e-09,1.2703582785754024,5.0402651025968375,6.402942503929089,-0.016695200425,0.0015274961293335067,0.001527436460350522,0.005581290425000001,-0.0049470495749999975,0.010528339999999999,-1.3969838619232177e-11,-4.76837158203125e-09,1.2291843990058107,3.654024613282546,4.4914700511706735,-0.010871057693749998,0.0005380858792980491,0.000538064859907846,0.0023735876937499983,-0.002300542306250002,0.00467413,0.0,1.52587890625e-07,1.2688491232502908,4.4113412084654255,5.597326435121932,54.0,572.2531925307542,1648.6237701210998,5.675289567816476,156.6368993016314,0.9267330386209419,0.008875054574304148,0.00597230064312897,0.036291415859005055,0.012716986906989847,0.002344897105559405,0.00619230985630539,0.0008739959947167065,44.0,606.8232678996137,1761.5135470470495,5.329808123897536,191.12445192475266,0.9157011610489737,0.008962716397550348,0.0061523503941813915,0.04628168785511133,0.012869612343699726,0.0023346535153655657,0.006533367301033187,0.001164436676872322,2.0,2850.176400294573,3278.2116741561163,9.848682955548487,23.71696996321875,0.5501411259929573,0.058770982760126614,0.06549343495144412,0.15825909036212651,0.09434254731349884,0.020873576012938985,0.04610164699306869,0.00601759541572329,BROKEN,5HZ
BROKEN_5HZ,-0.014098688825781252,0.0013704009957248694,0.0013703474633904001,0.005070778825781252,-0.007044411174218749,0.012115190000000001,1.280568540096283e-11,2.384185791015625e-09,1.2537071841173277,5.140602188330724,6.444809898902533,-0.016657333821093752,0.0015708745729636512,0.0015708132094771159,0.0055434238210937525,-0.004984916178906246,0.010528339999999999,1.1641532182693482e-12,5.960464477539063e-09,1.2302565955914018,3.5290152795506495,4.341594326373936,-0.01048268791328125,0.0006137299560138829,0.0006137059817192189,0.0024098679132812505,-0.0024207120867187504,0.004830580000000001,0.0,0.0,1.2568044666291711,3.9444166341560143,4.957360452131425,54.0,592.4333916075298,1663.5971562425386,6.101178892160466,153.83365048837823,0.9250683001875137,0.008698677611087806,0.006152042415418671,0.037845481213642174,0.01273362005359451,0.002266020632668563,0.006256435863914257,0.0009794130835295855,46.0,582.0757431132436,1709.347308669346,5.697362756946513,202.13384309450288,0.9208627843044329,0.008582420522931422,0.005771757847985487,0.04300830831973012,0.01227880546267272,0.002194898728318333,0.006160180055436112,0.0011408445401283396,2.0,2256.946734452759,3128.5165105816263,8.708201658047457,30.85394192726077,0.6445257978482158,0.044602268318594096,0.0498148312852069,0.13082499927638125,0.07397282275084895,0.01651768949939636,0.03462064386645739,0.005120940284517879,BROKEN,5HZ
BROKEN_5HZ,-0.014075357870312501,0.0011549220388787284,0.001154876923855415,0.005047447870312501,-0.004953432129687499,0.01000088,-6.984919309616089e-12,-1.1324882507324219e-08,1.2752915421259408,4.370550455793735,5.573726035534677,-0.0166455962296875,0.0014122800188763624,0.001412224850610599,0.0056598262296875,-0.0046837537703125,0.01034358,-1.6298145055770876e-11,-5.960464477539063e-09,1.2676013291035837,4.007737311259352,5.080213146047689,-0.0103735776578125,0.0005850038460914383,0.0005849809939323604,0.0023976076578125,-0.0026043223421874998,0.00500193,7.450580596923828e-11,0.0,1.2608574369422088,4.45197769628162,5.613309197053234,54.0,846.7748715120352,1988.8539187605982,7.263041997666916,109.26003894384469,0.8876365522676043,0.013211245458193693,0.00844454798978897,0.05926892991387329,0.017118378003358463,0.0032269744313982865,0.009709947702879128,0.0013834234681541038,46.0,712.5401494341038,1889.9411502845512,6.079977015415687,163.3795301579617,0.8999792950371734,0.01271282972348042,0.007022443607464883,0.05373728055309012,0.014241134581658208,0.0026914511235710654,0.008196119246983503,0.0014194445557298685,2.0,2598.1470103899755,3231.5535856909914,9.339674925988977,28.03325042930828,0.594303031902341,0.051546487229516096,0.05182206009593334,0.15858101546233036,0.07761175319196255,0.01862246432370655,0.041950361109225974,0.005562822199012829,BROKEN,5HZ
BROKEN_5HZ,-0.01410094221796875,0.0009318565044839959,0.0009318201031283115,0.004284822217968751,-0.0042498977820312495,0.00853472,6.984919309616089e-12,9.5367431640625e-09,1.2781272220345792,4.598336308677379,5.877258818497849,-0.01665570739296875,0.0012153349297968521,0.0012152874548488938,0.0056699373929687494,-0.0045842426070312504,0.01025418,1.862645149230957e-11,1.1920928955078126e-08,1.2935953146876993,4.6655113287647865,6.035283600478647,-0.01064979234453125,0.0005489379485977866,0.0005489165052903468,0.00267382234453125,-0.003071617655468749,0.005745439999999999,0.0,1.52587890625e-07,1.2671304968951431,5.595783002094733,7.090587308879119,54.0,1239.7586277300604,2377.6257800664043,8.260475454092774,71.13021068103895,0.8266049218666908,0.02063646479971018,0.012840921203070335,0.09187036314543691,0.025828035608131183,0.005146483283201681,0.015241988603867596,0.0018308214703699048,46.0,903.4118637587677,2118.4489880592732,6.830976974220087,120.98958156636915,0.8714156012394508,0.015847619265942674,0.009334607943875053,0.06836907644213207,0.018555302981643755,0.0036286407440034077,0.011093358117644073,0.0017557862344807604,2.0,2821.9911131021495,3292.7268550194967,9.932517915149518,24.683260296524853,0.5597703047348664,0.05957702494054527,0.05757832958413968,0.16173719406677328,0.08572906570114482,0.021220289472743074,0.048968499357917375,0.005419292066187352,BROKEN,5HZ
BROKEN_5HZ,-0.014078802680468749,0.001072715611982604,0.001072673708210562,0.005030032680468749,-0.005148157319531253,0.010178190000000002,-9.313225746154785e-12,0.0,1.294185958611809,4.79936934719884,6.211276425127124,-0.01666871509296875,0.0013606264499419918,0.001360573299433175,0.004723385092968751,-0.00529835490703125,0.010021740000000001,1.280568540096283e-11,5.960464477539063e-10,1.2646171202840029,3.894207614793247,4.924681623227435,-0.010925915885156252,0.0005410903472745654,0.0005410692105200397,0.002219845885156252,-0.002795494114843748,0.00501534,0.0,-3.0517578125e-07,1.2711054155142343,5.166610953504995,6.567307174993008,50.0,896.249296373503,2090.098590398494,7.198313447230001,94.25951822342472,0.8756772589443245,0.015323458581883866,0.010059623662217698,0.06341453451856383,0.019113294227291296,0.0037740393888874646,0.011252717395212245,0.0013850727999719452,162.0,720.3572664292808,1893.3706553682207,6.351649929822521,151.64700292893667,0.9026587296243664,0.010826174554147524,0.007682075265100338,0.05106524975670718,0.014707198247464158,0.00289362494788048,0.008773303490517812,0.001393643474323878,2.0,2773.739062521393,3301.5619602872493,9.761021689929233,23.982562756224837,0.5664334669854408,0.06273725256119422,0.06258936345584346,0.14252416861966669,0.08815544166549269,0.021751901011919175,0.05005332609462054,0.005755062885067535,BROKEN,5HZ
BROKEN_5HZ,-0.0140655015203125,0.0011153560307777222,0.0011153124613317875,0.005016731520312501,-0.0051614584796875005,0.010178190000000002,-2.3283064365386964e-11,-2.1457672119140624e-08,1.307919039793612,4.6278138674218905,6.052805875249005,-0.01662194701953125,0.001413307785462636,0.001413252577048956,0.004676617019531249,-0.005345122980468752,0.010021740000000001,5.820766091346741e-12,5.6624412536621094e-09,1.2539936892224277,3.7821427418500657,4.742783133374327,-0.010986416403906251,0.0005190362063373341,0.0005190159310895153,0.002535136403906251,-0.0022358435960937485,0.004770979999999999,-1.1175870895385742e-10,-7.62939453125e-08,1.2831245537544644,4.884505941272363,6.267429518281732,50.0,820.7194457096164,1979.337352431031,7.061547298783216,101.90208106694011,0.8897177290186974,0.014662862436462155,0.008851894833655647,0.054478821284370774,0.017407923064215788,0.003511307079172105,0.010031163459984917,0.0013382962152271947,50.0,681.0394453908625,1846.2871440052022,6.20980744275903,163.61741232597385,0.907188205980552,0.01086619265515166,0.007032636736944868,0.04914803258563091,0.013686059271660661,0.0026305151542974333,0.00812513571774725,0.0013232031006901218,2.0,3023.1997541362466,3328.79020896967,10.35311817452466,22.067407951553136,0.5264877953400994,0.06834631735670108,0.06372075319943207,0.166342182112499,0.09226312957674956,0.022937882936645854,0.05355462816165936,0.006347298350046538,BROKEN,5HZ
BROKEN_5HZ,-0.014093733528125001,0.0010796613034563798,0.0010796191283629652,0.0050539035281250005,-0.003936756471874999,0.00899066,-1.0477378964424133e-11,-4.76837158203125e-09,1.301882299779255,4.681191163319866,6.09435992305411,-0.0166683140734375,0.0012124256730136013,0.0012123783117107057,0.005298124073437499,-0.004328765926562502,0.00962689,2.7939677238464354e-11,2.1457672119140624e-08,1.2838646364203234,4.37002544328894,5.610521131523416,-0.010988534881250001,0.0005169870684982736,0.0005169668732964651,0.002537254881250001,-0.002376765118749999,0.00491402,-7.450580596923828e-11,-2.288818359375e-07,1.2849596926199431,4.907964141228439,6.30653610650171,54.0,913.9189046592727,2050.3590827863254,7.49916974748122,95.48410603993767,0.8774891266312473,0.017205164263788895,0.009039347936064477,0.062096569221981375,0.018012579459276385,0.0038145300898002653,0.010770238219734255,0.001572437347792704,50.0,893.0669449285231,2115.0804560310103,6.61181786844231,120.41102714605438,0.8704677017993292,0.017895774250238927,0.008954350602207587,0.06823194531878031,0.017941682989964233,0.003620149778542933,0.011008404615669869,0.0018799899513379918,14.0,3083.011877140918,3336.261608391106,10.373400045483184,21.89350909608959,0.5175087334405709,0.06699260923080644,0.06138478163531716,0.17999596659805153,0.09014698385060013,0.022854558616117838,0.05421699772514198,0.006899356763608849,BROKEN,5HZ
BROKEN_5HZ,-0.014148897053125,0.0011435072863134749,0.0011434626171876424,0.005109067053124999,-0.004243662946874999,0.009352729999999998,-6.984919309616089e-12,-4.76837158203125e-09,1.2738605044734672,4.4680665304325675,5.69169348945544,-0.016763542534375,0.0013585505665253592,0.001358497497107322,0.005616852534374998,-0.005459807465625001,0.011076659999999999,3.4924596548080443e-12,1.1920928955078125e-09,1.2941888616997788,4.134606462065978,5.3509616346566,-0.011161331927343749,0.0005557916606360489,0.0005557699496002534,0.0020604119273437485,-0.0025585880726562513,0.004619,-7.450580596923828e-11,0.0,1.2675095031299086,4.603681918917847,5.835210592115032,54.0,859.6842146944194,1996.7333113133484,7.020257785760321,107.11095369802754,0.884152497459946,0.01611344098740743,0.008721648930143601,0.059495107170489364,0.016707817906695246,0.003468300833970205,0.009850310112236315,0.0014908733815076083,44.0,765.1570493686118,1965.5736215426944,6.660043087856297,151.18462563855175,0.8907936766323226,0.014022718670624199,0.007485541349702208,0.05940634976798031,0.014763651665749198,0.0030917359257441853,0.008837386898524384,0.0015989390432949247,4.0,2786.464743103314,3300.8635964250598,9.6297062244886,25.303469011015956,0.5642024527065883,0.05829856883677368,0.057800597962482055,0.16086025157805678,0.0827593786699894,0.02163543036628527,0.04795294597150495,0.006490373440719518,BROKEN,5HZ
BROKEN_5HZ,-0.014168631171875,0.0011345667091635881,0.001134522389285872,0.004853151171875,-0.0050687588281250005,0.00992191,4.656612873077393e-12,7.152557373046875e-09,1.287299266334842,4.467746843539859,5.751327238928048,-0.01670908873828125,0.0016499390479404422,0.001649874595937529,0.005562398738281248,-0.00551426126171875,0.011076659999999999,-1.0477378964424133e-11,-4.76837158203125e-09,1.250294662307199,3.371406983661718,4.215252158692353,-0.010966688454687498,0.0006127528018296678,0.0006127288657058347,0.002758278454687499,-0.002753231545312502,0.005511510000000001,-1.4901161193847657e-10,-1.52587890625e-07,1.2596770790354936,4.501629684131925,5.670599740661439,54.0,877.7150412831425,2029.4295911866627,7.209382410076147,105.44259508506661,0.8810780369848636,0.015278029625444466,0.00896301936323657,0.061583688414606555,0.01797362315958057,0.0035808762359261143,0.010036276195272949,0.0015064477002862922,50.0,552.2164426871486,1681.3289793457536,5.357163221708399,222.99330081852835,0.9233789317006773,0.008974943962983248,0.005248677825158911,0.042671694262533214,0.01051395327927084,0.0020768652541079138,0.006028218578040363,0.0011067082951204733,2.0,2382.107123912172,3193.8256642735896,8.667517272892749,30.755771425016615,0.6269005434536434,0.04860305841084484,0.04944922708802577,0.13965198328105344,0.07275456951105613,0.017936822384015685,0.03935324461007801,0.005350551080788148,BROKEN,5HZ
BROKEN_5HZ,-0.0141276342875,0.0011464151569956457,0.001146370374278896,0.004928374287499999,-0.0051097557125000005,0.01003813,-1.3969838619232177e-11,-1.7881393432617187e-08,1.275336482983396,4.457334054237809,5.684600741172552,-0.01666429980390625,0.0014917357583243388,0.0014916774862581308,0.005261329803906251,-0.005435380196093749,0.01069671,1.5133991837501526e-11,1.0132789611816407e-08,1.2574151189078755,3.6438038668027244,4.581774075524282,-0.01069521452890625,0.0005220445499536905,0.000522024157190154,0.0030649245289062505,-0.00259409547109375,0.005659020000000001,9.313225746154785e-12,1.9073486328125e-07,1.291592127185633,5.8712312080197115,7.583236019691453,54.0,824.1138460568071,1984.6594661646843,7.014735282800637,107.65639967665757,0.8884075371702702,0.01374418304626591,0.008106594848587894,0.05805868278273606,0.017435164821850764,0.0033423483332797334,0.009480277258704595,0.0014252115996319205,52.0,634.2576663079552,1803.7825644807626,6.212878592902389,182.28033331517918,0.910279762843411,0.011064918636962838,0.006023889396045156,0.04916652147657555,0.012577665762290247,0.0024878541784843183,0.007093053490400595,0.0013063323916999447,4.0,3200.376035150034,3313.0084224046236,10.52569252722699,22.32395535986577,0.496913999139747,0.06560329886207623,0.06466771190757958,0.1931699255374792,0.09768069357807546,0.02325632200979482,0.05176151457649701,0.006946534305068963,BROKEN,5HZ
H_10HZ,-0.014019077660156249,0.002461979265429091,0.002461883092485621,0.009312167660156249,-0.01006677233984375,0.019378939999999997,3.2014213502407074e-12,1.5646219253540038e-09,1.256841868188239,4.089053768020666,5.139293979008797,-0.016420184606250002,0.0026366996594630204,0.002636596661370852,0.011325874606250001,-0.009094575393749998,0.02042045,-2.9103830456733705e-12,-1.1175870895385742e-09,1.2714828529833564,4.295641714142834,5.461834784164193,-0.010426393734375,0.0015155219471153095,0.0015154627458829535,0.006507693734375001,-0.006070886265624999,0.012578579999999999,-1.1641532182693482e-12,-1.7881393432617187e-09,1.256402716096988,4.294195781295323,5.395239246631798,80.0,1004.3436644477697,1995.0423079866466,6.168445877872386,496.5063361625601,0.7950004969328102,0.0793115233507093,0.0012738020713485333,0.11922184738005615,0.0027972713675470918,0.0008080188570675571,0.0013537743343945167,0.00023326560944262817,50.0,892.5539736435171,1801.2357354452292,6.006521412785967,569.4785095846061,0.7683587223055053,0.13519493077735864,0.0037279160011177274,0.087116740104136,0.003146128450456562,0.0007442020432063861,0.0014701980676664632,0.00024115996309565063,6002.0,2980.9293798899107,2840.6169543962833,8.130886380394,188.139711809105,0.4107690720042185,0.18463953569366934,0.010318383209400855,0.3625225921377111,0.01071275198774674,0.004361876718756886,0.00633766445404674,0.010338117471575023,H,10HZ
H_10HZ,-0.01393650325703125,0.002617753020845061,0.002617650762870419,0.009903073257031249,-0.010149346742968749,0.020052419999999998,-5.820766091346741e-13,-2.2351741790771484e-10,1.2487789199576385,3.8772730430861895,4.841856844975734,-0.016405595876562498,0.0025268224205153146,0.0025267237145866254,0.011311285876562497,-0.009079364123437503,0.02039065,-2.3283064365386963e-12,-1.6391277313232422e-09,1.2868917239765978,4.4766611429601335,5.760978178203032,-0.010502900461718749,0.0015378493340446361,0.0015377892606316932,0.005711060461718749,-0.005687439538281252,0.0113985,-1.0477378964424133e-11,-6.556510925292969e-09,1.250856524492843,3.713812161530473,4.64544617601212,80.0,952.0634070669614,1917.6108363579276,5.794801855530256,561.3236658844129,0.7927267926244684,0.09348285378966616,0.0013155945852172768,0.10772778262424734,0.0026239890146275424,0.0007291069761505115,0.001196057483239407,0.00019781868192104212,50.0,979.7975992610676,1850.8620455044306,5.904516404950075,523.0045380660135,0.7413443333284714,0.1544672981843842,0.005192930884488916,0.09284117958641588,0.003573098793851725,0.0007449766692101919,0.0015901168180234313,0.00024606253694570347,6002.0,2947.6301802183966,2777.042106841621,8.280912426414712,193.72407385471178,0.39783660009595995,0.21227542851986803,0.01292281242935163,0.3456286228098309,0.011326291456831693,0.004357208136193912,0.0061931940027640815,0.009459831294433493,H,10HZ
H_10HZ,-0.01392717795234375,0.0027396708581506253,0.002739563837667444,0.00989374795234375,-0.01038664204765625,0.020280390000000002,-5.820766091346741e-13,-2.9802322387695313e-10,1.2413475170730253,3.791348791020849,4.706381409809478,-0.016501265167968748,0.002326804635613371,0.0023267137430320116,0.009966125167968748,-0.007992844832031252,0.017958969999999998,8.73114913702011e-12,3.5762786865234374e-09,1.2755321944071443,4.283348217429721,5.463548553536244,-0.010650614172656248,0.0015881808213343176,0.0015881187818092511,0.005906454172656248,-0.005539725827343753,0.01144618,6.984919309616089e-12,4.76837158203125e-09,1.2544327554550987,3.7191513862761685,4.665425324378769,50.0,912.8985797021544,1859.7149249994995,5.972235552220178,614.8268107285471,0.7987977439346952,0.09574691185753552,0.0013223537633531813,0.0995162854742094,0.0025286753220677945,0.0007373224232585063,0.001150129540262423,0.0002005586988624833,50.0,1194.5778554718129,1959.7550287988706,6.781107695620924,443.4818540754563,0.6790718282173315,0.19598978686924654,0.008846704598695994,0.1085886134440782,0.004389735772432626,0.0008927369618570376,0.0019315293879632492,0.00028906124129771094,6002.0,2806.5368360577154,2708.7455238848233,8.515594921952234,206.61217464939114,0.4083746979941207,0.23041479521138314,0.01776026686558083,0.313969369785114,0.01099794969197005,0.004260865449296815,0.005737385429733638,0.008484663672781893,H,10HZ
H_10HZ,-0.0139136677265625,0.0027230716881586864,0.002722965316093248,0.0098414977265625,-0.0104001522734375,0.02024165,-5.820766091346741e-13,-3.7252902984619143e-10,1.2513673400451044,3.819421499110246,4.779499323607928,-0.0164086014859375,0.0024102612285341945,0.0024101670758659996,0.0095486414859375,-0.007975248514062498,0.01752389,2.3283064365386963e-12,8.940696716308593e-10,1.2614785221120828,3.9618172439538246,4.997747363854646,-0.010682681067968752,0.0015682273639552038,0.0015681661038772902,0.005938521067968752,-0.0053884589320312495,0.01132698,-6.984919309616089e-12,-1.1920928955078125e-09,1.252262494021061,3.786920945108327,4.742219070406001,50.0,884.0862497574676,1861.6247353525039,5.8974966446460115,607.399127621174,0.8180614357343704,0.07602267706439671,0.0013922925931930668,0.09980798296296643,0.0025932308373076136,0.0007312810442288693,0.0011860569723335253,0.00020503754539869044,50.0,1123.9125799876613,1914.7009000754042,6.59907283593636,475.8655256168459,0.6948510958286217,0.18743708000840686,0.010045371658497315,0.10043252695575071,0.004220466810133542,0.000843918692027669,0.0018872447820044032,0.0002822923676069075,6002.0,2866.4890635290367,2733.7033268631453,8.515215676070069,201.4531528544155,0.3967678137842395,0.2285016046115874,0.02206996041758785,0.3213535447915085,0.011508570386925524,0.004620855302038199,0.006181599618623014,0.00899604868405134,H,10HZ
H_10HZ,-0.01385785104609375,0.0027562209938363745,0.0027561133268508907,0.00850428104609375,-0.00980781895390625,0.018312099999999998,1.4551915228366852e-13,6.332993507385254e-10,1.2521337249547257,3.5585688203735817,4.455804034178816,-0.0162357023515625,0.002471757771323921,0.0024716612164001036,0.009614142351562499,-0.0081481476484375,0.01776229,-8.731149137020111e-13,8.940696716308593e-10,1.2558847774019262,3.889749243901413,4.885076865302871,-0.010665650367968751,0.0015278070771217133,0.0015277473959920934,0.005596670367968752,-0.00640378963203125,0.012000460000000001,0.0,-1.1920928955078125e-09,1.2478879119072221,4.191654749102735,5.230715295717612,50.0,814.3475861774691,1823.5410100724964,5.923594425201941,622.2774853346813,0.8397192951160977,0.059819297020112544,0.0012509799843189813,0.0945993678428371,0.002561758652922363,0.000654439722847634,0.0012036820425850615,0.0001911692954890074,60.0,1050.9304901866985,1876.7131592481612,6.672710297000051,500.458223212864,0.7135474828306734,0.17637196993605378,0.008263318639057004,0.09491112959863408,0.003974748770736062,0.0008105987857216733,0.0018608300549843846,0.0002599209184490829,6002.0,2963.9312435838187,2791.2638029538894,8.421884371306017,191.2022728104532,0.39257606286898755,0.21260025734790836,0.02052927495896794,0.3396822850650052,0.012515873436441336,0.0050112704045275624,0.007002607879060388,0.010082356635894687,H,10HZ
H_10HZ,-0.013801675717968748,0.0030780136081460722,0.003077893370891074,0.008977055717968748,-0.014664774282031253,0.023641830000000003,-2.1827872842550277e-12,-9.685754776000977e-10,1.24589227485615,4.7645491607856245,5.936114994523791,-0.01616560122734375,0.0025038802880929835,0.0025037824783588464,0.00954404122734375,-0.00847154877265625,0.018015589999999998,-2.9103830456733704e-13,8.940696716308593e-10,1.254347817134184,3.8118491945784885,4.7813847183738885,-0.0106817795015625,0.0015533300646950485,0.0015532693865542534,0.0057647795015625,-0.006387660498437501,0.01215244,1.1641532182693482e-11,4.172325134277344e-09,1.2521608352499436,4.112397082965359,5.149382569600525,50.0,684.1254760731482,1653.9018397634984,5.320446272767996,776.063190387484,0.861668095358735,0.05873022053210444,0.0009275955502620857,0.07507989212375699,0.00196913300654853,0.0005275555500572533,0.0009584879495932556,0.00013901687629728463,60.0,1031.7457101609768,1864.6422681901531,6.532087067006246,513.5504752272618,0.7185567651846587,0.17468279437034315,0.005716404064509466,0.09464891345611305,0.0035734775087281575,0.0008202523828734061,0.0017592410037572356,0.00024215183288346973,6002.0,2944.045826845206,2782.834614469943,8.395469839643042,197.64394288800682,0.3914446156341725,0.2216757808682514,0.014267262916693498,0.34001926259554033,0.011379055899297484,0.004286120002118295,0.00656936349488552,0.010358538588631724,H,10HZ
H_10HZ,-0.013911666353906251,0.0030441635936095685,0.00304404467864659,0.009087046353906251,-0.01455478364609375,0.023641830000000003,5.820766091346741e-13,0.0,1.252343110410165,4.781396194152952,5.987948583855936,-0.01625101082109375,0.0026113133654303237,0.0026112113590096345,0.00851195082109375,-0.008386139178906252,0.01689809,0.0,1.4901161193847657e-09,1.2415910533593684,3.259770906121649,4.047302394591772,-0.010679395152343752,0.00156258217345769,0.0015625211338993372,0.005762395152343751,-0.0050535148476562475,0.010815909999999998,-2.3283064365386963e-12,-2.9802322387695314e-09,1.2488828270612218,3.6878830139567897,4.605733767289045,50.0,712.317901548524,1672.933457662143,5.367115473013182,759.0877598688371,0.8501892009226594,0.06825942283653445,0.0008985944554605242,0.07710069212441586,0.0019530812804080394,0.0005395807480077458,0.0009063246993642851,0.00015310280045812913,60.0,974.329438517104,1820.5920523584573,6.302070642182231,558.5653564986836,0.7319925468403105,0.16820902100788002,0.004399058570712878,0.08972225777190695,0.003240407152615283,0.0007328330170756303,0.0014648509582462531,0.00023902452699915474,6002.0,2981.238082154069,2779.415098541358,8.222464052377521,200.0054133921276,0.38233053784577825,0.22483659741695095,0.011558359637556113,0.35026948419265264,0.010864244073817466,0.003915716706894814,0.005965412541325929,0.01025961681276691,H,10HZ
H_10HZ,-0.013972355916406252,0.002942260292240869,0.0029421453579533494,0.010694355916406252,-0.012257604083593748,0.02295196,5.820766091346741e-13,2.9802322387695313e-10,1.2615363199175946,4.1662129460368735,5.25582894972279,-0.0163209578234375,0.0026214635615325085,0.00262136115861204,0.0085818978234375,-0.0078840921765625,0.01646599,3.2014213502407074e-12,5.960464477539063e-10,1.2261368061588198,3.2738326773360815,4.01416674441857,-0.010664098672656249,0.0016040272750951548,0.001603964616555898,0.005756038672656249,-0.006307001327343751,0.01206304,9.313225746154785e-12,5.364418029785156e-09,1.248239702735569,3.9321324537409583,4.908243848234567,50.0,734.4009287641743,1709.770457463805,5.4944191427094315,709.1174864676564,0.8485799670579479,0.06534785871389336,0.0009059200041354708,0.08162512437370704,0.0019182791479112286,0.0005581534343185558,0.0008807802237911541,0.0001839147556060506,60.0,947.7285822458222,1809.7451001328286,6.279584953379784,562.9160918346209,0.7475262347771876,0.1538565455070254,0.004118362514273798,0.0891226365813168,0.003102485548935143,0.0007166564328829406,0.0013026365761181326,0.00025444198273307363,6002.0,2770.8000191735005,2797.1724927233463,8.157276004425642,210.75578812741026,0.44116998501183297,0.19006124645610997,0.010080169957530707,0.3302248321649518,0.009711016882926086,0.004017103348443029,0.0055746309648875845,0.00916101472637908,H,10HZ
H_10HZ,-0.01375541633984375,0.003015144796100163,0.003015027014706103,0.01047741633984375,-0.01247454366015625,0.02295196,-2.9103830456733705e-12,-1.2665987014770509e-09,1.245579472058087,4.137456677891418,5.153531106220482,-0.01615567608125,0.0026788351101035496,0.002678730466063192,0.00926591608125,-0.009345673918749998,0.018611589999999997,-3.2014213502407074e-12,-1.043081283569336e-09,1.223072266763583,3.48884444839128,4.267108889472424,-0.010638038107031251,0.0016702406099658547,0.0016701753649176856,0.006528618107031251,-0.0063330618929687485,0.01286168,5.2386894822120665e-12,2.682209014892578e-09,1.2481806195984348,3.9089416837638913,4.879065255735853,50.0,691.5296979306709,1666.257405555966,5.257472946676173,744.6845774070006,0.8577657656344199,0.061058347180849494,0.000834808073556939,0.07699061921102662,0.0018619978395183426,0.0005088006852343768,0.0008106715108664636,0.0001689880180234384,58.0,918.8125675664627,1776.856501286551,6.179790608242798,587.8248995413342,0.7528317711870027,0.15316876205702787,0.003702702949371669,0.08507794791020674,0.003041877533918146,0.0006893337410597595,0.0012606967476878738,0.00022690552853895757,58.0,2575.032575598331,2753.9414167119826,7.824625785576689,228.5146756092466,0.4691977391022711,0.1930963145965621,0.008760943842395641,0.303097111451819,0.00914331015346281,0.0037239748693165793,0.005047949500314144,0.007932630193874569,H,10HZ
H_10HZ,-0.01360403303828125,0.002801441373150192,0.00280133193970914,0.00912956303828125,-0.00950586696171875,0.01863543,3.2014213502407074e-12,8.940696716308593e-10,1.2370997511579922,3.393338298678163,4.197897966388176,-0.01619291525546875,0.002718170530509047,0.0027180643498988188,0.009306135255468749,-0.00939932474453125,0.01870546,-4.656612873077393e-12,-1.6391277313232422e-09,1.2448980584509235,3.4580950011073317,4.304975754401201,-0.01073140616328125,0.001680274359943069,0.0016802087229438863,0.00831611616328125,-0.0061398638367187505,0.01445598,-2.3283064365386963e-12,-1.1920928955078125e-09,1.2515687159003341,4.949454222426107,6.194582069256123,50.0,790.4523901582709,1774.735628880086,5.488276542707638,642.8639757565687,0.8340127686878744,0.0718448199996171,0.0009528026378027935,0.08931467268864542,0.0021295163769834416,0.0005845064826115345,0.0009723022628688292,0.00018860955741522656,46.0,917.1947544852835,1767.7678294720638,5.733074862074604,605.2146225487414,0.7456377457302273,0.16201423273676294,0.003420114535610216,0.08376823434251732,0.0029774390610978743,0.0006727186219432295,0.0012952195731137654,0.00021429533955961164,58.0,2572.943062800597,2750.3169441975824,7.605638179588339,231.26846283233832,0.46131002168380847,0.20053447362181703,0.008181630109232532,0.3053790556138986,0.008803246327050037,0.003407260739524802,0.004682365546261751,0.0077019461620984175,H,10HZ
H_10HZ,-0.013709021814062501,0.002787252429129564,0.002787143549954963,0.011284791814062502,-0.010305308185937499,0.0215901,-1.1641532182693482e-12,2.9802322387695313e-10,1.259396784534195,4.0488735537844756,5.099138336451229,-0.0163009855375,0.0026740558729740323,0.0026739514156262716,0.0096794255375,-0.009291254462499999,0.018970679999999997,-3.783497959375382e-12,-1.1920928955078125e-09,1.255950801580297,3.6198958131081325,4.546411049810579,-0.010784310359374999,0.0016295072251265462,0.0016294435712573005,0.008369020359374998,-0.005604199640625,0.013973219999999998,4.365574568510055e-12,1.7881393432617187e-09,1.2605650828051789,5.136121619591422,6.47441557867112,80.0,808.8481405133152,1775.9714396972452,5.784934822399686,636.3684195323002,0.8270525396626024,0.07895752685734499,0.0009892841199043963,0.088962686217868,0.002108622305501199,0.000642588437250815,0.0010842836965238262,0.000202464663865948,58.0,941.7279481423711,1782.4747554447938,6.244033127341923,585.7293250207601,0.7363600662600636,0.1695729147082236,0.003546359903341978,0.08503692755765688,0.003055078824713819,0.0007106166674290794,0.0014650054630721825,0.000253030212678344,6002.0,2708.839123416257,2785.793484064433,7.9840025413458715,217.50467478880708,0.4460353660969917,0.1949779637746995,0.008801590029800832,0.3227105433058004,0.009533771061706284,0.003884402940681763,0.005381962634400681,0.008674392430132296,H,10HZ
H_10HZ,-0.013904617489843752,0.002625307151409033,0.0026252045983454026,0.011480387489843752,-0.010109712510156249,0.0215901,-3.783497959375382e-12,-3.7252902984619143e-10,1.2648053910772878,4.373140094568781,5.531171169653783,-0.0164515549265625,0.002610662246437349,0.0026105602654514924,0.0098299949265625,-0.008291385073437501,0.01812138,0.0,8.940696716308593e-10,1.2500410274374685,3.7654732790077703,4.706996088282267,-0.01082710979453125,0.0015952880960120846,0.0015952257788536784,0.006550809794531249,-0.006285540205468751,0.01283635,-9.313225746154785e-12,-5.364418029785156e-09,1.2566412465554495,4.106509484276339,5.160409200547703,80.0,878.5657573799156,1856.603579630861,6.27804177969862,564.5680007584916,0.8167438539796614,0.07846019596210008,0.001149955798584328,0.09900897451614787,0.0024510330189918502,0.0007186112051175297,0.0012333047039366756,0.00023405780412808638,50.0,920.5316097130817,1796.5507355958098,6.307312115690613,558.2868401710953,0.7524692793332216,0.15193675856875197,0.003794448671153093,0.0860609824531299,0.0032033037055605247,0.0007347419934020196,0.0015372260353292554,0.0002632578078645291,58.0,2774.9138953929423,2821.769716584591,8.042863941849598,208.46553496510955,0.4470249995649397,0.1806947079862178,0.009422132187737292,0.333833974429088,0.009781937894849995,0.003931359279583269,0.005796151124955949,0.00951472625626172,H,10HZ
H_10HZ,-0.0139293481140625,0.0023504890901782432,0.002350397272404807,0.0093863381140625,-0.0085562418859375,0.01794258,4.074536263942719e-12,6.705522537231445e-10,1.2567590713169745,3.9935113183931517,5.0188815779329365,-0.0164686796828125,0.00282766635573016,0.002827555897855717,0.010091479682812501,-0.0101069603171875,0.02019844,5.2386894822120665e-12,1.1920928955078125e-09,1.2365640719807176,3.574451108562587,4.420037819463343,-0.010795735865624998,0.0015863010029012223,0.0015862390368079973,0.005898105865624998,-0.006316914134375002,0.01221502,-2.3283064365386963e-12,-2.384185791015625e-09,1.2580582809233294,3.9823216954137393,5.009992789374297,80.0,1076.9170016211785,2029.153066432924,6.734185024540067,452.55617243801925,0.7757887484191314,0.0922521857304088,0.0013533759171382807,0.1250206475410423,0.0030735896753114013,0.0008293703576006779,0.0014456278847779604,0.00023645403894183628,50.0,779.472706593823,1689.4765746619041,5.526711166405681,654.9563286764644,0.7980561216381913,0.1200061007936915,0.0031286484952349836,0.07410604380011354,0.0026487811341257324,0.0006191355500529359,0.001246572074184387,0.00018859250187606814,6002.0,2839.2997483848058,2809.3169662684213,8.09022478241403,206.1233588216739,0.42352420819190745,0.1986470801200315,0.009148869093948327,0.3394544553845222,0.009914193254927083,0.003908538334756731,0.005646453819627593,0.009756201325284352,H,10HZ
H_10HZ,-0.013951129469531252,0.0024610582696802255,0.0024609621327138544,0.009408119469531252,-0.01028968053046875,0.0196978,5.820766091346741e-13,3.7252902984619143e-10,1.2824361367575068,4.181161664174216,5.362072813941022,-0.016397551273437498,0.0026622889619098617,0.0026621849642160427,0.010020351273437499,-0.010178088726562503,0.02019844,-3.783497959375382e-12,-7.450580596923829e-10,1.2450738242909787,3.8232087024563777,4.760177082017984,-0.0107543196859375,0.0015852679222421488,0.0015852059965044255,0.0064914296859374995,-0.006279360314062499,0.012770789999999999,-1.1641532182693482e-12,5.960464477539063e-10,1.261853574931128,4.0950070187451315,5.167299249231307,80.0,1028.5951436814914,1969.6360205367791,6.372531348925355,496.1349319832717,0.779011050377298,0.09839141146009502,0.0012396802664383505,0.11638165684466373,0.002751364843155886,0.0007345184189928663,0.001289881007923276,0.00020043668734873095,50.0,934.4722479871515,1770.3822032641513,6.14619133939139,580.5857828279931,0.7389554523102436,0.16844674127981277,0.00372943559079902,0.08362885144354536,0.003001082487620742,0.0006647258480349341,0.0013821529003885985,0.00019155515134538074,6002.0,2888.0318226060062,2746.2692892991986,8.385693168661154,205.85497090643233,0.3924559874503936,0.23430284298267615,0.009553739521235944,0.33504063354274133,0.009554375640325671,0.003910358654721652,0.005610819543156337,0.009571233536508971,H,10HZ
H_10HZ,-0.013999874703125002,0.002516223171756093,0.0025161248798686456,0.008589684703125003,-0.010240935296875,0.018830620000000003,-2.9103830456733705e-12,0.0,1.2661542855562948,4.070122025636306,5.153402447544626,-0.0164863953171875,0.002696491863421582,0.002696386529650827,0.009529585317187499,-0.010886394682812502,0.02041598,-4.3655745685100554e-13,-2.9802322387695313e-10,1.2540305864398458,4.0374013736765155,5.063024814202306,-0.010739429696875,0.0015731212785070779,0.0015730598272568933,0.006476539696875,-0.0062942503031249986,0.012770789999999999,-6.984919309616089e-12,-4.76837158203125e-09,1.2530720712150423,4.117160441412867,5.159098765125518,80.0,1004.5216240885792,1965.6426938028583,6.110876564210849,518.626051958641,0.7838903542363104,0.09487749555438367,0.001336950522458098,0.11478111613575886,0.0028446052694370604,0.0007738895101207438,0.0012871889678403453,0.00020839594032685837,50.0,937.0171976944878,1753.7069946911304,6.012245637665181,595.5993929852028,0.7284081984602787,0.1816684277453849,0.003937909982455986,0.08054921407841659,0.003075391455343716,0.0007397288487206646,0.0014161550875518994,0.00020495085818915258,6002.0,2900.2203565406808,2728.526765331599,8.35976406992425,202.71245093089877,0.37912542295425716,0.24887671217955384,0.010680961124060128,0.33198146009594726,0.010096694653787087,0.004253431891652863,0.005730079558482713,0.009255234997849719,H,10HZ
H_10HZ,-0.014002891487500002,0.0025255229553610824,0.0025254243001937423,0.008345361487500001,-0.0112987985125,0.01964416,2.1827872842550277e-12,4.4703483581542967e-10,1.2671449444364613,4.474019873475983,5.66923166622821,-0.016434844925781247,0.0026648680980117996,0.0026647639995685084,0.009478034925781247,-0.010937945074218754,0.02041598,-1.4551915228366853e-12,-7.450580596923828e-11,1.2590872178919645,4.1046580754938224,5.1681225186107325,-0.010675526856250001,0.001579706764946245,0.0015796450564454717,0.006233836856250001,-0.006730653143749999,0.01296449,3.2014213502407074e-12,2.2351741790771484e-09,1.259324269410324,4.260864244170458,5.365809754743379,80.0,1008.5470695101009,1984.3630053514332,6.045256205282765,522.4667462579254,0.786516646493377,0.08945697397076965,0.0013267267231573479,0.11759715485136489,0.002859790006937401,0.0007531926389850387,0.0012693549339426713,0.00022015955130871698,50.0,935.8607020073094,1775.4977840769716,5.986182859278004,581.7112308451187,0.7355210304799781,0.17171355783921763,0.003778134840172098,0.08350453073511918,0.0030962813076525716,0.0007474083572256559,0.001428774550127634,0.00021028188882233855,6002.0,2875.0637873492697,2714.5353486860868,8.330300018154823,204.41321516992159,0.3835213935345508,0.2493998065852147,0.010199840490357038,0.32772449166837503,0.010466278564453473,0.004374245767801144,0.005518381988930214,0.008795560486915537,H,10HZ
H_10HZ,-0.0140174811484375,0.0027761124744067056,0.0027760040303950856,0.008994691148437501,-0.0129783388515625,0.02197303,4.220055416226387e-12,1.341104507446289e-09,1.2650563093065978,4.675187321338368,5.91437522017985,-0.0164353064765625,0.0024391445519588812,0.002439049271013828,0.008927196476562501,-0.009158423523437497,0.018085619999999997,2.9103830456733705e-12,1.4901161193847657e-10,1.2501242294771586,3.7549153387441585,4.694110646524072,-0.01068098875390625,0.001592689970575238,0.0015926277549080888,0.006239298753906251,-0.00672519124609375,0.01296449,-2.9103830456733704e-13,-5.960464477539063e-10,1.2586831374077219,4.222701269110535,5.315042885076895,50.0,854.5058282898797,1846.934248120602,5.608727728692491,631.2917730841704,0.8210730658000592,0.0753784284812482,0.0010241278434197528,0.09834416907395202,0.0023857084940344894,0.0005578686524085828,0.00104581732183447,0.00019080780929975937,60.0,1099.8381862796457,1896.1891599874243,6.54972736742486,487.33892241522716,0.6937491565676709,0.19490298034107478,0.00420283164414787,0.10052140844206274,0.003809984907945839,0.0008460948692605772,0.0016705156242377882,0.0002969910153904793,6002.0,2809.545044041898,2718.044152450534,8.26978852622864,207.78706401527174,0.4040866482969872,0.23682162357202308,0.009474127959422414,0.32133959976886756,0.010267682603969574,0.003958066011188607,0.005179142170590772,0.008873095363562573,H,10HZ
H_10HZ,-0.013960099385937499,0.002808064488181803,0.0028079547960202667,0.008937309385937498,-0.013035720614062501,0.021973029999999998,-5.820766091346741e-13,-4.4703483581542967e-10,1.2476671961452572,4.642425379459701,5.792201858566851,-0.01640678100859375,0.002410921333237924,0.0024108271547838857,0.00872881100859375,-0.009186948991406249,0.01791576,-2.3283064365386963e-12,-1.341104507446289e-09,1.2543823639239469,3.810704126741551,4.780080052699561,-0.010693333403906248,0.0015986641864043497,0.0015986017373648366,0.006294853403906248,-0.0069169765960937525,0.01321183,7.566995918750763e-12,6.258487701416015e-09,1.259533204052058,4.326891701724864,5.449863772068922,50.0,847.9533382962148,1828.7946579339684,5.543538367620395,645.9072630813398,0.8183237041948557,0.08095731120680943,0.0010503378400499516,0.0954293268905297,0.002359639149819375,0.0006082419601890294,0.0010799742055541707,0.00019146238526982558,50.0,1136.0936366553804,1924.476279100579,6.584781088144763,476.12621390384805,0.6843838997021106,0.19959005506306077,0.004471171976436629,0.10447122678606179,0.004030286674014376,0.0009407916721904083,0.001812472983748404,0.00030009451434065415,6002.0,2826.2510470996212,2743.3991949734345,8.266544405290308,209.34881539466653,0.40662853439885255,0.22893084531097602,0.009861584127965011,0.3252999954991102,0.010348378089258243,0.004172709733755123,0.005285270572209017,0.009472668988965916,H,10HZ
H_10HZ,-0.013800072221875,0.0028149125954965736,0.00281480263582562,0.009450762221874999,-0.011626777778125002,0.02107754,2.0372681319713594e-12,1.1920928955078125e-09,1.255167728908844,4.130583660116591,5.18457531357842,-0.01638592682890625,0.0024210443381529477,0.002420949764261306,0.009792676828906251,-0.00880699317109375,0.01859967,-1.4551915228366853e-12,-8.940696716308593e-10,1.2642759810031614,4.044973162774104,5.11396241561007,-0.010789177421093749,0.0015832592676658238,0.0015831974203927021,0.006390697421093749,-0.006821132578906252,0.01321183,2.3283064365386963e-12,4.76837158203125e-09,1.2535501836952105,4.308453567910601,5.400862764907983,50.0,838.6706965536897,1808.8985055359856,5.583160842695665,649.0614889978001,0.8201303484525065,0.08163566133357057,0.0010805433035881685,0.09287817014138877,0.002402522723635762,0.0006338017737277249,0.001041971968327388,0.00019698012230920178,50.0,1088.2643473423425,1925.468338067154,6.416346293595071,480.1329416377999,0.7086832687670221,0.17614087185416186,0.004588807300404964,0.10340841788920341,0.004164173451085681,0.0008963328320761209,0.0017829170003390508,0.00033518986827085344,6002.0,2880.617659304425,2785.1667077571988,8.148497438431534,205.3336403407369,0.40676639114020935,0.21485797240865107,0.010194161180967394,0.3373898484783572,0.010814088349059415,0.004119183251204113,0.005718677826139187,0.010139603655447407,H,10HZ
H_10HZ,-0.0138143154578125,0.002993007257956362,0.0029928903413267757,0.0094650054578125,-0.0116125345421875,0.02107754,5.820766091346741e-13,-4.4703483581542967e-10,1.2427728667783084,3.880040099684881,4.822008559511327,-0.01634625953671875,0.0026362880783359775,0.0026361850963215108,0.009753009536718751,-0.00884666046328125,0.01859967,1.1641532182693482e-12,1.1920928955078125e-09,1.250374803773892,3.6996679583039414,4.625971599147644,-0.010818876147656252,0.0016133567417408868,0.001613293718762221,0.006387616147656251,-0.007023873852343749,0.013411490000000002,-1.0477378964424133e-11,-5.960464477539063e-09,1.244062138819048,4.353747718908234,5.416332702420843,50.0,736.7338632925573,1702.0841610801833,5.272510649770843,733.7896048378564,0.8428645409579729,0.07222679474966483,0.0008997337675381564,0.08024610829911587,0.00215914406991601,0.0005663596756536369,0.0008720863221777487,0.00016522278608870175,50.0,928.9144234509065,1795.4786781278158,6.135605156024606,569.3007349482291,0.7526082146781418,0.1511369933282882,0.003818154003559298,0.08674007730257982,0.003344478835265033,0.0007053066634921501,0.0014070275418227682,0.00023974761998470367,58.0,2742.267421768251,2801.134107022507,8.00707392306847,213.21454650783542,0.44447969407545385,0.19172190413459486,0.009315164326046375,0.3257750594278176,0.00989618832361218,0.0037725526253896955,0.00532474304746289,0.00971468698691763,H,10HZ
H_10HZ,-0.01383813194375,0.0028833134002914937,0.0028832007686619156,0.009508191943750001,-0.00935818805625,0.018866380000000002,3.2014213502407074e-12,2.2351741790771484e-10,1.2401707605990198,3.2977904431070653,4.089823283542769,-0.016309877228906252,0.0026019326752390517,0.00260183103525873,0.009253237228906253,-0.008675932771093749,0.01792917,-5.820766091346741e-13,0.0,1.2762605661547504,3.556432796732192,4.538934936393265,-0.010802905559375,0.0016357122231464205,0.0016356483268897056,0.006371645559374999,-0.007039844440625002,0.013411490000000002,1.3969838619232177e-11,1.251697540283203e-08,1.258926979497401,4.304008582155142,5.4184325273761775,50.0,790.588298478418,1762.0125576767603,5.518342059681296,680.9884014511591,0.8307080482407839,0.07721884613012593,0.0010056907115805216,0.08695340541786924,0.002273794526239304,0.0006246180956238878,0.0010414499805416902,0.0001741408850480169,50.0,956.2425563172847,1822.3818264415245,6.334269117946662,554.5594665175041,0.7463403038196184,0.1539598106509236,0.003727133572330291,0.08998071212157265,0.0034540798717798095,0.000746624189012547,0.001552153896542109,0.00023918136799585247,6002.0,2679.8900471524407,2790.9734106575206,7.98204295940729,219.16429997895062,0.456809312088866,0.18817631959462963,0.008829838986832716,0.3184186293206675,0.009785438722498397,0.0036039708292043404,0.0053255734332758285,0.009050909944313996,H,10HZ
H_10HZ,-0.01384828827265625,0.002969065614393655,0.002968949633002787,0.009518348272656251,-0.009438921727343749,0.01895727,-5.820766091346741e-13,1.4901161193847657e-10,1.2353895617045092,3.2059648852390454,3.9606155557495235,-0.0163867669328125,0.002598267858786885,0.0025981663619662524,0.009330126932812502,-0.008512623067187499,0.01784275,5.820766091346741e-13,-2.2351741790771484e-10,1.2614054097107052,3.5910429238875077,4.5297609724384955,-0.010790039409375,0.0016023580657468298,0.0016022954724123366,0.005671889409375,-0.005714690590624998,0.011386579999999999,3.4924596548080443e-12,-5.960464477539063e-10,1.2570780251331446,3.566564772510203,4.483450203534711,50.0,753.8860080603213,1730.285767637185,5.372813543768543,722.0971063745161,0.8424753143784266,0.06930138907171669,0.0009273081324770319,0.08331960168841672,0.002202859669952691,0.0005897528756017779,0.001016401242596509,0.00016736846170164305,42.0,945.2085957201798,1837.1498302373814,6.194672295443727,552.9983758647346,0.7575199635421751,0.14095269346940686,0.003954771921583039,0.09132039527172359,0.0036628372728312367,0.0007324652184933788,0.0016135098661253918,0.00024336020022193956,58.0,2794.860733738351,2805.5862693059107,8.07308477411781,210.31737987908224,0.43623864736730134,0.18857556248046684,0.009415850639604801,0.33725467454725766,0.01050185283575795,0.003641280342798353,0.005537174583854898,0.00883492005259253,H,10HZ
H_10HZ,-0.01391050787890625,0.002760134092559978,0.00276002627271609,0.009377927878906251,-0.009376702121093749,0.01875463,2.1827872842550277e-12,5.960464477539063e-10,1.252762646101067,3.3977676112046,4.256596344991406,-0.0164249323515625,0.0025241272465799896,0.002524028645933589,0.009019632351562501,-0.008480417648437499,0.01750005,4.365574568510055e-12,1.6391277313232422e-09,1.2277373608917646,3.5735063318399103,4.387327234721366,-0.0106975201875,0.0016030019532759943,0.001602939334789153,0.0055793701875,-0.005431729812500001,0.011011100000000001,6.984919309616089e-12,2.9802322387695314e-09,1.2502788099684166,3.4807120038346215,4.3518604647120585,50.0,840.8244977362194,1836.648132468154,5.805206051156055,624.0456759791247,0.830908008941827,0.0667375755229001,0.001072039668931357,0.09689076024234348,0.0024226342658264064,0.0006746635685334841,0.0010969245944937778,0.00019738216261897914,58.0,999.4987930737352,1875.8888378997299,6.424552023810116,521.8894364244717,0.7404107937923293,0.15207165909406237,0.0043315917084696814,0.09673382554086621,0.003722841141332285,0.0008377434404220872,0.0016211607272773184,0.00027036760737034416,6002.0,2776.004196004187,2807.6784090022607,7.891093650568618,210.48643920010144,0.44257127443382704,0.18242839718000112,0.009856502323147874,0.3374906746134987,0.009868924671561191,0.0040135815257840496,0.005156696032436528,0.008613925866113745,H,10HZ
H_10HZ,-0.013920965467187501,0.002516628106346365,0.0025165297986408505,0.0081159254671875,-0.010009924532812499,0.01812585,0.0,9.685754776000977e-10,1.2471017671473996,3.9776697793290894,4.960559012901305,-0.016467628534375,0.0025332480637761945,0.0025331491068409126,0.009062328534375,-0.008437721465624999,0.01750005,1.7462298274040222e-12,1.6391277313232422e-09,1.2301544014298629,3.5774951053312156,4.400871351654298,-0.01069194165078125,0.0015728942676183503,0.0015728328252359513,0.00610721165078125,-0.00609588834921875,0.0122031,4.074536263942719e-12,2.384185791015625e-09,1.2534066420021517,3.882937556305215,4.866899726646913,80.0,986.040043208652,1975.7172590284738,6.290397001312112,518.792989828445,0.8008697350794145,0.07611022756133094,0.0013569272312869197,0.11649632610086239,0.0028825983420598137,0.0007944047034292367,0.0012434694498793585,0.00024630784642185635,60.0,992.9961046432471,1861.0009889607911,6.2821862923995635,525.6678934054823,0.7375282738823964,0.1566691347872817,0.004581522511980353,0.09499061227963941,0.0036236186613015408,0.0008371758794920579,0.0014879568126027263,0.00028170380347897303,6002.0,2871.123042192087,2821.872242079998,8.034520005784008,202.65395175894503,0.4259109149788269,0.18514699018066488,0.010325668571478517,0.34923004776926014,0.01050487770622198,0.004178020799884677,0.005402995184723305,0.009300463855181768,H,10HZ
H_20HZ,-0.013722157095312501,0.006567173794909241,0.0065669172596723255,0.0223894870953125,-0.021476112904687497,0.0438656,-6.912159733474255e-13,-9.080395102500916e-11,1.2277598901536289,3.409436453447907,4.185969326208413,-0.0163917277015625,0.007084093869503896,0.007083817141682172,0.0222101777015625,-0.0282263222984375,0.050436499999999995,6.275513442233204e-13,8.963979780673981e-11,1.2759368742151285,3.984620400259239,5.084124099158318,-0.01055396788359375,0.004880719503324541,0.0048805288464951035,0.01704589788359375,-0.01888694211640625,0.03593284,3.637978807091713e-14,4.656612873077393e-12,1.24874954429297,3.869855646094549,4.8324804755303,40.0,708.7566330605139,1299.0472444710172,6.862753369353128,3532.751042378433,0.7759493221980762,0.18383693628524497,0.000692591644197658,0.037181727091996054,0.0014026613762670292,0.0005994133375166193,0.000258238970705221,7.910550631890414e-05,50.0,819.206895741861,1116.3589672798248,6.984670121214278,4110.783747989176,0.6496298581685281,0.3260836115771058,0.005089498173812333,0.017255603054998597,0.0013118929793432532,0.00023477692482959075,0.0002719229975556294,0.00012282110181208855,20.0,1937.5374272139034,2427.7419937743184,7.771028912609175,1951.2985045037929,0.5339522149566186,0.25009157466655957,0.009993713528168326,0.18699003771237563,0.006188560420766237,0.004631527970774586,0.003257553124387871,0.004894817529225587,H,20HZ
H_20HZ,-0.013852918447656251,0.006329088677097995,0.006328841442242646,0.02061602844765625,-0.019923891552343746,0.04053991999999999,-1.8189894035458566e-13,-2.3283064365386964e-11,1.2318047452972272,3.257472735340549,4.01257037370284,-0.0163938765609375,0.007427661492609268,0.007427371343915136,0.0222123265609375,-0.029249293439062497,0.05146162,-2.9103830456733704e-13,-1.862645149230957e-11,1.2811074248637024,3.938041075472401,5.045053661885184,-0.010595222840625,0.005055938371974531,0.005055740870524351,0.018112272840625,-0.017196257159375,0.03530853,-3.2741809263825415e-13,-8.847564458847046e-11,1.2408333201355037,3.5825160546972388,4.44530529146798,40.0,789.1468907724205,1351.8836281757315,7.173290485722018,3281.24287888724,0.7426785189584582,0.21287749290216984,0.0007155258823474667,0.041105240366961907,0.0015458825867221513,0.0007000994926615221,0.00028018619762740926,9.703561902259499e-05,58.0,859.409801146916,1090.1330572660768,7.147362060586146,4519.186071492636,0.6177891439974582,0.3600092297380032,0.004755504080095734,0.01563793255338695,0.0011935457072993062,0.0002376986203682517,0.0002629463713635196,0.00011398012097864387,58.0,1889.6448653513773,2361.4289980907074,7.86904449427407,2093.917481671721,0.5198318187386184,0.2783787553934377,0.009253127309408396,0.17433594643619188,0.006061712659641501,0.004715438102831029,0.003017362752482124,0.004405808576879291,H,20HZ
H_20HZ,-0.014034716257812501,0.005779198121231125,0.005778972366895164,0.020797826257812502,-0.0184025837421875,0.039200410000000005,-5.820766091346741e-13,-1.1175870895385742e-10,1.25041872242362,3.598879685487673,4.50010653926252,-0.01640657985859375,0.007147524020493001,0.00714724481488261,0.02201493985859375,-0.030135060141406253,0.05215,-4.729372449219227e-13,-2.444721758365631e-11,1.2837613964837846,4.216318444058347,5.412746854522001,-0.010676382675,0.004943461715215879,0.00494326860747092,0.018719402675,-0.017167247325000003,0.035886650000000006,1.382431946694851e-12,2.9802322387695313e-10,1.2457555813693053,3.7868471567419824,4.717485982258135,20.0,897.1849688207153,1425.7939775283596,7.538800985706122,2735.843057148424,0.7010862753633325,0.2471375856814202,0.0008846950579947335,0.047644927953455325,0.001922781236771449,0.0008763796513523671,0.00033926218684189824,0.00010808829539363746,20.0,956.9905495369212,1108.7558549243097,7.226739941246799,4184.728271952155,0.5679271589073535,0.40826138101720194,0.005168318411640905,0.016691364461950912,0.0012656680085912405,0.00027146386617689686,0.0002985699855938971,0.00011606184927675218,58.0,1990.108588470378,2360.7689397506974,7.943487142045532,2001.7893345002194,0.48362691971311705,0.3075964798455229,0.009550392513231979,0.1799750843173456,0.0066340478817808754,0.0051371782221675474,0.00309751128110735,0.0043823504952406524,H,20HZ
H_20HZ,-0.01403257706015625,0.005878249625639641,0.005878020002028716,0.02422417706015625,-0.019669732939843747,0.043893909999999994,1.8189894035458566e-13,4.190951585769653e-11,1.2538792834187835,4.121145734052362,5.167419260757063,-0.016432185159374998,0.006861652516501355,0.006861384477964699,0.024282995159374998,-0.030295704840625003,0.0545787,-4.0017766878008843e-13,-1.1175870895385742e-10,1.2891275803629227,4.415392393984641,5.692004114039844,-0.01068357565,0.004744255316590952,0.004744069990497927,0.01872659565,-0.02001340435,0.03874,-7.275957614183426e-14,-1.862645149230957e-11,1.2476696320229212,4.218614899414842,5.263437700308807,20.0,930.4866254597486,1415.0611342609907,7.312777073433927,2830.4277144030507,0.6755724657138371,0.274808058551079,0.0009773646520818166,0.04529879646493589,0.0018853827726054212,0.0009624503380632875,0.0003734902457951706,0.00012196716198114123,20.0,1027.8617490421932,1130.2361335539276,7.2575680430640634,3856.6786785043405,0.5395187555720005,0.4348518218123965,0.0055751490231890554,0.017988671597547204,0.0013406458151835937,0.00029466332953035864,0.00031551414377897725,0.00011477041146764552,60.0,2158.1774915528067,2388.3812148821257,8.04863864089261,1843.7079116896089,0.43487799188894516,0.33889594651894195,0.010605932076788036,0.1948473985654617,0.006736482172341617,0.005698162711385534,0.003609003277208087,0.00472908108945903,H,20HZ
H_20HZ,-0.0140018515140625,0.0065094451698124636,0.006509190889644012,0.0241934515140625,-0.0197004584859375,0.043893909999999994,1.6370904631912708e-13,3.259629011154175e-11,1.245450168647747,3.7168139513064467,4.629106563198078,-0.01629509945546875,0.006848454422819477,0.006848186899843425,0.02414590945546875,-0.03043279054453125,0.0545787,-3.2741809263825415e-13,-2.3283064365386964e-11,1.294321436316207,4.443919388471004,5.751860126599141,-0.010554774346093749,0.00467100270995822,0.004670820245351031,0.01773210434609375,-0.020142205653906252,0.03787431,7.275957614183426e-13,1.4901161193847657e-10,1.253090641125658,4.312348707840314,5.403763808221942,20.0,856.2807337310743,1335.4378559844215,6.7205865366010045,3470.91485283338,0.684022918853476,0.2753708926989016,0.000626144878563193,0.037457534761835935,0.0014672139544225154,0.0007008680081420906,0.00027699984063509874,7.742526685043533e-05,50.0,1003.7646550000088,1137.4576489349447,7.1431181852769,3841.856686360899,0.5560398612540689,0.41819817659722414,0.005555938637072474,0.01807657686046429,0.0013530149484618822,0.0003170826585873426,0.0003337853365088687,0.00012552902606167017,6022.0,2202.6962984395477,2428.5763378136317,8.042364738890583,1787.2127711669887,0.43687726894450724,0.3258858742559302,0.010684520138145222,0.20543654656127922,0.006777330636527801,0.005657971580375513,0.003635110312564494,0.005045342399826425,H,20HZ
H_20HZ,-0.013966622908593749,0.006679122285387196,0.006678861377076958,0.023636722908593748,-0.019892137091406255,0.04352886,6.548361852765083e-13,8.381903171539306e-11,1.233563844825926,3.53903481006211,4.365625387926656,-0.016171405825,0.006730325559461617,0.006730062650984419,0.023415785825,-0.029124594175000004,0.052540380000000005,-4.18367562815547e-13,-5.122274160385132e-11,1.2842880586642613,4.3275368567946915,5.557803909436712,-0.010528618443750002,0.004656379292476957,0.00465619739910817,0.01900522844375,-0.01698870155625,0.03599393,4.0017766878008843e-13,1.3969838619232177e-10,1.2604712772787228,4.081705909484954,5.144873062309563,40.0,761.8328705124546,1312.2925056163685,6.365043914938392,3654.220947321171,0.7314923242708528,0.2291203417203522,0.0006124816180738883,0.036417052669898,0.0013718758698257588,0.0006774448974828799,0.00023834155635920145,7.013721136281617e-05,50.0,920.5396222289737,1137.6755162476127,7.116541154620277,3710.463452704909,0.6034156463183613,0.37065449624102054,0.005640548507410136,0.01828314028813692,0.0013205470447389522,0.0002753656714875341,0.00030393744433774563,0.00010631702840004775,6022.0,2155.688445666356,2460.091068650217,8.028423277480206,1776.039909969102,0.4701278902308309,0.2917181894080059,0.010713863657072173,0.2062800517258376,0.006846872226238285,0.005480987802328718,0.00352530645554846,0.005306795802754504,H,20HZ
H_20HZ,-0.013819214065624998,0.006449780628504261,0.006449528679027477,0.023489314065624996,-0.020039545934375003,0.04352886,-2.1827872842550277e-13,5.587935447692871e-11,1.2343895888051168,3.6420202515519198,4.4956718814301375,-0.01623095961171875,0.007063835416597838,0.007063559480137388,0.02347533961171875,-0.029090370388281248,0.05256571,-7.275957614183426e-14,-2.0954757928848266e-11,1.2715330582931659,4.118372679661651,5.236647009302561,-0.010615573563281251,0.004878976022592462,0.004878785433869071,0.01920691356328125,-0.017715286436718748,0.0369222,-1.8189894035458566e-13,-6.51925802230835e-11,1.2579045108145999,3.9368227645364144,4.9521471148029965,40.0,734.7869646092777,1343.7552602050148,6.7755692348266345,3407.5787431640474,0.766577867334085,0.189239727453052,0.0006979809721691329,0.04091918601243789,0.0014750689884146608,0.0007408932971558732,0.0002679218379990994,8.135299683309587e-05,20.0,837.0661634182815,1099.1310810370603,6.791771852882581,4087.3060724103602,0.6381229703551236,0.3389207647973861,0.005141817918405318,0.015895614028207872,0.0012418730307928792,0.00026991600308040495,0.00029817982898616295,0.00010884701030455868,20.0,1955.0059578517894,2413.517170882458,7.813314602435557,1949.9046757393958,0.5215360629164991,0.26445001447311833,0.009907079118170651,0.18466805882296125,0.006285482602211497,0.004975825763295941,0.0032460105405927578,0.004931465633843749,H,20HZ
H_20HZ,-0.013918839190624999,0.006045096038324969,0.006044859897148749,0.023578509190625,-0.020510590809375,0.0440891,4.3655745685100554e-13,9.313225746154786e-11,1.2440908775644406,3.900588200207248,4.852686197816117,-0.016253024765625,0.007127342312610884,0.007127063895363855,0.021803274765625,-0.035022345234375,0.05682562,-3.092281986027956e-13,-4.190951585769653e-11,1.2849224879008523,4.913993440165871,6.314100677552332,-0.010651170710937501,0.004972109478373363,0.004971915251553298,0.0192425107109375,-0.018216089289062497,0.037458599999999995,-1.1641532182693482e-12,-2.0489096641540527e-10,1.2493342769266118,3.8702410909066924,4.835224855812082,20.0,850.3017169638698,1420.6312287235412,7.177608639856568,2993.383946455837,0.7241584080158536,0.2241898135917808,0.0007892613270736125,0.04803517138018971,0.0016784538466856319,0.0007297999651733011,0.0003187977545740531,0.00010028309098835193,60.0,890.3732922258517,1088.6031051258249,6.994487857318554,4161.12968583963,0.5908555462586003,0.3876244223623364,0.0046941833868740035,0.014955833104456842,0.0012178699832238564,0.0002669454233233835,0.00028310204741603494,0.00010208397780839937,20.0,1908.4802285698092,2358.2389479238423,7.782420411264544,2025.0576596982041,0.5130461937898745,0.28570164017510624,0.008707863389562715,0.17414605991308002,0.006207073300528156,0.004495642714916041,0.0031406539138570913,0.004554802709095488,H,20HZ
H_20HZ,-0.01388291494140625,0.005648105560839562,0.0056478849274067605,0.02354258494140625,-0.02054651505859375,0.0440891,2.1827872842550277e-13,5.587935447692871e-11,1.254108939902698,4.168389625467722,5.227614695222318,-0.01626742421875,0.006614505993074951,0.006614247608887932,0.02181767421875,-0.03500794578125,0.05682562,-3.2741809263825415e-13,-4.656612873077393e-11,1.2989750644821825,5.292808471354333,6.875226226408794,-0.01061219987734375,0.004697724249078517,0.004697540740640819,0.01761668987734375,-0.01825506012265625,0.03587175,-7.275957614183426e-13,3.725290298461914e-11,1.2554309141596502,3.8860887274135445,4.878715924600867,20.0,1042.9140649485344,1488.1194628408364,7.4170633945221445,2613.1336531296197,0.6322981103376434,0.30919174197434224,0.0008162889979589035,0.05463356075646929,0.001803345329067524,0.0008020675065748381,0.00034849578071946997,0.00010638863058211776,60.0,984.0565285801537,1126.4323748298352,7.096521655481979,3583.8583958503145,0.546894237139264,0.42852168444586564,0.005509920694456012,0.016940775403284973,0.0014082076859278847,0.0003045334780728586,0.0003118934554890666,0.00010874760438157627,20.0,2067.272276795121,2408.128338869351,7.86209693060519,1807.7195496171114,0.4734035693956568,0.30447023465997974,0.009830324312407875,0.19256675263577536,0.006561487962704138,0.004747519369104201,0.0035344958675325596,0.004885613673139502,H,20HZ
H_20HZ,-0.0136101845265625,0.005622719638903541,0.005622499997127684,0.0231938645265625,-0.0200310354734375,0.0432249,-1.4551915228366852e-13,-2.7939677238464354e-11,1.255132614481456,4.125187111478195,5.177656885375715,-0.016298284446875,0.006380985329732645,0.006380736067624707,0.022107794446875,-0.027726745553125,0.04983454,3.637978807091713e-14,3.725290298461914e-11,1.272790920623416,4.34538355056914,5.530764730657534,-0.01040776454375,0.004674644438215342,0.004674461831350364,0.01607423454375,-0.01580133545625,0.03187557,-2.9103830456733704e-13,-3.725290298461914e-11,1.2530119433913989,3.438734793491237,4.308775767321845,20.0,1041.720316129115,1499.9539591289283,7.310308548417004,2589.6965151245336,0.6358926132375572,0.3048339973892285,0.0008642224159569605,0.05518325944786074,0.001837514625903612,0.0009057727807968743,0.000374785475099914,0.00010783017110068034,20.0,943.5372780765936,1146.0348586097348,7.145846576006373,3335.2739126186634,0.5860791350153343,0.387280563257447,0.006219939048323575,0.018163103148676946,0.0014631054239023968,0.0003360768037274656,0.00033678675544493317,0.00012128494908828264,20.0,2034.2954157019753,2465.3206281585317,7.7463277225472345,1790.0006123786736,0.5090132129465692,0.2609370972131723,0.0104174313668249,0.1994103378454114,0.00633038078363781,0.005099171839176792,0.0037145542174083016,0.005077813781007645,H,20HZ
H_20HZ,-0.013660558050781249,0.006279887503710628,0.006279642190813653,0.02174827805078125,-0.01998066194921875,0.04172894,-1.4551915228366852e-13,-5.587935447692871e-11,1.243633370101322,3.4632989247592825,4.30707411415255,-0.016321901878125,0.006833840074855963,0.00683357312276403,0.022868961878125,-0.033147588121875,0.05601655,-8.185452315956354e-13,-9.080395102500916e-11,1.272982017469005,4.85069633726504,6.174849210444769,-0.01049961733984375,0.004989810682662928,0.004989615764376064,0.01670397733984375,-0.01707134266015625,0.03377532,-5.820766091346741e-13,-2.9802322387695313e-10,1.2446214262076902,3.421374202522304,4.258315640386945,40.0,900.6928357106902,1403.3907555184894,6.953942119946046,3230.425583274076,0.6893476733319787,0.26218987065548316,0.0007106157233080785,0.045049539868156865,0.0015628508284809479,0.0007666630297882833,0.0002913162779812516,8.147022501550887e-05,20.0,906.4838660407513,1102.5856648316887,7.113321152169,3825.4773554805593,0.601231232817184,0.3754597013970795,0.005582780211998638,0.015808455653656423,0.0012538643875512872,0.0002777452495672841,0.0002896162411675841,9.660402656558579e-05,20.0,1905.0366428925247,2389.0409568692858,7.625960911622893,2039.5020690572644,0.5279713040719356,0.26481585083981446,0.009546590844458013,0.17919757188095414,0.005573825514427163,0.005023738653971707,0.0032174008811564686,0.004653716083254424,H,20HZ
H_20HZ,-0.013804665728906249,0.0066448316631451225,0.006644572094338479,0.024639945728906248,-0.01991701427109375,0.04455695999999999,3.2741809263825415e-13,3.725290298461914e-11,1.233055954157116,3.708281793825742,4.572518946257421,-0.016286092871093748,0.007261687396996648,0.007261403731792259,0.022833152871093748,-0.03318339712890625,0.05601655,-3.637978807091713e-14,0.0,1.2850865245983187,4.569832273483311,5.8726298751366475,-0.0107654918921875,0.004997828967186732,0.004997633735679512,0.0169698518921875,-0.0175951681078125,0.03456502,-1.891748979687691e-12,-4.5634806156158446e-10,1.2440780217688499,3.5206998021233424,4.380025245944009,40.0,824.5839610282944,1363.2495525233112,6.749197362339825,3616.7957325097786,0.718904800643001,0.2363933862210177,0.0006410099829508299,0.0415618479296259,0.001460383813384855,0.0006940533196450145,0.0002610087113620389,8.349965080265552e-05,60.0,896.5713188346075,1068.9227492743864,6.891548646489031,4319.476462095384,0.5863547314876351,0.39349488151506806,0.004781129560497366,0.013642051346595092,0.0011496221661636574,0.00024015567575171143,0.00025058899619303675,8.683923877257715e-05,20.0,1948.4133758646371,2365.1034639365334,7.748115279713728,2046.0620414342088,0.4965870245156238,0.29782154568591324,0.008936880388836168,0.17818675678949591,0.00576833323302856,0.004975355024290829,0.0030821645546000257,0.0046419139257806346,H,20HZ
H_20HZ,-0.01388553594453125,0.0061575294504112935,0.006157288917219132,0.02472081594453125,-0.019836144055468748,0.04455695999999999,1.0913936421275138e-13,-5.587935447692871e-11,1.2433842002118018,4.014886465922283,4.99204639818272,-0.01637234384921875,0.006837865363453962,0.006837598254121121,0.02206712384921875,-0.02997559615078125,0.05204272,2.9103830456733704e-13,3.725290298461914e-11,1.283847311611031,4.383936439718519,5.628305013229396,-0.010680538378125,0.004813377088298793,0.004813189062083823,0.016293368378125,-0.017680121621875,0.033973489999999995,-9.458744898438454e-13,-2.0489096641540527e-10,1.2425142967485545,3.6732655605569122,4.5640849756943025,40.0,822.8289712012352,1436.456146843888,7.092782324195398,3105.7679936307327,0.7428554721059258,0.20410199877009,0.000723059981700678,0.049422995019404926,0.0016038242063535738,0.0008991206403043508,0.00029599435677995595,9.7527355091125e-05,20.0,899.0566292479277,1095.2201640567816,7.0153812812757925,3829.985271409438,0.5902151694735426,0.38708667008947223,0.005558850081466138,0.015155454416907082,0.0013323005054737642,0.000264349253405694,0.0002853637813232537,0.00010184195460431347,58.0,2022.893926802481,2407.6923935889226,7.854442001672661,1897.823368222401,0.48601779359536934,0.2955265419641118,0.00976333064745908,0.18842014866074847,0.006486339064407884,0.005606957463415583,0.003435942404488429,0.004742927595111408,H,20HZ
H_20HZ,-0.014069624513281252,0.005722543210614503,0.005722319669404214,0.024615844513281252,-0.01735745548671875,0.041973300000000005,4.3655745685100554e-13,5.587935447692871e-11,1.2479723885054537,4.301724812857656,5.3684337903333015,-0.01650156759140625,0.0065855102995623785,0.00658525304804176,0.02266122759140625,-0.02699600240859375,0.04965723,4.0017766878008843e-13,6.984919309616089e-11,1.275693901720714,4.099463180465331,5.229660180442373,-0.0106186239890625,0.004777791798873186,0.004777605162735735,0.0162314539890625,-0.0166543360109375,0.03288579,-5.093170329928399e-13,-9.313225746154785e-12,1.2468039301019127,3.485917199133935,4.3462552647997565,20.0,912.3803098177277,1507.3847825608789,7.335811047441629,2682.465699692654,0.7151655586778324,0.22381514830244661,0.0008664393528096939,0.056675416597580346,0.0019065955520381089,0.0010760900810375146,0.00037302485314261803,0.00012171288017265524,58.0,949.6466679870198,1113.17376090443,7.201761862714312,3552.5064878975636,0.5675892089759085,0.4078266107904815,0.005843031406391384,0.016644033499082007,0.0013734307817256637,0.0002991462660775704,0.00031732514547501997,0.00010721281893808144,58.0,2046.9065918122856,2406.8514799974555,7.882480289119042,1869.8658687895563,0.47860308675187235,0.3003101382663595,0.009954746266017464,0.1909070231804994,0.006172250909159946,0.005936832794181038,0.0035301667966285994,0.004585754805419079,H,20HZ
H_20HZ,-0.0141158947171875,0.006012788250507543,0.006012553371378936,0.022132094717187502,-0.022256495282812497,0.04438859,1.4551915228366852e-13,5.587935447692871e-11,1.2482553550806816,3.70167113776596,4.6206308212324565,-0.01637295824140625,0.006596767870857462,0.0065965101795793755,0.02253261824140625,-0.02911823175859375,0.05165085,-7.821654435247183e-13,-1.210719347000122e-10,1.2941703844653245,4.414187344744805,5.712710533916375,-0.01063200104609375,0.004695847462034568,0.004695664026910296,0.01883147104609375,-0.01664095895390625,0.03547243,1.0913936421275138e-13,9.313225746154786e-11,1.2464871121731298,4.010395746834189,4.998906614207331,20.0,858.6392120837286,1447.5093770247297,7.2270414597413675,2961.4733774950073,0.7267214258195577,0.21885975527538618,0.0007879379009273491,0.050603130925496516,0.001733849172350778,0.0008527032325211531,0.0003428691401485699,9.83273472236513e-05,20.0,965.3151624914286,1111.3480278676889,7.27320148465535,3564.6625013290704,0.5729475883763672,0.40291221963606005,0.005439635639169142,0.016618829950935967,0.0013480528537475175,0.0003094288502656556,0.00032477767303510096,9.946701431539428e-05,6022.0,2124.8868289777597,2427.2352237228897,7.9765527975063835,1806.2754330056136,0.4631984771169352,0.3053173628543076,0.009724183092367713,0.20155526776632704,0.006050693945518663,0.0058395005491556065,0.0035520860744371967,0.004762428311835032,H,20HZ
H_20HZ,-0.013989038096093752,0.006321247050294652,0.006321000121758833,0.022470118096093752,-0.022383351903906244,0.04485346999999999,-3.637978807091713e-14,-6.51925802230835e-11,1.2454748727753664,3.554835889844367,4.427458778341657,-0.01622035081171875,0.006637595779102588,0.006637336492953185,0.02138618081171875,-0.02927083918828125,0.05065702,-4.0017766878008843e-13,-7.450580596923828e-11,1.2961209732106407,4.410027910284174,5.715929667824789,-0.010579660605468751,0.004643335600053896,0.0046431542162142965,0.01877913060546875,-0.018794199394531252,0.03757333,-2.7284841053187846e-13,-3.259629011154175e-11,1.2502552339025974,4.047722413537882,5.060686134000516,20.0,742.3811107921907,1397.0743830000627,6.660448495838245,3273.117090532361,0.7730687370147323,0.1774364660005408,0.0006791075350771526,0.0462454416435945,0.0015191811445883024,0.000660644102708903,0.00030459885136100464,8.582021534668536e-05,20.0,923.2708239387007,1110.5233578866284,7.039352357945634,3608.922993649962,0.5907872390618478,0.3853599110358376,0.005643049255133143,0.01612064587131132,0.0013604505791111725,0.0002968713397618195,0.0003391072576002959,9.272370897402632e-05,6022.0,2180.732337590779,2462.817738933884,8.020225798314733,1766.1035386100805,0.4620100789202319,0.2956427671888046,0.010121386449303516,0.21114824854649875,0.006763684167398239,0.00541140079101163,0.0037907383340230905,0.005111694582244314,H,20HZ
H_20HZ,-0.0139518999625,0.006398272289996719,0.006398022352603707,0.0248214499625,-0.0201020500375,0.0449235,3.4560798667371273e-13,1.6298145055770876e-11,1.2329644188272586,3.8795503658281585,4.783347562862023,-0.01624266332890625,0.006815486931746952,0.006815220696588674,0.02349598332890625,-0.02607631667109375,0.0495723,7.09405867382884e-13,8.847564458847046e-11,1.2754099125722143,3.826188149757195,4.879958294282704,-0.010630853978906252,0.0048580964561122705,0.004857906683012876,0.017981023978906253,-0.01874300602109375,0.036724030000000005,5.820766091346741e-13,1.5832483768463136e-10,1.2532523779950624,3.8582474387118286,4.835357778454316,40.0,705.4495979947901,1400.4923379975007,6.46122932051212,3353.369811178469,0.7979069273522812,0.1517758729043594,0.0005981792094652225,0.04715758628708796,0.0014932419498023977,0.0006961716315833017,0.0002894553859469457,8.256266821537358e-05,20.0,856.7593532537054,1090.4234624769679,7.1310103924480375,3804.957341403214,0.6347249771353262,0.3429310880257757,0.0051560565092065875,0.015149834676731842,0.001352141252831725,0.00027475455689500737,0.000321782958816077,8.936366947353396e-05,6022.0,2008.8377523638264,2433.4790523725414,7.877504869186175,1933.2511985382205,0.5154997392453158,0.26225020845502406,0.009351795092117157,0.1931875496738461,0.006403982729722673,0.0048384722891557175,0.0035638015968644508,0.004904412459553398,H,20HZ
H_20HZ,-0.01393165493671875,0.006314539910357835,0.006314293243824787,0.02480120493671875,-0.01813165506328125,0.04293286,7.275957614183426e-14,4.656612873077393e-12,1.2409651136548605,3.9277879526811477,4.874247823883091,-0.016395925194531247,0.0067105280198516744,0.0067102658847309725,0.024723535194531247,-0.025012664805468755,0.0497362,-3.4560798667371273e-13,-5.122274160385132e-11,1.275154203977029,3.727522162520694,4.753165556664151,-0.010761005595312501,0.0048976490749301155,0.00489745775677637,0.0181111755953125,-0.018198634404687497,0.03630981,-1.891748979687691e-12,-4.656612873077393e-10,1.2517903908090449,3.7159349411010254,4.651571653091631,40.0,795.3390430684261,1439.247724051209,6.922901828295948,3266.1749193991377,0.7575968047502543,0.18860357432202698,0.0006868608524123417,0.05048106746696253,0.001492198651166005,0.0007393801337658816,0.0003074379266024994,9.2668871022108e-05,20.0,891.1324084719909,1093.5437317919097,7.227114140844732,3688.666584312765,0.6168650376816097,0.36058305101637433,0.005516900924703491,0.014963724993474509,0.0013788030781311435,0.0002730659016198866,0.0003218899077324954,9.752553017724838e-05,60.0,1954.3054252220938,2405.3595955359933,7.839474200276436,1964.8587762514248,0.523199437564597,0.26477052898331976,0.009367025568150472,0.18321616974533134,0.00623406381186682,0.004768778574465904,0.003557877394121996,0.004886118013859694,H,20HZ
H_20HZ,-0.013865052402343751,0.006009942966618425,0.00600970819863589,0.023997052402343753,-0.018245937597656248,0.04224299,-1.1641532182693482e-12,-1.9557774066925048e-10,1.2509819228833214,3.993047849444281,4.995230677694112,-0.01639254778359375,0.006756494165969015,0.006756230235260658,0.02472015778359375,-0.029486042216406248,0.054206199999999996,-2.0008883439004421e-13,-3.725290298461914e-11,1.2924387494558705,4.364274334251486,5.64055726367721,-0.01080563307421875,0.004789082980721338,0.004788895903513481,0.020813963074218747,-0.01963655692578125,0.04045052,2.9103830456733704e-13,-7.450580596923828e-11,1.2584568989996874,4.346296826916162,5.469627228075243,20.0,965.0671294810795,1491.7286757028533,7.461208515604738,2958.671270903165,0.6839051095034365,0.2565230491125791,0.0007833307608737438,0.05612836272447205,0.0015041577882310626,0.0007403222073416049,0.0003187572603332143,9.690900134104059e-05,60.0,949.8308834578605,1082.2296106725767,7.125735567643968,3739.37332187138,0.5774296705945859,0.40084414295579024,0.005873313256163353,0.0138638723136187,0.0013171409840482342,0.00026306513020047095,0.00031007921263256466,9.871539303791891e-05,20.0,2018.997122444109,2379.664578570173,7.823059392227051,1878.714307771661,0.48820986016260254,0.2981625204847411,0.01029721176649813,0.18391344286432781,0.006135451201284771,0.004948060658697521,0.003506782186061374,0.004826645376353686,H,20HZ
H_20HZ,-0.0137689950125,0.005824237730750935,0.005824010217020863,0.021069995012500002,-0.0207394049875,0.041809400000000004,4.3655745685100554e-13,1.5832483768463136e-10,1.2429848312671126,3.617781257887299,4.496847227168489,-0.016377095668749998,0.006675569771326881,0.006675309001789433,0.02123598566875,-0.02950149433125,0.05073748,-1.0913936421275138e-13,0.0,1.2951882876602752,4.419494935578579,5.724078078792778,-0.010728893767187499,0.004722123452393367,0.0047219389908431724,0.0207372237671875,-0.019713296232812504,0.040450520000000004,7.275957614183426e-14,8.381903171539306e-11,1.2600320037742532,4.391675496657123,5.533651677151066,20.0,1083.3028756728334,1516.3872373675172,7.333800570905201,2778.652266975723,0.6211027144466557,0.3163413551212582,0.0007821507945091647,0.05890602609900553,0.0015859313324373273,0.0008439390006037096,0.0003346869753597751,0.00010319340623954051,20.0,992.9348755042214,1081.234532221533,7.217058351750627,3650.334742103646,0.5427116413196995,0.4354922471456255,0.005823322562584064,0.013885228282521742,0.0013973503064207114,0.00028363805216660156,0.0003094307193763188,9.714159145940716e-05,20.0,2057.522004150238,2377.007854663299,7.882604714529882,1826.5463072555642,0.46560114322143165,0.3183081175219472,0.010083597950021029,0.1860200268796037,0.006348862827373208,0.005349375937655624,0.0034869401552191297,0.004801933802844036,H,20HZ
H_20HZ,-0.0136713974515625,0.005934982152452367,0.0059347503126838275,0.0213255274515625,-0.020837002548437504,0.042162530000000004,-2.3646862246096135e-13,-8.381903171539306e-11,1.243960740200973,3.5933318715013107,4.469963775413703,-0.01642630513046875,0.006496037724618964,0.0064957839681890695,0.02128519513046875,-0.02518790486953125,0.0464731,5.820766091346741e-13,2.7939677238464354e-11,1.271775973669579,3.877577362332709,4.931409726218971,-0.010636594902343753,0.004760679761338401,0.004760493793652972,0.018792854902343753,-0.01789839509765625,0.03669125,-9.094947017729282e-13,-2.2351741790771484e-10,1.2530578278243694,3.9476692362149595,4.946657839139711,40.0,1036.9499324732524,1497.305230910742,7.051832141206281,2885.325723611679,0.6313005267305591,0.3088457560926739,0.0007050213987855149,0.05631242301615619,0.0015923260145316988,0.0008229089976961407,0.0003236117289566647,9.74259833987823e-05,20.0,1013.208161767231,1091.8716135269176,7.0689120488275545,3456.631561863956,0.5276295622929664,0.44964463589747405,0.005651353364499318,0.01481757643520746,0.001500793752360611,0.00030984152981955156,0.0003405822675520742,0.00010564810738555202,20.0,2003.3686757995383,2403.884337172224,7.6396711407592095,1856.4957216532048,0.49413767317468565,0.29121701198291483,0.009310412326749439,0.18505825271471985,0.006557342104576178,0.005362638227870371,0.0034839745190448387,0.004872683449854368,H,20HZ
H_20HZ,-0.013628200023437502,0.006226647893473857,0.0062264046602897765,0.021887270023437502,-0.019844649976562496,0.04173192,3.092281986027956e-13,9.546056389808654e-11,1.243648270486343,3.5152341060504786,4.371714817046409,-0.016292222940625,0.00681327176392125,0.006813005615294655,0.022088322940625002,-0.035024867059375006,0.05711319000000001,3.637978807091713e-13,3.259629011154175e-11,1.2715867669306347,5.140883338714133,6.5370792248025715,-0.01062152611328125,0.004998321093758477,0.004998125843027187,0.01877778611328125,-0.01816825388671875,0.03694604,-4.729372449219227e-13,-1.0244548320770264e-10,1.2529081135214206,3.7569654505039924,4.707132496097891,40.0,893.5690864458959,1457.2056140901102,6.883704810243168,3175.88398638111,0.7012628871535738,0.24336281312141533,0.0006765872551366889,0.052056567097023165,0.001526855698052293,0.0007258620819172512,0.00029961781370762094,8.880593836020257e-05,20.0,947.9377803274014,1072.8519923120184,7.136655518197454,3802.4843721625957,0.57722790709201,0.4016547170842267,0.005225072740935463,0.013903785133301356,0.001331781496928882,0.00026857838164767684,0.00029873135760623455,8.942479211313933e-05,20.0,1859.3154200768197,2356.5930635063096,7.656571390918905,2046.4649887498108,0.5380463661390013,0.26476036574800493,0.008589217170198166,0.1703627329814814,0.006079906395929671,0.004582256002765307,0.0030176026313816348,0.004561542766529461,H,20HZ
H_20HZ,-0.0135874331578125,0.00645296511654563,0.0064527130426723514,0.0270346831578125,-0.020050806842187498,0.047085489999999994,5.820766091346741e-13,1.3969838619232177e-10,1.2417489673198914,4.189661460976202,5.202507793393398,-0.016184497803125,0.007157200454674175,0.00715692087107069,0.021980597803125,-0.03513259219687501,0.05711319000000001,-7.457856554538011e-13,-7.450580596923828e-11,1.2817029789388612,4.908897670502007,6.291748768467572,-0.010585192114062498,0.005035002122248299,0.0050348054386363476,0.020775302114062498,-0.018204587885937505,0.03897989,-3.637978807091713e-14,-7.450580596923828e-11,1.24528565562904,4.126336630708623,5.138467817538701,40.0,856.4607198304504,1429.2282360465194,6.926419525144743,3410.9444600803863,0.7203135920420071,0.22717168875207044,0.0007276752323476757,0.04924328308402654,0.0015043109046145458,0.0007025934197296497,0.00025593197591136467,8.092434231451968e-05,60.0,864.0534881707455,1050.1507679886959,7.055761514744294,4196.066620941962,0.6208580602778323,0.3598529688155673,0.004975801003648752,0.01257007617153256,0.0011723449015235655,0.00023961918326475634,0.00025296840914152123,7.816068486218333e-05,20.0,1839.9662407679218,2339.3100303747883,7.765217097398832,2076.6118614896086,0.5387305905244453,0.2676013340912913,0.00903427258062378,0.16680530434621257,0.005592223614899674,0.004559018665597893,0.0031549073365725513,0.004522342339010462,H,20HZ
H_20HZ,-0.01366495937109375,0.006050548133752464,0.006050311779599607,0.02711220937109375,-0.01997328062890625,0.04708549,9.094947017729282e-13,1.0244548320770264e-10,1.2461350658407917,4.481125990569503,5.584088232222153,-0.0163006635578125,0.006741760156212475,0.006741496801062617,0.0214650035578125,-0.027852506442187498,0.049317509999999995,-1.8189894035458566e-13,4.656612873077393e-12,1.2842289971573482,4.131501840016566,5.305794465545248,-0.010601674540625,0.004765673601940155,0.004765487439179017,0.020791784540625,-0.017034845459375003,0.03782663,-1.1641532182693482e-12,-2.8870999813079834e-10,1.2429677718081653,4.362992202082889,5.423058696977356,40.0,939.2986670974722,1498.2918371350902,7.259308533856214,2998.785868018788,0.6982788159122989,0.2416423527019131,0.0008277658958736439,0.056196582090649864,0.0017797549779527094,0.0008602795764198168,0.0003141810882158844,0.00010025832649270943,20.0,867.1046503723704,1083.1403687246054,7.275642766410838,3723.0820724898444,0.6184492995899831,0.3599796609038967,0.005518587659997596,0.01402892302501891,0.001355298048144595,0.00027648079674884405,0.00029780442536252774,9.394174600502823e-05,6022.0,2001.0188529593192,2402.9552917646365,8.059936825937635,1860.3926163204062,0.5037680854329277,0.2809108633749239,0.010083495221218436,0.18511572559781728,0.0064255528398644915,0.00532448923563404,0.0036112141342677625,0.004760550233708483,H,20HZ
H_30HZ,-0.01171217526796875,0.04244783483450528,0.04244617668357067,0.17863985526796874,-0.15979576473203125,0.33843562,-3.4106051316484808e-15,-1.0004441719502211e-13,1.2823758359905149,4.208620639627713,5.3970334112366745,-0.01473288416328125,0.0388369645080382,0.038835447409480695,0.16942766416328126,-0.11283495583671874,0.28226262,3.4106051316484808e-15,5.456968210637569e-14,1.328759584247325,4.362706636863853,5.796988257141529,-0.00888142414140625,0.02958241873458386,0.029581263148781563,0.13243222414140626,-0.12785289585859375,0.26028512000000004,2.842170943040401e-16,-6.366462912410498e-14,1.2935072517207087,4.4768955088513245,5.790896806090823,148.0,827.7272453676197,683.8775955198446,7.716924423428867,147593.45480412644,0.821207812063721,0.17051626226050362,0.002685513408356647,0.004949069798445262,0.0005286912605974855,9.870232662096395e-05,1.0999493964434529e-05,2.949347232773441e-06,118.0,745.5895885961526,923.0086779958772,7.4231371940930035,123551.09358174985,0.732167608439587,0.23491806275537427,0.030083652895286757,0.002006954798625457,0.00046119949326256233,0.00015074428788321097,0.00011519409320488745,9.647074506478373e-05,60.0,1196.3677055768949,1296.8577742700727,8.480393251125866,71684.18942919168,0.7302843209816737,0.1628356266957711,0.07892343887868714,0.02400097570180624,0.0022114894334777056,0.0009387167548761532,0.0005214483177509697,0.0002839580589142399,H,30HZ
H_30HZ,-0.0120787130453125,0.03995142681660412,0.039949866183512386,0.1790063930453125,-0.16101309695468752,0.34001949,-2.415845301584341e-15,-8.185452315956354e-14,1.2972234708220383,4.480775785794973,5.812567516969796,-0.014875332587500002,0.04189227067993538,0.04189063423114943,0.20325603258750002,-0.11269250741249999,0.31594854,9.663381206337363e-15,1.8644641386345028e-13,1.3258878761766988,4.852063863752842,6.433292651538536,-0.00880288193515625,0.034076321503036966,0.03407499037072907,0.14474601193515624,-0.12793143806484375,0.27267745,-8.810729923425242e-15,-2.091837814077735e-13,1.309254515317903,4.247866554211777,5.561538466732885,326.0,896.7714099650469,766.4824773249278,7.815396511137142,130743.6508664986,0.7501895791283599,0.23901402651790804,0.0039075102471562905,0.005820968947276308,0.0008175812259219677,0.0001842323307618273,3.889129637589472e-05,2.7180499206958625e-05,118.0,836.1241724900528,948.9750373645354,7.388929719127646,143755.28335682958,0.6841243957334489,0.27615091455588153,0.03762787607732462,0.0016448917991101182,0.0003979308502199153,3.2801271338042793e-05,1.6037775105413785e-05,5.151935891380282e-06,814.0,1211.052365886034,1224.550188962669,8.292904481088577,95117.71959847902,0.7307676023870162,0.16707928509089054,0.08014769079920712,0.01798375162682785,0.0024878912743709295,0.0009066677246827871,0.0004256573319773924,0.00020144204844343264,H,30HZ
H_30HZ,-0.01215733150703125,0.036994872571220826,0.03699342743078506,0.16619799150703124,-0.16093447849296877,0.32713247,1.1084466677857563e-14,1.4097167877480388e-13,1.2997164062269473,4.492635666524712,5.839152283140347,-0.014875663990625,0.042096252094519664,0.042094607677554075,0.218193623990625,-0.11063002600937501,0.32882365,-9.094947017729283e-15,-2.4556356947869064e-13,1.3211904047599259,5.183410323165645,6.848271983062684,-0.008860759821875,0.03471426073995805,0.034712904687661986,0.162820969821875,-0.121594700178125,0.28441567,-2.842170943040401e-15,-1.4551915228366852e-13,1.3113345340878397,4.6905026036342035,6.150818046551649,148.0,921.1444145406706,814.4113371916661,7.88072481137336,112108.64024640384,0.6951826562823924,0.2930440570066928,0.004260022133174095,0.0063352115784137365,0.00095234813918244,0.00020292536612693035,1.690066333307557e-05,5.876191179035402e-06,118.0,876.4112117832307,985.4167520702765,7.261710306544544,145158.6372615259,0.6701337529821147,0.2848518976632178,0.04262063024534483,0.0017766121725160157,0.00047998095917156907,6.747167615810572e-05,4.058099616065565e-05,2.904426208116078e-05,828.0,1213.538681524332,1226.664075784111,7.937091116117227,98712.43445900558,0.7282232700862954,0.17073011848297295,0.07970980825627838,0.017015519045042532,0.0026847217268546413,0.0009969965269650348,0.0004383621194794481,0.0002011699798551788,H,30HZ
H_30HZ,-0.012016635,0.0372628087856152,0.037261353178716636,0.146723055,-0.14982568500000001,0.29654874,-1.2789769243681804e-14,-2.683009370230138e-13,1.300813233507902,4.020940524552882,5.230492645626967,-0.014954967027343748,0.039239197973336,0.03923766516222686,0.21827292702734374,-0.13433111297265624,0.35260404,-9.094947017729283e-15,-2.6375346351414917e-13,1.3124394763398648,5.562841879590402,7.300893283597165,-0.00915048578125,0.030874509084777565,0.03087330302571014,0.16311069578124998,-0.12043183421875,0.28354252999999996,1.3073986337985844e-14,4.547473508864641e-13,1.3044465575981827,5.283227895639616,6.891688441697012,148.0,883.8643200065585,809.8343935188831,7.846395771998094,113738.41950458463,0.7325247662140748,0.255200541939788,0.004141510892804608,0.006901602497157975,0.001007004966698013,0.00020447651031156843,1.5850756611573858e-05,4.2454893127140035e-06,118.0,888.3255174193023,1001.2841891205469,7.343383394636331,126123.57155742554,0.6668675120569041,0.2856410391041794,0.044750838659542554,0.002139516781505271,0.0004942670576578986,5.7012973238568826e-05,3.051356051179357e-05,1.9284243824246767e-05,826.0,1278.0887033902845,1336.0546357866035,8.26686507581342,78082.93622639103,0.6928612869308258,0.18561658255058125,0.0942899802533102,0.021984546172678844,0.0032946380606016915,0.0012254344794776757,0.0005047546149012076,0.00022277087361163877,H,30HZ
H_30HZ,-0.011783184590625,0.0379080609400171,0.037906580127463944,0.146489604590625,-0.148360515409375,0.29485012,1.3926637620897963e-14,1.6370904631912708e-13,1.2969895309911703,3.9138459577885136,5.076217233297726,-0.01459422499375,0.037046223892159495,0.037044776745773576,0.17466790499374998,-0.13469185500625,0.30935976,1.0231815394945442e-14,2.9103830456733704e-13,1.2989425577492422,4.7150481210272845,6.124576666403269,-0.0091332001515625,0.0284489606248056,0.02844784931557551,0.10868010015156249,-0.11744378984843751,0.22612389,-9.663381206337363e-15,-5.820766091346741e-13,1.2759518843849815,4.128389058219855,5.26762579849513,148.0,803.4604756886929,747.156863121776,7.8911561360256135,117711.57132359908,0.8090862812801838,0.18090155825037338,0.0028628470085544488,0.006282269395474515,0.0006603640785337889,0.00015728921946573664,3.083426766780238e-05,1.8538859192116397e-05,118.0,777.4536243178449,930.2004677684541,7.538311539505457,112420.08527295868,0.7148494265345263,0.24988958069327716,0.032717676426871255,0.002051573215762819,0.00038547701221548384,5.516124732690547e-05,3.311392809955374e-05,1.797649850032642e-05,60.0,1194.8328008476726,1341.0283934560694,8.405932995388829,66296.22838850078,0.7248478422477547,0.16676176318525385,0.07690839999303341,0.02703599291143899,0.002561572166069031,0.001029314440288893,0.0005850647462750926,0.0002700478042614182,H,30HZ
H_30HZ,-0.01171534955234375,0.038934012510270344,0.03893249162070121,0.17333713955234373,-0.16321065044765626,0.33654779,7.673861546209083e-15,2.7284841053187846e-13,1.2902029389047414,4.452248811522881,5.744304501509508,-0.014876468592187502,0.039683779955755165,0.03968222977782314,0.2115207185921875,-0.1486868014078125,0.36020752,1.4210854715202004e-14,4.18367562815547e-13,1.3079722917128909,5.330363736391343,6.971968072126766,-0.0090927859984375,0.032471840318479994,0.03247057186244254,0.1522162159984375,-0.1382354240015625,0.29045164,-8.526512829121202e-16,-1.1823431123048067e-13,1.2892776960665813,4.687820609953972,6.043902555761028,326.0,824.5738798067371,757.1473629614177,7.896330530422904,124169.33104256433,0.7888529735741636,0.2009717737988219,0.0031069124611812116,0.006117766093472983,0.0008066028153968005,0.00012577165142493534,1.416166591294964e-05,4.037237383745336e-06,118.0,841.1169120823861,956.5921896350092,7.66370147638536,128997.73485042028,0.672764439001275,0.2901059177578466,0.034892522055457856,0.001714226607112136,0.0003986574697123033,5.866990673261971e-05,3.92812990920666e-05,2.6260045645811586e-05,60.0,1191.9486423491014,1248.463972304974,8.376716593335663,86371.37203221562,0.7291673856339302,0.17847863723438365,0.06724328269651657,0.02145935586688878,0.0022232437455850388,0.0007666004267015388,0.00044295469749942715,0.00021853888549758287,H,30HZ
H_30HZ,-0.011973100692187502,0.03927646389080456,0.039274929623967086,0.17359489069218748,-0.17503232930781248,0.34862721999999996,8.810729923425242e-15,2.7284841053187846e-13,1.292206121424565,4.45659179988815,5.758835204652616,-0.01499268055703125,0.043826509235942286,0.04382479722948698,0.21163693055703126,-0.14857058944296875,0.36020752,-1.7053025658242404e-15,0.0,1.3080182707166097,4.829159378512875,6.316628699441442,-0.00906884530859375,0.03596652525225654,0.035965120282422526,0.15794069530859375,-0.13825936469140623,0.29620006,4.547473508864641e-15,2.7284841053187846e-13,1.2904583692890952,4.391496373818432,5.667043249454279,326.0,926.0936055234619,843.3540697061293,7.837974216252699,126363.24690091166,0.7035568215821382,0.28245461518630904,0.005093894731650711,0.007178500725075695,0.0014386915326310556,0.000246076359538844,2.067462856430832e-05,1.0716433035247892e-05,118.0,961.0367594078951,1004.933501791834,7.585830466358007,157336.60518699116,0.6131462225824776,0.3386802970397998,0.045931525344754004,0.001662839484977408,0.0005106412395670466,4.2764663976217214e-05,1.7568630762273113e-05,8.13676414311475e-06,828.0,1315.0466205367024,1275.6051989928442,8.33716529483204,105962.69080393772,0.6749071352251946,0.20872036059519172,0.09397272854694809,0.017410309677544117,0.003294905274209849,0.0011631533017891788,0.00035603002798806945,0.00017537572973024793,H,30HZ
H_30HZ,-0.01215910111328125,0.03623611351247714,0.03623469801164601,0.15940686111328126,-0.17484632888671875,0.33425319,5.684341886080802e-16,-1.2732925824820997e-13,1.2965566709985896,4.825383913112699,6.256383702848211,-0.014881258592968748,0.04167465161569307,0.04167302366781785,0.20694969859296874,-0.12453208140703124,0.33148178,-1.2505552149377763e-14,-3.092281986027956e-13,1.3156180267681457,4.966035107930514,6.533405309713657,-0.00907779310625,0.032175209941061676,0.03217395307237465,0.15794964310625,-0.13238578689375,0.29033543,1.4210854715202004e-14,5.820766091346741e-13,1.2978969496156776,4.909239556172543,6.371687045087005,326.0,915.7275717314691,853.151094906574,7.699110458517326,107557.1376142901,0.6997133771225269,0.28618776922012723,0.004916941878089819,0.007639822684433018,0.0012616975063105907,0.00026023369804284034,1.619760947744949e-05,3.9602459474329386e-06,118.0,893.781309944346,1003.2933525568034,7.336621038905771,142265.62288422967,0.6579070895943262,0.293047560662803,0.04675149611845467,0.001733853837796311,0.0004916060982238517,4.1528161119654286e-05,1.9266887982209287e-05,7.595495294152447e-06,828.0,1340.124862408726,1340.4216262243704,8.399020939086267,84800.57398352683,0.6614189436280608,0.20576870492242266,0.10719053883026204,0.020101757225241507,0.0034865600241081583,0.0013514841184818602,0.0004785874683906282,0.0002034231425873418,H,30HZ
H_30HZ,-0.01210553910546875,0.034340409180169514,0.034339067731735236,0.12750752910546875,-0.12675054089453125,0.25425807,6.536993168992922e-15,3.7289282772690056e-13,1.2816146143867293,3.713191345142913,4.758880294088061,-0.0150964717515625,0.03576263859863148,0.03576124159327542,0.19503036175156252,-0.1058512982484375,0.30088166000000005,-5.684341886080802e-15,1.8189894035458565e-14,1.3183393316872372,5.453679823655299,7.189800614154946,-0.009343876257031251,0.026411698637936087,0.026410666910806728,0.12286697625703125,-0.11127162374296876,0.2341386,3.353761712787673e-14,1.4551915228366853e-12,1.2823109259564096,4.652172422124801,5.9655315265496025,326.0,802.9683394253573,754.6254723434373,7.477986089157438,96597.73541019832,0.8133281699719557,0.17642349672584057,0.002672897870667184,0.006831924045827597,0.0005892682996779221,0.0001262209260285717,2.0564374376489274e-05,7.454144387542296e-06,118.0,744.9524239033101,934.9050904906749,7.32000990245888,104764.73553223885,0.7390656685329267,0.22373076524886804,0.03489480326058906,0.0019013724061218472,0.00034086506687553244,3.6881119699318885e-05,2.262946408034426e-05,7.01451391162041e-06,60.0,1229.8441586803876,1364.5314746045706,8.564646898903929,57141.111180781576,0.7122530796682794,0.17516573189706022,0.07977539171879906,0.028410359838633274,0.0024204297328086614,0.0009345197369986789,0.0007395293677130083,0.00030094895056655753,H,30HZ
H_30HZ,-0.01224294399140625,0.03838609564051789,0.038384596154369524,0.16071102399140624,-0.13386645600859376,0.29457748,-5.684341886080802e-15,-1.6370904631912708e-13,1.2802870048871746,4.186862441925803,5.360385575787437,-0.0148904127796875,0.03457551760701838,0.034574166974481804,0.1731909927796875,-0.1077619172203125,0.28095291,1.9326762412674726e-14,4.2746250983327625e-13,1.319597054035224,5.009260032280909,6.610204781685467,-0.00928011310390625,0.025693083886370687,0.025692080230678344,0.09381526310390625,-0.10617849689609375,0.19999376000000002,-3.4106051316484808e-15,1.4551915228366852e-13,1.2676343988992111,4.13273257512156,5.2387939738793134,148.0,780.8563776483106,660.8298354606424,7.518735624044391,120699.06218057698,0.8634491438915636,0.12898520793736531,0.0018441295598976392,0.0052495996162591745,0.0003726897836781429,7.877687712627846e-05,1.4883414701741752e-05,5.566272486054942e-06,118.0,676.2067127033619,851.7075133976381,7.264059280010886,97924.95890702124,0.7638824780352718,0.21228478260332906,0.021610562113029964,0.001826365675854856,0.0002807663262569149,5.250170974429282e-05,4.0135375241497855e-05,2.238883069275715e-05,60.0,1139.6737114067726,1330.7019132042458,8.282686520919286,54073.9982871781,0.7573303246048371,0.14979405926080605,0.05764652187852651,0.03159595731578313,0.001743057652501726,0.0008239216282712486,0.0007384789134054202,0.00032767776291275143,H,30HZ
H_30HZ,-0.01215348846484375,0.04058468499085539,0.04058309962063306,0.16062156846484377,-0.14960687153515623,0.31022844,7.389644451905042e-15,1.7280399333685637e-13,1.2889621125741677,3.957843781336591,5.10151068175585,-0.0147392918546875,0.03877739561583722,0.038775880844235014,0.1908125918546875,-0.1099424181453125,0.30075501,-8.526512829121202e-16,-1.546140993013978e-13,1.3212263826188912,4.920909279050861,6.501635166123776,-0.0090431230171875,0.029865926523890186,0.02986475986334856,0.1285366530171875,-0.15094562698281253,0.27948228,2.5579538487363606e-15,5.093170329928399e-13,1.2816702257437516,5.054305732523428,6.477953169398149,148.0,814.7567447881821,700.1508099843436,7.646734192940771,134921.25489714637,0.8222993972950313,0.1689884230959967,0.0026922215363264727,0.005305389833902679,0.0006046907518060862,9.433202970745005e-05,1.2394944598683926e-05,3.1505120804165373e-06,118.0,799.2870378260449,939.658583897807,7.421279254239815,123172.36727126225,0.6937099767912721,0.2684618807882701,0.03565843673633479,0.0017518189214391793,0.00035668592952651655,3.382035173382802e-05,2.0494784470520824e-05,6.884140038954507e-06,60.0,1245.7995447625233,1323.894190365403,8.414102135521855,73064.76681078003,0.7045995490167917,0.1815190219820226,0.08559035426474812,0.024263993796790187,0.0024165881291924284,0.0008054052324002026,0.0005330859474882558,0.0002719791221332638,H,30HZ
H_30HZ,-0.011990129640624998,0.03844586012336491,0.03844435830262082,0.15705503964062498,-0.149770230359375,0.30682527,-1.4779288903810084e-14,-3.7289282772690056e-13,1.2934593087045574,4.085255849512593,5.2841122071292554,-0.0148912990953125,0.04135278034690299,0.04135116497236979,0.1909645990953125,-0.1104802809046875,0.30144488,-5.684341886080802e-15,-1.3642420526593923e-13,1.3173699286664426,4.6181189627497545,6.083771048677915,-0.00904611372578125,0.03307447270129943,0.03307318070447472,0.13865376372578125,-0.15094263627421875,0.2895964,8.526512829121202e-16,1.6370904631912708e-13,1.2921510566758259,4.563898393033383,5.897246131297498,326.0,846.6633088521688,772.4123220244255,7.711294366276907,121075.1955725673,0.7699981199779422,0.2191696252014338,0.0034839889634307223,0.006144310224883382,0.0009892492056532637,0.0001717053709442912,2.7428347457269237e-05,1.5558291305895705e-05,118.0,842.1980125701343,971.1468943542878,7.356085185894923,140076.55228520036,0.6741152870716579,0.28312239606681094,0.040557739526120455,0.0016414251228072756,0.0004899016058757197,3.9306767258795695e-05,2.2569799065069822e-05,1.1366361025002117e-05,118.0,1231.8002599560257,1273.5430669816305,8.222555189975337,89606.98647768742,0.7118891349311409,0.18041742343135364,0.08338206437263364,0.019735600034945348,0.003090266292622567,0.0008615202473233808,0.0004146018156892155,0.00020938477747882865,H,30HZ
H_30HZ,-0.01214565746953125,0.03626552675159396,0.03626411010178574,0.15132804746953124,-0.13243351253046876,0.28376155999999997,5.684341886080802e-15,1.2732925824820997e-13,1.2901779359462513,4.172942533006111,5.383838384204608,-0.015138245650000002,0.04063140657193151,0.04062981937661178,0.18886925564999998,-0.12710460435,0.31597386,1.9895196601282804e-14,3.2741809263825415e-13,1.324998455897327,4.648537909919247,6.159305552974785,-0.00910750451875,0.03318618096675344,0.03318488460623938,0.14958023451875,-0.11968361548125,0.26926384999999997,1.3642420526593923e-14,2.9103830456733704e-13,1.3084958317410627,4.507480929619343,5.898020008236972,326.0,850.3124735119212,782.5195385195336,7.701781972454089,107731.81903056378,0.7550994358071411,0.23403620441402706,0.0033774061629559837,0.006340649403913768,0.0009451448882984776,0.00018083293958279099,1.6128534010812212e-05,4.197772511969258e-06,118.0,800.1241315320752,949.4533763928374,7.293972417484856,135232.08008230187,0.6940638763717759,0.26853201145567035,0.03533539279126204,0.0015076943350971457,0.0004882349691238512,4.1119734147698956e-05,2.0585706921237385e-05,1.1078589095864342e-05,830.0,1165.2894186528056,1220.4689424284252,8.15126646042126,90213.30045273856,0.7438585476173722,0.16589195392464764,0.06680046770202146,0.019074842123565573,0.002850672919646847,0.0008946732046253142,0.00042208636265534815,0.0002067353274221561,H,30HZ
H_30HZ,-0.012263678393750001,0.03600158088630041,0.03600017454707894,0.14487962839375002,-0.13231549160625,0.27719512,6.536993168992922e-15,6.366462912410498e-14,1.293743108237153,4.024414609441974,5.206558665799094,-0.0151745479875,0.03939913632677555,0.03939759726795246,0.18916780798750002,-0.1270683020125,0.31623611,7.105427357601002e-15,1.3642420526593923e-13,1.3274181115561008,4.801506211054525,6.373606307464662,-0.0092641987390625,0.03275149988047992,0.032750220500027453,0.1514742687390625,-0.12394776126093748,0.27542203,0.0,1.0913936421275138e-13,1.309763382867403,4.62513737073344,6.057835569103246,148.0,871.5509412153106,781.6301197559218,7.85582991344876,106169.34966138475,0.7414108232794819,0.24801033345426976,0.0032839585122043757,0.006343010940064588,0.0007672947005415456,0.00016042456195871396,1.7937856136612858e-05,6.214089581506113e-06,118.0,857.5950533214913,952.3985270000478,7.445984851317362,127153.8213808288,0.664061485524209,0.2981599507728467,0.03568355843317807,0.001640351771703722,0.000396120663402996,3.39480252455388e-05,1.754733838244008e-05,7.036614268936029e-06,812.0,1187.6767238673951,1210.2088047109298,8.231489295904316,87865.50397359913,0.7311672632604717,0.18012601218652477,0.0655140181290658,0.01943612544034591,0.0023086741747158157,0.0008041264153592944,0.00043318771382262793,0.00021057402871421725,H,30HZ
H_30HZ,-0.012331558140625,0.037916124989233364,0.03791464386167214,0.14494750814062501,-0.155831341859375,0.30077885000000004,9.947598300641402e-15,2.0008883439004421e-13,1.2866576004166663,4.1100568535946245,5.288235888961611,-0.015072607535937501,0.03745852453193554,0.037457061279741306,0.18906586753593752,-0.10864805246406249,0.29771392,1.3642420526593923e-14,4.0017766878008843e-13,1.3200272381147493,5.0475360605276975,6.662885085440859,-0.00928994652109375,0.030810741687990452,0.030809538119885616,0.15150001652109374,-0.12392201347890625,0.27542203,6.536993168992922e-15,2.7284841053187846e-13,1.2915604548026451,4.917308916695272,6.351001741058186,118.0,837.9904681723175,755.0895942590469,7.770890051893008,117761.65640608851,0.7729879674790682,0.21749844346031608,0.0027678672273677334,0.006004943493541609,0.0006001448289843973,0.00012229737233547067,1.4092739664362948e-05,4.242503495984618e-06,118.0,839.7945591380276,946.1409838793545,7.442403225629784,114936.33595201206,0.6849083806284317,0.2776165355722924,0.03513263740702173,0.0019056049848550668,0.0003537892832736231,4.307319507010201e-05,2.678946930627346e-05,1.3182314628005078e-05,834.0,1193.75418165739,1255.7273628822502,8.09021689741238,77760.72822477353,0.7307322380035743,0.1742826006750923,0.06883436430469181,0.022645097895376005,0.0019733214492088104,0.0008045565605661611,0.0004990347236734169,0.0002287857517569627,H,30HZ
H_30HZ,-0.012141285374218751,0.03889756413051084,0.03889604466473435,0.14962209537421875,-0.15602161462578126,0.30564371,1.5347723092418165e-14,3.2741809263825415e-13,1.2863951934613704,4.01124628395003,5.1600479395957635,-0.014974041244531252,0.03736841097121332,0.037366951239148814,0.18640449124453126,-0.13590633875546876,0.32231083000000005,3.694822225952521e-15,3.1832314562052486e-13,1.3163723597443977,4.988485414465644,6.566704316766385,-0.009111062825,0.03005007212592326,0.030048898272053558,0.134634632825,-0.124510647175,0.25914528,2.2737367544323207e-14,4.911271389573813e-13,1.2736643163528998,4.480518107571818,5.70667603257716,326.0,789.943658617024,734.2242405212271,7.672131132326198,123936.95565996376,0.811066729923423,0.1797673201172245,0.0025601379967453877,0.005882543650474368,0.0005932076688001527,0.00011259908275322605,1.3902435260840184e-05,3.558847662976444e-06,118.0,758.9480420177716,926.9797741616088,7.419430586968451,114383.99856690597,0.7275290484814069,0.23787564623474103,0.03213396341320775,0.002051657489853931,0.0003470071300879865,3.686195514706304e-05,1.8842272542373567e-05,6.972883714238768e-06,60.0,1161.8114885088123,1281.5343778030033,8.16111321205574,73968.54127280752,0.7470973928840414,0.15851248288465924,0.06625513758585207,0.024307679389527596,0.0021008076966944423,0.0008842537476321475,0.0005747337457421121,0.00026749552015892025,H,30HZ
H_30HZ,-0.012050521557812499,0.0390832124516998,0.03908168573389412,0.1497384415578125,-0.1840066684421875,0.33374510999999996,-7.673861546209083e-15,-1.5916157281026243e-13,1.3058035967877184,4.708258228428898,6.1480605294451385,-0.015144707474999998,0.0396745115476667,0.03967296173178894,0.191215027475,-0.13573567252500002,0.32695070000000004,-7.105427357601002e-15,-2.4556356947869064e-13,1.316519885563813,4.819782015844924,6.3453388681026235,-0.00907937541640625,0.033776137067828636,0.03377481766170427,0.16815028541640625,-0.14505516458359374,0.31320545,6.536993168992922e-15,3.0013325158506633e-13,1.2940807761620132,4.97856974671652,6.4426714021983855,326.0,886.7687716519958,787.5487008505786,7.953183106785571,125122.81894919592,0.7360726063481441,0.25308818627547774,0.003206503603046421,0.006434402344495112,0.001006450273248861,0.00017293253037785236,1.445674347756266e-05,4.4603129483964125e-06,118.0,859.8707216342291,966.7323031137502,7.5912197874951355,128937.48534811105,0.6711819362845041,0.2902190536150908,0.03611274675017679,0.0018154218821254623,0.0005407887894129586,6.448065356753706e-05,3.917996456744888e-05,2.6366178032106633e-05,818.0,1188.4053236681602,1219.3063776955403,8.268968079110305,93449.28224016109,0.7383676823771856,0.1734999585742939,0.06482574880339237,0.018797999774497615,0.0029762858790281185,0.000902075969593838,0.0004308301821246704,0.0001994175381056238,H,30HZ
H_30HZ,-0.012280112392968752,0.038062004033834244,0.03806051720776153,0.14996803239296874,-0.21015453760703126,0.36012257000000003,2.2879476091475227e-14,5.138645065017044e-13,1.316761421904015,5.521589116993231,7.270615537052769,-0.01533007476875,0.04086862440241283,0.040867027940590606,0.19140039476875,-0.13288022523124998,0.32428062,4.263256414560601e-15,-1.8189894035458565e-14,1.3094511854772288,4.683491910454314,6.13280403446748,-0.009168585209375,0.0343972980370151,0.03439595436631645,0.168239495209375,-0.144965954790625,0.31320545,-7.105427357601002e-15,-1.6370904631912708e-13,1.312402066917987,4.891258239638749,6.419297423718159,148.0,927.3210408644956,821.6379523968548,7.9814214549634395,118669.55547304015,0.709457260728201,0.2777552319296217,0.004067000405443873,0.007189509183691864,0.0012704827909014139,0.00023901334576801036,1.588395904214241e-05,5.6149503120972154e-06,118.0,876.4913774957062,966.6153608561262,7.624835068263121,136815.7368305332,0.6630940196297966,0.29737748473181397,0.03708436997090407,0.0017833573913292825,0.0005937052227235308,4.2218755329874806e-05,1.7130321780987852e-05,7.711239882883886e-06,818.0,1210.334976914111,1216.7543735536947,8.258750708587982,96918.0510235328,0.7299235377258269,0.1769744565244394,0.07060444336865644,0.017298194651042143,0.003453070934611527,0.0011453617641165312,0.0004193411823119569,0.00018159255807059031,H,30HZ
H_30HZ,-0.012441303385937501,0.0351273067990027,0.03512593461177981,0.1490802533859375,-0.20999334661406252,0.3590736,4.263256414560601e-15,1.8189894035458566e-13,1.2950568133170124,5.978299194853622,7.742237104563206,-0.015196590560937499,0.03868235850846083,0.03868084744931814,0.1879978505609375,-0.11682337943906249,0.30482123,-7.105427357601002e-15,-2.4556356947869064e-13,1.3147996308180123,4.860230914082294,6.390229811690895,-0.0093113353546875,0.0304437154495373,0.030442526218674933,0.16457976535468752,-0.11851873464531248,0.28309850000000003,2.5579538487363606e-15,6.366462912410498e-14,1.3003300870347,5.4062453348014206,7.029903466964195,148.0,844.2013276125616,814.1772220994112,7.809474790629723,101075.45865155665,0.7672400650420104,0.21974692036854343,0.004205511246685866,0.007468934751707537,0.001086851704077147,0.00023226237342818828,1.5356521567909986e-05,4.09796506504137e-06,118.0,820.0385821432087,958.7615554678258,7.407529780031225,122569.35709784277,0.7007196542990034,0.2609378701611245,0.035647751688128046,0.0020048134880084347,0.0005774869644363134,6.189639665659354e-05,3.1300843159063776e-05,1.9208797786476895e-05,60.0,1215.6306750878048,1288.761232994579,8.427181474745513,75919.14741072679,0.723518664973632,0.17171139392161358,0.0778560785160078,0.021448072953673174,0.0034360518834388883,0.0013011221944754798,0.0005001752591168787,0.000228435245126785,H,30HZ
H_30HZ,-0.01239121459453125,0.0367460983928224,0.03674466297031778,0.15985651459453123,-0.14860328540546877,0.3084598,-5.684341886080802e-16,-1.1823431123048067e-13,1.2720812469532696,4.350468929850094,5.534149941265775,-0.01507007558671875,0.03584090161399332,0.03583950155142852,0.17274782558671875,-0.11245157441328124,0.2851994,1.3642420526593923e-14,4.911271389573813e-13,1.3176783858709267,4.820039847206335,6.351262325877606,-0.00936426632421875,0.026886381824573837,0.026885331554770332,0.13465687632421874,-0.11846580367578124,0.25312268,2.2168933355715127e-14,6.184563972055912e-13,1.274460481023593,5.008562979589429,6.383215584441928,148.0,785.0150010586086,725.7615514722545,7.632078425677478,110605.94770572237,0.825851417884502,0.164830697960061,0.002675655697899348,0.005926169306329231,0.0005651089915507726,0.0001245937454887845,1.8374126690719233e-05,7.9774327182876e-06,118.0,739.3673529118875,915.8720511525781,7.343164394053552,105223.77223630468,0.7389769907782858,0.22818905203807538,0.030407393487234917,0.0019291116172975387,0.00041676559597437005,4.137047781412506e-05,2.605589753244558e-05,1.325313742861656e-05,60.0,1192.3408018567422,1347.4858942924482,8.3939193580809,59213.50072669286,0.7230005750530113,0.1712257895569986,0.07337384797226758,0.02779874469336037,0.0027138393962363792,0.0009809067951644305,0.000605796109908217,0.0003004977039627511,H,30HZ
H_30HZ,-0.0123018652296875,0.03961908713862967,0.03961753948781017,0.15976716522968748,-0.1760788347703125,0.335846,3.552713678800501e-15,8.412825991399586e-14,1.278609012234623,4.444466694355043,5.682735170122422,-0.014905756867968752,0.03660505913256789,0.03660362921951699,0.16411883686796874,-0.12614956313203127,0.2902684,2.3874235921539365e-14,4.729372449219227e-13,1.3221142929595022,4.4836766288731065,5.927932956203561,-0.009334584478125,0.02724972142658962,0.027248656963555693,0.12111885447812501,-0.123886315521875,0.24500517,-2.3874235921539365e-14,-9.64064383879304e-13,1.284780592779437,4.546510886133689,5.841268951579372,148.0,774.7072406414111,670.1974141904914,7.687885354802843,128577.48973094438,0.8538836557908492,0.13854895421908903,0.0019539713015210634,0.0051790644549217415,0.00034523198351313307,7.307658152628263e-05,1.2649679971174385e-05,3.395830608056947e-06,118.0,674.5894214214158,840.6099663558398,7.406410417217648,109758.51926018263,0.7641721235169543,0.2140469449088866,0.0196911446281913,0.0017473711158554198,0.00027434453564788264,3.463933522244256e-05,2.369808396398537e-05,9.730109269309645e-06,60.0,1104.9404867408693,1289.888672891831,8.321289756179626,60824.724059045875,0.7642098825144291,0.14812427952038382,0.0558776826091731,0.028354930262954485,0.0017440343660790347,0.0007404535617871763,0.0006427992249234099,0.0003059351284652914,H,30HZ
H_30HZ,-0.0122593385359375,0.03967719925242422,0.039675649331555936,0.1596456685359375,-0.17612136146406251,0.33576703,7.815970093361103e-15,2.0691004465334118e-13,1.2978909880516487,4.439029087787248,5.761375848883412,-0.014851878934374998,0.03984002462272978,0.03983846834137124,0.201684468934375,-0.126203441065625,0.32788791,-1.9895196601282804e-14,-4.0017766878008843e-13,1.3259394571475864,5.062555799111088,6.712642488221218,-0.00942842677109375,0.032038819506255735,0.03203756796542413,0.17804576677109377,-0.15537600322890624,0.33342177,-1.0516032489249483e-14,-5.547917680814862e-13,1.313426037051086,5.557405822991574,7.299241506604284,148.0,834.9558770893533,713.8957849148258,7.932698553783893,128954.95468142742,0.803198483083848,0.18792550476367734,0.002641745766839386,0.005488636585652483,0.0005858539896820441,0.00011861863348537686,2.5736870173894647e-05,1.540536795109426e-05,118.0,756.137193697306,899.1745084675072,7.579902514792937,130015.52432851744,0.7161848669243758,0.2538791526160867,0.027864303135916917,0.0016219724060104346,0.0003604031896391699,4.7110548420710166e-05,2.6759786536975286e-05,1.542045874257997e-05,60.0,1122.840556837943,1202.414274409257,8.173694309060513,84083.16023212987,0.7689324583838457,0.1490533579286008,0.0576068830257071,0.02091388033159877,0.0020555129419528354,0.0007350649788594086,0.00047178976995956336,0.0002310459887032631,H,30HZ
H_30HZ,-0.012447720984375,0.037486373156748264,0.037484908816695875,0.14578186098437498,-0.155007419015625,0.30078928,6.536993168992922e-15,1.9099388737231492e-13,1.2962294497827154,4.135195306716316,5.360161937311952,-0.0154046411171875,0.041259304291394225,0.04125769256834076,0.2250848811171875,-0.1242158088828125,0.34930068999999997,-7.389644451905042e-15,-1.4551915228366852e-13,1.3340976458178802,5.455585785339134,7.278284152954841,-0.00959181726171875,0.035454041864897465,0.03545265691433677,0.17820915726171876,-0.15521261273828124,0.33342177,-8.384404281969182e-15,-3.5925040720030667e-13,1.3296448778054164,5.026679881490793,6.6836991569802935,148.0,852.977305289387,782.9926120806772,7.907858602867513,115107.29857674589,0.7523812069477116,0.23699694132968208,0.003449280596832556,0.006116579546454862,0.000890274118696322,0.00014495390173949887,1.5070588777998747e-05,5.690360485171011e-06,118.0,847.2154817224725,999.6826777714379,7.442626397039236,139443.99445568374,0.6801892489747268,0.27189894841004897,0.04578722388900516,0.0016125603955357657,0.0004516152430361352,3.659614230340765e-05,1.656319720642672e-05,7.241537303111151e-06,828.0,1184.5033309594153,1206.5074515444335,8.050514303138185,102964.50168248154,0.7535766784813747,0.15316733101526434,0.07227884400184999,0.017229264625504576,0.0024889621575083774,0.0007129563445986337,0.0003614337188870798,0.00018451789097034964,H,30HZ
H_30HZ,-0.012583778584375,0.035571443355152825,0.03557005381850685,0.145917918584375,-0.142578871415625,0.28849679,-3.836930773104541e-15,-1.9554136088117957e-13,1.2932215085734167,4.102268704028575,5.305142122146494,-0.01552235414140625,0.03904196623063008,0.039040441124036374,0.22520259414140625,-0.12409809585859376,0.34930069,-2.2737367544323206e-15,3.637978807091713e-14,1.334208073958459,5.768443891813132,7.696304414830572,-0.009572225859375,0.03284810830631221,0.0328468251520194,0.161958995859375,-0.140214504140625,0.3021735,-2.5579538487363606e-15,4.5474735088646414e-14,1.3206435203526916,4.930735165571615,6.511743447185555,148.0,880.7245828535669,818.6457633442408,7.880862803464898,103647.53770729175,0.7212511251746722,0.2677894866836241,0.003346859078658142,0.006537386960889943,0.0009027259105563773,0.0001459533664750069,1.8603101046960958e-05,7.854781112765895e-06,118.0,876.2232522892928,1005.0153448019306,7.354126419290835,124858.86331349949,0.6722149775151222,0.28143994176844855,0.044051935733045555,0.0017558514464476416,0.0004674326340851827,3.933465835906996e-05,2.118773975286882e-05,9.334373907477184e-06,828.0,1205.0907288354565,1245.2149152584925,8.131820833610705,88384.62853889173,0.7359478973263031,0.16931822075700856,0.07093875907489558,0.019667577639395268,0.002769985634654242,0.0007372680695312685,0.0004247727166904118,0.0001955187322889979,H,30HZ
H_5HZ,-0.01386544608828125,0.0011181831503892772,0.0011181394705068258,0.0044456660882812495,-0.005206553911718748,0.009652219999999998,-2.3283064365386964e-11,-2.6226043701171875e-08,1.2861746735614583,4.656444070168007,5.989000437261745,-0.0165159541234375,0.0013884027095661519,0.001388348474026001,0.0048269041234375,-0.004519865876562501,0.00934677,7.566995918750763e-12,4.172325134277344e-09,1.249613674928014,3.476723755069563,4.344561551411304,-0.0109513149140625,0.0009842771697545602,0.0009842387206766435,0.0042448249140625,-0.0040425550859375,0.00828738,-2.0954757928848266e-11,-1.1920928955078126e-08,1.276440076153971,4.312800157701042,5.505030967325962,6002.0,2769.3852239902676,2953.9299916241457,6.874654237358934,102.41932337181679,0.5433961320385766,0.023910891308607112,0.005878569369270942,0.4043109084024199,0.01228895913963402,0.0028577027196228007,0.00646588438417907,0.0008909438419979427,6002.0,2258.9753984279137,2856.287314322481,6.186594798504091,157.9017418259943,0.6183862940126158,0.0323362768457562,0.005727803160300141,0.32477046859789666,0.010333853620898666,0.0022491088533003784,0.005482448342400895,0.0007137345627252882,6002.0,4176.240947627104,2842.529913735809,6.914054640991875,79.35802547315765,0.3088673087542532,0.037606218601007727,0.010033851624625145,0.6023804082450427,0.01820930186344892,0.004586849206640481,0.010051279504668553,0.008264704552049458,H,5HZ
H_5HZ,-0.0139707216890625,0.0011863562236940372,0.0011863098807488959,0.004595641689062501,-0.005394808310937499,0.00999045,-9.313225746154785e-12,-7.152557373046875e-09,1.277921757974057,4.547554053064365,5.811418274872796,-0.01650327783203125,0.001469807429753791,0.0014697500142796483,0.005563697832031249,-0.005118112167968751,0.01068181,-2.9103830456733705e-12,-2.384185791015625e-09,1.244086230494397,3.78547220560678,4.709453850118904,-0.0106991442875,0.0010178811170181495,0.0010178413552604042,0.0045961042875000005,-0.003838785712499999,0.00843489,-1.862645149230957e-11,-1.9073486328125e-08,1.2764524215599937,4.515540913356379,5.7638731391698155,6002.0,2549.512867639701,2927.5427149173456,6.852192918728289,115.28856717506633,0.5794142654880692,0.02304966510611518,0.0054991850582229345,0.37063991880987773,0.011992577307227465,0.0025831387634109777,0.006149734648970101,0.0006715018697608814,6002.0,2036.1642210206733,2786.110199393894,6.054744802155973,176.96072630018415,0.6531865236328391,0.033242410237666775,0.005436481707996301,0.2907265209632567,0.009974895712541045,0.002002581021420179,0.004865395541331196,0.000565180541146493,6002.0,4059.1096172651664,2896.241769297118,6.905457259817771,84.86920435472587,0.3275883818131545,0.03646748575308544,0.009985262330862131,0.5852161490421603,0.018255712269849084,0.004370159334112377,0.00989692677865962,0.008219912557577203,H,5HZ
H_5HZ,-0.014132174247656252,0.0011803058447389639,0.0011802597381413667,0.004757094247656253,-0.005233355752343747,0.00999045,4.656612873077393e-12,0.0,1.2464481628839712,4.434071229228736,5.526839942451561,-0.01649900560625,0.001376016575621544,0.0013759628239242007,0.005559425606249998,-0.005122384393750002,0.01068181,4.656612873077393e-12,5.960464477539063e-09,1.2550662180968775,4.040389395372115,5.070956241773796,-0.0105162765875,0.000966553537515424,0.0009665157807804142,0.0044132365875,-0.0037370634125,0.0081503,0.0,-1.1920928955078126e-08,1.2801323332913195,4.566129876710753,5.845250499232696,6002.0,2752.494741297195,2956.4707516816693,6.709270981312423,114.11562926576764,0.5472145913498687,0.020549473497085653,0.005331844814291675,0.40585680339253144,0.011536148947385947,0.002587508235894639,0.006290940808714855,0.0006326845276798692,6002.0,2244.4578597256236,2854.907195723364,6.075862746005996,155.09698124928653,0.6172704748229824,0.03592923992602076,0.006055928875805949,0.32126561533553416,0.010983395439336654,0.0022773632614834756,0.0055727848479770175,0.0006451931922196501,6002.0,4479.5493694799325,2724.8010391161533,6.972980143620095,76.52579369284322,0.2595033657631381,0.03690423031229215,0.01107577723900274,0.6483398734694209,0.01935685654154866,0.004662546747005983,0.011004347560902244,0.00915300120623139,H,5HZ
H_5HZ,-0.014178320362500002,0.0011378606639381992,0.0011378162153878615,0.004663180362500002,-0.004318539637499999,0.00898172,-1.6298145055770876e-11,-2.2649765014648438e-08,1.2496297223340938,4.09835990675528,5.12143235680489,-0.016516507867968752,0.0013682365435038115,0.0013681830957199084,0.0050509578679687524,-0.004823272132031247,0.00987423,-1.0477378964424133e-11,-4.76837158203125e-09,1.2624841989374698,3.6917265533231287,4.660746443774859,-0.010570098646875,0.000973770127263541,0.000973732088624988,0.0037205686468749994,-0.003683241353125,0.007403809999999999,-9.313225746154785e-12,-1.6689300537109377e-08,1.2753687297979415,3.820936668840704,4.873103150982309,6002.0,2957.6216880828724,2966.175181439595,6.92255458153313,106.05574080194155,0.5149560302239845,0.020761661280062783,0.005478931612184359,0.435513205429205,0.01282815922303353,0.0028944781551935913,0.006847094465326639,0.0007204361943459808,6002.0,2313.7203369745857,2878.874682596284,6.317056480371025,153.34809894487185,0.6102410917364756,0.03136748498101488,0.005573154945878172,0.33247397880894053,0.011269508192051577,0.002493679648003419,0.005887839887968949,0.0006932056708849606,6002.0,4341.271009836429,2795.0245935226594,6.92865494661649,77.67279216665393,0.28638325986977736,0.031675928996908576,0.010008084515686879,0.6276745261492216,0.019730760423826186,0.004962943824529732,0.010861499314847358,0.00870295295639216,H,5HZ
H_5HZ,-0.014090373927343748,0.0011989007655719911,0.0011988539325961116,0.004579703927343748,-0.004533136072656251,0.009112839999999999,-2.3283064365386963e-12,4.76837158203125e-09,1.2493050071096972,3.8200683160844755,4.772430478766272,-0.01654251651640625,0.0014316453370594076,0.0014315894123211274,0.0050769665164062516,-0.00489709348359375,0.009974060000000002,-1.1059455573558808e-11,-8.64267349243164e-09,1.2391355496637133,3.5463845074323768,4.394451119005726,-0.01070249946484375,0.0010045233969169156,0.001004484156955303,0.003852969464843749,-0.004154290535156251,0.008007259999999999,-9.313225746154785e-12,-3.814697265625e-08,1.2771663269028888,4.135745200414704,5.282034511878354,6002.0,2493.8112243699857,2911.3613878464507,6.730709444385299,117.73958290547931,0.594571603165136,0.017710856525306254,0.0048100413960539224,0.3625445800704019,0.011031498588415225,0.002722417217894425,0.00595839873436665,0.0006505817760916456,6002.0,2149.7295217957276,2825.74062155117,6.118442475893138,167.8908013900766,0.6409266778811219,0.02643985203266304,0.005062869399012578,0.3100754115399903,0.009687267228067203,0.0021864263392849435,0.005067537822961536,0.0005539444008518891,6002.0,4097.89183487318,2879.9929002216822,6.9624959059139595,82.65633251625084,0.32806855471052493,0.028525538314522085,0.009242525884463575,0.5941991084041801,0.01764446762983214,0.004681870006457482,0.009553432952087274,0.008084477395833971,H,5HZ
H_5HZ,-0.01398622385859375,0.0012107495034432577,0.0012107022076170146,0.00447555385859375,-0.004637286141406249,0.009112839999999999,-1.3969838619232177e-11,-4.76837158203125e-09,1.2474236429505277,3.830245049856993,4.777938237432255,-0.016553303883593752,0.001424791608162832,0.0014247359511535662,0.0048448838835937515,-0.0051202361164062495,0.009965120000000001,-1.5133991837501526e-11,-7.152557373046875e-09,1.2467760483073034,3.5938140738757474,4.480681312522896,-0.010867265643750002,0.0010432857926104397,0.001043245038463171,0.004014755643750002,-0.004627244356249997,0.008642,-4.656612873077393e-12,0.0,1.2716905921101596,4.435433844603821,5.640499497516362,6002.0,2483.9456104587052,2902.2312514785367,6.793681447877619,120.07832304433828,0.596187109730969,0.01817956496798687,0.004754779509321662,0.36158411514945815,0.010333517650195604,0.0026334766016099013,0.005686966577934885,0.0006404611877108857,6002.0,2146.30824306401,2812.1026780268535,6.00005959367787,166.28715880273438,0.6412077557135665,0.028646411524472653,0.005251622621083728,0.30782100377094074,0.009376073969138334,0.002154569980797988,0.004985824427867242,0.0005567247211114676,6002.0,3874.9632164382424,2933.3956305665038,6.79726843894026,89.15846855886637,0.3634104122254181,0.03016905123863218,0.009047323661406493,0.561146503140946,0.015625984515823355,0.004264609435512908,0.00867986178206281,0.0076562510191861164,H,5HZ
H_5HZ,-0.0139362214375,0.0012219708732489104,0.0012219231390793478,0.0040828514375,-0.0046768585625000005,0.00875971,-1.7462298274040222e-12,-7.152557373046875e-09,1.249550441257004,3.8274572345002813,4.782600880176133,-0.016586208205468748,0.0014734829764766289,0.001473425417423638,0.004877788205468747,-0.005087331794531254,0.009965120000000001,-1.4551915228366852e-11,-8.344650268554688e-09,1.2508981677635487,3.4527243326465737,4.319006544431489,-0.010925166810937501,0.0010309688932027034,0.0010309286201937151,0.003910246810937501,-0.004569343189062498,0.008479589999999999,-1.2223608791828155e-11,-1.3113021850585938e-08,1.2703135329574162,4.4322595135361,5.630359247085607,6002.0,2662.900058014119,2932.3021440810976,6.770804138137054,122.31443918256295,0.565027521968069,0.019845214416595137,0.005029361609234297,0.3896795466469694,0.011158400097341526,0.002681159075425482,0.005855879672427907,0.0007228848880459112,6002.0,1975.212372525231,2756.8096915507263,6.088330490654707,177.84688778737205,0.6694293491752786,0.028631786496127763,0.005222120632028914,0.2794128411998374,0.009626673533650027,0.0021653169026697,0.004892544009733412,0.0006193162532263605,6002.0,3935.429864889973,2917.4454329385617,6.877773185183142,87.0657105082014,0.3521195874084616,0.033515851691081594,0.010105790181079329,0.5649760656086037,0.01746583890184039,0.004532148159216485,0.009541406259217441,0.007743257138300751,H,5HZ
H_5HZ,-0.01389189219140625,0.0011983396711281414,0.0011982928600704416,0.00434248219140625,-0.00478823780859375,0.00913072,1.862645149230957e-11,1.1920928955078126e-08,1.2675116657275556,3.9958827797041123,5.064828042381517,-0.01661451028984375,0.0014463354477174414,0.0014462789491355055,0.004694510289843749,-0.004860859710156252,0.00955537,-1.1641532182693482e-12,-2.9802322387695314e-09,1.244470937540172,3.3609420296830192,4.182594681589765,-0.010894492600000001,0.0009825239060740328,0.0009824855254843162,0.0036858726000000017,-0.0038132973999999986,0.00749917,-6.984919309616089e-12,-7.152557373046875e-09,1.270688350211812,3.8812759040281617,4.931892080226215,6002.0,2717.0433590448793,2944.052076575377,6.782644422145368,117.6294029173909,0.5558928555426719,0.019268575314538475,0.005727426554207836,0.39763896027908713,0.011857026581635075,0.002894665209977897,0.005960587958004894,0.0007598763246765653,6002.0,2029.5401594207,2790.572074623964,6.115640095526416,171.35393176324064,0.6628080586774171,0.023495818358955915,0.005480953138989598,0.29032343489944895,0.010142291290684155,0.0023028867209118104,0.004843101150546763,0.0006034546809232258,6002.0,4134.382569675312,2861.765170317806,6.996911237618037,79.07555836195662,0.32116595390162267,0.03151122234478488,0.011234332038050755,0.5930508822170713,0.019538354029593374,0.005225575230314255,0.010369721369328157,0.007903950064689358,H,5HZ
H_5HZ,-0.01395001522890625,0.0010822838856892282,0.001082241608149194,0.00440060522890625,-0.00473011477109375,0.00913072,-9.313225746154785e-12,-1.430511474609375e-08,1.2718568018459462,4.370664305554041,5.558859130740627,-0.01658726144921875,0.0013831898798635307,0.001383135847953517,0.005068071449218751,-0.004520078550781247,0.009588149999999998,2.3283064365386963e-12,1.1920928955078125e-09,1.2498698104401733,3.6641892067603212,4.579759472581594,-0.010787671473437501,0.0009872963301386327,0.00098725776312246,0.0035790514734375016,-0.004013988526562498,0.00759304,-9.313225746154785e-12,-1.9073486328125e-08,1.2688929399561308,4.065795856394603,5.159059662707648,6002.0,3009.062955469313,2960.780490957055,7.021011492934706,95.94854730765559,0.5086757490774575,0.020714892952114514,0.006410879833142092,0.44003199483725997,0.013015337829834637,0.003199399059557121,0.007032636510628651,0.0009190809269394169,6002.0,2227.511802209247,2850.637281518046,6.113826925987544,156.71826835781673,0.6316399326664003,0.022768851644398718,0.00580306434956095,0.3215490967254072,0.00998493907327151,0.0023791783019449075,0.005183871936112773,0.0006910387531848514,6002.0,3986.0350234039256,2918.7212626912074,6.881621268098943,79.8456135864718,0.34713945838386295,0.02781770955632929,0.010666316197494606,0.5745395735154237,0.017134723879398538,0.004816530258688474,0.0100314236761618,0.007854245285403268,H,5HZ
H_5HZ,-0.01408940542734375,0.0010925442765666697,0.0010925015982222886,0.0040825654273437505,-0.00523738457265625,0.00931995,-2.7939677238464354e-11,-2.86102294921875e-08,1.2633502894279658,4.793937671473021,6.056422550298698,-0.016527023659375,0.0014215403012380245,0.001421484771235416,0.005377353659375,-0.005131616340624999,0.01050897,-2.3283064365386963e-12,-3.5762786865234374e-09,1.2600852884961316,3.782913306147216,4.76679340808576,-0.01069398714140625,0.000999361563819518,0.0009993225254959492,0.00415139714140625,-0.00410767285859375,0.00825907,-6.984919309616089e-12,-4.76837158203125e-09,1.280336654540599,4.15421150963425,5.3187892718215615,6002.0,3028.5010921169796,2968.5141068364005,7.067674151605345,97.77641721853186,0.5058134615065563,0.020247415128089325,0.006065888059795793,0.44339196086435567,0.01278494816379987,0.003106156878337386,0.007729557969540022,0.0008605471153486143,6002.0,2150.3619399915287,2820.90505547849,6.089822757876042,165.52910535391368,0.6392023726020101,0.029795317142087555,0.005638580387836359,0.3078860682049489,0.009231011829465929,0.002147413891869969,0.00549833208565767,0.0006008969418362374,6002.0,4095.8872673647766,2887.9989149505427,6.802806254143517,81.80904206666116,0.3296279275217391,0.02858323139747103,0.010269281021092506,0.590958770773484,0.016847970374310076,0.0046550980387896936,0.010912449718048781,0.008145224939063554,H,5HZ
H_5HZ,-0.014100083256249998,0.0012263117106961832,0.001226263806959346,0.0048754932562499985,-0.005226706743750002,0.0101022,2.3283064365386963e-12,0.0,1.2596097248667828,4.262302051014525,5.368837118155737,-0.01654028570703125,0.0014954696393275108,0.0014954112214037273,0.005845065707031251,-0.005832064292968748,0.011677129999999999,5.820766091346741e-12,0.0,1.2609188230502983,3.9086678095379543,4.928512817392942,-0.0107964897125,0.0010004904674670754,0.0010004513850448466,0.004253899712499999,-0.004350850287500001,0.008604750000000001,0.0,-9.5367431640625e-09,1.2811477805770446,4.3488872604800095,5.571567267312801,6002.0,2610.6601029667268,2923.3354413061274,6.799332773621363,123.18498195653365,0.5749845809768145,0.018579151606646548,0.005079573958392493,0.3820136894775077,0.010193126781109403,0.0024144404234179803,0.006124702069146886,0.0006107346861214273,6002.0,1935.2475229586953,2750.99871871962,5.989405557883374,183.19398776492068,0.6747065591173755,0.02812673598052013,0.005035281592219485,0.27572355871918375,0.008940743198684842,0.0019142753416529453,0.005002718732444949,0.0005501162652211764,6002.0,4159.356855240639,2863.577897135484,6.926982085261536,81.99397358038884,0.318972567694125,0.029012671601916697,0.009944551186431902,0.6005328461221563,0.017857684326403722,0.004811195259762351,0.01059526192279515,0.008273173990988338,H,5HZ
H_5HZ,-0.014052334692968748,0.0011705456861877046,0.0011704999608537477,0.0048277446929687485,-0.0042955253070312525,0.009123270000000001,-4.656612873077393e-12,-3.5762786865234374e-09,1.267504121278327,4.124515036568594,5.227839811591454,-0.016562190453125,0.0014178950612514295,0.001417839673643789,0.005866970453125,-0.005810159546874999,0.011677129999999999,5.820766091346741e-13,2.384185791015625e-09,1.267388534069255,4.137964650057482,5.244408955565623,-0.010860479392187499,0.0009618028155678576,0.0009617652444115485,0.004118229392187499,-0.004286860607812502,0.00840509,9.313225746154785e-12,1.430511474609375e-08,1.2824901112052705,4.457283758447846,5.7164223489889014,6002.0,2808.7456332505626,2946.835608575097,6.884592370551558,112.23614793073958,0.540371707294285,0.020236569902118345,0.005047084122830557,0.41348841588546026,0.01145229262989956,0.0027390850314298423,0.0058821447730518705,0.0007826904175751018,46.0,2127.818704210714,2823.0818991595515,5.89534504152328,164.68126503855228,0.6426422641521659,0.027621943718921634,0.005595790695071618,0.306580910279495,0.009808104569574217,0.002172257892919175,0.00488265545993302,0.0006960648183001354,6002.0,4339.709825939011,2781.941444554756,7.056717584607608,75.77537862030681,0.28857150918238766,0.030623293350955472,0.010603493917374595,0.6270313379020283,0.01921596348217966,0.005149134922192482,0.009802978038817928,0.009002225548044276,H,5HZ
H_5HZ,-0.014038984875,0.00104458510858432,0.0010445443036815295,0.004102174875,-0.004638165125,0.00874034,-4.656612873077393e-12,-9.5367431640625e-09,1.2725000496592367,4.440371848481934,5.650373403108152,-0.01652648853984375,0.0013191606284768656,0.0013191090977583367,0.004970048539843749,-0.00472836146015625,0.00969841,5.820766091346741e-12,9.5367431640625e-09,1.2626373844770808,3.7677312244468655,4.757278302254652,-0.01075499426015625,0.0009694394850422005,0.0009694016155726635,0.004012744260156249,-0.003760585739843751,0.00777333,0.0,-1.430511474609375e-08,1.276178985166601,4.139403309789577,5.282619520531893,6002.0,3202.5871415262804,2964.7002823511957,7.049631649969235,89.38068429489401,0.4713565330471382,0.0254139837060089,0.0064915336878987265,0.4701961215524131,0.014740246552764475,0.0034132145300500324,0.007440736947281896,0.0009476226797169441,6002.0,2494.570449619457,2908.8611977801447,6.245145261346312,142.54480330399645,0.5751386061641793,0.03826140867736247,0.006417491642745694,0.35895463359085783,0.011931066007219167,0.002538163255544165,0.005925742294606674,0.0008328232334738483,6002.0,4302.519253815209,2802.9991263568095,6.986411102153525,76.9834614739266,0.2917376585875431,0.03300375724515621,0.0105546915169462,0.6214623028604965,0.019399277804738557,0.0048492118896998225,0.010053967119427454,0.008939074086250191,H,5HZ
H_5HZ,-0.01401629555078125,0.0011316164526845652,0.0011315722480534935,0.00455032555078125,-0.00466085444921875,0.00921118,4.656612873077393e-12,1.0728836059570312e-08,1.2667701986385695,4.118919011240629,5.217723858656511,-0.01654657304140625,0.0013095936889337804,0.0013095425319311267,0.004523763041406248,-0.005071836958593753,0.009595600000000001,2.3283064365386963e-12,-1.7881393432617187e-09,1.2607705423915876,3.872983756580664,4.882943835186753,-0.0107032192046875,0.0009955747137199943,0.0009955358233231467,0.0040175892046875,-0.0036991207953125,0.00771671,-3.725290298461914e-11,-4.053115844726563e-08,1.2676995468698717,4.035604853716854,5.1159344495415855,6002.0,2789.568593183805,2955.1935880109263,6.7606899084617265,104.89493642547791,0.5430029393192655,0.020214703947859864,0.005759339582564223,0.40856783615887193,0.012347001694307597,0.00286106343609233,0.006475884246951293,0.0007712092037208022,6002.0,2542.780103851632,2915.6136627791825,6.458784449577598,140.48474258976583,0.5649790639327985,0.04042910984791699,0.006516185231473005,0.36745019528471956,0.0114147895184043,0.0024153516331599473,0.0060636148965831065,0.0007316896492337768,6002.0,4265.52611583706,2817.2454012157887,6.905389071135783,81.19022188771326,0.2968950599392875,0.03202199643174031,0.009914828878966385,0.6204769733659057,0.017856154472760854,0.0045190820150163655,0.009829086927984095,0.00848681744757913,H,5HZ
H_5HZ,-0.0140235989953125,0.0011656661185025718,0.0011656205837804504,0.0045576289953125,-0.0041454610046875,0.00870309,-1.6298145055770876e-11,-8.344650268554688e-09,1.259137723131447,3.910045047952674,4.923285223244265,-0.01658863434453125,0.0012599430772693865,0.001259893859781633,0.004494304344531248,-0.005029775655468752,0.00952408,-1.1059455573558808e-11,-5.960464477539063e-09,1.2583758819602968,3.9922217355264356,5.0237155514115575,-0.0108087079453125,0.0009980366234568735,0.0009979976368897985,0.004562627945312499,-0.0039616620546875005,0.00852429,9.313225746154785e-12,2.86102294921875e-08,1.2817953099735766,4.5717823089840985,5.860089127747833,6002.0,2898.9440545976827,2955.684796156023,6.8185516250814615,111.30235682260944,0.5256703744831311,0.018503477971555524,0.005152807879301869,0.4299813333992909,0.011390231139997133,0.002683629713930532,0.005887754827139517,0.000730386759016207,6002.0,2721.185559528023,2952.8066898785037,6.473742320827149,130.0342834962665,0.5393109182345632,0.034753700673683406,0.006392623258498028,0.39709895630900105,0.012625767109458008,0.0027122646368737116,0.006303342947946707,0.000802396219087957,6002.0,4313.765059774505,2794.050852981037,6.890974674839248,81.59226171782795,0.2917073148997239,0.02807738706841912,0.009283346211305223,0.6306244222333246,0.018094686805998992,0.004281885475345572,0.009548293458438025,0.008382653184608116,H,5HZ
H_5HZ,-0.014039954073437501,0.0011270599962890121,0.0011270159696479948,0.004512894073437501,-0.004249795926562499,0.00876269,-2.561137080192566e-11,-2.2649765014648438e-08,1.2695415011690132,4.0042858228909965,5.083607039213512,-0.01659296209609375,0.0013115169590113376,0.001311465726879479,0.00644457209609375,-0.005658697903906249,0.01210327,1.1641532182693482e-12,-5.960464477539063e-10,1.2754731919119902,4.914022501002781,6.267703969260518,-0.01096960012421875,0.000981367811861956,0.0009813294764330516,0.004723520124218749,-0.0038156698757812503,0.008539189999999999,9.313225746154785e-12,4.76837158203125e-09,1.281591765557199,4.813388604787934,6.168799206609236,6002.0,3022.959194906035,2952.805385686149,7.025753988424472,104.0519170573908,0.5049695236538578,0.020916654698765122,0.005833729376889734,0.44609564965426984,0.012181721526581214,0.00285656957043819,0.006316078854656671,0.0008300611693836645,6002.0,2515.3258683049876,2921.167082258395,6.2702855372665205,140.89768088119857,0.5784780528194503,0.028688476196508647,0.006308681770016185,0.3655420548824588,0.011988585481424974,0.002543720832873316,0.005688825991606535,0.0007615545940681493,6002.0,4337.176112754071,2784.523282201938,6.927515313361257,78.88958127411118,0.2888282758180479,0.027598682042161298,0.010198436902835369,0.6316050439840951,0.01911159894916171,0.004459865646642727,0.009835550845385507,0.00836245734688692,H,5HZ
H_5HZ,-0.014064812046093752,0.0010911457543184996,0.0010911031306049608,0.004443882046093752,-0.004470787953906248,0.00891467,-2.3283064365386963e-12,2.384185791015625e-09,1.2646578303067126,4.097493467303986,5.181927202805842,-0.016500276296875,0.0012963707491920602,0.0012963201087205789,0.006351886296875001,-0.005751383703124998,0.01210327,4.656612873077393e-12,2.384185791015625e-09,1.2844468080226588,4.89993655829666,6.293707876672734,-0.01096884348359375,0.0009664043232050992,0.0009663665722988873,0.003554603483593751,-0.003816426516406249,0.00737103,-1.862645149230957e-11,-9.5367431640625e-09,1.2755103050460534,3.9492534425917762,5.037313468477046,6002.0,2972.518408923497,2953.3237923377073,7.002859945867038,97.52625495187775,0.5102904052710698,0.025103809751516895,0.006416106557528244,0.43504940042138995,0.012680234071527272,0.003024646741999909,0.006562955084962409,0.0008724416344919016,6002.0,2601.2881189517125,2932.234251998849,6.280214687130769,137.66212198525338,0.5616940270329049,0.03119454092487915,0.0068639675149154734,0.3798055918260655,0.011555765728498358,0.002664269045977641,0.005517223661174962,0.000704613382518121,6002.0,4460.936219803846,2718.3889727339324,6.92179129030125,76.50216795231773,0.2657072889882095,0.03115194174203433,0.01124646054998162,0.6500937319453934,0.018698353764843422,0.004909525741552506,0.009796681941660487,0.00839600926549339,H,5HZ
H_5HZ,-0.01408737355625,0.001171546717487245,0.001171500953049739,0.003998583556249999,-0.0046195764437500005,0.00861816,0.0,5.960464477539063e-09,1.2651768255945801,3.9432972101138084,4.988968250926365,-0.01643095020546875,0.0012648710720790611,0.00126482166208775,0.0058519502054687495,-0.003952249794531251,0.0098042,0.0,-7.152557373046875e-09,1.2547100990468376,4.626699855205403,5.805167038174472,-0.01092097001640625,0.0009507107726936304,0.000950673634828709,0.0036661600164062495,-0.00368549998359375,0.0073516599999999994,-2.444721758365631e-11,-3.0994415283203126e-08,1.2805949562742507,3.8767247188685037,4.96451412706882,6002.0,2627.7630773780443,2930.6714109562176,6.627205575571622,112.42819489607972,0.5696929231961012,0.020337308056332812,0.005546689702930191,0.3837799397023716,0.011390268271864231,0.0026659685127763105,0.005793635768595733,0.0007932588015063522,6002.0,2709.675840107578,2955.8312218562533,6.192041380722161,131.05347685684657,0.5433822687664391,0.03181651618929463,0.006933429160976317,0.3958191941369978,0.012272418443082729,0.0028101779976032514,0.006093337317696616,0.000872594821151267,6002.0,4683.389893160211,2606.552272375029,6.833412135049754,74.03768973065597,0.22865831253326957,0.03261856466677746,0.011125122465956172,0.6827220555018121,0.020190272600402053,0.0051674203177508515,0.010414183009201015,0.00910399751249203,H,5HZ
H_5HZ,-0.01400928766171875,0.0011979915459177592,0.0011979447484589659,0.00444944766171875,-0.00469766233828125,0.00914711,-2.3283064365386963e-12,0.0,1.272838667735861,3.9214348912192154,4.991353966718985,-0.016478159109375,0.0012907181025246129,0.0012906676828639547,0.005899159109375001,-0.004955490890624997,0.010854649999999999,-8.149072527885438e-12,-9.5367431640625e-09,1.2482588871774432,4.570625873047592,5.70532437041526,-0.01095037912421875,0.0009573152837252704,0.0009572778878665978,0.003695569124218749,-0.004037530875781251,0.0077331,-1.3969838619232177e-11,-2.384185791015625e-08,1.2854861316833779,4.217720813087644,5.4218216182002985,6002.0,2738.135985470337,2951.6775638838926,6.705112664314719,117.56106846119663,0.5532614641344912,0.0165297293589414,0.005372905379483095,0.40382129979408926,0.011809302195906837,0.0026480533811366704,0.00574001307318687,0.0008172102047120432,6002.0,2555.477382031725,2933.7132370836994,6.35722050206145,136.46422654098873,0.5692732509756927,0.03188090659884195,0.006915741117855362,0.3691867781206476,0.013069824054823077,0.0026747534131874293,0.0061345043926688825,0.0008642289557912275,6002.0,4538.859045732928,2697.270339626985,6.961019426755035,75.06992843010391,0.2526192885816729,0.032449235620306445,0.011416215119149037,0.6567752266188608,0.022013490027517832,0.005141409042685883,0.01050891079821294,0.009076207422992843,H,5HZ
H_5HZ,-0.013948126770312501,0.001136164544271219,0.00113612016197685,0.004388286770312501,-0.0043058632296875,0.008694150000000001,-1.3969838619232177e-11,-1.3113021850585938e-08,1.2596074010908642,3.8625199281864333,4.86525869268693,-0.01649970253046875,0.0013607619033201603,0.0013607087475200922,0.005504992530468751,-0.005370517469531249,0.01087551,0.0,1.7881393432617187e-09,1.2658867480208456,4.045680265123587,5.1213730381131635,-0.01082989749140625,0.0009806569013945448,0.000980618593736123,0.003554227491406251,-0.00415801250859375,0.00771224,4.656612873077393e-11,3.814697265625e-08,1.2711784390271108,4.240193415578296,5.390042452684424,6002.0,2970.5348852491657,2971.268247887907,6.91704478551692,105.73979854792793,0.5120634868050107,0.019902463973650423,0.005646437284493855,0.43936402005200437,0.012786461511643069,0.003000235727817306,0.0064160440754766936,0.0008208462423075161,6002.0,2297.34531761032,2876.56417579473,6.176860442824767,151.67719850375283,0.6156422518817909,0.027239368117745192,0.005845171941906305,0.3310829170023486,0.011472583665783938,0.0024583112348583393,0.00553686745874148,0.0007225217079269536,6002.0,4200.578419123461,2845.2417848189316,6.870858485320312,78.77532297304141,0.3080119472063915,0.03270089148771036,0.010396580429323059,0.6057216145546229,0.020052165482424188,0.004609689178007797,0.010197249744449294,0.008309855927646657,H,5HZ
H_5HZ,-0.0139894630953125,0.0010725007412009035,0.0010724588458224152,0.0034432430953124996,-0.004264526904687501,0.007707770000000001,-9.313225746154785e-12,-2.384185791015625e-09,1.2522122649132799,3.976401441717651,4.9792986601805715,-0.01643148893359375,0.0013466119601542482,0.0013465593570971312,0.005436778933593749,-0.005438731066406251,0.01087551,1.3969838619232177e-11,7.152557373046875e-09,1.264258181941887,4.038983527686375,5.106317975398127,-0.0106978905921875,0.0009623722941360288,0.0009623347007340288,0.0037619405921875005,-0.0041559194078125,0.00791786,1.3969838619232177e-11,9.5367431640625e-09,1.2769179568104583,4.318580012051896,5.514472371042097,6002.0,3073.7128765048947,2977.027291470156,6.730952306339541,94.22176327318417,0.49415823298672473,0.024221603755427135,0.006066597504244985,0.44959407659920403,0.013644705484297352,0.003434858474881709,0.007888991747844383,0.000990876545914738,6002.0,2396.198127437249,2908.915519624803,6.148018354163581,148.53915767360425,0.6007146973326859,0.02571249443408961,0.005778925078450283,0.3471639325689053,0.011149424894404255,0.002541926985114952,0.006147057375294102,0.0007915000955868289,6002.0,4441.747281395944,2743.5515136189706,6.943708414376027,75.86513689018349,0.2682806701876574,0.03555957043973349,0.010394329903166013,0.6410574761237129,0.019453421202079442,0.004932070839134025,0.011268700102180533,0.009053716785068342,H,5HZ
H_5HZ,-0.0140450922453125,0.0010612956236088406,0.0010612541659388076,0.0042185422453125,-0.004325117754687502,0.008543660000000002,0.0,-1.1920928955078125e-09,1.2568644024400264,4.0754777596429355,5.122322923857904,-0.016460829478125,0.001356159403768879,0.0013561064277574613,0.004829889478125002,-0.004861070521875,0.009690960000000002,4.656612873077393e-12,0.0,1.2451020490913265,3.584578923004574,4.463166565453738,-0.010823906178125,0.0009877857200433497,0.0009877471339100104,0.0038879561781250006,-0.004435183821874999,0.00832314,1.862645149230957e-11,9.5367431640625e-09,1.2769706421015456,4.49020165700513,5.733855698916249,6002.0,3189.3248436803333,2976.6646772045424,6.740832958189632,92.2632540233546,0.474519502680347,0.023996343442064177,0.0063081504918043605,0.46847186312424577,0.014252928379453777,0.0034343264838355672,0.008017518322375522,0.0009993309078443855,6002.0,2369.536756241536,2900.4538287888386,6.193620767702828,150.65289902673533,0.6037456940182607,0.02694125965340506,0.005885399202606733,0.343429934680364,0.010754270055821809,0.0024023724954729295,0.006097807584496309,0.0007432591368511742,6002.0,4355.00305930364,2785.241411377738,6.809971513551189,79.92478953390032,0.28460135706935374,0.03101407101542498,0.010495264418451139,0.6317381862812694,0.017824164703531535,0.00488707107804065,0.010429530132013446,0.009010349269880629,H,5HZ
H_5HZ,-0.01409892373359375,0.0012660929558875524,0.001266043498165473,0.00429621373359375,-0.004718286266406252,0.009014500000000002,9.313225746154785e-12,7.152557373046875e-09,1.2523597699816895,3.726796330075834,4.667289798388892,-0.01652727009140625,0.001338126343308943,0.0013380740717277083,0.0048963300914062514,-0.0047946299085937505,0.009690960000000002,-1.3387762010097504e-11,-1.0132789611816407e-08,1.259696036249782,3.6592369519759997,4.609526287547797,-0.010961848049999999,0.0009809530417352833,0.0009809147225086534,0.0037323680499999987,-0.004297241950000001,0.00802961,-2.3283064365386964e-11,-2.1457672119140624e-08,1.2776523076213127,4.380851716272654,5.597205310348653,52.0,2439.4816539958024,2914.6819402614387,6.277210868126213,131.30679505648143,0.5996029446071646,0.01726131243521268,0.004427095444426436,0.360670588717292,0.009738276232752259,0.0023547320002154713,0.005346962048799599,0.000598074358554697,6002.0,2372.4461089783567,2892.8635288691526,6.321854591288588,146.67302890886864,0.6005818706488758,0.031189459324759132,0.006057656946560353,0.34188298399646444,0.011011413307262076,0.002435563550662689,0.006173840162994975,0.0006671830274156354,6002.0,4320.365477941821,2799.9949748253866,6.980242549789057,78.82290818051456,0.29133663169251234,0.030030220654018773,0.010944832903663333,0.6246318205228742,0.018744792606723314,0.0048444220475204365,0.010550092063989018,0.008917165597936018,H,5HZ
H_5HZ,-0.014065521076562499,0.0012787617766379683,0.0012787118240304126,0.004262811076562499,-0.004751688923437502,0.009014500000000002,-6.984919309616089e-12,-9.5367431640625e-09,1.2533795057541344,3.715996701074137,4.657554112218675,-0.0164729862484375,0.0012070072070835603,0.001206960057443624,0.004332466248437502,-0.004337843751562497,0.008670309999999999,-1.0477378964424133e-11,-1.1920928955078126e-08,1.2710693556466028,3.5940242771216058,4.568254125884133,-0.01089440890390625,0.0009624464144034576,0.0009624088181060779,0.00366492890390625,-0.00420376109609375,0.00786869,0.0,0.0,1.2877937716266443,4.36795778741758,5.625028839209197,54.0,2363.154911729879,2898.179914764927,6.257968483837257,133.94771776341526,0.6127550702577464,0.01703977153876994,0.0046477368994608395,0.34762113108136933,0.009690116058281616,0.0023284927770475124,0.005287691261613062,0.0006299317942386078,6002.0,2898.839340610265,2968.2718024666865,6.403491004044517,119.33717608586097,0.5068796255817981,0.04079332679929061,0.007606905055483749,0.4190278009520476,0.01432588372378728,0.0029535651073643917,0.00753534265283377,0.0008774711811880741,6002.0,4341.801037263148,2789.2698443856684,6.9794153247767365,75.87682433148761,0.28597199300995,0.03328250087045768,0.011249412641853255,0.6244876171496767,0.020546065109608873,0.004780764605550343,0.010872977307973026,0.008808598918802719,H,5HZ
MISAL_10HZ,-0.014013208689843747,0.008230302235656543,0.008229980733195995,0.022901058689843747,-0.030335151310156256,0.053236210000000006,1.4551915228366852e-13,5.355104804039002e-11,1.2625866680348263,3.685932238469543,4.653808904136879,-0.01644592284296875,0.01777112868858039,0.017770434490307168,0.05182597284296875,-0.05630481715703124,0.10813078999999999,-9.777068044058978e-14,-4.802132025361061e-12,1.2612867661417555,3.168454726561362,3.9963300159560267,-0.0109409081953125,0.0005378491685985162,0.0005378281584550055,0.0025834981953125006,-0.0020667918046875008,0.004650290000000001,-1.862645149230957e-11,-7.62939453125e-08,1.2805098091440523,4.803575547123495,6.1510256184929295,86.0,231.08146309329283,446.0263127946748,6.002335246915097,5548.65321166181,0.9912524810950434,0.006328822953993992,0.000449748559578885,0.0010908929781795471,0.00042682559200608465,0.00010282388091644952,0.00022426715237417624,0.00012412947901886885,142.0,245.7257003432961,445.4740396174143,5.169843556395884,25869.381127921275,0.9474543565770341,0.05160220980228269,0.0003091448063884965,0.00035826394006840804,0.00013687530658494467,3.7276259662286796e-05,7.165572233357032e-05,3.020572709038519e-05,2.0,3357.066933507749,3343.418912883043,10.721339900277933,23.696107768619623,0.4751548193844141,0.06690217138705234,0.06910529052214391,0.19485869863537372,0.10626635303660867,0.023756586756229166,0.05649716813705502,0.007458912087115523,MISAL,10HZ
MISAL_10HZ,-0.01416939863828125,0.00812332890819383,0.008123011584460504,0.02801149863828125,-0.030178961361718753,0.05819046,0.0,0.0,1.25789059370467,3.7152429298188507,4.673369135322237,-0.01657771846484375,0.01694941627348129,0.016948754173976222,0.05195776846484375,-0.05617302153515624,0.10813078999999999,-7.958078640513122e-14,-5.675246939063072e-12,1.2717632891226824,3.314286168483829,4.214987478973497,-0.010900045178125001,0.0005474429155233869,0.0005474215306168172,0.002116495178125002,-0.002602334821874998,0.00471883,1.4901161193847657e-10,7.62939453125e-08,1.2694374842585359,4.753804283490577,6.034657361315516,86.0,235.6732136187964,448.17559309546454,6.009734830330762,5405.353350303076,0.9916646916966299,0.005863860948798461,0.000486536643475637,0.0010868483790165092,0.0004346150302172486,0.00010499684346729407,0.00023474702421120527,0.00012370151968966165,152.0,228.0381375679821,407.14028064705366,5.202981765771797,23532.361158683052,0.9576163551556113,0.041505231225058406,0.00028794067448595953,0.00033718396658668435,0.000137076619901136,2.6999779550928936e-05,6.806045797456933e-05,2.1152117670682053e-05,2.0,3216.125989712915,3360.8293171729592,10.496931977647446,24.548993622228203,0.4991550956555773,0.06360248124845037,0.06843249718776113,0.17464459455286455,0.10718444028037694,0.02408064441059777,0.05557251585641084,0.007327730008831927,MISAL,10HZ
MISAL_10HZ,-0.014009879354687503,0.008428167050046564,0.008427837818340738,0.0278519793546875,-0.026531530645312495,0.054383509999999996,-2.5465851649641993e-13,-6.05359673500061e-11,1.250735981941428,3.30475976777472,4.133381953718684,-0.01673269988359375,0.01572366658186048,0.015723052364137954,0.04442285988359375,-0.050408190116406244,0.09483105,4.774847184307873e-14,5.820766091346741e-12,1.2595424002536164,3.2060053573423284,4.038099683269736,-0.010727756361718752,0.0005732367184317695,0.0005732143259350938,0.002614706361718752,-0.0027746236382812477,0.0053893299999999995,-1.4901161193847657e-10,-1.52587890625e-07,1.2731299171190429,4.840464566049523,6.16254026254314,86.0,217.8528635283057,429.80613962678945,5.842118255530571,5818.650687690433,0.9932128606739516,0.0043478208830663055,0.0004878222177199881,0.001037616706041433,0.0004340608500487463,0.00011144893124587976,0.00024236055867246913,0.00012599551665203726,142.0,219.88931765709847,403.0044426494275,5.4599672319986725,20251.801710338237,0.9625218798438769,0.03637290382044164,0.00036121548221826414,0.0004169832456260299,0.00017562369596138587,3.571182482337358e-05,8.694317647647202e-05,2.873323551836486e-05,2.0,2977.2426821364393,3354.3250846566407,9.956641428527563,26.91683668937823,0.5363394530848279,0.05992524154154706,0.061778395468314345,0.15923383995522622,0.10013565520270593,0.022844315241946255,0.05276641965548041,0.006976660608243508,MISAL,10HZ
MISAL_10HZ,-0.013845722329687503,0.008052303403847666,0.008051988854602293,0.026670152329687502,-0.026695687670312496,0.05336584,1.6825651982799172e-13,3.434251993894577e-11,1.2648938616800482,3.3154153773745683,4.193648560281553,-0.016650211504687498,0.016436766544155983,0.016436124470422104,0.054739081504687495,-0.051211838495312495,0.10595091999999999,-1.3642420526593923e-13,-8.440110832452773e-12,1.238288442466251,3.3304129327971257,4.124011843573723,-0.0107601902859375,0.0006013804594409973,0.0006013569675579655,0.0026471402859375003,-0.002463559714062499,0.005110699999999999,1.4901161193847657e-10,0.0,1.2684021998283415,4.401944975020838,5.583436699124474,86.0,230.61867922187298,445.79610404836967,6.028611850868034,5311.244277955619,0.9918755669273246,0.005594592231807128,0.0004880412046758819,0.001082597293019539,0.000453329556324431,0.00011297299944398459,0.00025949723642845843,0.0001333913610016081,142.0,246.18109388541197,447.122344554852,5.531113901591004,22130.375691804617,0.9473025251135901,0.05171164175172829,0.00033342751707649405,0.00038473748173209265,0.00014131511228444957,2.8133890486687677e-05,7.504908100724166e-05,2.316977897520161e-05,2.0,2618.465642429068,3282.8340106622823,9.336936203785108,29.624746415956068,0.5911629113318752,0.05587643007426031,0.05456957309230414,0.1428468664233436,0.08186192255980332,0.02005345604007887,0.047526480511502066,0.006102344246934329,MISAL,10HZ
MISAL_10HZ,-0.014054406025781252,0.008047192007916842,0.008046877658339273,0.026878836025781252,-0.02843741397421875,0.05531625,-1.0913936421275138e-13,0.0,1.2658281529294593,3.5339687240322397,4.473397103008125,-0.016376540178125,0.017046149628196866,0.017045483749971325,0.05446541017812499,-0.054063209821875,0.10852861999999999,-7.503331289626658e-14,-5.384208634495735e-12,1.238113743779911,3.1952985889896683,3.9561430987407586,-0.01095673932890625,0.0005760899919977791,0.0005760674880429278,0.002273019328906249,-0.00226701067109375,0.004540029999999999,-7.450580596923828e-11,-3.814697265625e-08,1.2618604292243667,3.9457517949548206,4.97898806223757,86.0,249.25470785308585,467.44431522830223,6.178422867474416,5304.503555496704,0.9900208547139384,0.007253738023568582,0.0006115952651000837,0.0011272246951733436,0.00045352032064779164,0.0001233295891622704,0.0002598146296982937,0.00014990363118311736,142.0,284.24843851266274,510.02408147104677,5.584400630402115,23801.73453391593,0.9253089885757425,0.07368416216429638,0.0003518175567839567,0.00038046496580225166,0.00013931198921515584,3.4001281311517173e-05,7.295543808215231e-05,2.8291219717041786e-05,2.0,2816.1478352090967,3315.650628034092,9.950519042319572,27.1854593869972,0.5630103390764164,0.05739766681342736,0.05790959276093103,0.1572002115001264,0.08636643165511576,0.021256379499434173,0.05054726251188336,0.006312107126881068,MISAL,10HZ
MISAL_10HZ,-0.013991615563281247,0.00820459712498974,0.00820427662665469,0.025197905563281248,-0.029061934436718756,0.054259840000000004,5.093170329928399e-13,5.587935447692871e-11,1.2686771601845312,3.5422908996946543,4.494023559719888,-0.016233025124218748,0.017275863107725758,0.01727518825614216,0.05278719512421874,-0.05420672487578125,0.10699391999999999,4.320099833421409e-14,-7.275957614183426e-14,1.245130873427923,3.1378369988744015,3.907017723309099,-0.010883715127343749,0.0005694086296898546,0.0005693863867308161,0.002480115127343748,-0.0023042748726562513,0.0047843899999999995,7.450580596923828e-11,-1.52587890625e-07,1.2730763801637182,4.355768210806351,5.545225636384496,86.0,225.8981115681075,444.6505003335183,5.94166775228173,5514.047905640873,0.9923255332481837,0.005126683506588228,0.000492833526834714,0.0011275227035077453,0.00044806975785313755,0.00010710441408833389,0.00024334110066878873,0.00012890783550241735,142.0,237.06475196971746,439.7760664701843,5.552035556049616,24447.560063181336,0.9488145415307945,0.0502762932482278,0.000289665195642408,0.0003631964588477439,0.00013433269530511652,2.976762334261954e-05,6.976092063659435e-05,2.2439697764495156e-05,2.0,3026.2356967291093,3359.2788787386667,10.272121584435258,26.55853433304383,0.5331620879403243,0.05752498800064359,0.06060714224533457,0.17026161179381316,0.09339855169922408,0.023359205890984624,0.05453358839788416,0.007152816855403546,MISAL,10HZ
MISAL_10HZ,-0.01399660054453125,0.008010154929033916,0.0080098420262455,0.024061550544531247,-0.02905694945546875,0.0531185,-1.4551915228366852e-13,-5.122274160385132e-11,1.275374889880791,3.627655746097296,4.626621048281875,-0.016475911537500002,0.017344600575146547,0.017343923038453182,0.053030081537499996,-0.047756498462500005,0.10078658,-6.366462912410498e-14,-2.3283064365386963e-12,1.2400488611239475,3.057559781421397,3.791523524988597,-0.010632985028125002,0.0005929138211109956,0.0005928906599624835,0.0025139750281250022,-0.002663774971874998,0.00517775,-3.725290298461914e-11,0.0,1.2637909149022706,4.492860399505524,5.678036164396136,86.0,225.33368320050658,445.0541067214951,6.018455330896508,5255.78807727559,0.9926756040629573,0.0047260504456581335,0.0004527585688761024,0.0011735486291768913,0.0004813360907019492,0.00011216274985051766,0.0002497665190300455,0.00012877239533042788,152.0,210.86936387626466,382.71328639033584,5.308260428070956,24642.49173128055,0.9645931122366722,0.034548707905328574,0.0002553766391310949,0.00035272334167522527,0.00012946213455351034,2.9545301816857967e-05,6.828061173986336e-05,2.2789981939152363e-05,4.0,2822.0580169894893,3345.4257433332373,9.632772888728187,28.79646398958299,0.5633766773831719,0.053998780917377504,0.055454365543751966,0.1582470099686531,0.08873392234648218,0.022394062649152065,0.051291264173569016,0.006503910534011174,MISAL,10HZ
MISAL_10HZ,-0.014205406001562499,0.008491414425988037,0.008491082723633333,0.0242688660015625,-0.029350273998437502,0.05361914,3.637978807091713e-13,2.6193447411060334e-11,1.2614839996210518,3.4565996999758264,4.3604452151279665,-0.016649818982812502,0.01725898049037716,0.01725830629828368,0.0518749089828125,-0.051647311017187496,0.10352222,-5.2295945351943376e-14,-4.074536263942719e-12,1.265452547039918,3.0057937368376417,3.8036893403782246,-0.0105935370453125,0.0005858589124142665,0.000585836026853508,0.002474527045312501,-0.002703222954687499,0.00517775,3.725290298461914e-11,1.1444091796875e-07,1.262375120347517,4.6142996097253635,5.8249770350895735,86.0,219.36199829263907,420.3870623593224,6.025078899519468,5906.307979791873,0.9938407039699411,0.0038743463903255534,0.00042941452298429593,0.0010337074084227939,0.0003876408458322541,0.00010282927374592136,0.00021086499224473625,0.00012048533256909254,142.0,200.11394318349542,352.5493745327844,5.346159012146198,24399.801277059338,0.9725844037324165,0.02653493353967027,0.0002676788073819969,0.00037588345904864586,0.00012233640698314853,2.8406839379394494e-05,6.452005970423267e-05,2.1834486444676116e-05,8.0,2741.903498931949,3308.614791623232,9.537752537405293,28.11525954233503,0.5734715730809591,0.052625038123673334,0.05303460602269245,0.16077437019707558,0.08563465697229419,0.02126260947774995,0.04761331244612164,0.005583825080192077,MISAL,10HZ
MISAL_10HZ,-0.0141667931171875,0.008386369523086483,0.008386041924128446,0.0287673031171875,-0.0293888868828125,0.058156189999999996,-3.0013325158506633e-13,-2.444721758365631e-11,1.2631679811792835,3.5045003525143192,4.426772635855474,-0.016540001559375003,0.016998641145060937,0.016997977122671766,0.051765091559375004,-0.051757128440624994,0.10352222,2.2737367544323206e-15,2.4010660126805307e-12,1.264426927776211,3.0453677624548496,3.8506450040560347,-0.010684134050781249,0.0005514826858617191,0.0005514611431485384,0.002536814050781249,-0.0025396159492187508,0.00507643,0.0,1.71661376953125e-07,1.2688321403788603,4.605249120751641,5.84328810945718,76.0,222.4874579113562,417.3963920601627,5.91141433967831,5761.081284411872,0.9943914874343354,0.0034023019136308675,0.0004118534057753173,0.000993592926397824,0.0003741204188733625,0.00010253125991998938,0.0002044229314139125,0.00011968631499462619,142.0,195.65171406876328,342.3096169513492,5.241997632528157,23669.246093807753,0.9755019635748651,0.023584520502758177,0.0002804002484150914,0.00039033521058181675,0.00012016857880419159,3.2293368688377514e-05,6.642280940029349e-05,2.3892465723228667e-05,2.0,2995.0304640247077,3332.7133099606604,10.232509239528742,24.912641498946282,0.5321959895477962,0.060297415560934056,0.061201347916359644,0.17310495118372327,0.09169973048340113,0.023910360341761975,0.05123468740017207,0.0063555116798276,MISAL,10HZ
MISAL_10HZ,-0.014102046796874998,0.008331421210209676,0.008331095757712034,0.028702556796875,-0.029116893203125,0.05781945,3.092281986027956e-13,2.444721758365631e-11,1.278192102437202,3.4949656139382075,4.467237446561617,-0.0164719208984375,0.01692934474715459,0.016928683431708835,0.0538724108984375,-0.0515540291015625,0.10542644000000001,-6.593836587853729e-14,-4.3655745685100554e-13,1.2561544081914529,3.182315453684229,3.9974795856373633,-0.010691160099218751,0.0005424516765878355,0.0005424304866553448,0.002497650099218752,-0.0025325899007812482,0.00503024,-5.587935447692871e-11,-2.288818359375e-07,1.2715664791022832,4.668966731070676,5.9369015982182365,86.0,234.33214230428067,425.53156457709036,6.141149570338554,5685.8342659689815,0.9944858370510083,0.0032715297184589287,0.0004056225172643315,0.0010298244255839582,0.0003849519150907765,9.786952399508053e-05,0.00020978693930925622,0.00011457667492834833,152.0,193.47720358685817,334.10827953891527,5.343269949186863,23476.660038143946,0.9765591583418559,0.02257394716970299,0.00024884170822367954,0.0003860723589074103,0.00012054675482882044,2.697512043358979e-05,6.435495381746223e-05,2.010359058322011e-05,2.0,3237.273113231428,3348.693916284411,10.45738710537609,24.103389861325674,0.49314722011039736,0.06412625487394365,0.06450712794093927,0.19395310029388504,0.09859698920128995,0.024388343945744958,0.05470932185650808,0.006571638956462352,MISAL,10HZ
MISAL_10HZ,-0.014005280725781248,0.008667558894913996,0.008667220311781583,0.028535760725781248,-0.029213659274218748,0.057749419999999996,2.0463630789890886e-13,1.9208528101444245e-11,1.2666021171087283,3.3705915183830335,4.269198353585242,-0.016442483387499998,0.0166146077975443,0.016613958776750776,0.0538429733875,-0.051583466612500004,0.10542644000000001,7.503331289626658e-14,5.4569682106375694e-12,1.2626358312486632,3.24082743359192,4.091984840793104,-0.01061730382578125,0.00055236365738859,0.0005523420802617868,0.002423793825781251,-0.0022488461742187493,0.0046726400000000005,1.1175870895385742e-10,1.9073486328125e-07,1.2672514349703305,4.388211414644099,5.560967222228894,86.0,222.65011843546594,411.7488567486998,6.016841377277513,6153.88839389136,0.9944024979357212,0.003495892829093261,0.0003560881425165625,0.00100856062937294,0.000351818648245711,8.315811483789416e-05,0.00019697244388674787,0.0001050112487412723,152.0,206.99979147168455,372.5527516117696,5.453669009842699,22611.855498611832,0.9686502631144001,0.030398541978776106,0.0002714016489093416,0.0004240232846314626,0.00012938021303387842,3.0146916765378498e-05,7.156255109590507e-05,2.4676984952802284e-05,2.0,3193.1616422240186,3344.707237217572,10.363524241445539,24.992298911851293,0.5014629230218889,0.0597817431960841,0.06266509577038153,0.1990242131077995,0.0939599567433322,0.02271959441592264,0.05417575904822937,0.0062107133957417055,MISAL,10HZ
MISAL_10HZ,-0.013960021160937499,0.008436482408498825,0.008436152851967966,0.0310026411609375,-0.036485418839062506,0.06748806,-3.637978807091713e-14,1.746229827404022e-11,1.2643126899249186,4.324888308090149,5.46801117107445,-0.016548559746875,0.016192668523655262,0.01619203598518655,0.049824729746875004,-0.044776860253124995,0.09460159,3.637978807091713e-14,3.346940502524376e-12,1.2517059621863653,3.0771133283906087,3.8516410997075283,-0.010771390778906249,0.0005838939993319896,0.0005838711905271476,0.0021740907789062486,-0.0024702392210937518,0.00464433,0.0,0.0,1.269627748633488,4.230794834444056,5.371534529785259,86.0,214.9452271810396,414.3514114172696,5.919338504438808,5830.137851770394,0.9943347834301819,0.0033978806269558156,0.0003920010444504536,0.0010704750437741104,0.0003826902385412815,9.301902720497277e-05,0.00021752802073685647,0.00011162238262739027,152.0,216.8206397980719,397.5244242376113,5.358578187410418,21477.951883871516,0.9628980751079346,0.036099696837970485,0.00028085264443999193,0.00044284896154126726,0.0001395855822943808,3.272267931294386e-05,7.960615049704069e-05,2.660832225777553e-05,2.0,2838.4511983948073,3322.2178153779796,9.776527500793108,27.92698419429726,0.5590252889882941,0.05601058730697965,0.0563037490995159,0.1684305706375493,0.08324993069155757,0.020250396997578673,0.05103781589959731,0.005691650696127176,MISAL,10HZ
MISAL_10HZ,-0.013991418487499997,0.00819809446685467,0.008197774222534664,0.0310340384875,-0.036454021512500004,0.06748806,1.6370904631912708e-13,5.587935447692871e-11,1.2542892239750925,4.446819407131951,5.5775976640092955,-0.01668309103203125,0.01627286409479021,0.016272228423620808,0.04894606103203125,-0.04487327896796875,0.09381934,-3.183231456205249e-14,-2.9103830456733705e-12,1.2436919865143838,3.0079507093185267,3.740964193239607,-0.0109715640140625,0.0005618853210648688,0.0005618633719908136,0.0023012540140625003,-0.0025323059859374986,0.004833559999999999,3.725290298461914e-11,1.9073486328125e-07,1.2666340979789774,4.506978222228594,5.708692305283696,86.0,224.2098946843365,428.82581923573434,5.9825444663469485,5505.310924175663,0.9937895064243196,0.0036813526200640645,0.0004950898229960995,0.0011368981625458636,0.0004251584520904134,0.00011703864369097566,0.00022898109277573933,0.0001259661889654985,152.0,198.42065811777883,368.3684106848607,5.369356985387602,21691.221544716595,0.9718205628215916,0.027093356381775773,0.0003330787339989623,0.00044066875185691946,0.00015229268425651944,4.33160146995669e-05,8.386407500645426e-05,3.2850139447618856e-05,2.0,3063.0339852175875,3341.982177728727,10.232558442219737,25.861361742065966,0.5241846504611062,0.06014490956282898,0.06401843757589604,0.1734470224954956,0.09495699685214158,0.023074061083670577,0.05360087691993663,0.0065730313134921,MISAL,10HZ
MISAL_10HZ,-0.014031646625,0.008117130161932995,0.008116813080342924,0.027686006625000002,-0.029485293375,0.0571713,-3.4560798667371273e-13,-3.958120942115784e-11,1.2539578769757764,3.6326194874160715,4.5551518208622905,-0.0166269824046875,0.016018795001750186,0.01601816925534858,0.0484206024046875,-0.044929387595312495,0.09334999,9.549694368615746e-14,4.94765117764473e-12,1.2444365947636051,3.0228549611246405,3.76175133452106,-0.010844250265625001,0.0006020898030497243,0.0006020662834574167,0.002655210265625001,-0.0026596197343749985,0.0053148299999999996,7.450580596923828e-11,7.62939453125e-08,1.2621618985112568,4.4174865841754505,5.57558326299164,86.0,213.08294186936772,426.47263029765713,5.80880983692227,5397.107065444935,0.9937999583180022,0.0037244182868376953,0.0004569759620806887,0.001113084272592925,0.0004459500550660001,0.00011261729094597074,0.00022290830248682456,0.0001240867149294016,142.0,190.4106372917831,357.2215793329764,5.421357926625123,21019.176806722342,0.9752920972137004,0.023588763240177002,0.0003343661205319112,0.0004462421771104541,0.0001703052493835418,4.5645123110700346e-05,8.736046434175949e-05,3.5206100881800365e-05,8.0,2693.858083882976,3287.026702782273,9.6649118277691,29.694673702108066,0.5802038604622851,0.05424795420567707,0.05562360869374352,0.15167186400085217,0.08491668745296861,0.020898849718780324,0.04649675190046716,0.0059404226605455565,MISAL,10HZ
MISAL_10HZ,-0.013959145902343751,0.007830517605044645,0.007830211719476255,0.02793683590234375,-0.030197004097656247,0.05813383999999999,-9.094947017729283e-15,8.149072527885438e-12,1.273015167986512,3.856473512547574,4.90934927703826,-0.0165426302453125,0.01686017698207038,0.01685951836854322,0.0504997302453125,-0.0463025897546875,0.09680232,-1.1823431123048067e-13,-5.4569682106375694e-12,1.2539532961466624,2.995324607643623,3.7559971650067108,-0.010845300715625,0.0005797574652973709,0.0005797348180790456,0.002656260715625001,-0.0023262992843749997,0.0049825600000000005,0.0,0.0,1.2636517210473481,4.581854717376955,5.789868609189399,86.0,225.7790634046771,443.68998704054155,5.990651786148435,5022.6967004029575,0.992431671041467,0.005004513036724884,0.000474267249760517,0.0011392053873195195,0.00046334033334501367,0.00011202280410781471,0.00024275110230386629,0.00013222874266353613,142.0,222.00248366497885,423.369727358226,5.277683385274771,23285.21656128538,0.9615658336624274,0.03705814135210211,0.00046677431401262383,0.00046767003445588026,0.00019455077933282875,7.778063443950139e-05,0.00010657309036690992,6.2629641842763e-05,4.0,2840.3917863357306,3312.2427852253713,9.994012631919638,27.532694322999212,0.5564418998913164,0.057867738168921184,0.058960659719296524,0.15970814584235082,0.09017539875533707,0.02154854044813774,0.04933755900778748,0.00596005397508365,MISAL,10HZ
MISAL_10HZ,-0.013915245264062499,0.00837187797606129,0.008371550943190365,0.027892935264062498,-0.0310455047359375,0.058938439999999995,1.0459189070388675e-13,2.444721758365631e-11,1.252935974512928,3.70845318184228,4.646454401882155,-0.01664529788046875,0.017494976705233024,0.01749429329435735,0.05077225788046875,-0.053739322119531245,0.10451157999999999,-2.5011104298755527e-14,-3.783497959375382e-12,1.2518570434846372,3.071820119409604,3.8454796530205457,-0.010871864971093749,0.0005625605529710743,0.0005625385775202575,0.0022671149710937494,-0.0022997350289062513,0.004566850000000001,-1.1175870895385742e-10,-1.52587890625e-07,1.269726459755541,4.088137448200694,5.190816298325403,86.0,228.94890397349798,434.97590730302346,6.032484298543632,5741.188388162302,0.9925531186757224,0.005024216344735313,0.000504121969477478,0.001005709249222754,0.0004199426884265066,0.00011659398193005024,0.00024520767023696006,0.0001310645353398014,142.0,240.1268280092167,434.2436483662744,5.211990225622372,25071.64051450748,0.9508809636135652,0.04820916953840475,0.0002982165612230475,0.0003528033657535149,0.00012854104961775893,3.1408612561012075e-05,7.275207414930642e-05,2.6136164230974772e-05,2.0,3004.8641966869372,3329.8342930373615,10.3522558042614,25.923555426192323,0.5308603783437738,0.0614889704193106,0.06584608749987828,0.1668330718085571,0.09235573030430012,0.022579930158556052,0.0539682385631074,0.006067592901707105,MISAL,10HZ
MISAL_10HZ,-0.013842806702343748,0.00853509127333901,0.008534757864824133,0.02678196670234375,-0.031117943297656252,0.05789991,1.7280399333685637e-13,3.026798367500305e-11,1.2398811268618148,3.646025322201855,4.520637985588022,-0.01657490655546875,0.016780907859243608,0.01678025234222704,0.05070186655546875,-0.05380971344453124,0.10451157999999999,7.275957614183426e-14,3.2014213502407074e-12,1.2584492335405586,3.206728501091361,4.035505024611579,-0.010752090971875,0.0005514360077652915,0.0005514144668755095,0.002425970971875,-0.002721979028125,0.00514795,3.725290298461914e-11,5.7220458984375e-08,1.2732758461749494,4.936357652370358,6.28534497824264,86.0,210.92464194994827,413.0907669700375,5.743468646378225,5967.224173296756,0.9941720612146537,0.0035652145810605657,0.00040236371232904046,0.0009972705772620784,0.00041751048285286675,0.00010435390595881239,0.0002321961470850798,0.00010902531489639906,142.0,208.70651003443155,376.99076322548854,5.203093694412459,23066.777088482846,0.9671175829119792,0.03196019329757128,0.0002790329406967437,0.0003785654304552977,0.00013937081605506154,2.859557461857267e-05,7.524475976798172e-05,2.1413650351455282e-05,10.0,3226.0623876247314,3345.2634405580093,10.578900490809689,24.90842434844594,0.4964482803836577,0.06535774060829896,0.06760910661672252,0.183373574876431,0.099654782766526,0.02417098331174961,0.057105516519985716,0.006280014060579813,MISAL,10HZ
MISAL_10HZ,-0.014045360678124999,0.007921082883084808,0.007920773459741145,0.027462810678124998,-0.028790649321875,0.05625346,2.9103830456733704e-13,2.7939677238464354e-11,1.25951206994359,3.6348280208459673,4.5781097650026545,-0.0163489842578125,0.01655210066389822,0.01655145408483729,0.0489188942578125,-0.05068164574218749,0.09960053999999999,1.4097167877480388e-13,1.0477378964424133e-11,1.257237260666417,3.062066056513708,3.849743541103505,-0.0107427028078125,0.0005234552923485604,0.0005234348444768227,0.0024165828078125014,-0.0027313671921874987,0.00514795,7.450580596923828e-11,1.9073486328125e-08,1.273771331051405,5.218160800317681,6.6467436409592375,86.0,225.69467211000406,445.85908128433863,5.998240372223264,5139.550424714373,0.9923290821907933,0.004982289465696595,0.0004760717252811542,0.001216991628616376,0.0004740302286425783,0.00012101446051345749,0.000268930846595932,0.00013157527123273065,142.0,217.39120565500556,397.0217557664894,5.3159938086060565,22442.035947325992,0.963415078555426,0.03557103915387785,0.0002950643059174591,0.0004057673416013235,0.00015444971446665093,4.084022513092322e-05,8.59790490396475e-05,3.1768512356411554e-05,2.0,3536.275194904931,3370.8433706996448,10.86150606673986,22.444772332288125,0.44873411768049154,0.07158072157882014,0.07398992139351321,0.19720567963999555,0.11076250849650106,0.026309198364469464,0.06411871774235427,0.007299128921691909,MISAL,10HZ
MISAL_10HZ,-0.013995048150781248,0.00825819948086292,0.008257876888644947,0.02741249815078125,-0.032749231849218755,0.060161730000000004,-3.637978807091713e-14,-4.656612873077393e-12,1.2689136722834917,3.965817399177385,5.032279920205333,-0.01623208432890625,0.016642728797222034,0.016642078677930505,0.04880199432890625,-0.05025320567109375,0.09905520000000001,5.911715561524034e-14,2.9831426218152044e-12,1.2491680043198843,3.0196471631104713,3.772046620719564,-0.0108621793890625,0.0005489775696818869,0.0005489561248267182,0.0022976593890624997,-0.002243860610937499,0.0045415199999999985,0.0,0.0,1.2701036256498213,4.185506420212118,5.316026889175897,86.0,228.79976540198126,434.66525864544803,5.960375844372042,5586.332129519261,0.9930745269595905,0.00453097864434866,0.0004285605372899243,0.0010929625596344927,0.0004080076463838079,0.00010944366532293234,0.00023491038790248882,0.00012060461644980801,142.0,212.89007787673148,385.2013297562173,5.39860090372638,22688.463480681654,0.9650903939851011,0.033987475708184944,0.00026305421670251415,0.0004036971181426466,0.00013242061416733714,2.7617462371290584e-05,7.299893529820338e-05,2.2341954719622436e-05,14.0,3253.692708298766,3373.2029812532455,10.582961912033447,24.68682457161055,0.49610728381563557,0.06305174835143941,0.06713338738452242,0.1868038639864467,0.09566675748263687,0.024744695326104647,0.05939277516522796,0.007099408686803288,MISAL,10HZ
MISAL_10HZ,-0.013839819717968748,0.008467277936870498,0.008466947177365817,0.027050159717968748,-0.03290446028203125,0.05995462,2.3646862246096135e-13,2.7939677238464354e-11,1.2678234717789558,3.8862248209256043,4.927047045161365,-0.01637889216640625,0.017043200109693662,0.01704253434668594,0.05536325216640625,-0.050945267833593745,0.10630851999999999,-6.821210263296962e-14,-4.3655745685100554e-13,1.243075972498303,3.2485339936500446,4.038174553587272,-0.01091702384453125,0.0005716333589623759,0.0005716110290981528,0.00240763384453125,-0.002189016155468749,0.004596649999999999,9.313225746154786e-11,1.52587890625e-07,1.26915903221249,4.212014320503628,5.34571602802755,86.0,220.3369009355431,422.39456843292066,5.78800338393824,5872.778822254545,0.9943875737176064,0.003360833822488264,0.0003997868134718704,0.0010148554287907994,0.0003934411079716758,9.995514125989708e-05,0.00022543378415537392,0.00011811730246962402,142.0,188.84091588135303,338.4993284887397,5.328245950070568,23793.498316889432,0.9774434816592402,0.021577517607265197,0.0002813017610986934,0.00042854043893118566,0.00013648246334370558,3.233026184347409e-05,7.526906401884932e-05,2.507300436842901e-05,4.0,3072.4094951255015,3353.985602067569,10.376784130671021,26.76647272779277,0.5253609960448609,0.05914705073292974,0.060226447711540426,0.1773845550938884,0.09256778864604731,0.023827286929810787,0.054868848852982384,0.006617023210214608,MISAL,10HZ
MISAL_10HZ,-0.014194207603906248,0.008537746214434013,0.008537412702208473,0.030192337603906248,-0.02788339239609375,0.05807573,9.094947017729283e-14,2.7939677238464354e-11,1.261209258540973,3.536473947494604,4.460233685691572,-0.01649642196953125,0.017446538940824232,0.01744585742208568,0.05589649196953125,-0.06302338803046875,0.11891988,5.684341886080802e-14,2.473825588822365e-12,1.249282636869601,3.6125130741393905,4.513049859245455,-0.010791277040625,0.0005824434381278283,0.00058242068598664,0.002646937040625,-0.002256652959374999,0.004903589999999999,1.4901161193847657e-10,1.52587890625e-07,1.2762377963356966,4.5447167309936525,5.800139275691986,86.0,227.93451267795044,435.62702753009853,5.919453234062762,5970.937099263837,0.9900803857902326,0.007651251915068657,0.0004904336765196129,0.000972564231935901,0.00038415787434501993,9.461743700857723e-05,0.0002120138374327551,0.00011457209102908305,142.0,313.06730723016904,547.8706542191109,5.65054212280428,24933.002565116312,0.909497650814992,0.0895584500432928,0.00032407091977389006,0.00037798308369212287,0.00012368408796467267,2.8574723078403506e-05,6.77828404127626e-05,2.1801666812358497e-05,14.0,2809.958531495787,3318.593628000601,10.018967257047413,27.78840115368417,0.56605669474148,0.057084624217610715,0.05671895621832993,0.15213213534705028,0.08858544375781836,0.022571653793403545,0.049913654198319536,0.00693668557763555,MISAL,10HZ
MISAL_10HZ,-0.014210660230468748,0.008712911665489442,0.008712571310729824,0.032759670230468746,-0.029327139769531253,0.06208681,-1.0913936421275138e-13,-1.1641532182693482e-11,1.2596466112671596,3.7600461515148877,4.736329393507473,-0.01662543967265625,0.017084655483041337,0.017083988100651464,0.05602550967265625,-0.06289437032734374,0.11891987999999999,-3.637978807091713e-14,-1.7462298274040222e-12,1.2567926604188284,3.6814805742731647,4.626857765491836,-0.010655193710937498,0.0005628837162272148,0.0005628617281525867,0.0029220937109374987,-0.0025044862890625016,0.00542658,0.0,3.814697265625e-08,1.2824078586526975,5.191494748340485,6.657613675254198,86.0,239.65267590104193,436.41502901792325,6.008195451805046,6218.45699488875,0.9898930407670745,0.00791559261887043,0.0005090295379262023,0.0009265675805598704,0.0003612826568886805,9.238094880316014e-05,0.00019565125533134269,0.00010645413827435622,142.0,345.16776622214627,588.4315926956922,5.630068884129139,23909.38829342972,0.892196481308373,0.10678637785675166,0.0003891004555925479,0.00036849246444065097,0.0001302440611507621,3.2383087136440605e-05,7.176562001985803e-05,2.51507398047255e-05,6.0,2922.84738468321,3343.215544270413,10.089013874497061,25.95334758769869,0.5484778645132364,0.058945927366519775,0.05903533999379485,0.1577713458216462,0.09248630941510574,0.024353234016667405,0.05203116713485091,0.00689881157253101,MISAL,10HZ
MISAL_10HZ,-0.01398902715390625,0.008296244519781514,0.00829592044140018,0.032538037153906255,-0.03121310284609375,0.06375114000000001,1.8189894035458565e-14,-2.0954757928848266e-11,1.27918258400904,3.9221732392231488,5.017175699685351,-0.01677227591328125,0.017019396506747293,0.017018731673585974,0.04926768591328125,-0.05233392408671876,0.10160161000000001,-5.0022208597511053e-14,-2.546585164964199e-12,1.2425129442531846,3.075077807641146,3.820823980804335,-0.0107660022171875,0.0005862396201310364,0.0005862167196985921,0.003032902217187501,-0.002393677782812499,0.00542658,-7.450580596923828e-11,0.0,1.2670937556739565,5.173687665498868,6.55554734594379,86.0,237.89547225741472,437.14862571061815,6.094516825490479,5637.922487867931,0.9923343893110405,0.0052610558782221215,0.0004864228224736044,0.0010759201652059964,0.00040572459679638726,0.00010528433292451377,0.00021399385393783523,0.00011720832915730118,142.0,243.0293943031357,444.9333851482188,5.322296338833003,23727.081741532827,0.9477752863068242,0.05126017584569502,0.0003332265340886826,0.000377938938200389,0.00013474211934918261,2.818012446232909e-05,6.710949682785136e-05,2.3337094418768187e-05,2.0,2781.928356805272,3307.4543086259573,9.71752909232096,28.151812146291714,0.5671242311876035,0.0565853937344982,0.054522512544539624,0.15974334954162323,0.08615712444879131,0.021456841708720403,0.04831723321792993,0.006093266127628729,MISAL,10HZ
MISAL_10HZ,-0.014165259232031251,0.008354742038267714,0.008354415674782432,0.03177258923203125,-0.03257455076796875,0.06434714,-2.1827872842550277e-13,-2.3283064365386964e-11,1.2813298318275619,3.899081878627973,4.996009928422284,-0.0166279597515625,0.017120829154470576,0.017120160359019063,0.04912336975156251,-0.0524782402484375,0.10160161000000001,1.341504685115069e-13,5.2386894822120665e-12,1.2437715434501353,3.0652890594991526,3.812519304876766,-0.010898428295312498,0.0005685317688044233,0.0005685095600984321,0.0027466382953124976,-0.002356611704687501,0.005103249999999998,-3.725290298461914e-11,-7.62939453125e-08,1.2639633854142869,4.831296574864364,6.106581985447399,86.0,241.85620365423108,452.3638494268362,6.083143792300157,5717.709798457998,0.9912650255040352,0.00618445684860841,0.0005299653128021827,0.0011027165993316291,0.00044118624359396964,0.00011650592284019244,0.0002218791902310005,0.00013823798294693767,142.0,256.55272252712376,461.8004776778575,5.454693715048528,24010.74304769463,0.9413216728253115,0.05773625827552756,0.00031464282917752635,0.00038410682568176243,0.0001316950549231631,2.5111707219433258e-05,6.503519844025365e-05,2.1477280983762927e-05,2.0,3047.575326364761,3323.0216715753904,10.119984657884729,26.476801182589785,0.5227045593071098,0.06014868052057271,0.063111780813877,0.18119285946070404,0.09335882753747679,0.021318602715407507,0.05134624840862686,0.006818320491087835,MISAL,10HZ
MISAL_20HZ,-0.01380775957421875,0.01837428584939273,0.018373568089832724,0.055499449574218755,-0.06865927042578125,0.12415872,2.7284841053187846e-14,2.764863893389702e-12,1.2458289255761694,3.736850136367252,4.655475990682954,-0.0164980177796875,0.03278258469008813,0.03278130409536157,0.14889644777968752,-0.14701756222031248,0.29591401,-1.7905676941154525e-14,-5.093170329928399e-13,1.3533275854621478,4.54211483905589,6.146969308218814,-0.01081322741796875,0.0005353708270172695,0.0005353499136858676,0.0027627574179687493,-0.002400092582031251,0.00516285,4.656612873077393e-11,2.288818359375e-07,1.276622177649394,5.160657248988036,6.588209507611599,78.0,495.1070108097801,522.0353652207954,7.1163304921865125,27655.20932040369,0.9630495132315726,0.03331324777270066,0.002237551082256176,0.0009932418372173531,0.00016568934703043844,7.65293292470883e-05,6.57808895334489e-05,9.84462276122359e-05,1938.0,1083.1493165980316,894.3582921063287,6.407315861157294,88032.37122144894,0.5022764682166496,0.4946496294905451,0.0023904941855032594,0.00045432990299643734,0.0001132429617421145,3.7651154177450445e-05,4.359196047889915e-05,3.457664465575886e-05,10.0,3093.637512544472,3401.914537895979,10.522584754871874,23.478233905388702,0.5266934976468801,0.06548625661518824,0.06782867823905664,0.14078693939423262,0.1059733221846514,0.02520419442414864,0.060368289960002534,0.007658787380657116,MISAL,20HZ
MISAL_20HZ,-0.0140534651140625,0.018857502580584554,0.018856765945002303,0.0557451551140625,-0.0694982848859375,0.12524343999999998,2.2737367544323207e-14,2.9103830456733704e-13,1.246104104584342,3.685588774074558,4.592627299427832,-0.016291870228125,0.031927189466955254,0.031925942286757235,0.14869030022812502,-0.13864428977187498,0.28733459,2.955857780762017e-14,8.276401786133647e-13,1.339560965037556,4.657350404506114,6.238804802573677,-0.01084851899921875,0.0005361982431102904,0.0005361772974573161,0.002200558999218751,-0.0023811910007812496,0.004581750000000001,-9.313225746154786e-11,-1.52587890625e-07,1.2687548500809362,4.441051509700967,5.634605652901214,504.0,481.96096006935363,508.7733505213938,6.926475105132295,29128.91883234818,0.9669840885756229,0.029377426043517382,0.0023073019779139394,0.0009247721045564659,0.00016489072445713635,7.592777494085311e-05,6.927620462586678e-05,9.631344124686246e-05,1938.0,1075.6993920440157,892.6318953796844,6.487764579490366,83498.25376620838,0.5070935140702666,0.4899047063220553,0.002343651563540055,0.00046153313318793656,0.00010938536844660563,2.572314755514044e-05,3.538107019119805e-05,2.610111156331307e-05,2.0,3163.906231492626,3435.552787076974,10.517301220146624,23.55086086366707,0.5175849807573081,0.06719608280213475,0.06720599908041011,0.14023769185694515,0.10901716255023608,0.02521080287080252,0.06612282723639896,0.007424451325267523,MISAL,20HZ
MISAL_20HZ,-0.014159003909374999,0.01812234177210523,0.01812163385430297,0.051379203909375004,-0.069392746090625,0.12077195,-5.2295945351943376e-14,-2.546585164964199e-12,1.2440986689470859,3.8292764683753098,4.763997757599011,-0.01663928177421875,0.031015307166573053,0.031014095607473133,0.12432009177421875,-0.12258780822578125,0.2469079,7.958078640513123e-15,3.637978807091713e-13,1.3134134498754575,4.008502886676282,5.264821605394981,-0.01093731112578125,0.0005512393309554751,0.000551217797748531,0.0022088911257812493,-0.0022923988742187505,0.00450129,7.450580596923828e-11,2.288818359375e-07,1.2674125540344572,4.158789646167716,5.270902216703767,504.0,460.1405765612671,493.3805580991066,6.847609553108093,26902.004823850206,0.9697885360138089,0.02707996639957267,0.00180667448255802,0.0009203243050303959,0.00015518636975862595,8.112248885398437e-05,6.683131532648734e-05,0.00010135848519312794,156.0,984.7767974168036,895.2141083354871,6.445739404983644,78796.72906054235,0.556343085817456,0.44095164827427225,0.0019648115595069173,0.0005077709386977189,0.0001116797906684325,4.0041825802774935e-05,4.4794146496404897e-05,3.6151656775822374e-05,2.0,2926.789756339496,3387.810179820231,10.227571025018086,24.890659789394824,0.5527936374688909,0.06447692399704691,0.06337634873451804,0.1285599233165841,0.09966330419737536,0.022796265217927603,0.060937111441267636,0.00739647688809196,MISAL,20HZ
MISAL_20HZ,-0.0142405672078125,0.018218720161287193,0.01821800847863057,0.0562302572078125,-0.0796145327921875,0.13584479,4.5474735088646414e-14,3.5652192309498786e-12,1.2503380782007767,4.370100764921916,5.464103392256141,-0.01676843299453125,0.031212256675476713,0.031211037422886334,0.12444924299453125,-0.12205039700546876,0.24649964000000002,-1.1937117960769683e-14,-5.820766091346741e-13,1.316421333659966,3.9873472100382075,5.24902893217202,-0.010839133396093749,0.0005530248894335734,0.0005530032864768889,0.0021107133960937483,-0.0021938966039062504,0.004304609999999999,-1.4901161193847657e-10,-1.52587890625e-07,1.2652676502853684,3.9672397137384787,5.0196200797977,504.0,469.10993757628864,509.5263314431864,6.887623973974836,27188.906765495845,0.9664120550963551,0.029926409346656396,0.002231523373345988,0.0009870189615354787,0.00016584604210004755,9.126263075489799e-05,7.362311933946876e-05,0.00011225171428078104,1938.0,1064.131816454676,896.1211203549312,6.309067213611434,79800.63596698185,0.5116956715792859,0.48545466207418225,0.0022396371544874294,0.00044678034175769444,9.130410849953425e-05,2.045961947996798e-05,2.8288651987690424e-05,2.3196457979883255e-05,2.0,2871.0979015381445,3351.186336749991,10.027850942539594,25.052171077480452,0.5589391595910737,0.0619648107054845,0.06215970987897395,0.13458587960914964,0.09602158684872358,0.022703474816179597,0.0565075676890994,0.007117808448620875,MISAL,20HZ
MISAL_20HZ,-0.014166530271875,0.018759714267153397,0.01875898145150175,0.056156220271875,-0.07968856972812499,0.13584479,-3.183231456205249e-14,-2.1827872842550277e-12,1.2580902751726486,4.248022203652081,5.344395423417065,-0.01629979295625,0.030462240075121504,0.030461050120626814,0.12193632295625001,-0.12251903704375,0.24445536,2.2737367544323206e-15,-7.275957614183426e-14,1.3209433182483237,4.0221540805240865,5.3130375578079425,-0.010764015046093749,0.0005347101564770287,0.0005346892689535739,0.0023097550460937488,-0.002561054953906251,0.00487081,-1.4901161193847657e-10,-1.52587890625e-07,1.2781891722199552,4.789800539907268,6.122271198652912,504.0,474.6148650013312,489.50564712722337,6.934352735735843,28827.597641773304,0.9699973083425878,0.026820755370944326,0.001908575680980445,0.0009028600211492319,0.00014583606831726297,7.022250814894399e-05,6.069357179266863e-05,9.374742575558611e-05,1938.0,1055.9203200533036,891.1089913084851,6.433249054032403,76011.56728487447,0.5209663091259444,0.47606978590746296,0.002298866522915205,0.0004724231831579782,0.00010565698890766926,2.6267474396194197e-05,3.2790225695537965e-05,2.78946297716112e-05,12.0,3150.3533842587067,3388.4682672532726,10.621183873932177,23.42032308063073,0.5121760632510967,0.06778607042746711,0.06851168976727816,0.14960546195348762,0.10922365241383515,0.02549602742562581,0.06000925909375607,0.007191765899768794,MISAL,20HZ
MISAL_20HZ,-0.0138440013796875,0.019711546698872404,0.019710776701540176,0.0633999113796875,-0.0789636286203125,0.14236354,-1.3642420526593923e-14,-1.7462298274040222e-12,1.2590965181879732,4.006114513495365,5.044084835660224,-0.016220097860156248,0.03093934424031576,0.030938135648575605,0.12590644786015626,-0.11426815213984376,0.24017460000000002,-1.7337242752546444e-14,-3.3651303965598344e-13,1.3204307893567562,4.069619749756427,5.373651218726413,-0.01078096123515625,0.0005531309779450646,0.0005531093708442168,0.002326701235156251,-0.002544108764843749,0.00487081,-3.725290298461914e-11,-7.62939453125e-08,1.2770681773590349,4.599648630723793,5.874064903950494,504.0,492.62555029623144,476.61256796900824,6.9701774477311815,31827.125910442795,0.9750490283437594,0.02219783990990813,0.0015012634890063062,0.0008582560157440111,0.0001582725910010975,7.469270401087874e-05,6.803726920457348e-05,9.25972789623542e-05,156.0,947.620632094258,883.8535449729202,6.659868032966178,78411.22264554095,0.584150673424112,0.412849029496973,0.0022236619839400124,0.0005259676251732081,0.00012439138351358884,4.362969549857328e-05,4.431152142867949e-05,3.8318623185062536e-05,4.0,2978.284793126531,3372.412904828604,10.367017487168837,25.06178370366045,0.5380331548457468,0.06598683251664303,0.0657228118291625,0.13846772701779803,0.10281395250708254,0.024909247756052386,0.05748198269659454,0.006584286021685653,MISAL,20HZ
MISAL_20HZ,-0.013785685457031249,0.01977029802477028,0.01976952573241956,0.06334159545703125,-0.07902194454296875,0.14236354,-6.366462912410498e-14,-4.0017766878008846e-12,1.247668819799983,3.997159345577292,4.987131083501155,-0.016752773790624998,0.0328909960096703,0.03288971118004385,0.14743174379062501,-0.149254086209375,0.29668583000000004,-4.547473508864641e-15,-1.4551915228366852e-13,1.3365078280110698,4.538017539521549,6.065095965406492,-0.010817795199218749,0.000549927716994897,0.000549906235023874,0.002363535199218749,-0.002689054800781252,0.005052590000000001,1.1175870895385742e-10,1.52587890625e-07,1.2737548938054364,4.890024197988014,6.2286922643410625,78.0,499.705073414628,498.3318768083386,6.908803396066777,32017.133508174888,0.9695899774229206,0.027186421369706157,0.001955358242637168,0.000890623076769848,0.0001501466232378545,7.203872294263977e-05,6.51777795185859e-05,9.024865185125546e-05,156.0,997.5737416630775,887.5786957714274,6.463666423143737,88615.57570355896,0.5521839042281456,0.44482379672902694,0.0024080510041248034,0.0004247882410855695,9.09345212578236e-05,1.9512834691651743e-05,2.7055598387916346e-05,2.1956208403836297e-05,2.0,3043.041889111604,3382.346976840856,10.42348135862268,24.7723513853818,0.52995472447857,0.0689097418135979,0.06786362211711625,0.1390325473869051,0.10097065745470625,0.025310810885499396,0.06069549637423309,0.007262398304105593,MISAL,20HZ
MISAL_20HZ,-0.0138623013734375,0.018930946070970518,0.018930206566445888,0.0566238113734375,-0.0695344886265625,0.1261583,2.5011104298755527e-14,7.275957614183426e-13,1.240276729931136,3.673202845347729,4.555788013642288,-0.016737568686718753,0.03342680551040077,0.03342549975030689,0.14741653868671875,-0.14926929131328126,0.29668583000000004,1.5916157281026246e-14,3.637978807091713e-13,1.3311433920700153,4.4657310264282595,5.944528346769869,-0.01078702914375,0.0005558049538027374,0.0005557832422476674,0.0023357491437499996,-0.002719820856250001,0.0050555700000000005,3.725290298461914e-11,0.0,1.263576803432806,4.893671929288444,6.183530344584939,78.0,497.13520976229876,515.4904399723729,6.871868079046467,29356.25492644659,0.9643220891572717,0.032206142066526215,0.0021783023693709856,0.0009238719613672933,0.00013742495248452049,7.410827370118014e-05,6.319479019644562e-05,9.486295881981388e-05,156.0,1014.4029080407618,895.1724203787034,6.38932065370028,91526.27030644711,0.5418354630772589,0.4551770957334386,0.0023330626372510656,0.0004378061725337917,0.00010615776726902657,3.559053518336814e-05,4.098586507145988e-05,3.3823409796683015e-05,2.0,3001.6669435673716,3386.276391429701,10.297321628295077,25.304679414406856,0.5395458799113724,0.06513940627732112,0.06556736596100385,0.13791442143812266,0.10034410657352705,0.023856000918195664,0.060489486350633996,0.007143332443094801,MISAL,20HZ
MISAL_20HZ,-0.014066834721093751,0.019065605960366768,0.01906486119558747,0.05682834472109376,-0.06170115527890624,0.1185295,2.2737367544323207e-14,2.0372681319713594e-12,1.2450232044132077,3.236381038533367,4.029369491508308,-0.016480614928906248,0.03222613165618013,0.03222487279832476,0.12686875492890626,-0.13721139507109376,0.26408015,-7.958078640513123e-15,3.637978807091713e-14,1.3158027340625487,4.2579344199605,5.602601751416917,-0.010755791992187498,0.0005522090372416451,0.0005521874661548093,0.002352191992187497,-0.002257868007812502,0.004610059999999999,3.725290298461914e-11,-7.62939453125e-08,1.2559189708437624,4.2597706976352745,5.349926840293116,504.0,483.68088412795163,491.0524211736182,6.823779494489453,29775.37494851792,0.9703220368009582,0.0266750237730249,0.0017936079487570263,0.0008490127409050899,0.00013720078748019743,7.277876237060977e-05,5.892042302483545e-05,9.141837825392045e-05,156.0,922.2650419439485,883.3938936875777,6.2895921188623065,85069.20361640424,0.5937130479565706,0.4037431993854524,0.0019513462954706628,0.00043951513770866096,8.487081650917492e-05,1.972224806804068e-05,2.6750951773177242e-05,2.1547035402155788e-05,2.0,2939.4814351487926,3359.4051749844675,10.259624269458513,24.978308939011203,0.5481968093253976,0.06277853194564408,0.06564657182283462,0.13587185832822696,0.10021636646470322,0.023229709183806152,0.05769651108536426,0.006363641763989415,MISAL,20HZ
MISAL_20HZ,-0.014298059789062501,0.019087911240305143,0.01908716560420883,0.0530663697890625,-0.0639135302109375,0.1169799,7.389644451905042e-14,2.9831426218152044e-12,1.2476762048196954,3.3485081825609404,4.177853981244213,-0.01668391239453125,0.030700785106627777,0.030699585833785795,0.11438023239453125,-0.12562300760546874,0.24000324,3.9790393202565614e-15,-2.8194335754960775e-13,1.3076721589419649,4.0920098493030785,5.351007354224243,-0.010916987991406248,0.0005616438921054508,0.0005616219524623984,0.0025133879914062476,-0.002677772008593751,0.0051911599999999985,1.4901161193847657e-10,1.52587890625e-07,1.2655249164872695,4.767926168279731,6.03392937667343,504.0,503.66034988475997,484.85209164427033,6.85602392294476,29845.085460070273,0.9733577916180768,0.02365518861277665,0.0017529781053445572,0.00087031564064555,0.0001417277978427831,7.074298059596991e-05,6.105338408225478e-05,9.020149005036159e-05,156.0,928.3272596581432,886.5808819782809,6.361064114371161,77206.69799002568,0.5938283865705436,0.40301175714529475,0.0024477520465587765,0.0005032523323176271,0.00010632332129794949,3.2602270670550166e-05,3.8523103792521294e-05,3.1393219600306766e-05,2.0,2823.515688741469,3335.8068238334467,10.081936434045414,25.839142297079988,0.5647821325225667,0.0624326138175015,0.06209729932849433,0.13109461841971343,0.09605390652124811,0.022469321197685414,0.05541071202739826,0.0056593961274617995,MISAL,20HZ
MISAL_20HZ,-0.01416682966875,0.019439541210122962,0.019438781838212668,0.06816293966875,-0.07750095033125,0.14566389000000002,2.7284841053187846e-14,4.3655745685100554e-13,1.2575315286380473,3.9869242307618302,5.013682922731916,-0.01662723174765625,0.03263639346727942,0.032635118583259036,0.13133935174765626,-0.13557626825234376,0.26691562,-2.0179413695586844e-14,-5.456968210637569e-13,1.3158446344519745,4.154305978766584,5.466421232199269,-0.010973312901562499,0.0005711825547642981,0.000571160242509958,0.0024579629015624993,-0.0026214470984375,0.0050794099999999995,-1.862645149230957e-11,3.814697265625e-08,1.2648556558461455,4.589687619586212,5.805292354364687,78.0,559.6156751952657,506.24944510778533,6.856385290062198,30954.802328418176,0.9666559223028515,0.02982931668159762,0.002245478311313019,0.0009089668976294318,0.00014377046096288273,6.77439054166074e-05,6.137390848576255e-05,8.742749497413883e-05,1938.0,1175.4741996247171,882.3100892734042,6.513584648945743,87248.97510471995,0.45543924525501933,0.5414427426472123,0.002542146238531527,0.0004116484933601607,9.233219713182426e-05,2.040618341549484e-05,2.9873612471468805e-05,2.160407637821711e-05,4.0,2770.987969844939,3340.5931977000714,9.983207417554523,26.724272247531662,0.574663102926103,0.059203067872653496,0.05925289012976353,0.12879827463385687,0.09486098548715545,0.022828801733231308,0.05472694257132363,0.005665911133857165,MISAL,20HZ
MISAL_20HZ,-0.014142221620312501,0.01997043746799887,0.019969657357548447,0.0681383316203125,-0.0775255583796875,0.14566389000000002,3.751665644813329e-14,2.9103830456733705e-12,1.2693397820929118,3.8821676800829534,4.927789877331404,-0.01646617555390625,0.03504719014729793,0.03504582108969287,0.13117829555390625,-0.13573732444609374,0.26691562,8.526512829121202e-15,3.3651303965598344e-13,1.320629541705002,3.873138657383078,5.114981330205692,-0.010876126138281251,0.0005942640903290907,0.0005942408764346571,0.0024576261382812502,-0.002667973861718749,0.005125599999999999,3.725290298461914e-11,7.62939453125e-08,1.2683147328764386,4.489717828292822,5.694375277664398,78.0,557.7699743044416,516.6687092774752,6.913696375693412,32668.648654665583,0.9617523670470757,0.0347764574922984,0.002209575648827356,0.0009110630175092709,0.00013897628923471538,6.887243880634852e-05,5.893694368183514e-05,8.375089746091337e-05,1938.0,1271.6306381893667,868.5212848742796,6.496816461236844,100614.93048599019,0.3995141416505723,0.5973028843122478,0.002444700561242261,0.0004477813165949562,0.00012876408989982802,5.509478500093578e-05,5.802263067821783e-05,4.857025626561611e-05,4.0,2502.7188825386256,3290.0387211648954,9.30915784498777,28.927772203110436,0.6128839907354712,0.05831618294181923,0.054105559349738847,0.11193116065548013,0.08425602861617182,0.02204462828131724,0.05063020034362761,0.005832248790765507,MISAL,20HZ
MISAL_20HZ,-0.01396285251015625,0.019885436945811692,0.01988466015575902,0.06802750251015625,-0.07585732748984375,0.14388483000000002,-2.0463630789890885e-14,4.3655745685100554e-13,1.2722120803820647,3.8148666807392733,4.853319476527607,-0.01661309176328125,0.03425316680807242,0.03425182876760987,0.13243079176328124,-0.12575937823671876,0.25819017,1.3642420526593923e-14,2.9103830456733704e-13,1.2939218406485438,3.8663860157051704,5.002801310245082,-0.010804239225781252,0.0005845534654449651,0.0005845306308792249,0.0025451692257812512,-0.0027398607742187484,0.00528503,1.4901161193847657e-10,2.288818359375e-07,1.2656269868290084,4.687283479755866,5.932352477045722,78.0,530.2935389591286,498.30293719284424,6.928335287990622,32391.14421362628,0.9677973519361163,0.029131409219736507,0.0018567020312246448,0.0008540317774579688,0.00014945819749682303,6.749358123396704e-05,5.9739220659422366e-05,8.381338376039258e-05,156.0,1001.21268781865,887.254709861163,6.121827765411534,96107.5424406642,0.5504688167252837,0.44673270866274317,0.002266936434637983,0.0003888014015552494,7.933490283336792e-05,1.8052588352289677e-05,2.580762548860182e-05,1.9541645089575705e-05,2.0,2595.932286012505,3324.434474864899,9.107428445821139,27.99010285987081,0.5984036031783716,0.06264808820379796,0.05645442116875638,0.11185913425979258,0.08797761064256247,0.022159753822221614,0.054716564400819574,0.005780813406325802,MISAL,20HZ
MISAL_20HZ,-0.013962568246093751,0.019370406030632937,0.019369649359368343,0.06802721824609376,-0.06870859175390624,0.13673581,3.865352482534945e-14,2.1827872842550277e-12,1.2664272519204356,3.5472295071323714,4.492308116880655,-0.016501634290625,0.03252128620038577,0.03252001581283082,0.132319334290625,-0.110565555709375,0.24288489000000002,1.7053025658242404e-15,5.456968210637569e-14,1.2717430688370257,4.068858239433862,5.174542264239554,-0.010708704034375,0.0005595232540579396,0.000559501397253929,0.0024496340343750003,-0.002364555965624999,0.0048141899999999994,0.0,1.52587890625e-07,1.2666322388134965,4.378244705052975,5.545625902746314,78.0,512.4659118573026,489.14902497139315,6.958410539329299,30735.01733555928,0.975805501828014,0.020822199299939937,0.002105736300142933,0.0008854407738963,0.00015692274138485744,7.04983294880926e-05,6.4054503373832e-05,8.964206800314314e-05,156.0,679.7503765316837,819.7710065554796,6.0658550862373515,86634.61444856958,0.7346878799058476,0.26176146040199444,0.0027779986717783134,0.00048516061907908454,0.00013322444728301524,5.005379480460511e-05,5.471430891678731e-05,4.947487105222233e-05,4.0,2862.7015732814784,3376.8724509356102,10.014710188323996,25.644385364303773,0.5598593179331327,0.06217752926600279,0.0643556718605631,0.12824869944433787,0.09771668305894797,0.022399250414958563,0.05904804445591945,0.006194803566098147,MISAL,20HZ
MISAL_20HZ,-0.01425012451015625,0.019736279070467,0.019735508107007634,0.06774112451015625,-0.06965922548984374,0.13740035,1.3642420526593923e-14,2.1827872842550277e-13,1.2519907945240725,3.529639323630066,4.419075941398931,-0.01628549523984375,0.03356403577287168,0.033562724652115974,0.13570005523984374,-0.11078169476015624,0.24648175,2.842170943040401e-16,-1.0913936421275138e-13,1.2655824117113104,4.04317756208286,5.116974410150342,-0.01070642235546875,0.0005433373031999301,0.0005433160786719743,0.0020718723554687506,-0.0021954876445312507,0.004267360000000001,-1.1175870895385742e-10,0.0,1.2724685459114156,4.0409031255926955,5.141922133855792,78.0,495.3606683420737,490.8478250549953,6.926142019668081,31907.043761045963,0.9791232054911637,0.016835587893121288,0.002665815195656858,0.0009734719221047847,0.00016571196210175672,9.410308318278834e-05,5.831826739405337e-05,8.378595707033147e-05,156.0,608.0137491888064,780.300103145587,6.007661081752483,92279.31551715976,0.7729245911746813,0.22358486567497776,0.002875536451790817,0.00043908084527647425,0.00010249920965969844,2.2651924029681703e-05,2.8327061887864772e-05,2.2443799890241657e-05,2.0,2998.6185685231585,3380.8532451348515,10.210260077579246,24.182158925299333,0.5383693947591441,0.06311212529944638,0.06648680159607862,0.14090657628416903,0.10231161624224623,0.022884823306161418,0.059383158690600166,0.006545447248126508,MISAL,20HZ
MISAL_20HZ,-0.01420142479140625,0.019159583395347415,0.019158834959502862,0.05368046479140625,-0.06970792520859374,0.12338838999999999,2.0463630789890885e-14,1.6007106751203537e-12,1.246334946062415,3.6384219266098903,4.5346923958903345,-0.016577698554687503,0.03550373256095848,0.03550234566931705,0.15341780855468748,-0.1292486014453125,0.28266641,1.8474111129762605e-14,5.547917680814862e-13,1.2515323274741892,4.321342876309091,5.408300307953461,-0.010877199403906248,0.0005443926392229314,0.0005443713734701069,0.002242649403906248,-0.002331650596093752,0.0045743,-7.450580596923828e-11,-2.288818359375e-07,1.2710272083519984,4.283198392574167,5.444061705731949,78.0,471.4025942408057,508.43989676911815,6.977927578208821,30069.6337152648,0.9756862020703478,0.019673805353551465,0.003051063920124442,0.0010998507362205625,0.00020468479004920516,0.00011451120839870534,7.12779474865566e-05,9.859616682260689e-05,156.0,599.8346098219217,777.4826096025927,5.745506856761352,103253.324079687,0.774291868781594,0.22235878236613657,0.002737342374269618,0.0004204671078133365,0.00010677045160796325,2.668575727389874e-05,3.1040491234656266e-05,2.7033651718455512e-05,10.0,3007.4230886938985,3375.3611417359866,10.368788653464943,24.27618869893714,0.5362125589438539,0.06524654554303602,0.06635662799747345,0.137026881288963,0.10440364054957564,0.02448469030338216,0.05946367594657733,0.00680536710955183,MISAL,20HZ
MISAL_20HZ,-0.0141910773234375,0.01825152295646811,0.018250809992427272,0.050754187323437505,-0.06707948267656251,0.11783367000000002,2.0463630789890885e-14,2.0372681319713594e-12,1.2569444885745613,3.6754249647396517,4.619805152851985,-0.01654196614375,0.03651545694164935,0.03651403052875239,0.15338207614375,-0.13717686385625,0.29055894,6.252776074688882e-15,1.8189894035458565e-14,1.2723756961534898,4.200633945868318,5.344784541306557,-0.010977803738281252,0.0005631793545397529,0.0005631573549165277,0.0021927637382812525,-0.002231046261718748,0.00442381,-8.381903171539306e-11,-1.9073486328125e-08,1.2625789357346882,3.961674722489886,5.001927063730231,78.0,449.79733077468865,527.4701877150261,6.998153892204728,27286.90199786721,0.967054348373009,0.028050666492108377,0.00327889818092259,0.0011756168240804254,0.00017975873817040896,9.19854144519282e-05,6.837576004976665e-05,0.00010035007328575531,156.0,758.3730064432732,847.0738706953946,5.644023113040523,109221.8409349445,0.6806531035193845,0.3164551466376074,0.0024096905583914493,0.0003503659339715999,7.635732666230825e-05,1.6305983610690988e-05,2.1694355682293425e-05,1.7335653585421108e-05,4.0,2894.360640248095,3352.26800422296,10.185584005229462,25.98061819015588,0.552065920703947,0.06345312452364885,0.06385603626462492,0.13565058961477794,0.09913493532512244,0.02307868264045931,0.05636210991377856,0.006398526947002004,MISAL,20HZ
MISAL_20HZ,-0.01404119158828125,0.018157645683945522,0.018156936387057267,0.055390181588281254,-0.06722936841171875,0.12261955000000001,4.092726157978177e-14,8.731149137020111e-13,1.2645637772388016,3.702682378506261,4.682278014737305,-0.016221068571875,0.037911036807954816,0.03790955587915455,0.150803828571875,-0.137497761428125,0.28830159,-5.684341886080802e-16,-9.094947017729283e-15,1.285566182524604,3.977989851651625,5.1139692278442945,-0.010931498146875001,0.0005539333090410194,0.0005539116705985009,0.002171788146875001,-0.002484461853124998,0.004656249999999999,0.0,7.62939453125e-08,1.265546689283817,4.4853033082968565,5.676360762496611,78.0,475.684060954419,543.5883893748438,7.084918914879135,27006.921883954605,0.9608174565564337,0.03436970334724832,0.003162099526726597,0.0011960519351442364,0.00017133723072062466,0.00010658284342284534,7.07687581758903e-05,0.00010599713222865453,156.0,901.0125664747007,884.055124908634,5.864024310373618,117730.05315643846,0.5997186042643127,0.3975683373736396,0.002182415504642987,0.0003436592153618132,9.213456200995918e-05,3.259891790490862e-05,3.3744838569266395e-05,2.8490029145823738e-05,4.0,2940.708201764117,3366.037267799794,10.185207091422406,25.13454193260216,0.5456593402949954,0.06473447990679858,0.06436581074761163,0.1384375384019888,0.09921430102626445,0.023098018637136605,0.05814313747038383,0.0063473735116014035,MISAL,20HZ
MISAL_20HZ,-0.013919974035156248,0.01857271112719474,0.018571985616495926,0.05526896403515625,-0.06800469596484376,0.12327366000000001,-1.8189894035458565e-14,-4.3655745685100554e-13,1.2644724380685592,3.6616814898229975,4.630095321116305,-0.01627576274921875,0.03843220150125703,0.0384307002140633,0.15406946274921873,-0.14105333725078126,0.2951228,-1.6768808563938364e-14,-2.7284841053187846e-13,1.264257642736773,4.009020441652782,5.068434733379368,-0.01082370921875,0.0005169497845902636,0.0005169295908448863,0.002436499218749999,-0.0025922507812499995,0.0050287499999999985,-1.862645149230957e-11,-7.62939453125e-08,1.266135905499684,5.014707654863468,6.349301429689473,78.0,495.88291824575555,529.3626179690004,7.167073433253296,28255.735992897935,0.9649238856208195,0.031066758863975606,0.002395225100660375,0.0011484266252662747,0.00017879006889314508,0.00010782306507470467,7.513838944316387e-05,0.00010393766692641742,156.0,807.1248351054836,863.0149949802067,5.9788268943266045,120989.18287938197,0.6527418633811776,0.3448016553547448,0.001877013110842661,0.00037416605490470437,9.785125920335623e-05,3.8283171857643296e-05,3.752643472287283e-05,3.16177006141308e-05,14.0,3357.7430773225938,3427.2368136933933,10.785667510155482,21.890351260354386,0.48461618980232557,0.07092728189705175,0.07682850842876847,0.1474088195984288,0.11782264639538151,0.026369505372112183,0.0683884928037192,0.007638555570728434,MISAL,20HZ
MISAL_20HZ,-0.014083436929687498,0.018705078378878647,0.01870434769748307,0.054824506929687496,-0.0678412330703125,0.12266574,-1.0004441719502211e-13,-5.2386894822120665e-12,1.266325610995305,3.6270301517018133,4.59300117319775,-0.01659433685625,0.03652325553243149,0.036521828814896136,0.15438803685625,-0.14073476314375,0.2951228,-2.2737367544323206e-15,-3.0013325158506633e-13,1.246935589863739,4.227281104528165,5.2711472577389955,-0.010697275501562499,0.0005147573845897703,0.0005147372764866908,0.002310065501562498,-0.002092884498437501,0.004402949999999999,-7.450580596923828e-11,-1.52587890625e-07,1.2666436289792673,4.487853517899193,5.684511077282724,78.0,495.2193838718451,508.037561745433,7.080164328412464,28659.926997568655,0.9723965963569424,0.024045560282835065,0.00207876558241023,0.0010520348210473875,0.00017204743980667902,8.885676942517263e-05,6.798872224890908e-05,9.814034293058393e-05,156.0,640.9404981650755,800.7910757778624,5.802015430744043,109268.5000682312,0.747408967451521,0.24991293061623188,0.002055104529157207,0.0004014747501015232,0.00010741932917740434,3.8290252361933286e-05,4.318773901527941e-05,3.2602857619795076e-05,2.0,3361.2227329602065,3408.990397867381,10.83659066670961,21.705070371194754,0.4829130785055318,0.07110788949906988,0.07640597896893132,0.14894561237745482,0.11926784912056282,0.026800450438700135,0.06721618314789152,0.007342893782204298,MISAL,20HZ
MISAL_20HZ,-0.014131662875,0.01886380191242311,0.018863065030768403,0.054872732874999997,-0.068570787125,0.12344352,-6.593836587853729e-14,-4.511093720793724e-12,1.2565306345571183,3.635187972342559,4.567725049864151,-0.0165377192984375,0.03497806199976465,0.0349766956425306,0.1523899492984375,-0.1305655207015625,0.28295547,3.9790393202565614e-15,-5.456968210637569e-14,1.2527885216759218,4.356899543957464,5.458273738921024,-0.0107403798046875,0.0005288791924406559,0.0005288585326936827,0.0022384398046875007,-0.0022673201953125003,0.004505760000000001,7.450580596923828e-11,0.0,1.264193149505132,4.287196009634105,5.419843836213365,78.0,509.27640078332223,528.7912729667054,7.179121480623938,29148.38358984167,0.9734921985420041,0.021772154672538138,0.002935723421448587,0.0012069122734446219,0.0002492641554087833,0.0001329932661640876,9.091178603362923e-05,0.00011980246257423875,156.0,623.9775115320331,797.2237425780964,5.928639644413566,100218.40960525894,0.7632007312399852,0.23316384867343223,0.0028654104483257377,0.00047562601275699304,0.0001440465216568404,5.231171274783961e-05,5.3881442298290584e-05,4.411156858604973e-05,2.0,3066.6452223184842,3395.97371625399,10.34937749240379,22.912315277756733,0.5274147304757261,0.06686244178046864,0.06668786583925496,0.13967235971062397,0.10478621318826581,0.024603463937025113,0.06348677849119358,0.006486139408682529,MISAL,20HZ
MISAL_20HZ,-0.01413070648125,0.01987412086799628,0.01987334451998653,0.059061656481249995,-0.08218289351875,0.14124455,-4.092726157978177e-14,-1.8189894035458565e-12,1.256899912790217,4.1353328037947366,5.197699440709669,-0.01638532151640625,0.03571716741080373,0.03571577218170065,0.15223755151640625,-0.12694074848359374,0.2791783,2.842170943040401e-15,4.5474735088646414e-14,1.2548526527789272,4.262474033534806,5.348776848532205,-0.010820228671875003,0.0005271501139199484,0.0005271295217164242,0.0023555386718750026,-0.0023722313281249966,0.004727769999999999,-1.1175870895385742e-10,-2.288818359375e-07,1.2635827534972381,4.500281668725976,5.686478313269545,78.0,487.353724967888,513.2602163701326,7.0720735102073515,32354.289550796115,0.9781821905829433,0.016904961384199814,0.0031719136462900225,0.0012837631466556074,0.0002135278455886577,9.864296656633941e-05,5.9694681372839615e-05,8.529962895871195e-05,156.0,571.9000259505916,759.963320485165,5.855846313715906,104498.49410986781,0.7936172641481474,0.20274242534912224,0.0030548175983890315,0.0004166752199728226,0.0001071356918514611,1.93721647541592e-05,2.432452949663502e-05,1.79842917637969e-05,4.0,3165.715606012338,3401.2301894872144,10.620267422778621,22.76274474070875,0.5141530909431539,0.06773404310603351,0.07000873435089607,0.1432252855447378,0.10755413059135552,0.025705625511863027,0.06523444030769252,0.0063846228642291895,MISAL,20HZ
MISAL_20HZ,-0.0142138049453125,0.019204851383377502,0.019204101179217628,0.0621202849453125,-0.0820997950546875,0.14422008,-9.094947017729283e-15,-1.4551915228366852e-13,1.2612657806125729,4.2751178138584,5.392059806987606,-0.01658960319140625,0.037466372745960666,0.03746490918718959,0.14192245319140626,-0.13854473680859375,0.28046719,-6.8212102632969615e-15,-2.6375346351414917e-13,1.242302621916504,3.788143525946295,4.706020634604724,-0.010821708777343751,0.00054923994477005,0.0005492184896656541,0.002357018777343751,-0.0027894412226562495,0.00514646,-7.450580596923828e-11,-1.52587890625e-07,1.2666833550583443,5.078928095220246,6.433393691467392,78.0,458.9122618304417,499.2015538684254,6.923851756425249,30211.891378191704,0.9778797268633865,0.01814622797221073,0.002386379544081761,0.0011680122885711886,0.00018313888588650747,7.935232003743681e-05,6.74906693738132e-05,8.96710575144319e-05,156.0,540.9156957830966,736.5295297857361,5.475290084100621,114984.50302937938,0.8048079317666492,0.19265750096619103,0.002027817048400925,0.0003687328531638327,7.900095192803658e-05,1.691260733104328e-05,2.2757343037567216e-05,1.9344552534779354e-05,6.0,3009.4047417695037,3370.3184147395446,10.5354576681463,24.710426682830267,0.5402997294154728,0.06925176639566326,0.06672240438780447,0.1293110131998881,0.10006595840293309,0.025820520470101065,0.062203615562280906,0.006324983363823903,MISAL,20HZ
MISAL_20HZ,-0.01406057125,0.018422442050781695,0.01842172241008333,0.06196705125,-0.07156078874999999,0.13352784,8.412825991399586e-14,4.365574568510055e-12,1.2544514382423453,3.8845872906512713,4.8730261139999484,-0.016521835316406247,0.038497585093975245,0.03849608125268504,0.14601773531640624,-0.14392285468359375,0.28994059,-1.5916157281026246e-14,-5.456968210637569e-13,1.2617613190413175,3.7930545281782075,4.785929484794099,-0.010913181739843751,0.0005956039417836884,0.000595580675550285,0.002479781739843751,-0.002697968260156249,0.00517775,1.862645149230957e-11,9.5367431640625e-08,1.2699032913148156,4.529979508038084,5.7526358965051,78.0,463.16405100756356,512.8132941277688,6.82757028501996,27800.359473584616,0.9695745115300387,0.02683846465844361,0.002103449515086634,0.0010492924308014306,0.0001705790420162098,9.420035744966045e-05,7.124509188061027e-05,9.82555996791379e-05,156.0,696.9327224742734,822.5838014816591,5.6118854303462715,121401.202877163,0.7139390931962147,0.2839952531332381,0.0015961985622186265,0.0003238258981196653,7.466333146735497e-05,2.1302126841809337e-05,2.8187047866710022e-05,2.1469287052379002e-05,10.0,2613.781793977014,3284.1969382983752,10.16330237188168,29.05836268345274,0.6019576340317646,0.061592135741960326,0.05769896810510461,0.11118186889096966,0.08648231581818129,0.022757306230115473,0.05235002556072665,0.005979744144991158,MISAL,20HZ
MISAL_30HZ,-0.01394011080234375,0.04109874344935998,0.04109713799833691,0.15613229080234375,-0.11806048919765624,0.27419278,1.4495071809506044e-14,2.9103830456733704e-13,1.2492066593333666,3.799103743060232,4.745865695444641,-0.01628619893046875,0.06702792735691393,0.0670253090273613,0.18497058893046875,-0.21825767106953123,0.40322826,-2.9132252166164106e-15,-5.798028723802418e-14,1.2726266009873581,3.2563471057951703,4.144113948944958,-0.01057468726484375,0.000581203932953119,0.0005811812292310473,0.00219939726484375,-0.00222739273515625,0.00442679,0.0,1.1444091796875e-07,1.2585898676037501,3.8325269628386915,4.823579611046565,500.0,487.63863376977673,515.9247397282626,6.2118765729540835,138360.81190448746,0.9810669130566944,0.014480015695799441,0.002758692728568074,0.0012176376848726483,0.0002605740425119938,0.00013347233131933976,2.41503657250939e-05,5.854049575400421e-05,146.0,447.3821631532189,690.3214787074166,4.920692345098101,368016.7567718246,0.860498136008878,0.13355824057191396,0.005370216771528536,0.00045771830396217224,8.215093913637696e-05,1.3826967878182946e-05,9.770772690194737e-06,9.93956427558647e-06,88.0,2697.5082293108117,3315.411947043932,9.685194613054351,27.670251657164982,0.5851033618579062,0.05857586895809843,0.05816993025650115,0.1302946975824184,0.08598462243140276,0.021815632965665178,0.05371757374715133,0.0063382798483943535,MISAL,30HZ
MISAL_30HZ,-0.0140027813671875,0.04045597265625639,0.04045439231395784,0.1469271713671875,-0.12499484863281252,0.27192202,-4.263256414560601e-16,-5.0022208597511053e-14,1.2525154325193377,3.6319213553694096,4.549037547409184,-0.0169378208796875,0.063620694577919,0.06361820934599641,0.19111733087968752,-0.21760604912031248,0.40872337999999997,-3.126388037344441e-15,-6.821210263296962e-14,1.2727218202441424,3.420499434893105,4.353344266989643,-0.01070570343046875,0.0006443028625097624,0.0006442776939376124,0.002330413430468749,-0.00309169656953125,0.005422109999999999,-7.450580596923828e-11,-7.62939453125e-08,1.269207178615827,4.798701854532818,6.090546851263429,500.0,477.7083537418755,510.7023306865476,6.405916085600717,134066.82098270633,0.9814235338918668,0.01436656617639053,0.0025111226510444017,0.0011830228939093078,0.00025173155637130265,0.00015109236134799013,3.994008998632171e-05,7.297103061913298e-05,146.0,411.11672339168507,665.1554982614323,4.971851084631071,331552.9021581301,0.8832394954003665,0.11046309443946228,0.005471616107047369,0.0005647959294785019,0.00012318139087627545,5.370091615302771e-05,4.301115459154163e-05,4.106647265989881e-05,12.0,2218.6997784423024,3169.4274764200354,9.135993094342274,34.00448009835556,0.6565718125392761,0.05129823405260878,0.04728140389922612,0.10613567948839235,0.07226126880413876,0.017660347215038442,0.043659341590993855,0.005131891715879753,MISAL,30HZ
MISAL_30HZ,-0.01408143183203125,0.03941200191695387,0.03941046235555884,0.14700582183203126,-0.12491619816796876,0.27192202,-6.536993168992922e-15,-1.8189894035458566e-13,1.2574598028300519,3.7301217250897336,4.690478129082445,-0.0169259894484375,0.0604802104005282,0.06047784784616489,0.19110549944843752,-0.18990538055156247,0.38101088,5.115907697472721e-15,7.73070496506989e-14,1.2731397363128938,3.1599255967471778,4.023026841077586,-0.01085329281953125,0.0006945420238417692,0.0006945148927640487,0.0025331328195312506,-0.002944107180468749,0.0054772399999999995,0.0,1.9073486328125e-08,1.25591279538332,4.239084297404522,5.323920217484519,500.0,476.6150634042119,510.75440025334683,6.121356726591171,127236.8788509087,0.9826689035476005,0.012984615685199562,0.0026174243243967887,0.001210720952742933,0.00025831216028801557,0.00014701133022804787,3.941951639909519e-05,7.357547732701607e-05,146.0,385.09323142772297,635.8207466099226,4.970668471502628,299628.14200308546,0.8971587198510138,0.09606380404837687,0.006095770409803754,0.0005377223714341868,8.781129825749776e-05,2.215554511912965e-05,1.6820216517405765e-05,1.71893110237154e-05,2.0,1952.8951963406148,3075.4385220446147,8.720604362985561,39.514189407982116,0.7028325778346468,0.04403423814460107,0.041393013804877435,0.08674495193282088,0.06415521609370094,0.01574410481582671,0.040528933581754495,0.004566927923262966,MISAL,30HZ
MISAL_30HZ,-0.014069741382812499,0.039836573901705474,0.03983501775514336,0.1450347813828125,-0.12300280861718749,0.26803759,-8.526512829121202e-16,-1.3187673175707459e-13,1.2582983430283725,3.640886575491616,4.581321545210353,-0.016517238209375,0.061432422026704674,0.06143002227584821,0.188735908209375,-0.196972931790625,0.38570884,1.2079226507921704e-15,2.1600499167107046e-14,1.2815046383822504,3.2064603672602003,4.109093833499691,-0.0108705434109375,0.0006747851563637408,0.00067475879705373,0.002550383410937499,-0.002745076589062501,0.00529546,1.4901161193847657e-10,1.9073486328125e-07,1.2616727620039139,4.068233859240342,5.132779857272442,500.0,508.78050931833616,523.4336285338863,6.126189107196476,129993.00251472749,0.9817432152883778,0.01324783950096519,0.0032391268105948093,0.0012518613955393965,0.0002641450381303688,0.00016014192206056555,2.9370891589361305e-05,6.429357429489063e-05,148.0,456.62237298682527,709.2317497287496,5.146560761003592,309137.2164449039,0.8602702217322278,0.13131269620094552,0.007685169177738355,0.0005536960991138136,0.00010243908486176558,2.9778112484423094e-05,2.3887476564682624e-05,2.209893531806789e-05,2.0,2044.2230363974998,3121.0576795238944,8.595659621992803,37.29812967963432,0.6877119331470449,0.043515478318640465,0.04489344452809667,0.093599519132047,0.06658547370273382,0.017261039673304324,0.041969191863591215,0.004463918033581727,MISAL,30HZ
MISAL_30HZ,-0.01375236777265625,0.04055988769554669,0.04055830329398764,0.14471740777265626,-0.12990300222734374,0.27462041000000004,-9.663381206337363e-15,-3.54702933691442e-13,1.2541469224947235,3.5681326883943156,4.474962630312889,-0.0164348145453125,0.06510315028897604,0.06510060714749617,0.1909197645453125,-0.1983799854546875,0.38929975,-2.2737367544323206e-15,-5.798028723802418e-14,1.2798743438675682,3.047283184351531,3.9001395662104996,-0.010873226109375,0.0006309129470961146,0.0006308883015777515,0.002554556109375,-0.0028109338906250007,0.0053654900000000005,-3.725290298461914e-11,1.9073486328125e-08,1.273083529347197,4.4555175284432815,5.6722459891697605,852.0,520.9467463937724,522.3005984674415,6.268305460828396,134756.43114450737,0.981757326653507,0.013312856915892764,0.003225294718998783,0.0012043554876899878,0.00026898512447912337,0.0001512738859412654,2.2357821161410567e-05,5.7549352952395454e-05,148.0,457.81258309754145,707.6495048893829,5.056040080643616,347184.25782127504,0.8565073402167954,0.1359490051588531,0.006846084263713078,0.0005158655301154853,0.00010572756800520792,3.019255646396497e-05,2.334904283060741e-05,2.2419731641112542e-05,2.0,2264.796570273547,3178.992492191612,9.067382028303797,32.60580243955476,0.6489005040254217,0.04946326965012938,0.0512584108379085,0.10838740000415943,0.07477724582314484,0.018567340001411,0.044152768960027476,0.004493059475159012,MISAL,30HZ
MISAL_30HZ,-0.014091036977343752,0.04057294066126067,0.04057135574981018,0.13992004697734375,-0.12956433302265624,0.26948437999999997,4.547473508864641e-15,1.8189894035458566e-13,1.2496279462980684,3.448739742313138,4.30964156160952,-0.0167581360359375,0.0701987573013441,0.07019601510882753,0.1984219160359375,-0.2183102339640625,0.41673214999999997,-1.4921397450962103e-15,-1.8189894035458565e-14,1.2697826655379065,3.110008931739186,3.949035431246738,-0.0108193668,0.0006678073210430773,0.0006677812343100826,0.0025006968000000004,-0.0028647932,0.0053654900000000005,9.313225746154785e-12,0.0,1.2726430372642377,4.29001752148627,5.459660936636906,146.0,488.6220068309974,517.0434384348251,6.254664585678237,134843.17962640632,0.9837013154791056,0.012009813188732841,0.0026435167812280864,0.0011725259967401722,0.00025940742761313595,0.0001337668978217513,2.1739483643815033e-05,5.791453704281703e-05,146.0,372.8676721001478,618.7643907995989,4.642268837747556,403659.2077110073,0.8982191075750808,0.09650838718658185,0.0046720140257470325,0.00045757540071125535,8.25333329861921e-05,2.2873392190734525e-05,1.9515965235472532e-05,1.7982682150401183e-05,4.0,1998.438846958845,3077.286909750463,8.756461547022173,36.53073125165308,0.6941514894040327,0.04200150919844942,0.042482358896817285,0.09485924015326007,0.06715396548476862,0.016038315190768,0.03931840858019781,0.003994708258728703,MISAL,30HZ
MISAL_30HZ,-0.0140501435796875,0.04284652874780183,0.042844855022582035,0.16764530357968752,-0.1282090964203125,0.2958544,6.8212102632969615e-15,9.094947017729283e-14,1.2602984071871939,3.9128456260947706,4.931353110251716,-0.01672569628828125,0.0701835297369325,0.07018078813925427,0.19838947628828124,-0.21834267371171875,0.41673214999999997,1.6342482922482305e-15,1.7053025658242404e-14,1.2674511887647057,3.111145934630532,3.943225613324137,-0.0108252092296875,0.0006696426317965195,0.0006696164733702983,0.0024826992296875013,-0.0028753407703125,0.005358040000000001,5.587935447692871e-11,1.9073486328125e-07,1.2756851976705983,4.294011393636105,5.4778067816709894,500.0,515.7034232791713,513.7798958457297,6.098970553039538,150379.03698666376,0.9856067183446191,0.009976842073199776,0.0027898187683811225,0.0011341048561773917,0.0002591644866460514,0.00015816771859605573,2.1382316971357215e-05,5.379932716080468e-05,148.0,371.06120637811097,612.4525120457579,4.612083423495568,403484.100799988,0.9035919172944804,0.09050242129773266,0.005352349156115491,0.0004430471921656534,7.35976672541982e-05,1.531826283396054e-05,1.1100288264243891e-05,1.024742126706302e-05,8.0,1929.679444792459,3051.4353081172203,8.588326273798486,36.73179930865093,0.705611173570427,0.04016991241214839,0.04160738838276614,0.09089930162495594,0.06303734542018587,0.01618990105075682,0.03820273517257426,0.004282239598210359,MISAL,30HZ
MISAL_30HZ,-0.013662346978906248,0.043118518759016164,0.04311683440897904,0.16725750697890626,-0.14923935302109376,0.31649686,-7.389644451905042e-15,2.2737367544323207e-14,1.2646148748550867,3.8791694535950416,4.905655393213544,-0.01613669965078125,0.06389600028882268,0.06389350430256072,0.17777488965078123,-0.20442501034921876,0.3821999,-1.7053025658242404e-15,-6.366462912410498e-14,1.286008448282496,3.1994646807598306,4.114538609502998,-0.01075362485703125,0.0006232356982409989,0.0006232113526210266,0.00247220485703125,-0.002946925142968751,0.005419130000000001,7.450580596923828e-11,7.62939453125e-08,1.2836883601386142,4.728612734421988,6.070065136520709,852.0,556.9788235536162,517.8337973685489,6.216731212551688,152294.310874724,0.9848490471057371,0.01026895832711356,0.0032023512479627497,0.0011632380001727395,0.00027113572082266305,0.00017004044808129317,2.2450730313807706e-05,5.2775629513152044e-05,146.0,400.7741789374238,649.2211358414357,5.206644783907887,334428.56086701195,0.8955993087448034,0.09649915832634673,0.007239855617355448,0.000528184223921921,9.29553563332409e-05,1.660723824725419e-05,1.2420988095555966e-05,1.1508850966898795e-05,88.0,2306.7402503545945,3210.1421590008626,9.512544243022745,31.81710572633239,0.6471947883422585,0.05164933526922118,0.05102200029277895,0.10291585044864085,0.07541748931848204,0.019173102193035065,0.04780462119341768,0.0048227416216661875,MISAL,30HZ
MISAL_30HZ,-0.014136918034375001,0.041618229670384546,0.041616603926534615,0.152496818034375,-0.148764781965625,0.3012616,1.3642420526593923e-14,3.54702933691442e-13,1.2594203417678984,3.6643263419550482,4.614927134045032,-0.01643076859921875,0.0666456335908763,0.06664303019496558,0.21092046859921873,-0.21015800140078125,0.42107847,-3.268496584496461e-15,-7.503331289626658e-14,1.2880613017399658,3.164929145313494,4.076622754888428,-0.01073424880390625,0.0006155872235754868,0.0006155631767298917,0.0024528288039062512,-0.0028739211960937486,0.00532675,3.725290298461914e-11,7.62939453125e-08,1.270416882316238,4.668767236358022,5.9312807263096925,852.0,535.4985496153549,529.9662317293966,6.334013462923111,141880.66618562525,0.9838009024517641,0.011337565431204294,0.003093242990021858,0.001208831518594506,0.0003135322757260834,0.00016356472368719157,2.434257255064357e-05,5.8013970852417714e-05,146.0,336.6310139119023,572.6894312156713,4.65801885615976,363830.76160122943,0.9266309172111921,0.067171754416187,0.005564504310391321,0.0005031613700701411,9.016406061360589e-05,1.501394600245412e-05,1.2892661653927886e-05,1.1590668244067473e-05,88.0,2487.6410855837325,3293.742013966331,9.672980608763792,31.04096457092592,0.6206150463452383,0.055626900582210356,0.0536434662008249,0.10883009682371314,0.08171084874103189,0.020366372978156303,0.05403186161355424,0.005175406706582843,MISAL,30HZ
MISAL_30HZ,-0.014101276303125,0.04171714425863835,0.04171551465086185,0.186033866303125,-0.125413373696875,0.31144724,0.0,3.637978807091713e-14,1.267870231851067,4.459584589946367,5.654174548150287,-0.01688242822578125,0.07024039192663166,0.07023764810773077,0.21137212822578125,-0.21368017177421875,0.4250523,-1.5631940186722204e-15,-1.5916157281026246e-14,1.26782514793825,3.0422455410726883,3.857035403229877,-0.0107665209234375,0.0005936852478741122,0.0005936620565911534,0.0024567909234375004,-0.0028416490765624993,0.00529844,-9.313225746154785e-12,-5.7220458984375e-08,1.2747084286722754,4.7866442536226605,6.101575785426378,500.0,507.1126713889941,531.5025705376343,6.142257135383081,142555.88734387042,0.9846838110266429,0.010603599073060877,0.002879055037246043,0.0012343666324537489,0.0003308747767364884,0.00017515453711110894,3.082160682115658e-05,6.230686064510156e-05,146.0,308.8030839539629,533.0519817562077,4.511619069532383,404138.1654565905,0.936807198860535,0.0581736777944397,0.004445671561851485,0.00045226880223713276,8.42580521003078e-05,1.528650889820125e-05,1.1340255929014592e-05,1.0296809605391655e-05,88.0,2616.5985847129837,3328.923718076151,9.802236969332453,28.871446191542425,0.6002892432151005,0.05656506098583976,0.05681353518779035,0.12080028287654604,0.08234456045770985,0.02137516729651856,0.05559852662583866,0.006213575363801615,MISAL,30HZ
MISAL_30HZ,-0.01382751708671875,0.040282452502289005,0.04028087893825386,0.18576010708671875,-0.12568713291328124,0.31144724,-5.968558980384841e-15,-1.6370904631912708e-13,1.2657581199056664,4.611620003795271,5.837195465868177,-0.016391364170312502,0.06653606473712695,0.06653346562133318,0.21056368417031252,-0.2259318158296875,0.43649550000000004,6.963318810448982e-15,1.1596057447604835e-13,1.264079834097882,3.3957620231622103,4.292514294939292,-0.01085924583515625,0.0006414320270560512,0.0006414069706281014,0.00254951583515625,-0.002516484164843751,0.005066000000000001,7.450580596923828e-11,7.62939453125e-08,1.2597578171902253,3.974880143077869,5.007386340443425,500.0,488.24757908332805,524.1574382170493,6.307467795460293,132919.2314431483,0.985042950664829,0.010256693437890771,0.002867640491820754,0.0012656539587333736,0.0002900670665035029,0.00018647407189496291,2.8011378578315296e-05,6.250410495888755e-05,146.0,316.257969570997,550.387583123265,4.824860634253218,362635.4339128246,0.9339384261190958,0.060298678478617355,0.005105211707842173,0.0004921348848741802,9.855943072600618e-05,2.6749243912703058e-05,2.0907899793335203e-05,1.9320241544274045e-05,88.0,2218.068495666614,3170.158474305744,9.228318739037057,33.702126265590366,0.6609177213565528,0.0486480455056992,0.04860796822245679,0.1058335718231,0.06813234530808872,0.01815120282595226,0.044296311147115526,0.005412801992126671,MISAL,30HZ
MISAL_30HZ,-0.0142857803234375,0.03964944860562569,0.03964789976878822,0.15337431032343748,-0.1218778696765625,0.27525217999999996,-5.684341886080802e-15,6.366462912410498e-14,1.2508842668607734,3.8684094545736576,4.838932524623701,-0.016553539390625,0.0684659344520898,0.06846325994928787,0.238916669390625,-0.226344780609375,0.46526144999999997,0.0,1.8189894035458565e-14,1.2731573560530287,3.489706297422964,4.442945243093521,-0.01105172380234375,0.000626702498490029,0.000626678017445527,0.0023262838023437506,-0.0024730061976562506,0.004799290000000001,1.862645149230957e-11,3.814697265625e-08,1.2483212313752718,3.94621500174928,4.926143978115957,500.0,466.3913510446211,512.534966854215,6.450429430046907,128774.63192972068,0.9839847111645024,0.01152386695011452,0.0027329312906168163,0.0012566505199037947,0.00024811252926361073,0.00017017228039001878,2.316981638501128e-05,6.0385324812238594e-05,148.0,319.38165553763116,547.7066755989473,4.746540392139324,383976.896330707,0.9300238452394007,0.0648273968143289,0.004569293326050351,0.00045980885737897313,7.52209364668019e-05,1.812945735385647e-05,1.3834384087234662e-05,1.2466759320862184e-05,88.0,2329.72431722384,3224.830133402551,9.375093842290827,32.17205965674142,0.6447393750747875,0.050656209864769784,0.05271111278439591,0.10613444244592378,0.07252377323986757,0.01995998809193502,0.04762539293985499,0.005649705266879574,MISAL,30HZ
MISAL_30HZ,-0.01412774208125,0.042108624616871315,0.042106979716594634,0.17336702208125002,-0.13204722791874998,0.30541425,-5.684341886080802e-16,9.094947017729283e-14,1.2591444346935057,4.117298919181507,5.184274020180102,-0.01693107814140625,0.07245040504906745,0.07244757489984278,0.23929420814140623,-0.22596724185859374,0.46526144999999997,7.105427357601002e-16,2.2737367544323206e-15,1.2764393793172182,3.3029981813597256,4.216076948558904,-0.011006231192187499,0.0005867962465518386,0.0005867733243757502,0.0020960311921874985,-0.002518498807812502,0.00461453,7.450580596923828e-11,7.62939453125e-08,1.259207591894607,4.292115368740967,5.404664266816969,500.0,508.5393977477621,512.4425728423988,6.303752887596422,145243.97509010372,0.9843774031195184,0.011124261464123049,0.002881029290275296,0.0011443417187798578,0.00025142172761187775,0.00014451627905577653,2.203831952399361e-05,5.498588662942356e-05,148.0,348.8813395729349,583.3450792784133,4.75621057325758,429969.5012339659,0.9167516203789805,0.07727805663993324,0.005391460815894995,0.0004357077585939563,8.456588268734952e-05,2.347599664584622e-05,1.8152456436395836e-05,1.694892830555848e-05,88.0,2618.22160649493,3317.5464255570587,9.834903780017807,28.20529685605232,0.600867876447718,0.05426089897642823,0.05893214960905976,0.11910369362743183,0.08527027079721775,0.021889369855893025,0.053903589794435526,0.005772116396645257,MISAL,30HZ
MISAL_30HZ,-0.013824896790625001,0.044119255231718085,0.04411753178964896,0.18248842679062502,-0.13714636320937498,0.31963479,4.263256414560601e-15,5.0022208597511053e-14,1.2615519247607998,4.136415147986697,5.218302491670628,-0.01673149742734375,0.07091918773085017,0.07091641739597027,0.21470631742734375,-0.22592394257265624,0.44063026,-1.4921397450962103e-15,-3.808509063674137e-14,1.2838506985091531,3.1857777206651203,4.090062952028488,-0.01072832069921875,0.0006144046648957789,0.0006143806642447845,0.0024260406992187497,-0.00269657930078125,0.00512262,0.0,-7.62939453125e-08,1.2674983363237795,4.389101827784352,5.563179273727266,852.0,557.7673090441042,514.5688620656767,6.152469393287444,159445.53376321332,0.9842005427110746,0.010672810537086788,0.003564888312475893,0.0010929561894901065,0.00024518568458383334,0.00015333216218825024,2.00283792758669e-05,5.025385588968151e-05,146.0,385.71763598446483,630.3479025202156,4.823452987717667,411987.00599375396,0.9023069019307666,0.08911277637755004,0.008022378098816922,0.00044338907335638936,8.199919328862386e-05,1.3773718456733896e-05,9.723142758864607e-06,9.058274030592804e-06,6.0,2320.8200117920737,3188.954914595817,9.533268303395221,30.921818428588878,0.6431867507885751,0.04789833617377087,0.0517657857038883,0.11248197332899829,0.07759999761623233,0.018589149890958525,0.043669067949757286,0.004808921238846199,MISAL,30HZ
MISAL_30HZ,-0.014384725753125,0.042909246053486755,0.04290756987832435,0.183048255753125,-0.136586534246875,0.31963479,1.3073986337985844e-14,1.8189894035458566e-13,1.2525140642207915,4.266106336666005,5.343358186260141,-0.01666569134609375,0.07002832208745213,0.07002558655269113,0.22075845134609376,-0.20614592865390624,0.42690437999999997,-1.4921397450962103e-15,-1.1368683772161604e-14,1.2827741066374727,3.152539838803497,4.0439964754179485,-0.01058776969765625,0.0005865705634120107,0.0005865476500518422,0.0022854896976562504,-0.0024065203023437495,0.00469201,-7.450580596923828e-11,-7.62939453125e-08,1.2636824964380224,4.102855578789196,5.18470678916836,852.0,543.4642639317144,533.0352290118796,6.22534786377798,150819.59899001944,0.9825447414713283,0.011881465870311149,0.003837750846850441,0.0011844163018729914,0.000271853937531794,0.00019727099925629502,2.5732796108517464e-05,5.6762214347512155e-05,146.0,358.68077147622586,602.2250263761462,4.851894680114247,401701.50094629586,0.9157568331600932,0.07614223091147605,0.0075414264682451436,0.0004370287017969356,8.574572396297574e-05,1.5480863579004613e-05,1.124937134262438e-05,1.000350457275291e-05,88.0,2545.357327062367,3275.436511203871,9.709296280728024,28.183605241870513,0.6096246333788105,0.053210688025237235,0.056363892610396246,0.11999365346655065,0.08372342782746382,0.021007485788316415,0.05074054485432341,0.005335649959451768,MISAL,30HZ
MISAL_30HZ,-0.014025684059375002,0.041180628820574765,0.04117902017084191,0.15526874405937502,-0.13196301594062498,0.28723176,1.6484591469634323e-14,4.18367562815547e-13,1.2442472935383773,3.770578887293373,4.691532575701656,-0.01653967131640625,0.0677862387271986,0.0677835907755295,0.22063243131640625,-0.20627194868359375,0.42690437999999997,1.1368683772161603e-15,4.320099833421409e-14,1.2813338439986846,3.2549534303042793,4.170681990950016,-0.0106450561234375,0.0005822924857876845,0.0005822697395431872,0.0021356661234374994,-0.0023119838765624998,0.004447649999999999,-1.1175870895385742e-10,-5.7220458984375e-08,1.25954926586542,3.9706406079177303,5.0012174713073785,500.0,507.947073942385,533.6758727754008,6.228421318238122,138912.70277386892,0.9828156787746891,0.012139903684330369,0.0032611480046070345,0.0012520138272337346,0.0002779923954855921,0.00017375243878618517,2.167620609610061e-05,5.783283830179872e-05,146.0,339.19053717027475,576.4291596856627,4.77544934755258,376390.87570229877,0.9233720856632377,0.07025698681390508,0.005770922847332705,0.0004730861098297456,8.829121205454414e-05,1.5762843512347396e-05,1.222893244462468e-05,1.0634059220613593e-05,88.0,2647.0321839851235,3307.704352613611,9.786741276058674,27.773997280114905,0.5946723652007755,0.056163156415655995,0.0588858118223628,0.12054193454558366,0.08919044305618021,0.021179092563125203,0.05410295532304034,0.00526422250254349,MISAL,30HZ
MISAL_30HZ,-0.013533737165624999,0.04133351684805893,0.04133190222602085,0.148576907165625,-0.139013952834375,0.28759086,-1.9326762412674726e-14,-3.8198777474462985e-13,1.2423855971447952,3.5947270548920542,4.466037118772669,-0.01651263539296875,0.06234702960143619,0.06234459412302352,0.19450505539296875,-0.20784263460703126,0.40234769000000004,-2.2026824808563106e-15,-4.774847184307873e-14,1.2917767416420087,3.3337715567377852,4.306488559010619,-0.01072223847265625,0.000582528819018493,0.0005825060635420486,0.002212848472656249,-0.00227801152734375,0.004490859999999999,-3.725290298461914e-11,-1.9073486328125e-07,1.256549708180708,3.910708687873773,4.913999868963512,500.0,521.1638273098938,527.7812737899195,6.136542569887143,139946.07778354827,0.9830553590800283,0.011991088233112606,0.0031481884525079626,0.0012967074578957355,0.00027708692292186096,0.00014938184721837244,2.3399507787619127e-05,5.878475526390584e-05,146.0,397.136490898025,641.1568338945688,5.037468674809332,318410.62289228867,0.8985379605189112,0.09402174751397696,0.006680697071114973,0.0005959322439605216,0.00011204477817012668,2.1290793321908634e-05,1.5744703458037627e-05,1.4578459468057656e-05,4.0,2664.3087905623584,3291.762193648775,9.745325978877434,27.79654768356453,0.5876746419494897,0.056184919295305225,0.05958022933360955,0.12875835141110992,0.09042617571749897,0.02132198511847032,0.05039995634277268,0.005653669203903753,MISAL,30HZ
MISAL_30HZ,-0.014388026804687499,0.0396495209591891,0.03964797211952526,0.1494311968046875,-0.1381596631953125,0.28759086,-1.9326762412674726e-14,-4.547473508864641e-13,1.2429868685794945,3.768949300873041,4.684754489445215,-0.01683693864765625,0.06090101251384523,0.06089863352157831,0.19971656864765625,-0.20865370135234373,0.40837027,2.6290081223123707e-15,7.958078640513122e-14,1.2942125669826132,3.4262460302165056,4.434290669953306,-0.010835240654687502,0.0006027659167297091,0.0006027423707261949,0.0021321506546875015,-0.0028906393453124977,0.005022789999999999,1.862645149230957e-11,-1.1444091796875e-07,1.2581338374594264,4.7958124082665545,6.033773878958469,852.0,534.304442372055,538.0949617568299,6.183255641127008,128775.10211889583,0.9821815777001071,0.012700906422210547,0.0032503103674885393,0.0013434146252040513,0.00027741104512523355,0.000158304114121461,2.4466989108794404e-05,6.360543292784632e-05,146.0,406.1850526887081,652.1218153633197,5.268917973216519,303812.0809133284,0.8919323857009165,0.10084760150815113,0.0064882169402830205,0.0005839710395009388,0.00010548398517769801,1.7701963481964e-05,1.2335752791615246e-05,1.2302548290348448e-05,6.0,2500.5636779306833,3255.9628625227183,9.596287523896335,29.76140300634111,0.6108764504687948,0.05649259371440961,0.05721863075914732,0.11781426760785607,0.08317012985035,0.020666882483093202,0.04782857927554361,0.00593240487922192,MISAL,30HZ
MISAL_30HZ,-0.01429296317421875,0.03887050537395019,0.03886898696517702,0.13262280317421876,-0.11703116682578127,0.24965397000000003,-1.2505552149377763e-14,-1.8189894035458566e-13,1.2461291950727709,3.4120468148455823,4.251851151043526,-0.01677522085859375,0.06712183494240295,0.06711921294451363,0.20732982085859375,-0.23567398914140622,0.44300381,-1.7053025658242404e-15,-2.7284841053187846e-14,1.2771121868011037,3.5112746231503458,4.484291612497571,-0.0109356056578125,0.0005870387117902395,0.0005870157801426677,0.0022325156578125,-0.0027902743421874994,0.005022789999999999,-4.656612873077393e-11,-7.62939453125e-08,1.2625363708121102,4.753320833651241,6.0012404448469345,58.0,515.4231744622635,554.5304595901176,6.4400415922644,123764.58441667812,0.9808441354388113,0.013750299002869963,0.00354463370557771,0.001321088287865394,0.00028402918330409357,0.00016467976003538994,2.638656479984166e-05,6.474551695064412e-05,148.0,374.3066580971793,619.923620111246,4.802477699950943,369048.67932396964,0.903031229861749,0.09083520574300435,0.005497856109581843,0.0004991558500131522,8.225508926208993e-05,2.210130821298924e-05,1.6469459257250903e-05,1.5719924980258403e-05,4.0,2697.0619414524176,3309.048565701598,10.07650461245306,28.228610142385683,0.5832146838100335,0.06065722493101063,0.06287029280861507,0.12515760166376752,0.08558707232193574,0.022830171705617047,0.052872927937826615,0.006810024730242201,MISAL,30HZ
MISAL_30HZ,-0.013645614049218751,0.040089341685579934,0.040087775665083404,0.14935481404921874,-0.12109955595078124,0.27045437,1.7053025658242404e-14,4.18367562815547e-13,1.2507280101462117,3.7256947178434157,4.659830740976787,-0.0160400650015625,0.07240126545983225,0.07239843723016029,0.20659466500156248,-0.2364091449984375,0.44300381,-1.1368683772161603e-15,-1.9326762412674726e-14,1.2573090114995675,3.2653901664149036,4.10560448235224,-0.01079676827265625,0.0005915604870690375,0.000591537378786169,0.0025287582726562507,-0.002385261727343751,0.004914020000000002,-7.450580596923828e-11,-7.62939453125e-08,1.2604503229686785,4.2748917635101185,5.38828871308143,148.0,489.8662984207345,551.7526546504281,6.428233136112991,131647.87855217129,0.9799296157716494,0.014770117756660504,0.0034497307260896487,0.001295796630174012,0.0002853366484052145,0.00016814884781116095,3.281238491429512e-05,6.842915174778183e-05,148.0,382.3590137768615,622.187360763352,4.5798414178027995,429386.44183405,0.8955032519826783,0.09914445983928752,0.0048232367955601645,0.0004331035703319882,6.544557086271499e-05,1.3241527212113195e-05,8.430924347426779e-06,8.829627516635259e-06,2.0,2615.466615689722,3298.399313905671,9.733041960064877,28.66515736403089,0.6002582722439213,0.053284413868753176,0.060516356928749106,0.12277468234009743,0.08397765658312756,0.021840713990940154,0.05104695301850724,0.006300944008874314,MISAL,30HZ
MISAL_30HZ,-0.0142639322703125,0.039367649836633364,0.03936611200777532,0.1499731322703125,-0.1204812377296875,0.27045437,7.958078640513123e-15,1.2732925824820997e-13,1.2422002549938083,3.809701406043888,4.732412058158203,-0.016431225628125,0.06768237137034172,0.0676797274760705,0.20078743562812498,-0.224311054371875,0.42509849,2.842170943040401e-15,2.955857780762017e-14,1.26640584639215,3.314301973923732,4.197251396548074,-0.01062538311796875,0.0005985571851641567,0.0005985338035674305,0.0023573731179687505,-0.0032241668820312507,0.005581540000000001,-6.28642737865448e-11,-2.86102294921875e-08,1.261246165767263,5.386774911337556,6.794049214126934,500.0,472.7720036149413,541.8877705534169,6.460351807890207,126950.67033447784,0.9803932509932981,0.014707774059599069,0.0028905232411878335,0.0013733148543518168,0.0003035727050221678,0.00019031153886427024,5.4171619864153896e-05,8.704824230332259e-05,146.0,393.3427722904106,627.3792982554603,5.011006556975413,375238.2882967107,0.892185627566866,0.102757978233789,0.0045160067128363745,0.0004357912294972645,7.237614713978792e-05,1.309171808413163e-05,9.572522600851114e-06,9.555782175595664e-06,88.0,2470.764961338698,3273.5274758570686,9.627438680091979,29.3472431921999,0.6236468005377727,0.05291227855405469,0.05395333196969213,0.10789090848182165,0.08479341754401454,0.021020513120308428,0.049991190641493016,0.005791555043881359,MISAL,30HZ
MISAL_30HZ,-0.01424040354140625,0.03975099989885096,0.03974944709508862,0.14452303354140625,-0.13021212645859376,0.27473516,1.3073986337985844e-14,3.092281986027956e-13,1.2417687977507548,3.6358501589227754,4.514885280761009,-0.01721975028125,0.06213385526547122,0.06213142811434369,0.19634606028125,-0.20011909971875,0.39646516,2.842170943040401e-16,5.456968210637569e-14,1.2723033720005807,3.220899724809794,4.0979615808172,-0.0106503148921875,0.0006478650066991167,0.0006478396989779915,0.002131984892187501,-0.0031992351078125,0.005331220000000001,1.862645149230957e-11,9.5367431640625e-08,1.2709323354761395,4.938312838687079,6.2762614790723585,500.0,469.77208229028747,512.3158428668676,6.281020802247438,129435.11930490531,0.9832082425282597,0.012282713457959593,0.0027709701240619107,0.0012374940177453516,0.00025765781938120867,0.00015560090614409746,2.585739692657464e-05,6.14614239680785e-05,148.0,394.8482301185479,631.9697410925811,5.152776574544343,316236.9524266786,0.8951966412361335,0.09906573176429363,0.005090892841758102,0.0005161732187706105,8.986269231794931e-05,1.6051659856458623e-05,1.2734444209251295e-05,1.1911547178788765e-05,88.0,2142.7058964184776,3140.505906612433,9.209991177533155,34.38151892617966,0.6727734518493719,0.04698096084678496,0.04648801143431202,0.09700603957588376,0.0711241860886899,0.018013908098950083,0.04292101470581773,0.004692425577668695,MISAL,30HZ
MISAL_30HZ,-0.013789832432031251,0.04288684962790197,0.042885174327617036,0.15906185243203125,-0.13066269756796875,0.28972454999999997,1.0231815394945442e-14,3.0013325158506633e-13,1.2437588973935692,3.7090172751353414,4.6131232366436015,-0.01650255951328125,0.06533406128126779,0.0653315091196511,0.22098122951328125,-0.19827349048671875,0.41925471999999997,1.4210854715202005e-15,2.5011104298755527e-14,1.2729600700129011,3.3824602016338496,4.3057367751535836,-0.010799911707031252,0.0006650819065647244,0.0006650559262953122,0.0022815817070312525,-0.003016858292968749,0.0052984400000000015,0.0,0.0,1.2690238453982454,4.536247508142484,5.756606265117007,500.0,507.4436223900653,511.21038038962416,6.193929984263169,150662.20078305693,0.9834140367559604,0.011868938357073427,0.0029720043788877223,0.0011578504402417276,0.0003099009302901673,0.0001765217136160288,3.425879671702942e-05,6.647118160129563e-05,148.0,442.82768453917373,681.5579240299304,5.255935269367916,349651.44590436644,0.874217336819898,0.11868073935313228,0.006305016943666363,0.0005667738858070387,0.00013467509353172965,4.0353199037071185e-05,2.885316659695418e-05,2.6231430945971613e-05,88.0,2038.80712297591,3079.871597596453,9.280325878953098,36.23316572667383,0.6899572203859295,0.04321396894090714,0.04511924364361289,0.09538328582530063,0.06507767990825186,0.017146613134704624,0.039717590999816324,0.004384391683618686,MISAL,30HZ
MISAL_30HZ,-0.01411279505,0.04410858177431966,0.04410685874919061,0.15938481505,-0.12172455495,0.28110936999999997,4.831690603168682e-15,8.185452315956354e-14,1.2488231810138886,3.6136061276254727,4.512755099334837,-0.01620941921796875,0.06817895594114083,0.06817629264865592,0.22881453921796877,-0.20963584078203124,0.43845038000000003,4.973799150320702e-16,1.3642420526593923e-14,1.274116652117225,3.3562185669701936,4.276213964384457,-0.010873322377343751,0.0006485535222585473,0.0006485281876417578,0.002332642377343751,-0.0026335276226562496,0.004966170000000001,-1.862645149230957e-11,1.9073486328125e-08,1.2691874602259636,4.060775874941946,5.153885827211484,500.0,525.2920648050115,510.1835702987217,6.172170847242679,159368.39597905675,0.9819494372089917,0.013118427222610165,0.0031460891867924738,0.0011806344506936535,0.00034251206977302146,0.00019001200669106026,2.2288282041572084e-05,5.059827944988388e-05,146.0,457.3643450741102,695.2818474543187,5.046407204612835,380764.72383512184,0.865719163090552,0.1262627099065712,0.007334870435859956,0.0005168241896634138,0.00012199022939958772,2.0818958881280746e-05,1.2520240886004844e-05,1.1101468937989818e-05,8.0,2190.554139275291,3182.3260703747005,9.434716207583088,34.45463638403205,0.6695922426164526,0.04741660675212144,0.044223453730099845,0.09578585033925263,0.07371701378389012,0.018634159712459387,0.04620680334499846,0.004423808466747806,MISAL,30HZ
MISAL_5HZ,-0.013956440271875002,0.0028165153755437726,0.0028164053532630006,0.010155450271875002,-0.009855249728124998,0.0200107,-1.7462298274040222e-12,1.4901161193847657e-10,1.2506443780661534,3.605819828634891,4.509598298602876,-0.01641916546953125,0.0060243308643331914,0.006024095534312424,0.02242237546953125,-0.026910034530468748,0.04933240999999999,6.366462912410497e-13,9.313225746154786e-11,1.2824725004403654,4.467066362531239,5.7288897685394815,-0.010814302662499999,0.0006550110069666476,0.0006549854200994347,0.0030499126624999985,-0.0028057873375000007,0.005855699999999999,-3.725290298461914e-11,-1.9073486328125e-07,1.2691443094748862,4.656458852749006,5.90971826429303,42.0,275.6299640139983,955.5029642603774,6.179798299784766,649.8008363803198,0.9783112207298689,0.0028735389897350024,0.00221467089277572,0.009188458231000124,0.003882209231503805,0.0007485396778858968,0.002330523088281489,0.00045083863394117495,142.0,162.24904813465693,512.9110867669104,5.119930219734926,2972.854440343762,0.990737969461269,0.00393240633290698,0.0006832052794410586,0.0026274181510106158,0.0010763051495016659,0.0002009937898569188,0.0006452469254428549,9.645224013728811e-05,4.0,2660.740512101009,3292.858592870488,9.44488818793479,35.14416388877977,0.5877400766102262,0.04821882551558847,0.05278018975195391,0.16068775585730039,0.08032505683245564,0.017030319841237613,0.04812933653894913,0.00508840966980552,MISAL,5HZ
MISAL_5HZ,-0.0141681387734375,0.002841049153660169,0.0028409381730099704,0.0109184487734375,-0.008885141226562499,0.01980359,4.656612873077393e-12,4.4703483581542967e-10,1.2519526493635098,3.8432546238858003,4.8115728102460436,-0.01634350932265625,0.005991512957738957,0.005991278909692705,0.01942035932265625,-0.02377623067734375,0.04319659,-6.912159733474255e-13,-1.7229467630386352e-10,1.2584534371923688,3.968473347970837,4.994138925993775,-0.0106974999328125,0.0006523546001619522,0.0006523291170626569,0.0029331099328124997,-0.0029181200671875,0.00585123,-1.862645149230957e-11,-5.245208740234375e-08,1.2732238127004152,4.496365180698207,5.724879227438021,54.0,273.99124429050175,966.8232202020339,6.0667178147434155,661.1705640438971,0.9779586521851326,0.0028527948893234544,0.0023392404976610467,0.009205694336762422,0.0039887749543414674,0.0007335082190556722,0.0024487888945267894,0.0004725375982050277,142.0,163.92210748213026,525.2135409102159,4.93329506757069,2940.55305167906,0.9908000708958561,0.0036427986435744876,0.000715069163970077,0.0026895578263625816,0.0011478415851874082,0.00019296029803860453,0.0007065457563666352,0.00010515469397748827,4.0,2747.496227757916,3339.464955998209,9.774395327024703,34.85968605115583,0.5777203712171076,0.05075748852043491,0.054433715252657236,0.15788181398905168,0.083047679188567,0.017677436090524218,0.05275424825865358,0.005727247370631282,MISAL,5HZ
MISAL_5HZ,-0.014199288969531251,0.002935253377616548,0.0029351387170419765,0.012414268969531251,-0.01081036103046875,0.023224630000000003,1.891748979687691e-12,8.568167686462403e-10,1.2568067324089427,4.229533988707961,5.315706793771672,-0.01645706618046875,0.006163675291321807,0.0061634345180530455,0.02062608618046875,-0.02167352381953125,0.04229961,9.458744898438454e-13,1.9557774066925048e-10,1.2674861282775176,3.516468578116927,4.457075144010119,-0.010704426919531251,0.0006155375886714231,0.0006155135437647294,0.0028089169195312513,-0.002911193080468749,0.0057201100000000005,-4.656612873077393e-12,-3.814697265625e-08,1.282049288599904,4.729697835620349,6.063705755301032,156.0,272.82017223995086,947.1899725148894,6.092908557712295,705.7440187547635,0.9786850870694462,0.0027159742666719028,0.002172637178487588,0.009224833325269596,0.003772921095414341,0.0007037712425964531,0.0023037865589065603,0.0004209885293369922,142.0,171.00570238325358,523.2722081621756,4.983393257388271,3111.9708217863695,0.9896163754397207,0.004881711701364767,0.0006954209925646402,0.002734502131021393,0.0011166822589586457,0.00019152468093879056,0.0006677474311685982,9.603471633752988e-05,4.0,3192.6282485542138,3390.556202490556,10.27104982579074,31.03595926913179,0.5098791118887793,0.05362457889227166,0.06274251556733722,0.1929993203100137,0.09401074883351476,0.021080294413922073,0.05939400356113534,0.006269415372033324,MISAL,5HZ
MISAL_5HZ,-0.014052071731249999,0.002926088305428007,0.002925974002871061,0.012267051731249999,-0.01174876826875,0.02401582,-5.820766091346741e-13,-4.4703483581542967e-10,1.2655941007169242,4.192467778258009,5.305962489422527,-0.01662090518359375,0.006266983640039123,0.006266738831209168,0.02078992518359375,-0.023713394816406247,0.04450332,-6.366462912410497e-13,-8.381903171539306e-11,1.2850734794292396,3.7840087885147646,4.862729340823448,-0.0107777587828125,0.0005933417641789303,0.0005933185863135654,0.002882248782812501,-0.0027946512171874993,0.0056769,0.0,7.62939453125e-08,1.2709011540813673,4.857843398877455,6.1738387923855145,82.0,280.76318900039274,939.752284038579,6.283980048381668,701.3436513670246,0.978563748093204,0.003047941093884115,0.002035812036087331,0.009318498913652072,0.003688412546404786,0.0007242075868456122,0.002201451618813175,0.00041992723529126353,142.0,164.2726554688678,505.1562578386277,5.318052554864548,3217.1635162197404,0.9903479035523691,0.004514329851401845,0.0006428466605635237,0.0025680262810158627,0.0010262791742187394,0.00019464558474079644,0.0006162105769383043,8.975830503246788e-05,4.0,3348.032977581911,3379.9991055369205,10.325022210374932,28.838047393843887,0.4845101283736761,0.05515413646215489,0.06455860267127113,0.20791285639438573,0.09830179608647213,0.02280851016672347,0.06031250702317371,0.006441457933246099,MISAL,5HZ
MISAL_5HZ,-0.014000225085937498,0.002905809539152164,0.0029056960287499978,0.011584935085937498,-0.0118006149140625,0.023385549999999998,1.4551915228366852e-13,0.0,1.2681990224817627,4.061200756459653,5.150410831216849,-0.016554454908593752,0.006076080564842033,0.006075843213309106,0.02146996490859375,-0.023779845091406245,0.045249809999999994,1.8189894035458566e-13,6.51925802230835e-11,1.2928200009611461,3.9138345498124063,5.0598835872830294,-0.0106781383140625,0.0006210198910454487,0.0006209956319821356,0.002675348314062501,-0.0028942716859375,0.005569620000000001,7.450580596923828e-11,1.52587890625e-07,1.2673462737924959,4.66069571542504,5.90671535773626,60.0,273.0594487920826,944.8626900194463,6.1814806401450975,691.6562461899077,0.9787692726699014,0.0028865485837897215,0.0019357745286088064,0.009068713502635306,0.0038124628870835776,0.0007710473818995782,0.0022907673815343466,0.0004654130635079258,50.0,161.35396447769432,521.4752819433234,5.2393009449801236,3024.1481461069866,0.9904832276197364,0.004077398685619418,0.0006707834062873533,0.002630606237470343,0.001128263813551633,0.00021956569630695734,0.0006764229042364713,0.0001137223484702794,10.0,3017.4825507306796,3379.302565329043,9.98602132189571,31.59126632154092,0.5360758869178365,0.05205745227014452,0.055887419906850554,0.1808645467429863,0.09129196386261604,0.020884459863524833,0.05615812621944581,0.006780142799523177,MISAL,5HZ
MISAL_5HZ,-0.01400571748203125,0.0029162044368804068,0.0029160905204196168,0.01159042748203125,-0.00991772251796875,0.02150815,5.820766091346741e-13,5.21540641784668e-10,1.2625186567593052,3.9746459847168176,5.018064711439262,-0.016523876965625003,0.005789875519613676,0.005789649348183694,0.021439386965625,-0.023735923034374995,0.045175309999999996,-1.8189894035458566e-13,-6.984919309616089e-11,1.279052608418983,4.09971685724311,5.243753540941789,-0.0106038743859375,0.0006384550842999502,0.000638430144161098,0.0030704343859375,-0.0026049756140624995,0.00567541,-3.725290298461914e-11,-7.62939453125e-08,1.2681530937360592,4.809350575328367,6.098992820517076,60.0,259.6127264872242,933.7525986217989,6.044790658862931,696.6135980209674,0.9795415993044204,0.0027087097756223976,0.0019256492666950746,0.00866354198441869,0.0036631451673353956,0.0007503839519294502,0.002291612582163095,0.00045534928031597873,156.0,169.1883388850746,546.0167602341605,5.2719586292835565,2745.9616575046994,0.9884070723391485,0.0057163158620728806,0.0007451591746787827,0.0028236213252716327,0.0012101752152882173,0.00023364323220151982,0.0007444348776107978,0.00011956666480343627,2.0,2783.6535654275303,3347.144503973369,9.718362109065437,33.39002344329888,0.5723522980936503,0.04866852562478273,0.05426506016765429,0.15977765238996625,0.08641510526620917,0.01996231601613788,0.05250366630953372,0.006055323937715299,MISAL,5HZ
MISAL_5HZ,-0.0139296521671875,0.0028361042126275496,0.0028359934251428833,0.011712532167187501,-0.0093083878328125,0.021020920000000002,-3.346940502524376e-12,-1.6391277313232422e-09,1.2547875844463623,4.12995744602879,5.182219329396037,-0.0165095000953125,0.00573288214739511,0.005732658202312215,0.0200944400953125,-0.023984229904687498,0.04407867,-1.218722900375724e-12,-1.8160790205001832e-10,1.2649625065324477,4.183788576620509,5.292335685606892,-0.010805837367187501,0.0006383118996665963,0.0006382869651210033,0.0032723973671875016,-0.0027472026328124993,0.006019600000000001,7.450580596923828e-11,1.52587890625e-07,1.2667875769786217,5.126843474612228,6.494621632927762,60.0,263.73021170673525,947.7645956400908,6.119397245400626,658.870985367358,0.9789575693510131,0.0025896357720697006,0.0020837027820859947,0.009104277470130841,0.00374851406336743,0.000756315507122589,0.0022823587323687255,0.00047762616170391007,50.0,167.90024050358863,549.5016767793707,5.13507217436834,2692.167278812463,0.9872684645924426,0.006804422245252668,0.0007652193806531999,0.0028849476237461373,0.001204053462232201,0.0002265245298044969,0.0007317630247356286,0.00011460281917211161,4.0,2750.719743942416,3328.159733667438,9.693754695950894,33.375048284930344,0.5799551303074187,0.04317758656530026,0.05732917884342469,0.15878941608690814,0.08545811508211973,0.0196548395578328,0.04987934946582029,0.0057563470718395284,MISAL,5HZ
MISAL_5HZ,-0.013965866035156252,0.0027664690356634263,0.00276636096835599,0.011748746035156252,-0.00927217396484375,0.021020920000000002,-4.365574568510055e-12,-1.862645149230957e-09,1.272277517365094,4.24700397572894,5.403367676433339,-0.016480715972656254,0.00590935781317042,0.005909126974372185,0.021227855972656254,-0.024758014027343747,0.04598587,1.6370904631912708e-13,-3.725290298461914e-11,1.2602783321551014,4.189792185974201,5.280304309109628,-0.010945445478125,0.0006063086163436674,0.0006062849319507465,0.0033762454781249996,-0.002607594521875001,0.005983840000000001,0.0,1.1444091796875e-07,1.2745199684113147,5.5687438275812795,7.097475218926097,54.0,281.67068983150654,972.7499138607295,6.1748193540603245,626.9135264794539,0.977558408783587,0.002710782655993405,0.0022383280136698976,0.009992610390758579,0.0038434704780464374,0.0008540638745374525,0.0022760767967092786,0.0005262586045137976,142.0,169.04221919534123,535.7907359298804,5.079823762493082,2860.4646781599963,0.9879031598455099,0.006426004061571562,0.0007575829665435552,0.002771919399199802,0.0011181527093461604,0.0002323431052658798,0.000668464209524139,0.0001223670263639716,2.0,3115.727706992844,3366.305344748375,9.874581014195682,30.11227025299274,0.5207587309703752,0.05112250373551545,0.06208662592111333,0.19022879740861343,0.09237185079712311,0.022642929554948666,0.0537006286140662,0.007087904290523657,MISAL,5HZ
MISAL_5HZ,-0.013989171846874999,0.002624580945231118,0.00262447842053547,0.012645191846874999,-0.009761428153125001,0.022406620000000002,3.346940502524376e-12,1.1175870895385742e-09,1.2958473332922236,4.818173296116048,6.243617019490777,-0.0164113724203125,0.005872815164350839,0.005872585753027704,0.0211585124203125,-0.0248273575796875,0.04598587,-1.8189894035458566e-13,1.3969838619232177e-11,1.2556457833076935,4.227670504881039,5.308456643572122,-0.010942410068749998,0.0005849420049435114,0.0005849191552001505,0.0033732100687499985,-0.002405009931250002,0.005778220000000001,-1.862645149230957e-11,-7.62939453125e-08,1.2813065176210965,5.766968021125533,7.389253725013531,78.0,314.80646964768647,1027.1268232341963,6.651157574328667,564.255702387439,0.9747518261192055,0.003045840918949739,0.0024864412795733994,0.011331300571617707,0.0043062961511894935,0.0009420444924525628,0.0025522486817168132,0.000583998249286473,142.0,169.54789050903233,536.8583205681713,5.2871701426089714,2825.196628478883,0.9887521463733808,0.005497477086960599,0.0007385272730360564,0.0028224325898752885,0.0011595336493170686,0.00023716647078524426,0.0006669012220123648,0.000125809270225807,2.0,3376.6553725099707,3375.5614404752373,10.500600202618136,28.027324159519324,0.47778283963987395,0.05902909460088465,0.06314755001512225,0.20967655023186568,0.10156336328509125,0.023314514255489447,0.05745957539156264,0.008026490664019215,MISAL,5HZ
MISAL_5HZ,-0.01395158438515625,0.002823246248150706,0.0028231359629400875,0.01260760438515625,-0.00979901561484375,0.022406620000000002,3.2014213502407074e-12,1.0058283805847169e-09,1.3076453154121193,4.4658155137383275,5.839702738103207,-0.01638468221328125,0.0061309249686594,0.006130685474725105,0.020263152213281253,-0.02285297778671875,0.04311613,-4.547473508864641e-13,-1.0710209608078003e-10,1.2604777638460338,3.727638267728262,4.698605148899431,-0.010621852516406249,0.0006420251097450107,0.0006420000301493159,0.0027010125164062485,-0.0027508974835937505,0.005451909999999999,0.0,-1.52587890625e-07,1.2752356430685823,4.284886838196973,5.464240431095499,78.0,283.3157567361652,976.9036786652971,6.264802259044804,652.9103207657555,0.9773067176199105,0.002940114363139591,0.002165884790451815,0.009830107994367248,0.004098500396204594,0.0007506374052011453,0.0024203262096153867,0.00048770525143263524,142.0,169.51838502757238,523.8632355052187,5.129021665731776,3078.988140445626,0.9895759119723235,0.004918052126209213,0.0006999327759576321,0.0026746143307769662,0.0011609288952032313,0.0002070427796093278,0.0006598384611957827,0.00010367553017395263,2.0,2896.5653523762944,3351.4746152658067,9.412908304620867,33.76447811361469,0.553772402169604,0.05021339657489116,0.05302455461008899,0.17464155819158442,0.0916764596428846,0.018513128850011367,0.05192817161885249,0.00623032464880015,MISAL,5HZ
MISAL_5HZ,-0.01407064271875,0.003020726652954957,0.0030206086535153544,0.01172538271875,-0.01017612728125,0.02190151,8.731149137020111e-13,-2.2351741790771484e-10,1.272451165660507,3.8817947175057985,4.939394214780283,-0.01641901390859375,0.0064883349322397135,0.006488081476706023,0.02066253390859375,-0.022818646091406252,0.04348118,3.4560798667371273e-13,4.423782229423523e-11,1.2482153479350222,3.5170097924655206,4.389985602469854,-0.01039746969140625,0.0006227442172917392,0.0006227198908706165,0.0024766296914062493,-0.00297528030859375,0.005451909999999999,-9.313225746154786e-11,-7.62939453125e-08,1.2696614914142414,4.777879023032604,6.066289015921996,60.0,252.49267770540484,909.360826768397,5.922802193415536,747.4443588042597,0.9804498340199069,0.002513687291034711,0.0017719627130289427,0.00872010865046028,0.003388959331504985,0.00066451925564113,0.0020507064621052805,0.0004402205516570379,142.0,160.42296793502436,488.0286891969545,4.844635175945744,3448.438886311793,0.9912326437813495,0.003978907246017018,0.0005880801778092354,0.002394098909832126,0.0009651055501713814,0.00017584205974503376,0.0005743140206298038,9.100822843541332e-05,2.0,3002.5152721826594,3367.115446008682,9.75138208212565,31.76694281544806,0.5371594873023078,0.05395269079568193,0.0546674221858948,0.1822685013926833,0.09049014110516126,0.020617615247064274,0.05425257194374247,0.00659156394550588,MISAL,5HZ
MISAL_5HZ,-0.01422165992265625,0.003053946293643883,0.0030538269965367203,0.012146089922656249,-0.01032609007734375,0.02247218,4.220055416226387e-12,1.2665987014770509e-09,1.2437185110466487,3.9773339918906787,4.946683911949329,-0.0164462863796875,0.00621972845226836,0.006219485489380231,0.0213454063796875,-0.0222490136203125,0.04359442,1.8189894035458565e-14,4.889443516731262e-11,1.2442967247924814,3.5773077459100713,4.4512323125263675,-0.01058653195,0.0006444514922946859,0.0006444263179165715,0.0025375519499999995,-0.0030842180500000003,0.00562177,3.725290298461914e-11,1.52587890625e-07,1.263780607541874,4.785990204722363,6.048441617999263,156.0,254.87943731877064,894.2408368939804,5.723304155200772,763.9743976564068,0.9814012190602861,0.0020519775316216065,0.0016658778501358394,0.008668374277383959,0.0031467158044829377,0.0006966442807668706,0.0019196299307857893,0.0004495566289946778,156.0,158.2713173425126,506.21079191830165,4.7272160703795185,3168.829433566136,0.9909287992279172,0.003921706463433568,0.0006135627577042825,0.002618812274398651,0.0010021433641361763,0.00019935466627898235,0.0006014106555898945,0.00011420186036461092,2.0,2764.3432569491574,3326.2369028266817,9.450753417677516,34.02017066229868,0.5752953848511719,0.04787855294354793,0.0515406553081257,0.17081716602885297,0.07969668036760448,0.019135563032850737,0.04893461446862362,0.006701348413315227,MISAL,5HZ
MISAL_5HZ,-0.014140924505468751,0.0029822890255312914,0.0029821725275908373,0.012650924505468751,-0.010406825494531249,0.023057750000000002,-1.4551915228366853e-12,-1.043081283569336e-09,1.2618149438875628,4.242183972986526,5.352851133629661,-0.0165505817234375,0.005769544727686058,0.005769319350443147,0.0214497017234375,-0.0223577882765625,0.04380749,7.639755494892597e-13,1.4202669262886047e-10,1.258441658119136,3.875290465758302,4.87682696026746,-0.010596042224218751,0.0007553206527475725,0.0007552911474582882,0.002946382224218751,-0.0030747077757812494,0.006021090000000001,7.450580596923828e-11,7.62939453125e-08,1.2812943876574279,4.07089078437817,5.216009521696052,82.0,260.17202138587123,922.3187229922115,5.832672562746649,728.5434795674034,0.9799435297130548,0.002229552332990413,0.0017669658319306037,0.009368054318839308,0.0034854572190549846,0.0006976425174993764,0.002082888654974255,0.0004259009231800329,156.0,171.8059623379564,548.8945254004565,5.188109305919355,2726.710954647637,0.9884186976307955,0.005463510321465323,0.0007122196525903071,0.003136320318336522,0.001232333545331441,0.00022097353052539796,0.0006983069917227371,0.0001176340613154975,4.0,2085.1357936417667,3112.0603556836636,8.30233169860057,46.73246966967601,0.6781360705201671,0.03633554561423549,0.036786641377663166,0.13185548323440174,0.06271766670961793,0.013232546654687595,0.03644179490623438,0.004494250216738635,MISAL,5HZ
MISAL_5HZ,-0.01395240376875,0.0028043588843780958,0.002804249336969535,0.01246240376875,-0.00906660623125,0.02152901,-3.4924596548080443e-12,-1.7881393432617187e-09,1.2850739242465659,4.444114009410311,5.711015031908605,-0.01654532470078125,0.005571503934341056,0.005571286293217735,0.018239454700781248,-0.02347905529921875,0.04171851,-6.912159733474255e-13,-1.7229467630386352e-10,1.2745686663314624,4.214297032910861,5.37141094972596,-0.010622873981250001,0.0007616623993065182,0.0007616326462879203,0.002973213981250001,-0.002632166018749998,0.005605379999999999,0.0,3.814697265625e-08,1.2798293108245324,3.903737571961035,4.996117772922473,60.0,268.5424927469847,955.1189275682923,6.143523347341354,644.2036713875931,0.9783622101431803,0.00243045512529663,0.0019559562790562868,0.010024003782365546,0.0038094877395561232,0.0007573618555325653,0.0022283309102970376,0.00043219312221500015,156.0,172.73115952169255,560.3047704478403,5.308922998206239,2542.733808664673,0.9879168174508781,0.005669079569405443,0.0007677161387991344,0.003283467716165767,0.0012922997171540308,0.0002343751703039537,0.0007232483383643244,0.00011298933914244598,2.0,1981.6034608558393,3062.000384732752,8.29826749449368,47.52050714037016,0.6927079617379003,0.037214311095426666,0.035771500027065826,0.12239948039851671,0.06009090312481199,0.013447568256443098,0.03442009761802453,0.0039480819391432215,MISAL,5HZ
MISAL_5HZ,-0.01396800232265625,0.0027357303800569907,0.0027356235135017415,0.011242792322656249,-0.01070788767734375,0.02195068,0.0,1.4901161193847657e-10,1.2735140831809926,4.10977324293982,5.2338541054775005,-0.016518285391406252,0.005649611847688212,0.005649391155414931,0.02080203539140625,-0.02360443460859375,0.04440647,-1.0913936421275138e-13,3.725290298461914e-11,1.2741073017379614,4.17822628227658,5.3235086155043625,-0.01067325053203125,0.0005998220776784398,0.0005997986466708847,0.0026332105320312493,-0.002455139467968751,0.00508835,3.725290298461914e-11,0.0,1.283397629388765,4.390157500782024,5.634317738540638,60.0,286.2428304647136,987.9360745522276,6.195951025732628,613.059462129626,0.9769079059184712,0.0025306471506932634,0.002269868977583349,0.010586759857751392,0.0040238655255925085,0.0008393653396685383,0.0023254898664650447,0.0005160961074505412,50.0,168.790620531264,552.1426579892617,5.07154317922918,2614.527625966465,0.9886761926619212,0.005142390207326045,0.0007730478875510953,0.0030913954371184606,0.001254575183796656,0.0002361619136545415,0.0007063017477650841,0.00011993450463325221,8.0,3178.4888749523143,3364.0389274587865,10.283101748748436,29.471409775761323,0.5085201228487575,0.05646958228620007,0.061298913053228044,0.1939351559186235,0.09594167658814558,0.0218352561549897,0.05492863604674532,0.007070637278588881,MISAL,5HZ
MISAL_5HZ,-0.01400196384609375,0.002705608644157414,0.0027055029542554557,0.01118735384609375,-0.010673926153906249,0.021861279999999997,-4.656612873077393e-12,-1.4156103134155274e-09,1.269475856631936,4.135036638700486,5.2493291810589815,-0.01650293187265625,0.005765144203431592,0.005764918998087518,0.020917801872656253,-0.024177048127343746,0.04509485,2.1827872842550277e-13,7.916241884231568e-11,1.2726935617434143,4.193822693982436,5.3374511426507185,-0.010691543425,0.0006133282768254087,0.0006133043182216446,0.0024980334250000007,-0.003502196575,0.0060002300000000005,-3.725290298461914e-11,0.0,1.2805702394178924,5.710373244141994,7.312534044339614,54.0,298.8166332568547,1018.3164533438334,6.198358281568197,599.6336130208374,0.9752199258933444,0.002909076185879221,0.002442053195067073,0.011339963818798609,0.004164751953953993,0.000858508487174773,0.0024997018387548837,0.0005660139244658498,50.0,171.21469519309494,553.8714420768091,5.202903504810359,2722.553127393479,0.9880301707491224,0.005787950908869332,0.0007790106255743673,0.0031109579382516636,0.0012345987089408539,0.0002280955287348135,0.0007011214501061668,0.0001280909991930111,2.0,3123.6421536045063,3362.4604446391522,10.146571950678348,30.813568482428487,0.5188013361936972,0.052287842499873186,0.05891480559313388,0.19661233672125705,0.09189133241531684,0.02047972447741715,0.05383159519550152,0.0071809915995499395,MISAL,5HZ
MISAL_5HZ,-0.01390540346484375,0.0028385242780781003,0.0028384133960577813,0.01134111346484375,-0.009295386535156248,0.0206365,-3.0559021979570388e-12,0.0,1.281690699827881,3.9955819954202676,5.121100285734096,-0.01650532565078125,0.006022148742741655,0.006021913497961677,0.02201981565078125,-0.024174654349218748,0.04619447,2.1827872842550277e-13,7.683411240577698e-11,1.2699653387309844,4.014447293769171,5.098208918095859,-0.0106420863671875,0.0006770401281085643,0.0006770136807119993,0.0027063463671874993,-0.0035516536328125004,0.006258,0.0,0.0,1.268209216411818,5.246058874070686,6.653100223762576,42.0,275.26350429693525,946.8048812826343,6.135837203040412,659.9959029252144,0.97878231702307,0.0026868059180030985,0.0019816434315188245,0.009525660536641665,0.0035512309097239067,0.0007693382501579487,0.0022183074061498382,0.0004846952934967869,142.0,169.72776002195755,521.4306728532579,5.090688726308252,2970.7011835247035,0.9890915519279727,0.005454902542033726,0.0006577381447599295,0.0027940952378218784,0.0010652652618285152,0.00020326649749558915,0.0006236265005613708,0.00010955362472691073,2.0,2465.215825091573,3244.892502616246,8.927581235140964,37.5478293226408,0.6195872279024003,0.04438475003835669,0.04603941439215607,0.1531601534843144,0.07121802322394366,0.01716125429069444,0.042739157312711856,0.005710010454141567,MISAL,5HZ
MISAL_5HZ,-0.0139570053078125,0.0029134394627100633,0.0029133256542581863,0.011392715307812499,-0.009307854692187499,0.020700569999999998,1.4551915228366853e-12,7.450580596923829e-10,1.2720349451323487,3.9105533180782865,4.974360477106289,-0.01656786840078125,0.006266321148804908,0.006266076365854022,0.022082358400781252,-0.02388861159921875,0.04597097,-5.456968210637569e-13,-2.3283064365386964e-11,1.2637260447855596,3.8123716023608543,4.817793287073138,-0.010772225528125002,0.0007057170489664678,0.0007056894813558022,0.0028364855281250018,-0.0028925644718749977,0.005729049999999999,0.0,-1.52587890625e-07,1.2639071389806722,4.098919629946522,5.18065378973869,78.0,272.7064037519986,915.5213581655845,6.195349427634425,695.2932498170081,0.9800211973924974,0.0025960311896341885,0.0019179578198127987,0.008735811382788406,0.003515398661281999,0.0007378236437672638,0.0020317656606525444,0.000443999952862445,156.0,166.19764002367876,497.3778435081383,4.964329429884418,3216.483380540004,0.9901390095994553,0.0049475940202106635,0.000580747150282059,0.0024485310325349043,0.0010198449790761927,0.00019643380957777242,0.0005693897194370813,9.844364602877407e-05,2.0,2201.2275211254664,3158.6198620791943,8.196314275025022,40.79596700523271,0.6603109788456837,0.04043483007467397,0.04148029561039085,0.13045779718928435,0.06830445559224631,0.015974497356292087,0.038306738940475066,0.004730406348262935,MISAL,5HZ
MISAL_5HZ,-0.014076875691406249,0.0029154904566064494,0.0029153765680360586,0.011719695691406249,-0.00918798430859375,0.020907679999999998,-1.891748979687691e-12,3.3527612686157225e-10,1.2699078394167658,4.019959485124508,5.104978066048451,-0.016508562093750002,0.006184077059337352,0.00618383548910896,0.02078933209375,-0.02394791790625,0.044737250000000006,3.637978807091713e-14,2.7939677238464354e-11,1.2669990051365645,3.8726641328920657,4.90666160439577,-0.010927001140624998,0.0006300936328019806,0.0006300690192887073,0.002946561140624998,-0.0027377888593750014,0.0056843499999999995,-7.450580596923828e-11,-7.62939453125e-08,1.2826187910091746,4.676568829355931,5.9982550674996915,78.0,264.5641645770803,923.7884698098684,6.031218131053756,696.2725314121284,0.9798998991797249,0.00214857426551313,0.0019998914976348554,0.009083842375713594,0.0036849324183726726,0.0007068649574149335,0.002070534401234291,0.0004054571368964482,156.0,158.66193903588527,500.6387101391265,4.945580491582002,3132.606170069691,0.9909339393407022,0.003992713722338889,0.0006353453900741671,0.002482055116097119,0.0010762716881781193,0.00019896045648227272,0.00059204556047687,8.866581663814917e-05,2.0,2833.8780192234312,3315.7989242634153,9.742832102892072,32.521172674842745,0.5614440619098977,0.04938151763983115,0.05561774794735441,0.1700625889963922,0.09021093175071654,0.019396747218161623,0.048678244476703665,0.005208149677608127,MISAL,5HZ
MISAL_5HZ,-0.01405377778125,0.002940824492123997,0.0029407096139235146,0.01169659778125,-0.00886242221875,0.02055902,2.9103830456733705e-12,5.960464477539063e-10,1.2556046999096326,3.9774745938504434,4.99413579550805,-0.01648654373515625,0.005845634225309949,0.0058454058757629835,0.020689833735156253,-0.02168278626484375,0.04237262,1.2732925824820997e-13,8.381903171539306e-11,1.2812831452580862,3.709372235559979,4.752756125724384,-0.010698848964843749,0.0006204682269488753,0.0006204439894353619,0.0031668989648437488,-0.0028556810351562517,0.0060225800000000005,0.0,-1.9073486328125e-07,1.2938221458204666,5.1042463359529915,6.603986957822923,82.0,253.0299843226286,918.222195845967,5.925685522561545,708.4255734526798,0.980169332888469,0.0022092015304106156,0.001982497468461673,0.008938519610026745,0.0035436371643276393,0.0006925363161241321,0.0020313921838375215,0.00043286433326524297,156.0,165.22137605752525,526.0517994175617,5.167883681030744,2799.1056350677977,0.9898910140099655,0.004450981766031237,0.0007561487179431038,0.0027997202765987113,0.0011442222141283685,0.00021145326810713218,0.0006412194297833381,0.00010523405913774134,4.0,2905.6831426523822,3322.1586767926037,9.88883784065084,31.53516509054227,0.5510411384787498,0.048787734774298694,0.055503672007432496,0.18043661963436283,0.09049814859414433,0.019461469740651292,0.04855881887668146,0.005712389021391229,MISAL,5HZ
MISAL_5HZ,-0.013893350645312502,0.002848974483448022,0.002848863193208582,0.011536170645312501,-0.0104994393546875,0.02203561,5.820766091346741e-13,1.4901161193847657e-10,1.2508260758472711,4.049394393091334,5.065088100046309,-0.01649066661171875,0.005824559293583432,0.005824331767292067,0.023498136611718748,-0.02417292338828125,0.04767106,-9.822542779147626e-13,-1.257285475730896e-10,1.3087238406945376,4.150334209991224,5.431641328398223,-0.010742648096875,0.0006216448758087829,0.0006216205923315257,0.003210698096875,-0.002588381903125001,0.005799080000000001,7.450580596923828e-11,7.62939453125e-08,1.2871695280795672,5.165044612932659,6.648288047633531,60.0,264.47385230817537,935.9128819447003,6.037489126597501,664.86448270901,0.979600091227586,0.0022581671495880483,0.0020427534424540027,0.008898496377649142,0.0038918722853935827,0.0007156614686371004,0.0021233302569994067,0.00046962192049715824,156.0,171.4224236558076,526.8493127490846,5.04896890175401,2778.9590967745035,0.989822217796561,0.00451645123108784,0.0007235012628333315,0.0027959114258486605,0.001187789747841766,0.00020357465857329162,0.0006454450680517461,0.0001051087319316404,2.0,2862.0165341139154,3332.1186278036434,9.86782896192967,31.654884377287622,0.5604092408694535,0.0485836503967062,0.05479541585114997,0.16977540155113915,0.0918740056523362,0.01900706651349424,0.04952631540990564,0.006028893414028162,MISAL,5HZ
MISAL_5HZ,-0.01378468285,0.002806330116464542,0.0028062204920532244,0.01142750285,-0.01060810715,0.02203561,4.43833414465189e-12,1.0058283805847169e-09,1.2604099008936427,4.07220419004447,5.132646481421652,-0.016447560096875,0.005839989726295314,0.005839761597240899,0.023455030096875003,-0.024216029903125,0.04767106,-3.183231456205249e-14,-1.979060471057892e-11,1.290347562701017,4.146749742390091,5.350748424140387,-0.010872012225,0.0006019030229882029,0.0006018795106921339,0.0023849722250000004,-0.0024768977750000004,0.004861870000000001,2.7939677238464354e-11,1.9073486328125e-08,1.287250325083876,4.11527178925963,5.297384957334367,60.0,279.2236393146141,962.8899345006902,6.021731854025265,645.1096336905968,0.978436425568677,0.0023952843720041715,0.0020467438908416133,0.009651871799996568,0.003948144649014861,0.0007415763597289155,0.0023191312422274134,0.00046082005582772793,156.0,169.19896330009163,533.0178477243434,5.035431784330221,2793.7026511360286,0.9908033760811114,0.0033617905586001756,0.0007059605148462613,0.002927669233945709,0.001196447847741152,0.00021264760404820764,0.0006857231399235733,0.00010638191061067294,10.0,3123.5013894037966,3359.9206771092404,10.246542920398003,29.676252905007804,0.5179966428615261,0.05448244759909538,0.06115961212795449,0.19107630565927716,0.09378421053825893,0.019651961321322468,0.05529104725446267,0.00655776599458402,MISAL,5HZ
MISAL_5HZ,-0.013904082137500001,0.002909954995739482,0.0029098413234022544,0.012189092137500001,-0.010718167862499997,0.02290726,-5.820766091346741e-13,1.4901161193847657e-10,1.2548917813741594,4.18891986833815,5.256641117418975,-0.01646836806328125,0.005803154377927434,0.005802927687781918,0.01878829806328125,-0.024581131936718754,0.04336943,-8.640199666842818e-13,2.561137080192566e-11,1.2606017002014773,4.2359879796948725,5.3398936501565855,-0.010941272197656251,0.0006085961388553186,0.0006085723651043045,0.00237675219765625,-0.00243296780234375,0.00480972,1.1175870895385742e-10,7.62939453125e-08,1.2993935429405796,3.997828258154526,5.19475223296734,60.0,265.62287503800906,940.0791241813865,5.9579313635171,693.6311124898313,0.9795212451555052,0.0023174432342717784,0.0019777626436301853,0.009275155368509237,0.0034880596862689817,0.0007108870040252659,0.0022347663348756446,0.0004746477978200515,156.0,164.64643026169333,535.6202136940415,5.075213417802799,2758.5716019025494,0.9907475966893552,0.003416875193560162,0.000696529159194146,0.002945257845884369,0.0011659074232335928,0.0002078898540647644,0.0007101323332659118,0.00010981149187824058,2.0,3078.787302391391,3364.2536331527745,10.219916374575408,30.339919286621104,0.5267908300584215,0.05397095397224611,0.05820905114056494,0.1922576933578535,0.08646261464222786,0.019957974551836583,0.0554163649847991,0.0069344131468786815,MISAL,5HZ
MISAL_5HZ,-0.01400138786796875,0.003041307846533044,0.0030411890431248645,0.01228639786796875,-0.010620862132031249,0.02290726,1.4551915228366853e-12,7.078051567077637e-10,1.2618018773244453,4.039998069736666,5.097677150457073,-0.01645833058515625,0.006278666803306241,0.0062784215380938075,0.01922526058515625,-0.02532871941484375,0.04455398,-9.094947017729283e-14,-4.190951585769653e-11,1.2679731697352852,4.0342495732613,5.115320219726098,-0.0109010176359375,0.0005967013280153438,0.0005966780189144535,0.002527217635937499,-0.0024732223640625012,0.00500044,0.0,-7.62939453125e-08,1.306534669998831,4.235479691877756,5.533801070788605,54.0,248.3895721499242,888.0717388970899,5.975433730840985,757.6642188714843,0.981874387006642,0.002006238604519039,0.0018184671944042007,0.007929308792456145,0.0033142568645880255,0.000644817165530251,0.0019873024029282366,0.0004252218071109814,50.0,161.09008615375552,501.8631873628146,5.325315370198168,3229.169837405578,0.9907005067780191,0.004263635512580582,0.000645105449666716,0.0024679611323097737,0.001034872319738113,0.00018429708487184676,0.0006033414709564184,0.00010027483476300035,2.0,3185.6346118954216,3380.857622538169,10.29796489667493,29.165540247432638,0.5115160333954193,0.05446978736277025,0.06289848792139506,0.19004838047400271,0.09448072599011112,0.021729564590697477,0.05740201808174689,0.00745498551157336,MISAL,5HZ
UNBAL_10HZ,-0.013505402721093749,0.002720260262298294,0.0027201540000563232,0.011115442721093749,-0.010626637278906252,0.02174208,-4.3655745685100554e-13,7.450580596923829e-10,1.2661321288338705,4.08632846404184,5.173831759193771,-0.01617737106328125,0.0034395781536021106,0.003439443792456193,0.013700991063281251,-0.011830158936718748,0.02553115,1.0913936421275138e-12,4.4703483581542967e-10,1.2385756714667726,3.983490321705051,4.933854201421715,-0.010733025141406251,0.000613316111910061,0.0006132921537814982,0.0025678251414062523,-0.002209114858593748,0.00477694,-7.450580596923828e-11,-7.62939453125e-08,1.265558224895887,4.186952533774233,5.298832225006634,52.0,506.84400563713115,1349.260248832269,6.774710328598794,606.1455592775609,0.9321593571921718,0.024092285197229783,0.003581199095192976,0.03175245725450034,0.003952489642759456,0.0008068954941139256,0.0021488741992620923,0.0015064418903058064,60.0,418.88069298724645,1106.1060405639669,6.122789662700735,969.0950543331885,0.9077590207601702,0.06456506900335786,0.00493327660228296,0.016662554681660925,0.0031721571968350766,0.0006804786092484901,0.0016508653106985344,0.000576575975989766,4.0,2737.5869382348956,3282.1773428097563,9.757052107393745,30.812345648373558,0.5737172511839654,0.053624962347805685,0.053843752861137927,0.16103940074635037,0.08523747057255564,0.020384877670762643,0.04586331848955854,0.006288964396773598,UNBAL,10HZ
UNBAL_10HZ,-0.01351965387265625,0.0026983913346237754,0.002698285926653477,0.01112969387265625,-0.01061238612734375,0.02174208,7.275957614183426e-13,3.725290298461914e-11,1.2593373517690776,4.124727390301079,5.194423270396221,-0.016087328384375002,0.00312836608859419,0.0031282438844070074,0.011390848384375003,-0.009525771615624998,0.02091662,1.0186340659856797e-12,3.3527612686157225e-10,1.240786986632717,3.641291664474226,4.518067313258088,-0.010608870542187501,0.0006225865899109169,0.0006225622696472341,0.0024302605421875016,-0.0023332694578124986,0.00476353,-1.4901161193847657e-10,-3.0517578125e-07,1.2614836208436153,3.9036425057704363,4.924381090568194,52.0,509.2818428441855,1368.372498977954,6.537400241323018,596.4387916779579,0.931211987818348,0.023800922875075035,0.003857061741091825,0.032496276477855315,0.003955793284504163,0.0008354295803159096,0.002306340383517745,0.0015361804914572424,60.0,520.2404782503247,1213.1494781357644,6.672582576066529,801.6617311861771,0.8809936329772182,0.08486754150708065,0.006551728257122102,0.020196178801838088,0.0037165423962610285,0.0008062299271610311,0.00217063044058552,0.000697514836617296,2.0,2608.2519354922156,3290.7687979976017,9.162032958122431,31.750863464928813,0.5966928414240822,0.052349930798294746,0.05073693814683701,0.1465705251770083,0.08059273557773408,0.01984318012288225,0.04742786796473338,0.005785965604304753,UNBAL,10HZ
UNBAL_10HZ,-0.013556310084375,0.0025983597002413664,0.002598258199833107,0.010422840084375,-0.011730479915625,0.022153319999999997,-2.9103830456733704e-13,-2.2351741790771484e-10,1.2593922358661944,4.514747576612567,5.685838047069911,-0.0160690924140625,0.002818210756015435,0.0028181006675075696,0.0096308024140625,-0.0089539675859375,0.01858477,1.4551915228366853e-12,0.0,1.248608399050675,3.4174799082542537,4.267094118547366,-0.01037492994921875,0.0005664397079294375,0.0005664175809461703,0.0029442999492187505,-0.0024480100507812495,0.00539231,7.450580596923828e-11,8.58306884765625e-08,1.2635666145432258,5.198108326903177,6.568156152249959,58.0,565.7971787336662,1438.968110662521,6.9777180892931,553.037472303287,0.9210503879798992,0.0287094425212213,0.0043317767768599235,0.03610363294315747,0.0045654449717469105,0.000921862937437694,0.0026516533430671696,0.0016657885051233059,60.0,626.4880154125107,1351.5784923780473,7.266754057785096,650.5833613288694,0.8498079570797353,0.10684634856658642,0.008141486171337342,0.025640427323095315,0.0049362917581036924,0.0009750487536602393,0.0027743140589884343,0.0008781136299947538,8.0,3320.1512888793895,3370.7789589628774,10.560811026316756,26.28230154566115,0.4840375534123904,0.06601460030257014,0.06436795513412015,0.19333127653376858,0.1026209733768813,0.02324310592556764,0.05942117939405409,0.006963354144600423,UNBAL,10HZ
UNBAL_10HZ,-0.01366861732109375,0.002653531301746911,0.0026534276461558735,0.01053514732109375,-0.01161817267890625,0.02215332,1.7462298274040222e-12,6.705522537231445e-10,1.2706719549593852,4.378552658618526,5.5637040687162145,-0.016149924448437502,0.0030793044972596837,0.003079184209578345,0.011526454448437501,-0.0104525355515625,0.02197899,2.3283064365386963e-12,1.080334186553955e-09,1.2564034735435454,3.7433468283057203,4.703153959288922,-0.010425409985156252,0.0005622963683238559,0.0005622744031929535,0.002994779985156252,-0.002506300014843749,0.005501080000000001,1.862645149230957e-11,1.1444091796875e-07,1.2689946748926477,5.32618942428072,6.758906028902425,52.0,549.4462310837607,1400.6054283751446,6.903136527707555,576.7723688342904,0.9209668973527511,0.032148665227411645,0.0037045205132545753,0.0338281674929895,0.004406701443047205,0.0008814176236460183,0.0024866560421559544,0.0015769580811879123,50.0,538.6587227771475,1245.700122624515,6.970897098648833,776.7142760632362,0.8680156007211476,0.09722416917402625,0.006126058577277538,0.020644001159759364,0.004130845572005673,0.0008633681362129016,0.002236718549774222,0.0007592288899450465,4.0,3309.233831703157,3357.3856597005297,10.599143568128367,25.899213252665486,0.48723778404649987,0.06458705137775707,0.06557802538802847,0.18909121589419248,0.10489920526917976,0.022956350846994978,0.05813789295879026,0.00751246764125058,UNBAL,10HZ
UNBAL_10HZ,-0.013716079641406248,0.0026405425600892684,0.0026404394118808624,0.00864560964140625,-0.014024740358593751,0.02267035,-2.1827872842550277e-12,2.9802322387695313e-10,1.2668557021041549,5.311517579300181,6.728926334711304,-0.016157213575,0.0036066497372839773,0.0036065088497768513,0.011533743574999998,-0.012635546425000001,0.02416929,-5.093170329928399e-13,-3.9115548133850096e-10,1.2436337716040669,3.5035395580072604,4.357120115696741,-0.010511193359375002,0.0005563833860793273,0.0005563616519288051,0.002413043359375002,-0.0026633866406249977,0.00507643,3.725290298461914e-11,7.62939453125e-08,1.2706921551949453,4.787149916972833,6.082993856173038,56.0,586.3590073476486,1401.4803544092865,7.05216887779471,571.1397192168986,0.9175061322900749,0.0351914742661293,0.004287332633860566,0.033679537675662514,0.004418064493265593,0.0009240261012286476,0.002387989696406383,0.0016054104898288778,50.0,414.48436645294305,1070.347946987875,6.034796622722693,1065.5257466831533,0.9066502951283468,0.06798539993063588,0.005246344359753969,0.014511493244351834,0.002868814284231877,0.00061501520607305,0.0015786466695632613,0.0005439905739636708,4.0,3249.1481629545456,3351.516807169022,10.6545607332738,25.357376587108725,0.49765807560554887,0.06424986800500107,0.06445486593894184,0.182448129029505,0.10345641609726443,0.024009068038111703,0.05609567238655706,0.007627900506000879,UNBAL,10HZ
UNBAL_10HZ,-0.013636605369531249,0.002812571963691921,0.002812462095453683,0.008530375369531249,-0.01410421463046875,0.02263459,2.6193447411060332e-12,6.705522537231445e-10,1.254488990292367,5.014899453490653,6.291136154064111,-0.016101166060937498,0.0038066587084215567,0.0038065100079113946,0.012309116060937498,-0.015072613939062503,0.02738173,-1.3096723705530166e-12,-5.401670932769775e-10,1.2476861131111456,3.9596937624690622,4.940454920903369,-0.0105885916421875,0.0006090992812045328,0.0006090754877991367,0.0023742216421875004,-0.0027424383578125,0.00511666,-5.587935447692871e-11,0.0,1.272763122861287,4.502624729193316,5.7307747208095146,58.0,556.5433251539733,1335.1122480823105,6.871700191583243,647.98253546787,0.9264027740407508,0.03107751164272082,0.00402831212863336,0.030110220550113722,0.004019953250991953,0.0007776486128235589,0.0021596798514085156,0.0014238944745273445,50.0,383.0363795002682,1031.9222089546377,6.1008263225038775,1186.9813573603076,0.9187474963942578,0.05748239241909382,0.005164059287952159,0.013304871127407135,0.002747626945825572,0.000551856524644059,0.0015084496169617046,0.0004932363466844011,4.0,2859.4962236398974,3324.532475258709,10.024511886376562,30.39010405817298,0.5590351145738133,0.05554783723018018,0.05462668925562275,0.16107207209158886,0.09180508012085993,0.021247119544183464,0.05013679765980585,0.006529289032701706,UNBAL,10HZ
UNBAL_10HZ,-0.01360791122890625,0.002873616906002467,0.002873504653149595,0.00973987122890625,-0.010771468771093749,0.02051134,3.783497959375382e-12,6.705522537231445e-10,1.2473858568159673,3.748547529073529,4.675885172996002,-0.01606427866640625,0.0039823401199571345,0.003982184556757795,0.01254042866640625,-0.01510950133359375,0.027649930000000003,6.548361852765083e-13,6.146728992462158e-10,1.2519711669521483,3.79427450296309,4.750322278404376,-0.01043596523828125,0.0006568378175962238,0.0006568121593678269,0.0025657852382812516,-0.00289506476171875,0.0054608500000000015,-1.4901161193847657e-10,-1.52587890625e-07,1.262257977218629,4.4077514644330895,5.5637194560485534,42.0,520.8791957542823,1311.0912674427364,6.893322650010281,676.4158215687296,0.9343040811758656,0.025047078939533975,0.0032787677059614184,0.029177548794208318,0.0039882862123694855,0.0007461759105459831,0.0020961348538227364,0.0013619069790228348,42.0,363.80210909857,997.7000850489588,5.938733125055371,1299.0704779158157,0.9256378555400887,0.05259230589629391,0.004080892362491595,0.012759381032754293,0.002572660015030632,0.0005079346969135816,0.0013908502138442317,0.0004581106838111949,2.0,2466.5972522340885,3246.34977563196,8.884322467328136,35.34046989325393,0.6192356836847263,0.04604919727560082,0.047839484669668066,0.14027883293448487,0.07989767630819149,0.0176287220338391,0.04375360215060606,0.005316765323161866,UNBAL,10HZ
UNBAL_10HZ,-0.013641585345312502,0.002673522755218398,0.0026734183186959567,0.009773545345312502,-0.010520254654687498,0.0202938,-1.2369127944111825e-12,-4.0978193283081055e-10,1.25725665128804,3.9351322526599386,4.947471200205413,-0.0160426276859375,0.00384220491458579,0.00384205482552483,0.012518777685937501,-0.013256732314062498,0.02577551,-2.837623469531536e-12,-6.705522537231445e-10,1.2357565396516497,3.4504276780592744,4.2638885688666,-0.0101660669875,0.0006249093484921727,0.0006248849374939606,0.0024821369874999995,-0.0027820330125000008,0.00526417,9.313225746154786e-11,2.288818359375e-07,1.2642750095569266,4.45207243945581,5.628643934948611,44.0,567.6639305305863,1372.559706830015,6.955128650605386,585.4957990048505,0.9288279419470292,0.02586758761173955,0.003612227076693308,0.03271665665276216,0.0043419710526718105,0.0008310941636532356,0.002275284113657416,0.001527235015311792,44.0,381.4407753004754,1019.9151585315259,6.2180617217554675,1209.2526836577285,0.9218457488125605,0.05538661624983856,0.0038894324691741444,0.013861661504094815,0.0026311362186438978,0.0005301707467497184,0.0013859734612891768,0.0004692583403450805,2.0,2599.433188801045,3267.441144671082,9.228041609039348,31.988218753329726,0.5956942587296665,0.05048156169314454,0.05145042250734609,0.1513869260852294,0.08256871553766273,0.0182874037731192,0.04495250968010058,0.005178197655970366,UNBAL,10HZ
UNBAL_10HZ,-0.01370944076015625,0.0026351959523666754,0.0026350930130142123,0.009719220760156251,-0.00956137923984375,0.019280600000000002,8.731149137020111e-13,-1.4901161193847657e-10,1.2627700430669948,3.6883786296979006,4.657574042838519,-0.0161002268953125,0.003799006816021588,0.003798858414419312,0.0152539068953125,-0.0128504731046875,0.028104379999999998,-1.4551915228366852e-13,1.862645149230957e-11,1.2430569439649852,4.015392317175579,4.991361303922667,-0.01043588654765625,0.0007186182666458498,0.0007185901950715253,0.00275195654765625,-0.0028370334523437502,0.00558899,0.0,-7.62939453125e-08,1.2464377552714843,3.948054771486702,4.921004533908896,42.0,555.7827718737436,1385.2075760061662,6.9935888285821965,568.8291492023168,0.9262144839200172,0.02771218503185334,0.003668791622970758,0.03342330496940843,0.004286011649646477,0.0008392850757597502,0.0022683158491692413,0.0015876181404465826,42.0,366.8307490975266,1011.7214109522519,6.080346485565879,1182.214166842139,0.9287874378999726,0.048537670183973376,0.0038833113846505917,0.013785263508146281,0.002615219196534466,0.0005294985349188193,0.001395869765901932,0.0004657259184288949,2.0,1959.1550812488813,3040.169981910213,7.910454782322754,42.3011844633764,0.6957243845506151,0.03759486361838117,0.03798783115856635,0.11704640677588737,0.06088736380277247,0.013608141371293632,0.033075791200285476,0.004075170255784346,UNBAL,10HZ
UNBAL_10HZ,-0.013624711328125,0.0025443272839021686,0.002544227894176398,0.008682381328125,-0.009646108671875,0.018328490000000003,-5.820766091346741e-13,-2.9802322387695313e-10,1.2706322412414863,3.7913697472475087,4.817436641213746,-0.016114771390625,0.00386885371767684,0.003868702587626677,0.015268451390625002,-0.012835928609374998,0.028104379999999998,7.275957614183426e-13,3.3527612686157225e-10,1.2469107211831227,3.9466593879590626,4.921131904976213,-0.010687928778125,0.0006026203459823063,0.0006025968056652605,0.0023394587781249993,-0.002584991221875001,0.00492445,-3.725290298461914e-11,-1.52587890625e-07,1.2648612898338747,4.2897526061915405,5.425942023539924,48.0,575.823092560685,1458.6974890052213,6.9989572792049435,530.2759897221791,0.9222168076026831,0.025727129170814995,0.0037782218406768376,0.038227004861120364,0.0048700273614405085,0.0009811627377758264,0.0024549476765230453,0.001744698700128743,42.0,345.0726521511998,998.6041380580924,6.128656371553126,1226.0851559982705,0.932034666920005,0.046063183392415406,0.003550081406822566,0.01320190764602389,0.0027471430713818857,0.0005582358387801158,0.0013839005834020077,0.0004608673877635797,4.0,2921.232404962789,3310.737993740584,9.927620925990654,29.747028808253553,0.5455925173861061,0.05343634919484949,0.0557889173739885,0.17625903005921173,0.0940029157301603,0.020775527680716332,0.04808447260613345,0.006060269643700652,UNBAL,10HZ
UNBAL_10HZ,-0.01344367493125,0.0023098669230001466,0.0023097766920611093,0.00799027493125,-0.009225185068749999,0.01721546,-2.0372681319713594e-12,-1.043081283569336e-09,1.2841917834140253,3.993972705874009,5.129026934283856,-0.016164891265625002,0.0033986181655559266,0.0033984854044407935,0.012387741265625002,-0.010376478734375,0.02276422,1.6007106751203537e-12,4.4703483581542967e-10,1.2381455106180275,3.645077082218123,4.513135826533012,-0.01050136226953125,0.0005726025784491462,0.0005725802107240474,0.002526882269531249,-0.002445247730468751,0.00497213,-3.725290298461914e-11,-7.62939453125e-08,1.2727544041465773,4.413149839605476,5.616855904326357,58.0,698.2788190890485,1591.7619373182697,7.600127766496275,437.04880064170624,0.9037530157235921,0.03226940812905469,0.004658048578500857,0.0467695251332728,0.006196339017938739,0.0012264587250095157,0.003034702406001653,0.002092502279292015,44.0,425.48089642331314,1128.354931158605,6.345703395601838,946.1516740251703,0.907007964650012,0.06468707905757654,0.004580288508473739,0.016963268414466062,0.003591181653534578,0.0007511996772729019,0.0017908441800452545,0.0006281724961650594,2.0,3235.706234954177,3347.331488906646,10.578862410885638,26.857316164881887,0.49876753371733534,0.06176520259040386,0.0640177784858737,0.18014313501097426,0.10801026084831258,0.02530355959741174,0.05489456170225943,0.007097968028793096,UNBAL,10HZ
UNBAL_10HZ,-0.013418182428125001,0.0024903513605539075,0.0024902540793038247,0.007964782428125,-0.012388617571875,0.0203534,2.3283064365386963e-12,-7.450580596923829e-10,1.2828157278306431,4.974840788279532,6.3818040092210895,-0.016087484252343753,0.003047060642789907,0.003046941614658734,0.009273714252343752,-0.010079895747656248,0.01935361,-5.820766091346741e-13,2.9802322387695313e-10,1.2444078647831263,3.3082011469645516,4.116751526918357,-0.01036966245,0.0005718828961605067,0.0005718605565485463,0.0024369024500000003,-0.00257694755,0.00501385,-7.450580596923828e-11,-3.814697265625e-08,1.2706679249580433,4.506251595750662,5.725949374524207,50.0,600.104814326227,1462.854710138969,7.375326270729504,508.015852054878,0.9169626030457738,0.030790131541702553,0.004181621076819172,0.037786183388815335,0.004790096197471537,0.0010226616173390586,0.0026959927853531904,0.0017707096888251572,162.0,527.8329586469057,1242.683037726561,7.330207045766747,760.5332738800089,0.8837732595170036,0.08060315337297447,0.0061500707255204255,0.021391162587385708,0.004101848809253367,0.0009153097239054604,0.0022496236591398383,0.0008155203806328068,4.0,3126.036718076779,3359.7624780168494,10.408626473729722,26.78984672890144,0.5188109513025425,0.06020831980467558,0.06122171934841105,0.17607490482958696,0.0960106520725519,0.024813760394133678,0.0555403427434886,0.007319349098505334,UNBAL,10HZ
UNBAL_10HZ,-0.01339378379453125,0.0025508165432888584,0.002550716900071441,0.00855277379453125,-0.012413016205468752,0.02096579,3.2014213502407074e-12,1.3783574104309082e-09,1.277066763613826,4.866481341090657,6.214821578890216,-0.0160778647890625,0.003186438543109452,0.003186314070422707,0.0117479247890625,-0.013824945210937498,0.025572869999999998,1.1641532182693482e-12,5.960464477539063e-10,1.2840718235458595,4.338852009263664,5.571397613379349,-0.0104299359765625,0.0005721442307129145,0.0005721218808923739,0.0024971759765625,-0.002319994023437499,0.004817169999999999,3.725290298461914e-11,0.0,1.2734456946560357,4.364762222173251,5.5582876697390535,50.0,564.620279903187,1427.4070817595323,7.114188765369879,532.984360481987,0.9232734083563998,0.027517853721351532,0.003845628025268609,0.03578719434901139,0.004338740129847272,0.0009559667543267271,0.002547226819961165,0.0017339695924154452,50.0,493.7733613702936,1204.1571272058181,6.933056982936588,831.7007889969899,0.8932365437649377,0.07339462149588773,0.0057930510639097,0.020395955121553285,0.0035382663589492176,0.0007998138124557579,0.002110080638431045,0.0007316349321343824,2.0,3166.9040347465652,3348.3054839015394,10.309448526337672,26.81433699453179,0.5084206884393967,0.06185118636367767,0.0592901777706829,0.19459003612910483,0.0908658075571067,0.022625217935740634,0.05463311191272215,0.007723755289423205,UNBAL,10HZ
UNBAL_10HZ,-0.013406837707812501,0.002538981017815722,0.0025388818369325495,0.008565827707812501,-0.009002762292187497,0.01756859,1.0186340659856797e-12,3.7252902984619143e-10,1.2711986650429656,3.5459556083628474,4.507614037427901,-0.016270271515625,0.003661514492904417,0.0036613714622009148,0.012046121515625001,-0.013632538484374998,0.02567866,2.0372681319713594e-12,4.842877388000488e-10,1.2538622085501305,3.723342092270774,4.66855794027738,-0.010545326698437501,0.0005499663639872523,0.0005499448805065516,0.002558926698437502,-0.002241853301562499,0.004800780000000001,-1.6763806343078613e-10,-2.288818359375e-07,1.2723734277445782,4.653060305657226,5.920430301376817,44.0,578.0700950316915,1450.7150884831563,7.27015868496063,528.0498508281646,0.9192931129164723,0.029670421629885126,0.0036748456058558377,0.03747444768472612,0.00450994076440018,0.0009439031629727217,0.00267737523336197,0.0017559378885025393,44.0,378.78209500363295,1061.7530590899896,6.2933322150134305,1098.1901181923083,0.9259005488491655,0.04884351884827431,0.004328732794144527,0.015330196664236495,0.002710268401613195,0.0006197051297580374,0.001709857920258778,0.0005571554297992583,4.0,3497.1441389831557,3384.179335657777,10.780547606206959,24.775833321252176,0.45861381501321197,0.07092304201014857,0.06587487411369028,0.20283494834852298,0.1040116125623082,0.02431110304406871,0.06494197094582035,0.008488633949284955,UNBAL,10HZ
UNBAL_10HZ,-0.0135299801546875,0.002662643890649068,0.002662539879090574,0.0083269001546875,-0.008879619845312499,0.01720652,1.1641532182693482e-12,0.0,1.2499546157235082,3.3350185331347726,4.168621810580908,-0.016072993653125,0.003907110914308731,0.003906958289807636,0.012720493653125,-0.012748076346875001,0.025468570000000003,0.0,-1.4901161193847657e-10,1.235462810459078,3.2629159049045677,4.031211255196826,-0.01041650327734375,0.0006056652743499013,0.000605641615088018,0.0026685032773437495,-0.0024496467226562506,0.00511815,0.0,7.62939453125e-08,1.2641460082811982,4.406076475689106,5.569923998120807,44.0,535.2832436539659,1413.7769365547574,6.87728382209878,580.7405975197704,0.9259637926284479,0.025579641621018875,0.003752169745866765,0.0353270521384589,0.00444040506823412,0.0008181384843540219,0.0025230218207061075,0.0015957744529567315,44.0,332.43707918717905,1006.5977742137198,5.935943755795584,1250.4533546903174,0.9351847832415935,0.042271366745641574,0.003994870289974805,0.0134283721216012,0.0025667172777989774,0.0005421194460764317,0.0015358738004320627,0.00047588409557472076,2.0,2984.905699925318,3361.5903454425834,9.938693395365277,30.048400666558575,0.5376504380112317,0.059773783085053225,0.0592522190111152,0.16897839903579936,0.09188189355742214,0.020267112532757536,0.05556677833808467,0.006629376304304688,UNBAL,10HZ
UNBAL_10HZ,-0.0136184572859375,0.002899202438681536,0.0028990891863742724,0.0099605072859375,-0.010649172714062499,0.02060968,-1.3096723705530166e-12,-1.1548399925231934e-09,1.2626737029282695,3.673282202024125,4.638156841530177,-0.01599837736328125,0.004212111435278043,0.004211946896461391,0.01264587736328125,-0.01524692263671875,0.027892800000000002,-5.820766091346741e-13,-1.1175870895385742e-10,1.2516817091578016,3.6199228071722174,4.530991167376376,-0.01028702763203125,0.0005919029554322662,0.0005918798337714658,0.0025390276320312495,-0.0029024523679687508,0.00544148,0.0,-3.814697265625e-08,1.2647734687283296,4.9037865415527016,6.20217912454169,42.0,465.9879493128708,1307.915143723699,6.584805744871617,688.5145187712212,0.9383331068272688,0.020867956246302482,0.003335566074764348,0.02956185066832622,0.0037960495455513646,0.0006769996312291338,0.002059311498670549,0.0013691271054283617,42.0,296.0291565752402,944.6303524137301,5.460953815489538,1453.301488396573,0.9401087879988123,0.04044199424511479,0.0033561748954863673,0.011692426836573908,0.002274663587824115,0.0004486243287217387,0.0012757230979609242,0.0004016020876328862,2.0,3125.3575236101497,3350.626947050504,10.31856349161869,28.698356746517454,0.5147834634704841,0.06038967790319359,0.06064924970942945,0.18554906611558877,0.09673097472796954,0.020559627396510474,0.05440116795028875,0.006936772709094836,UNBAL,10HZ
UNBAL_10HZ,-0.013614418338281248,0.0029761927850339848,0.002976076525232576,0.009956468338281248,-0.01065321166171875,0.02060968,-2.473825588822365e-12,-2.2351741790771484e-10,1.2562392718410185,3.579616171767156,4.496854414602107,-0.01611013423125,0.004127707974083969,0.004127546732341917,0.01277253423125,-0.01513516576875,0.0279077,-1.4551915228366852e-13,-3.725290298461914e-11,1.2487969384026565,3.6668672086713436,4.579172544827287,-0.01046743613359375,0.0005914949186837018,0.0005914718129621483,0.00249295613359375,-0.002722043866406249,0.005214999999999999,-7.450580596923828e-11,-1.52587890625e-07,1.2689600767034133,4.602153140944851,5.839948612607818,50.0,440.81799533818076,1258.4600690620812,6.627072469512504,725.568020562551,0.944384185974513,0.018177918710547438,0.0027676374567706203,0.027418178688795338,0.0034772155632975966,0.0006255608644575967,0.001888183644063152,0.0012611152661801967,44.0,323.2377026718162,944.939060003742,5.7795447808701805,1395.6417250037339,0.936791338874966,0.04392646780086722,0.003216033363831241,0.011680218175439915,0.002258083526585565,0.0004543844473863669,0.0012896705797581641,0.00038378876140588645,2.0,2978.7543527104413,3344.39423722262,10.043082436707785,28.65880329535376,0.5387720814565505,0.05731188981976279,0.05696886391106058,0.17418054845306447,0.09266530561051387,0.020714882477196023,0.05326548338622872,0.006120934107738339,UNBAL,10HZ
UNBAL_10HZ,-0.013447194590625,0.002779657265397741,0.0027795486829150185,0.009246884590625,-0.010647595409375002,0.019894480000000003,-5.820766091346741e-13,2.9802322387695313e-10,1.2450675323599323,3.830692180709629,4.769470462382541,-0.016047337366406247,0.0035190262714717424,0.0035188888068231044,0.012709737366406248,-0.013126862633593753,0.0258366,-1.4551915228366852e-13,2.2351741790771484e-10,1.2462833392248123,3.730399950237258,4.649135307946958,-0.01049830730390625,0.000575020459902934,0.0005749979977274959,0.00251190730390625,-0.0022858926960937515,0.004797800000000001,-7.450580596923828e-11,-1.52587890625e-07,1.2691152851171994,4.368549646199199,5.544193139426845,52.0,504.5392446855689,1345.6146780886909,6.710104092239539,632.9049875228341,0.9357277223464273,0.020758783751264755,0.003630891378049885,0.03149148628221064,0.003855251385400067,0.0008041702909588586,0.002252143167294521,0.0014795306169747469,180.0,416.8916136133222,1082.0870382937542,6.467113732145855,1014.380825398416,0.9179767709129586,0.05573099128431818,0.004582512112823618,0.015746673127525333,0.0029706492980977085,0.0006557268449635747,0.0017872901751635768,0.0005493862030697515,4.0,3091.9068308367205,3358.3239188379016,10.26240477610801,27.08461144470363,0.5182516119762577,0.0661085116266157,0.06200723358149479,0.17471827872938972,0.09239039024309086,0.022989628914393836,0.05675969440411117,0.006774645026043163,UNBAL,10HZ
UNBAL_10HZ,-0.01329293908125,0.0026979846671214202,0.0026978792750368815,0.00994937908125,-0.010801850918750001,0.020751230000000002,-2.1827872842550277e-12,-1.2293457984924317e-09,1.2443965210597703,4.00383034730066,4.9823525569412395,-0.016036161784375,0.0032112075147107603,0.0032110820744671643,0.010824141784374998,-0.013138038215625002,0.02396218,8.731149137020111e-13,0.0,1.2548830199842829,4.091467582221053,5.134313197344284,-0.010267042192187499,0.0005660086574014722,0.0005659865472564454,0.0023268321921874995,-0.0025171578078125017,0.004843990000000001,-7.450580596923828e-11,-1.52587890625e-07,1.278663128740593,4.44738097675069,5.686702084480847,52.0,526.3944614463425,1388.8249020489131,6.8585849545355675,596.259034366872,0.9321009782749734,0.021226416480714824,0.00403523644447336,0.033470123881718813,0.00426509956868795,0.0008863961128047912,0.00243086270460648,0.001584863742404014,56.0,472.08516009137657,1197.0311384234196,6.717099202063566,844.6810636602704,0.9046933380213794,0.061963366661638174,0.006048368919503897,0.019709324505297967,0.003812089540419589,0.0008412423581104324,0.0021988057027431925,0.0007334543171742285,2.0,3372.1564222186844,3363.5092353243185,10.684082741403898,26.242316304362323,0.4757152110595884,0.06982221641975142,0.0649466744682716,0.19620354368764945,0.10092461921422569,0.024281605960795587,0.060258920718368296,0.007847186466852127,UNBAL,10HZ
UNBAL_10HZ,-0.013429692096093748,0.0026853474500631086,0.002685242551629503,0.010086132096093747,-0.008868157903906253,0.01895429,2.9103830456733705e-12,-1.4901161193847657e-10,1.2422801924545623,3.756134463986123,4.666171446543605,-0.01606855426796875,0.003471619925673623,0.0034714843128715368,0.01487059426796875,-0.012210155732031248,0.02708075,1.891748979687691e-12,2.9802322387695313e-10,1.2642727418646662,4.283641498406909,5.415691183916221,-0.010291155746875,0.0006371338135676722,0.0006371089250419661,0.0026742757468750005,-0.0025243342531249997,0.00519861,-7.450580596923828e-11,-7.62939453125e-08,1.2684110129584685,4.197517312288993,5.324177194347967,58.0,520.369539874858,1386.996096154919,6.922810207806015,590.6864187129734,0.9307956973953981,0.022789982826511228,0.0038493412604686263,0.0333291576563935,0.0044650845270953945,0.0008360951960939052,0.0023799274383629015,0.0015547106213638193,50.0,415.0717373686597,1114.7026491888723,6.250831791295648,987.2345771659839,0.9136351837175916,0.058504515394112555,0.0047703215374041525,0.016560816292329823,0.0033881391160917856,0.0006801370060510641,0.0018488934319712226,0.0006119934990481581,6.0,2687.756713623837,3284.306816685143,9.584485462479945,33.25196611024849,0.5828326180901889,0.05220824639016886,0.054339864627064284,0.1559542324081446,0.08280860370530266,0.018486214342559527,0.047449043404820264,0.005921142227686105,UNBAL,10HZ
UNBAL_10HZ,-0.01368277930546875,0.0026414806307953707,0.002641377445942862,0.00919340930546875,-0.008609110694531252,0.017802520000000002,3.4924596548080443e-12,8.940696716308593e-10,1.2544159240275212,3.480536004465863,4.366039789806043,-0.016134742396093752,0.003543402646571338,0.003543264229701949,0.014936782396093752,-0.012143967603906246,0.02708075,1.3096723705530166e-12,6.146728992462158e-10,1.248164679158756,4.2155429072064035,5.261691761738234,-0.010264896708593752,0.0006218874260859887,0.0006218631331339261,0.002648016708593752,-0.0025505932914062484,0.00519861,0.0,-1.52587890625e-07,1.2709394555899438,4.258198570143037,5.4119125812342075,48.0,526.5314260312051,1395.7880239243254,6.818052789207555,571.5455850054637,0.9273636641896279,0.02643567011047872,0.003646826528680577,0.03322853406155438,0.004394167639477021,0.0008267267564983388,0.0024807148392069736,0.001623694433832231,44.0,393.8728122752993,1091.189261822534,5.901516628251753,1028.4827841641527,0.9112476438693021,0.06295540216713617,0.004388283677145162,0.015258605190460434,0.003125081987078151,0.0006508999155450193,0.0017892288247491799,0.0005848408448307651,2.0,2690.7419086015348,3308.308380976542,9.618098035156898,31.679591459557933,0.5838792774500523,0.05330905526553235,0.058840977927009354,0.1446614655021428,0.08350583477525063,0.018923294399259147,0.050826917674711744,0.006053142960604971,UNBAL,10HZ
UNBAL_10HZ,-0.013759735942968749,0.002611858584138888,0.002611756556420177,0.010149465942968748,-0.009746504057031253,0.01989597,5.820766091346741e-13,0.0,1.2708622857554168,3.8860689041378795,4.938658412006647,-0.01617712591171875,0.0034883668318835817,0.0034882305648926944,0.01148213591171875,-0.011878084088281251,0.02336022,-1.7462298274040222e-12,-4.842877388000488e-10,1.2378676552967551,3.405188924270967,4.215173230738181,-0.01036522143515625,0.0006063946947097908,0.0006063710069543682,0.0026097714351562508,-0.0027423085648437488,0.0053520799999999995,-7.450580596923828e-11,0.0,1.2626971188529215,4.522492877908369,5.7105387363853195,58.0,542.2351757698244,1409.6497679232032,6.9088489077311515,558.7986299405076,0.9247295062971665,0.02793360848185884,0.0036814770013657585,0.0341356796210797,0.004497153757245546,0.0008302321468860029,0.0025346614531284333,0.0016576729914344315,50.0,420.12553050029663,1120.3908979033338,6.2597953757945195,996.7822878321787,0.9003977266553193,0.07233157584389266,0.004538053905738149,0.016531783679455524,0.003192730102815002,0.0006272696571649721,0.0017919014786847056,0.0005889482950128635,2.0,2837.180052159668,3335.457582444691,9.504191034603396,30.120821914136233,0.5615933282615813,0.05314739785106937,0.058857442839422916,0.16158462449395133,0.08653852531357555,0.020491205466047626,0.05137281296097944,0.006414574114287665,UNBAL,10HZ
UNBAL_10HZ,-0.013663729771875,0.0025035508268418903,0.0025034530299775843,0.010053459771874999,-0.009842510228125002,0.01989597,8.731149137020111e-13,1.4901161193847657e-10,1.2681871362666646,4.015837184670159,5.092833060974357,-0.016205963115625003,0.0033571245017288078,0.0033569933614915758,0.011510973115625003,-0.011849246884374998,0.02336022,2.6921043172478676e-12,2.60770320892334e-10,1.2452694385857213,3.5297200812993066,4.395452545313677,-0.010633370565625,0.000587787833878656,0.0005877648729679311,0.0022253005656249995,-0.0024741594343749996,0.004699459999999999,7.450580596923828e-11,-5.7220458984375e-08,1.2583976689641698,4.2094373855181955,5.297146202599083,48.0,591.2961108242954,1476.5377702094859,7.2320673782875,513.4153385032081,0.9129350889110083,0.033807022083390696,0.0038995746257044694,0.039267342702984646,0.004775121596748234,0.0009130814353242836,0.002567724886183677,0.0018350411948482542,42.0,461.27759652337767,1157.8574435949781,6.394791032052528,923.1896111798618,0.8887220483494715,0.08160351861236807,0.0049939628924156,0.01810595221190307,0.0034083533053222924,0.0007187838606614136,0.0018237195114761604,0.0006236605022308065,4.0,3024.377978009516,3332.1414596197997,10.088194089021378,28.300701418440717,0.5307247645391908,0.054124867445835854,0.059109386504209466,0.18413646414807802,0.09192493485575398,0.022918150922486155,0.05026580355826302,0.006795623876311169,UNBAL,10HZ
UNBAL_10HZ,-0.013553187486718752,0.002427628550920976,0.0024275337198285,0.009849047486718752,-0.009112692513281248,0.018961739999999998,-4.074536263942719e-12,-2.2351741790771484e-09,1.2636644175727152,4.057223758505542,5.126969299866096,-0.01624551598046875,0.003377771729992062,0.003377639783206723,0.01184554598046875,-0.01429054401953125,0.02613609,-1.382431946694851e-12,-3.7252902984619143e-10,1.2579303711816083,4.230926011219857,5.322210329311435,-0.0105592493515625,0.0005862087004716947,0.0005861858012470733,0.002461099351562499,-0.0025065606484375013,0.0049676600000000005,-1.1175870895385742e-10,-2.288818359375e-07,1.263261887748444,4.27605144790082,5.401772833399778,48.0,646.7640040119308,1510.1982889136746,7.389157471170955,482.74800553438837,0.9032885174304862,0.04046440984599194,0.004493324535643754,0.040870259066866976,0.005268588634494268,0.0009474682715563304,0.0027127885272608234,0.0019546340052120875,44.0,469.63871157493,1156.8533279629962,6.7458311215674165,934.5802693221111,0.8925259597042879,0.07714513963429308,0.005405439109573255,0.01835875217195345,0.0033697317750033375,0.0007348507009795611,0.0018481066992496785,0.0006120117639570854,2.0,3009.2853681072797,3334.734711407566,10.1864832688478,28.14884197165773,0.5323082922272923,0.058653370136102584,0.060700441807764155,0.17547899481448423,0.0916139126084308,0.022084046905377578,0.05249502861173045,0.006665912797608265,UNBAL,10HZ
UNBAL_20HZ,-0.013759858984375,0.005819939459853618,0.005819712114028034,0.021406538984375,-0.021907761015625,0.0433143,-5.456968210637569e-13,-7.916241884231568e-11,1.2531314905335533,3.7644063112766992,4.717296092634658,-0.016331097971875,0.007657672641968162,0.007657373508288016,0.031989507971875,-0.023137512028125,0.05512702,-2.7284841053187846e-13,-9.313225746154785e-12,1.2473198467081066,4.177608410125652,5.2108138824049215,-0.010674490374999998,0.0005820284622672358,0.0005820057263363588,0.0024377703749999986,-0.002138019625000001,0.00457579,7.450580596923828e-11,-1.52587890625e-07,1.2522404912501537,4.188567672962327,5.245094049436958,194.0,684.1883703217583,1318.9728767036145,7.3267016880226885,2774.552511887543,0.8659742063739967,0.08496605894155317,0.011030246825141081,0.03400079408069993,0.001998794194847493,0.00031686290472245196,0.000736753051766248,0.0009762761152452204,50.0,702.7446806123202,1115.5851312401226,7.040927135489223,4803.409433237567,0.76209389936924,0.20581754782249706,0.01610573046232213,0.01344063659591678,0.001262150172311732,0.00037936828345685314,0.0004603259732282743,0.00044034088972989344,2.0,2800.912174769412,3354.40689884608,9.658089000774522,27.74881627541094,0.5688495739326758,0.05830229551744174,0.06273581452879272,0.13224828022603904,0.09453363486401667,0.022561400470662955,0.05440779261331616,0.00636119641529606,UNBAL,20HZ
UNBAL_20HZ,-0.013723525217968748,0.0061595472404739095,0.006159306628460284,0.018579435217968746,-0.023188244782031256,0.04176768,-2.7284841053187846e-13,-1.862645149230957e-11,1.2570116831567504,3.7647492123741126,4.7323337448777565,-0.016303235437499997,0.007117405646207427,0.00711712761711901,0.0252804854375,-0.024880364562500003,0.05016085000000001,4.3655745685100554e-13,6.984919309616089e-11,1.2519182287855297,3.5520629661241614,4.446892377709651,-0.010454331234374998,0.0005452039845833581,0.0005451826871367364,0.002217611234374998,-0.002487808765625002,0.00470542,-1.4901161193847657e-10,-3.24249267578125e-07,1.2731068134106551,4.563257087505021,5.809513700103191,58.0,612.7951796893364,1275.6898948234307,6.943359392853904,3107.8038035349814,0.879079406831565,0.07665813236449465,0.008979697661905898,0.03180366499348849,0.0016896244088441788,0.00026698422494289656,0.0006595899199819685,0.0008628993192876194,194.0,781.0429401792982,1167.5335675525725,7.149015018129078,4149.535199615698,0.7384574779799618,0.22605314942082094,0.016331274309148783,0.016211939606779004,0.0014098931944419874,0.0004563960152249296,0.0005397406188907794,0.0005401155752679231,12.0,3203.94539436999,3395.114850674642,10.515585145726067,24.348603994462216,0.5046496799085096,0.07088914023584127,0.07068986137508917,0.14968693725932045,0.10898691817489836,0.02535744496237229,0.06307215889745327,0.006667808715193238,UNBAL,20HZ
UNBAL_20HZ,-0.013718692612500001,0.006607247963410732,0.006606989862746034,0.024899652612500003,-0.024621987387500002,0.049521640000000006,-5.093170329928399e-13,-2.3283064365386964e-11,1.264105161856096,3.7686833377980067,4.764012061432578,-0.0162185401125,0.00769147214226554,0.007691171688266626,0.028983370112499997,-0.0270406298875,0.056024,2.1827872842550277e-13,2.561137080192566e-11,1.2545728402864889,3.7683946326341387,4.727725558198867,-0.01043662479609375,0.0005736892756677284,0.0005736668654926902,0.00226546479609375,-0.0025055152039062493,0.004770979999999999,-1.4901161193847657e-10,-3.814697265625e-08,1.2669585713410734,4.367543866049958,5.53349714644596,40.0,672.4382839772837,1195.6893048518257,6.986281423841751,3575.997653859513,0.8610929108320177,0.10082640862584928,0.009031376979448981,0.02590556100183044,0.0015614931408286406,0.00021085955553380088,0.0006152187836873828,0.0007561681411714974,194.0,763.6062724394347,1137.0179696991286,7.077986814499989,4845.905681829916,0.7461262278456153,0.21962360125747388,0.017319907039147934,0.014332626801058013,0.0012715364032921661,0.0003758901289012741,0.00048279354302318547,0.0004674117660872757,4.0,2927.3930494164965,3393.52110480493,10.010905135086263,26.95935366205572,0.5515226012332967,0.060809898633334386,0.06364352325686257,0.1309009848605964,0.10508011177111926,0.0211404007863142,0.06058541513068442,0.006317063912629489,UNBAL,20HZ
UNBAL_20HZ,-0.013779614754687499,0.006447875881888395,0.006447624006817229,0.0249605747546875,-0.024561065245312503,0.049521640000000006,3.092281986027956e-13,6.984919309616089e-11,1.260457919277327,3.871282618903459,4.8795888355143395,-0.01623042297890625,0.00767439528442845,0.007674095497507325,0.028995252978906247,-0.028135817021093752,0.05713107,6.366462912410498e-14,2.677552402019501e-11,1.2539868972227632,3.7783284016397842,4.7379743096783145,-0.01055207209140625,0.0005697712248844939,0.000569748967761304,0.0023809120914062495,-0.002086107908593751,0.00446702,0.0,-7.62939453125e-08,1.2577293266333778,4.178879158978753,5.25589887992954,194.0,721.9675886927447,1209.4692302483984,7.147280387361124,3405.566390913872,0.849021636489584,0.11177618812186858,0.008838104787852026,0.027063932938171935,0.0016358469616184815,0.00022674401989136378,0.0006501715812833149,0.0007873739186656288,194.0,799.0191869739037,1137.5365163984377,7.021474059698738,4824.411480476485,0.7289199365896698,0.23732393588071465,0.016805664532737945,0.014374713940772799,0.0012200559211316994,0.00037078075098682315,0.0005215219368863179,0.00046339044122289025,2.0,3009.931196819198,3425.8499274751666,10.079572627915791,26.5923696131965,0.5428323838058098,0.06102167692272071,0.0666662525259501,0.12991231752737584,0.10529982357271055,0.02244974566463014,0.06544226695671296,0.006375529236360736,UNBAL,20HZ
UNBAL_20HZ,-0.013676101078906249,0.006122655861867069,0.0061224166909510675,0.022805331078906248,-0.026078588921093753,0.04888392,6.184563972055912e-13,1.5832483768463136e-10,1.254301181310691,4.259525320349133,5.3427276420093675,-0.0162447066078125,0.007355873261072162,0.007355585916660596,0.024426296607812502,-0.028121533392187502,0.052547830000000004,-2.3646862246096135e-13,-3.492459654808044e-11,1.2520090132921644,3.823153411160399,4.78662253062225,-0.01078276879140625,0.0005545493782900281,0.0005545277157818345,0.0028812987914062487,-0.002092321208593751,0.00497362,-3.725290298461914e-11,1.52587890625e-07,1.2604409798465168,5.195950904181451,6.549189460711254,194.0,658.9638714431661,1282.9189900575884,7.026926771688912,3070.6881444427236,0.8590689658909992,0.09648434869685776,0.00855594600535123,0.03224249514849964,0.001829522522147868,0.00026440528776819816,0.0006809597937890379,0.0008733566236091412,194.0,739.0790698911096,1153.9173802988141,6.907862355632504,4432.2525493034345,0.7557194369487562,0.21023262924482564,0.015660293858037994,0.015513621825826412,0.0013477100743377363,0.00043167000959223596,0.0005655227146444453,0.0005290709705431149,2.0,3067.7020392881604,3415.0679130559524,10.194502146749176,25.19048100366492,0.5289228862715373,0.06674505855255854,0.06852635197050128,0.13727220838610432,0.10261799368657247,0.023868791107231602,0.0651545560068369,0.006892145927261187,UNBAL,20HZ
UNBAL_20HZ,-0.01359436154140625,0.006274043427373457,0.006273798342765173,0.01886598154140625,-0.02616032845859375,0.04502631,3.4560798667371273e-13,3.259629011154175e-11,1.2511290861251294,4.169775154566703,5.216926979311851,-0.01619447556484375,0.008128890061918385,0.008128572520948249,0.03135373556484375,-0.028432514435156247,0.05978625,-3.637978807091713e-14,-2.3283064365386963e-12,1.2580719438841559,3.8572252975764694,4.852666928718159,-0.010664583621093748,0.0006138205063126425,0.0006137965284807884,0.002763113621093747,-0.0022701063789062528,0.00503322,1.4901161193847657e-10,1.52587890625e-07,1.2501931776004673,4.501676839768171,5.6279656820093065,40.0,628.2994128935466,1250.7916290410972,7.059689208197374,3224.41591324438,0.861859592810487,0.09584861535871331,0.009420214246759285,0.029368973340655975,0.0017708732638060903,0.00026495268116329487,0.0006249686923994023,0.0008418009532697693,50.0,640.3745832636856,1085.5272167442715,6.664902350181629,5412.756786340776,0.7862152299387907,0.18455317699246218,0.014122901952586815,0.012756922567184093,0.0012008652696425992,0.00033041050256534405,0.0004078832529935523,0.0004126091848684885,2.0,2499.596064279983,3274.148463248285,9.195935700444965,30.863046934351512,0.6131313078006533,0.053387172760686046,0.05556036290239082,0.11941528458431969,0.08456286965337932,0.019284462788159713,0.04806240478908649,0.006596134600371124,UNBAL,20HZ
UNBAL_20HZ,-0.01365644704765625,0.0060031220689128586,0.006002887567376844,0.02008579704765625,-0.021950082952343748,0.04203588,8.36735125631094e-13,1.1175870895385742e-10,1.2497555996729928,3.6565873843742436,4.569840560076607,-0.016124980102343752,0.008169614920166157,0.008169295788350173,0.03128424010234375,-0.028502009897656246,0.05978625,6.366462912410498e-14,2.3283064365386964e-11,1.2548564738077048,3.829490437000354,4.805460866842825,-0.010479108188281249,0.0005639623070962328,0.0005639402768883259,0.00229900818828125,-0.0024555818117187513,0.004754590000000001,-5.587935447692871e-11,3.814697265625e-08,1.2623907852759326,4.354329541620393,5.496865499143608,40.0,658.5974697902127,1273.8755999328644,7.2417198274001535,2951.9592773440068,0.8549907115407809,0.10057176679868128,0.010257876590599395,0.03051950623329139,0.0018567359576981788,0.0002624012269716116,0.0006335531121913282,0.0009074485010336976,50.0,650.2954226358879,1080.920150389511,6.590690800497122,5467.127313810039,0.7795021817439404,0.19266355410992791,0.013146131853492709,0.012362612798505196,0.0011801458407280597,0.0003211179999161814,0.0004166671240047294,0.0004075798431457694,6.0,2997.955212388895,3354.8417205226133,10.290202527165828,26.052906256296723,0.5361251344924008,0.06245495959117847,0.06803844152023762,0.14166626729757953,0.10624395930658809,0.022574572665688457,0.0553795185591966,0.007517115582129604,UNBAL,20HZ
UNBAL_20HZ,-0.013691045778906251,0.005557485898093905,0.00555726880456082,0.02012039577890625,-0.020394194221093752,0.04051459,-4.3655745685100554e-13,-9.778887033462524e-11,1.2581233981954785,3.669823241353113,4.617090488018745,-0.01624041715390625,0.007436102531507899,0.007435812053079245,0.02808442715390625,-0.02420414284609375,0.05228857,5.456968210637569e-14,1.1641532182693482e-11,1.2480349552957328,3.7769146059170886,4.713721451985457,-0.010373489421875,0.0005594216065836181,0.0005593997537502895,0.002507779421875,-0.0026669905781250003,0.00517477,1.4901161193847657e-10,3.0517578125e-07,1.2637126352103805,4.767593398955848,6.024868028576345,194.0,722.3265972232916,1373.3981382071981,7.348096140990451,2529.954739586236,0.8521105859056383,0.09430462466637031,0.01132979927173672,0.03790733514949499,0.0021824221279771214,0.00030205639483086563,0.0008048898345514575,0.001058286580108746,194.0,709.3051941870286,1129.2670690713755,7.058743732271354,4529.46338042075,0.7658176027337731,0.2020313065524213,0.01495667798141035,0.014359033823000193,0.00146178165255487,0.00039061862903902423,0.0005153911705344211,0.00046758232777388363,2.0,3119.9978427916844,3392.3439585051697,10.300265624835228,25.635068725421263,0.5181822654409378,0.06476408616482494,0.07153358137567399,0.1406336667355007,0.11434543575309364,0.023222859784669432,0.060795969332292886,0.0065221320177423926,UNBAL,20HZ
UNBAL_20HZ,-0.013650941381250002,0.0059934274776893125,0.005993193354855665,0.022030701381250004,-0.023004548618749995,0.04503525,2.3646862246096135e-13,-9.313225746154785e-12,1.2606574465914961,3.838445925705591,4.838965440386953,-0.0161927842984375,0.007352819705221522,0.007352532480091812,0.0239437642984375,-0.0242517757015625,0.048195539999999995,-1.8189894035458566e-13,-1.3969838619232177e-11,1.2467792925011483,3.2984248303465145,4.112407776906966,-0.010374833681249997,0.0005798784409112432,0.0005798557889672157,0.0025091236812499976,-0.0026656463187500028,0.00517477,-1.4901161193847657e-10,-1.52587890625e-07,1.2630855860700572,4.597084938827144,5.806511734186032,40.0,652.9698443060041,1304.628779406739,7.02211261410073,2942.4326062569685,0.8706207271102001,0.08266226879307587,0.009533468052342795,0.03334088609557276,0.0018790272110291567,0.0002837860062674595,0.0007605634858950068,0.0009192628380349725,194.0,753.3174146790602,1143.4736312567231,7.1285774851678445,4428.573402619711,0.7543117870368037,0.21162916538887977,0.01561213632129309,0.015488817342535138,0.0014910261429232977,0.0004284996381383075,0.0005420315887034209,0.0004965347688828928,2.0,3038.285295722629,3394.3965872571457,10.12559569090061,27.54418592883387,0.5338960937413174,0.060646191680351555,0.06829709427034356,0.1404149783531271,0.1059379759323873,0.023638624597326026,0.0606441619600482,0.006524865246975515,UNBAL,20HZ
UNBAL_20HZ,-0.013626500259375,0.0060542070981670325,0.006053970601083087,0.022006260259375,-0.023097529740624997,0.04510379,8.549250196665525e-13,1.1641532182693481e-10,1.2612539098507396,3.815269557582169,4.812023647429866,-0.01605922756640625,0.007448399007628905,0.00744810804885977,0.02568164756640625,-0.025031992433593747,0.05071364,2.9103830456733704e-13,4.423782229423523e-11,1.2523706648458375,3.4480766651726773,4.318270066181506,-0.01040542955078125,0.0005704837348040417,0.0005704614498478894,0.00224320955078125,-0.00230278044921875,0.00454599,-3.725290298461914e-11,7.62939453125e-08,1.2654617471477891,4.036697739691396,5.108286583332062,194.0,639.3914120505871,1275.5975050853106,6.96984596548247,3002.4138784861657,0.8630745077696663,0.09376419392457565,0.00838631072775809,0.030979123238121752,0.001896178855250347,0.0002890870552225185,0.0007155059809738206,0.0008950923755236955,194.0,769.6521258796053,1143.2906019581671,6.99606101662974,4544.455764161466,0.7406329096256059,0.2268030107575039,0.0141061741047629,0.015672288166691573,0.0013492581385468707,0.00039394413151966774,0.0005399334596392564,0.000502480899292412,4.0,3199.327038893738,3407.3710894130672,10.441056365245192,26.65891969438672,0.5101769452695063,0.06107597756022926,0.06709967276448711,0.15863915923841435,0.10805604208428957,0.0241754012977514,0.06308774155918231,0.007689059992174627,UNBAL,20HZ
UNBAL_20HZ,-0.013678387879687502,0.005828203978797339,0.005827976310132677,0.018966397879687503,-0.024212312120312496,0.043178709999999995,4.3655745685100554e-13,7.450580596923828e-11,1.26234782967378,4.15449734654237,5.244420709693109,-0.0162759256,0.007886364682018128,0.007886056614880682,0.0272914956,-0.0301629044,0.0574544,0.0,4.656612873077393e-12,1.262461235615201,3.8248399509659787,4.828712171139204,-0.01039253592890625,0.0005422668333026053,0.0005422456505906966,0.0022303159289062506,-0.00211601407109375,0.004346330000000001,0.0,7.62939453125e-08,1.2646318558067227,4.113109846733747,5.201569748204448,194.0,660.416325760014,1314.4564810823526,7.22801084465249,2782.4380209529872,0.8593239621702664,0.09375368840716022,0.009543161119436169,0.03323706924990835,0.002074936964975887,0.00031065665194258984,0.000797904039222848,0.0009586213091395965,50.0,711.4326581817012,1110.1142994466086,6.570879289207208,5094.595723579626,0.7553668084358667,0.21495081616255732,0.013747593528032186,0.013418844194218139,0.0012413702222782966,0.00034161666566508175,0.0004924142591208049,0.0004405278250730317,2.0,3545.801743559793,3421.6342984317357,10.874540000691677,24.086965914415007,0.4550168580677942,0.06903145946628012,0.07290150291199014,0.17346961353219575,0.12470482551549203,0.02616758546697727,0.07083892165791589,0.007869233038347776,UNBAL,20HZ
UNBAL_20HZ,-0.013667407627343751,0.005903859361590832,0.005903628737580057,0.01908951762734375,-0.024223292372656247,0.04331280999999999,-1.0913936421275138e-13,0.0,1.2597685211172036,4.103119190805084,5.168980395843699,-0.01632861048671875,0.00809323287271916,0.00809291672463518,0.02734418048671875,-0.03011021951328125,0.0574544,7.275957614183426e-14,1.6298145055770876e-11,1.2518034457844314,3.720564604094332,4.657415592244367,-0.010579518473437499,0.0005579972649933611,0.0005579754677994624,0.002377068473437499,-0.0021435915265625004,0.004520659999999999,-7.450580596923828e-11,0.0,1.2638683378926543,4.2601666316119395,5.38428972949082,40.0,660.3824510439869,1322.3685375444538,7.263908085401876,2855.1440200120246,0.8677320653898091,0.08412297991550521,0.009677251150895794,0.03451267379943177,0.001914874219717177,0.0002826322956229157,0.0008272662877096074,0.0009302566913253778,50.0,668.4322516349758,1085.8543126008153,6.535806755152494,5365.375079122407,0.7723261083001932,0.19907898291695333,0.013935667420231666,0.01223010817606046,0.0012202154793193084,0.00032454227320832953,0.000474717687567698,0.0004096532594671165,4.0,3372.8556154380085,3435.7969134337895,10.534754152390704,25.504696365734606,0.48122332616378244,0.06808796128774261,0.07242298123559447,0.15825972350611014,0.11862389884218992,0.024897655354407945,0.07010212762809545,0.006382307402439999,UNBAL,20HZ
UNBAL_20HZ,-0.0135789639046875,0.006371445390416614,0.006371196500969834,0.0225189639046875,-0.0220692860953125,0.04458825,-4.547473508864641e-13,-1.0710209608078003e-10,1.261011880387087,3.5344952706646438,4.457040528179649,-0.01636849778671875,0.0079823377288892,0.007982025912731385,0.02807691778671875,-0.02772060221328125,0.05579752,3.637978807091713e-14,-1.3969838619232177e-11,1.2456574479934692,3.5175177442631895,4.381622177139565,-0.0105653648703125,0.0005644238767026333,0.0005644018284643115,0.0022869248703125,-0.0021577451296874994,0.0044446699999999995,-3.725290298461914e-11,-7.62939453125e-08,1.2610000778356083,4.051944467442779,5.109502297883858,40.0,585.825028782224,1228.9490931524558,6.97191443593394,3325.3085212583155,0.8838891310763639,0.07618366869657203,0.007738865175047544,0.02881255463943744,0.0016133159727947316,0.0002535590537662024,0.0006929281361399652,0.0008159683357744324,50.0,656.1952896222908,1081.1735120893215,6.746590842246448,5219.347477139014,0.784195308754904,0.18720347186439787,0.013199265242239477,0.012902260988935306,0.001235007049742693,0.00034617486378126877,0.0004939068621075725,0.00042460165765908364,2.0,3244.556704363076,3454.0643735896256,10.401466461767871,26.095568929910137,0.5042759854636303,0.06691989390368482,0.07156031107643368,0.14452863126641524,0.11094591162104367,0.023456866198048057,0.07079442524619091,0.007517966183004484,UNBAL,20HZ
UNBAL_20HZ,-0.01365712115625,0.00628407322397394,0.006283827747569074,0.02259712115625,-0.02199112884375,0.044588249999999996,4.3655745685100554e-13,8.847564458847046e-11,1.262938721047832,3.5960758410979228,4.541623424269965,-0.016493902821875,0.007844465380158192,0.007844158949744193,0.028202322821875,-0.027595197178125,0.05579752,-2.7284841053187846e-13,-2.7939677238464354e-11,1.2553835348229412,3.595327810026004,4.513515335573068,-0.0104361227359375,0.0005435843624310325,0.0005435631282521368,0.0021129827359374995,-0.002173747264062501,0.004286730000000001,3.725290298461914e-11,1.52587890625e-07,1.263889565029741,3.9990704797311376,5.054383458449279,194.0,583.5720079456197,1224.9257540043131,7.186320610521265,3234.733370984309,0.8834624072336827,0.07684555343499608,0.007784517668778686,0.028399488639947512,0.0017178444507396622,0.00025482975272664125,0.0006783867956774992,0.0008569627086573487,50.0,659.715662864053,1091.1020439419078,6.953900271394062,5040.605564563243,0.790344291729837,0.18020525989694058,0.013346264353378108,0.013519762833213435,0.0012501265841373393,0.00037153647760151357,0.0005270749797180341,0.0004356826025039339,6.0,3437.6891699854377,3467.746545228249,10.776224689479584,24.20415484644352,0.4753684805342643,0.07139799644628474,0.07246229379595932,0.15743273101099167,0.11531609535859481,0.023895318399778688,0.0749149593287312,0.009212123804529786,UNBAL,20HZ
UNBAL_20HZ,-0.01372181881875,0.005818993073546372,0.005818765764689724,0.01920501881875,-0.023291271181249996,0.04249628999999999,6.002665031701327e-13,1.30385160446167e-10,1.2700054883436815,4.00278549079715,5.083559542848486,-0.0164767410484375,0.007303015687416488,0.0073027304077942215,0.0279288810484375,-0.030765198951562503,0.05869408,2.9103830456733704e-13,3.725290298461914e-11,1.260902927817247,4.212835094461915,5.311976105745673,-0.010517131009375,0.0005467156593490047,0.0005466943028514341,0.002311701009375,-0.0023877589906250007,0.004699460000000001,0.0,-7.62939453125e-08,1.2730944986443364,4.367631002926787,5.5604070121055,78.0,702.3617767185383,1342.9728575776278,7.601055019674506,2773.6502302939066,0.8466011020331736,0.1037350737775181,0.009709734992366369,0.035793830427123044,0.0020763228828352166,0.00028782548203892203,0.0007971707606080459,0.0009989388502998383,58.0,763.5600904574678,1156.2860548353774,7.507173703911302,4368.783094646047,0.7515074348408511,0.21388229993852484,0.01612289495932995,0.015485738748001162,0.0014510049410594802,0.00043029956183158693,0.0006127395811989326,0.0005075742323344976,2.0,3469.1037598108346,3452.0016168805237,10.820192048488654,24.483812993547335,0.469791237663607,0.06863471738005021,0.07230160290135547,0.16069848457420477,0.1230386621088519,0.02391636522539912,0.07300424782985233,0.008614618335486606,UNBAL,20HZ
UNBAL_20HZ,-0.01366832095078125,0.006375990810615902,0.0063757417436101785,0.01915152095078125,-0.026782199049218747,0.04593372,1.4551915228366852e-13,2.7939677238464354e-11,1.260397322433369,4.200640509295949,5.294476051252169,-0.01634980503828125,0.0072611527639823,0.00726086911966242,0.02544178503828125,-0.03089213496171875,0.05633392,0.0,0.0,1.2556542568854567,4.254605674382464,5.342313727143129,-0.01055768031171875,0.0005389083419709253,0.0005388872904526465,0.00244016031171875,-0.002347209688281251,0.004787370000000001,1.1175870895385742e-10,2.288818359375e-07,1.27593175903138,4.528145960059579,5.777605250691017,40.0,611.0055956363293,1258.4993034955596,6.772360568292622,3330.0547888660844,0.8594921931896818,0.09912455690595613,0.007995136099580554,0.030021571329246204,0.0016281183182702472,0.0002474448761637492,0.000658099609344455,0.0008328752099171575,194.0,778.3548982413344,1157.4986147545344,7.224431423287382,4318.8404680189105,0.7408881166326831,0.22454773097935488,0.015618792600310459,0.016061987338954684,0.001432220198673443,0.00039740893374750057,0.0005431303289682021,0.0005106060069058557,2.0,3504.902651267277,3425.4411849837456,10.856116745737085,23.789528078642668,0.464829829257351,0.06866233870486427,0.0754400756888421,0.15874875585830603,0.12682652486976628,0.026616377065829505,0.071309807978126,0.007566284603387508,UNBAL,20HZ
UNBAL_20HZ,-0.0135878475640625,0.006187302749152457,0.006187061052918096,0.0188728775640625,-0.0268626724359375,0.04573555,-3.637978807091713e-14,-6.984919309616089e-11,1.2583155474035956,4.3417500169852214,5.46329155019535,-0.0163077401265625,0.007637039101637555,0.007636740773970822,0.0288833401265625,-0.0271048998734375,0.05598824,3.637978807091713e-14,-1.3969838619232177e-11,1.2511430626592452,3.7821553693725916,4.732017452909572,-0.0105493192,0.0005427612261272069,0.0005427400241027012,0.002431799200000001,-0.0022959708,0.004727770000000001,0.0,-3.814697265625e-08,1.2688399674061077,4.480596763689648,5.685160262074809,40.0,600.8915011200137,1249.8623120526436,6.835654543549662,3135.8750313211726,0.8638631600620043,0.09597942766991453,0.007599268176050949,0.029136158851782116,0.0015985139587679196,0.00024622260032853286,0.0007002299926588778,0.0008770170742533373,194.0,747.657552826187,1125.7842777611272,7.063065726540892,4777.5588193095355,0.7383052201053043,0.23145930871422055,0.013018359274621484,0.014646719803825268,0.001271976551478254,0.0003524092752106041,0.0004773323589331724,0.00046866852557581393,14.0,3419.9251066319553,3425.966980535094,10.796175499497956,24.130906875159493,0.47491397890238607,0.07047727409902166,0.07177762836612026,0.16320774067386756,0.11671269771733361,0.026237452593273546,0.06900823638706173,0.00766498750683024,UNBAL,20HZ
UNBAL_20HZ,-0.013629225096875,0.005926978706149982,0.00592674717902217,0.019909575096875,-0.024960284903125,0.04486986,7.275957614183426e-14,3.725290298461914e-11,1.2594273996623513,4.211464424745655,5.304033690122852,-0.0162701967828125,0.007611555564941777,0.007611258232745138,0.0288457967828125,-0.027142443217187503,0.05598824,-2.1827872842550277e-13,-2.7939677238464354e-11,1.2456249809223394,3.7898854429773894,4.720775983226799,-0.01058861806640625,0.0005495024120031402,0.0005494809466459179,0.0019868480664062497,-0.002180681933593751,0.004167530000000001,7.450580596923828e-11,2.6702880859375e-07,1.2638678372068766,3.968621556281819,5.015813152158765,78.0,668.127011016401,1288.7167346503663,7.214469414678945,2877.5491443303204,0.8459147434422676,0.11033712528520866,0.008513975237280725,0.03146778650512079,0.0017949731119597894,0.00027161126011086405,0.0007475264487382364,0.0009522470824952378,50.0,740.6516126634006,1121.1613926916334,7.017285584906294,4745.728154699604,0.7397775489975524,0.23038656817714753,0.013158422470662932,0.01411116369628177,0.001274544422121375,0.0003280079956241936,0.0005019248340239027,0.0004618193067341347,14.0,3303.888148040528,3443.168634842762,10.53782595953891,24.734049289187304,0.4933323913670623,0.06744528990219158,0.0701547699403572,0.15518799917055714,0.11231066710039415,0.025097464791209192,0.06888620710830709,0.0075851981318210086,UNBAL,20HZ
UNBAL_20HZ,-0.013671677641406248,0.006260523692730258,0.006260279136246923,0.019952027641406248,-0.024917832358593753,0.04486986,-1.4551915228366852e-13,-3.725290298461914e-11,1.2506605024794764,3.9803069179998007,4.978012650883341,-0.01619142851484375,0.0076938750345231476,0.007693574486659422,0.031440088514843756,-0.02603964148515625,0.05747973000000001,1.6370904631912708e-13,3.026798367500305e-11,1.2450805975565302,4.086538521889143,5.0880698254328545,-0.010438153210156249,0.0005684938945969559,0.0005684716873704548,0.002505393210156248,-0.002331146789843752,0.00483654,-7.450580596923828e-11,0.0,1.2604055488536925,4.407243599655861,5.554914297927833,78.0,605.1257757927016,1253.045472332507,7.011513480674726,3210.53449250042,0.8660825025337079,0.09279320993116834,0.007464325918473695,0.030281278813997628,0.0016460640263465532,0.00023283618082080344,0.0006501529101355666,0.000849628898078704,50.0,645.8867134837983,1094.6345217393516,6.6831248292895085,4848.933962273234,0.7886232629205873,0.18252157259249902,0.012830779221670748,0.013568835705120439,0.0012019456455198633,0.00031392920286195543,0.00048741821184156424,0.00045225565926805593,14.0,3023.0527437872383,3404.5846612075948,10.16044660704046,26.473272625596255,0.5391759572507361,0.05924334371596152,0.06515417528141773,0.14036411105139127,0.10482832054444019,0.022894488476093156,0.06154503123667016,0.006794529810441908,UNBAL,20HZ
UNBAL_20HZ,-0.0136429975859375,0.006135523296919789,0.0061352836233597875,0.0197594475859375,-0.0221184924140625,0.04187794,6.912159733474255e-13,6.984919309616089e-11,1.2481627951340328,3.6051295699260435,4.499788601552672,-0.0162171506875,0.007708576974858265,0.007708275852688778,0.0314658106875,-0.0260139193125,0.05747973,-2.3646862246096135e-13,-4.656612873077393e-11,1.2447799674056692,4.082081555558511,5.081293346334607,-0.0103742681796875,0.0005488183304596507,0.0005487968918248857,0.0024415081796874995,-0.0023935418203124992,0.004835049999999999,-7.450580596923828e-11,-2.288818359375e-07,1.263265461550992,4.448837469031653,5.620062728922314,40.0,606.9996624340997,1259.862228551476,6.940301563980531,3083.6084869915126,0.8718689902677775,0.08648835278604229,0.007779625971382292,0.030399031501945242,0.0016855842008318943,0.0002480057829543168,0.0006578244449251336,0.0008725837475051772,50.0,683.4412961642471,1108.1915617700672,7.033530304398388,4867.482963434282,0.7707651766534137,0.19963174912187873,0.013092917100527745,0.014080240342796868,0.0011934453047847023,0.00031612923996686486,0.0004680074370674842,0.0004523340475976294,2.0,3213.6898062334344,3395.6354691144566,10.5952510216296,24.67250445346284,0.5097298421520555,0.06489580055644513,0.06925372506904812,0.1480682043840713,0.11328530155197486,0.02380981127730636,0.0640647018067635,0.0068925839668970736,UNBAL,20HZ
UNBAL_20HZ,-0.013651820481249998,0.005880879252146804,0.005880649525814087,0.02172017048125,-0.022009839518749998,0.04373001,2.7284841053187846e-13,1.1641532182693481e-10,1.2516814712657085,3.742756547281282,4.684739022487035,-0.016181516639062497,0.007711671609242429,0.007711370366186425,0.027252216639062497,-0.028284553360937506,0.05553677,3.7289282772690056e-13,4.074536263942718e-11,1.2491007092591906,3.667902333065792,4.581579406320054,-0.01043297906875,0.0005338891017064824,0.0005338682462561061,0.0026209090687500007,-0.0023348309312499985,0.004955739999999999,1.30385160446167e-10,7.62939453125e-08,1.2630750386445193,4.909280674062461,6.200789888723065,194.0,727.3860018216693,1313.3347450379347,7.3104977109264775,2832.9606226688848,0.8256601825972173,0.12756296802074568,0.010512887834355552,0.03252473388702614,0.001826844574147381,0.00026661305419895215,0.000695290895671733,0.0009504788196468183,194.0,767.3613058468665,1126.4958692449607,7.27244521901186,4871.391889243195,0.7341827292229643,0.23367078707204944,0.015567172699404438,0.014048244702908618,0.001240413271638688,0.0003503727389039336,0.0004904009950433964,0.0004498759845619098,6.0,3415.2607702919677,3420.545469756028,10.804396658481151,23.34845374920264,0.47730036377698,0.07048832217496026,0.07453038588438375,0.15384819087224694,0.12154227593821496,0.024667412827399173,0.06954280639839824,0.0080802407581426,UNBAL,20HZ
UNBAL_20HZ,-0.013633166030468748,0.005675838240183512,0.005675616523421764,0.02170151603046875,-0.024352893969531254,0.046054410000000004,-5.275069270282983e-13,-8.381903171539306e-11,1.2633332488804092,4.29079270326713,5.420701087045903,-0.0162491449453125,0.007543763921313126,0.007543469237279289,0.027319844945312498,-0.029395515054687498,0.05671535999999999,1.3642420526593923e-14,3.14321368932724e-11,1.2505474984355507,3.8968164548905606,4.873154070171892,-0.010327367635937501,0.0005444671014226746,0.0005444458327611136,0.002515297635937501,-0.0022512123640624996,0.004766510000000001,-3.725290298461914e-11,-1.52587890625e-07,1.2671559924425293,4.619922644207684,5.854162673981218,194.0,770.1868242685497,1396.8643931355477,7.290279907372924,2638.858089217941,0.8175508200214044,0.12724653534415126,0.0117476692102424,0.039344424281922044,0.0020238041178026593,0.0003046312775920122,0.0007467276188401021,0.0010353733226351439,194.0,754.0989221347133,1138.0141785981968,7.23393920288763,4661.569794111621,0.7435834627123855,0.2227167870575512,0.016732373610946365,0.014278730996010612,0.0013384388676425955,0.0003753664978782279,0.0005045038968033496,0.00047033576336841395,4.0,3316.145837436735,3421.011559798445,10.545499403698539,24.282830019391042,0.4926575045488058,0.06663333024011858,0.07275116443445132,0.15221597514399524,0.11617831173771474,0.02549095154754429,0.06600568826130783,0.008067073585367998,UNBAL,20HZ
UNBAL_20HZ,-0.01362586712578125,0.006006310805671266,0.006006076179572789,0.02041579712578125,-0.024360192874218752,0.04477599,-6.912159733474255e-13,-5.122274160385132e-11,1.2514696491563566,4.0559247238678156,5.075866692028569,-0.0162801867671875,0.007450549933117312,0.007450258890326009,0.0281405867671875,-0.031451963232812505,0.05959255000000001,-5.366018740460276e-13,-5.005858838558197e-11,1.2521122106649218,4.2215933287137934,5.285908556053608,-0.0102933949375,0.0005702043411150389,0.0005701820670729157,0.0023561649375000004,-0.0022717750625,0.0046279400000000005,1.1175870895385742e-10,3.814697265625e-08,1.2678921436572002,4.13230276683954,5.239314222477607,40.0,674.1917806462964,1347.9939419179398,6.856091655901513,2955.0961525863922,0.8577266682106917,0.09089722345012918,0.011243619480323461,0.03645484855046046,0.0018052650536420885,0.00026283854729150177,0.0006893062079742974,0.0009202301366019656,194.0,777.134249321736,1159.3626518216367,7.178202767761923,4547.080820818575,0.7333772362811357,0.23076872911383556,0.017753790133105712,0.01537122270641218,0.0013772393148662827,0.0003636416464272687,0.0005002777634060386,0.00048785788369872223,4.0,2999.6806277408314,3369.10455007075,10.312863236557547,26.632813863331755,0.5392915248494426,0.06285541086651474,0.06384909093656449,0.14103239508419035,0.10497680236609609,0.024237685607910238,0.05745831833252658,0.006298762768491456,UNBAL,20HZ
UNBAL_20HZ,-0.013479480562500002,0.005950681107457811,0.005950448654436865,0.0202694105625,-0.022909299437500003,0.04317871,0.0,-5.587935447692871e-11,1.243292705859837,3.850012119097609,4.786691985950457,-0.01617826436484375,0.007389377299827014,0.007389088646638372,0.02803866436484375,-0.03155388563515625,0.05959255,3.637978807091713e-13,6.28642737865448e-11,1.2574389241998245,4.270335238871602,5.369685749466013,-0.010404672328125,0.000582691425404861,0.0005826686635764804,0.0024674423281249996,-0.002166457671875,0.0046339,-1.1175870895385742e-10,-1.1444091796875e-07,1.2617868438303594,4.234726317260409,5.343321963511803,40.0,719.4277559025129,1328.25236164078,7.236173003530952,2900.6101863867334,0.8339504046105225,0.11563692016250128,0.01360065105567207,0.033013039537486605,0.0018957751776962563,0.0002586586466326316,0.0007129032467825217,0.0009316475513145007,194.0,885.5419077536643,1191.1353797521513,7.454340726976366,4472.719859478646,0.6763828829770566,0.2844680161838581,0.02042151829581338,0.015879039259944217,0.0014478216770900298,0.00036581532619263347,0.0005306756254191669,0.0005042281171494584,6.0,2926.818150696102,3375.8588279757328,10.119742485590471,27.812067042538025,0.5496869547894542,0.06115953503714123,0.06381609425769343,0.13433576026984673,0.10501415435974941,0.022250597166919017,0.057696574761048974,0.006040329350129078,UNBAL,20HZ
UNBAL_30HZ,-0.013677867892968749,0.013006993459917373,0.013006485364311407,0.04187760789296875,-0.049085402107031245,0.09096301,-1.9099388737231492e-13,-1.746229827404022e-11,1.2521166573301319,3.7739174518231597,4.725384905179974,-0.01646583296796875,0.014997421069660963,0.014996835221457859,0.07465331296796875,-0.05825468703203125,0.132908,1.1368683772161604e-14,1.7462298274040222e-12,1.2652311318224507,4.977937802248765,6.298241880100939,-0.0106287601796875,0.0005838985785722074,0.0005838757695884853,0.0021804601796874996,-0.0025264498203125003,0.00470691,7.450580596923828e-11,3.0517578125e-07,1.2609809478268483,4.3270331594101,5.456306383976129,58.0,607.9436294241589,1252.678697633096,6.151067060359734,13858.297013815198,0.8650377358953235,0.08514807796145155,0.01668763270014152,0.031244760588541705,0.001159405117778139,0.00016616837261269874,0.0002389714666334374,0.00031721021468729605,60.0,806.1037948738751,1191.4062712018183,7.274754229631809,18424.2231133099,0.7394433361911146,0.2064272023732147,0.03900526575401551,0.013462382559444347,0.0008502338183151626,0.0003699982433045748,0.0001924022207056648,0.00024917313447995093,2.0,2990.116688522888,3385.670141728719,10.302121443497207,27.927422145778234,0.5417637929486644,0.06330413734864375,0.06635209381073542,0.1373885484289948,0.09845955576807937,0.026274729779985066,0.059928920311438254,0.0065282183596950235,UNBAL,30HZ
UNBAL_30HZ,-0.013659496192968747,0.013392582736682247,0.013392059578700967,0.041859236192968746,-0.04910377380703125,0.09096301,9.094947017729283e-15,3.783497959375382e-12,1.2454978923886924,3.6666334640162717,4.566784251935124,-0.016377299030468747,0.015053214516663365,0.015052626488986167,0.06707156903046875,-0.05834322096953125,0.12541479,4.320099833421409e-14,8.731149137020111e-13,1.2644765406138763,4.455805043398136,5.634260947300243,-0.0105630358140625,0.0005768834860175242,0.0005768609510662072,0.002131125814062499,-0.0022584141859375,0.004389539999999999,-3.725290298461914e-11,0.0,1.2642654689326027,3.9150061689013373,4.949607118580325,58.0,571.5964612159376,1197.2512626484663,5.761277170932574,14692.12752478623,0.8707730120951049,0.08560614556056768,0.014016756323409334,0.027952867221222488,0.0010297612515510197,0.0001299702178250119,0.0002131837937456302,0.0002783028164702117,58.0,767.2871557802854,1170.3056713072926,7.124946295650292,18561.561842718642,0.7531099900678904,0.19707886327750992,0.03507454993455703,0.01314765787425955,0.0008019655406826528,0.00034340271716991956,0.00019702669371939375,0.0002465328964393359,4.0,3097.792703627387,3410.9129793305474,10.445900393509456,27.260400180730418,0.5246864743095581,0.06974835803171764,0.06833645648709939,0.13907245224594011,0.09921035419227489,0.027421166897830432,0.06492067341893894,0.00660406424427502,UNBAL,30HZ
UNBAL_30HZ,-0.013830457861718748,0.013199665421491933,0.013199149799490465,0.04928053786171875,-0.042028152138281254,0.09130869,9.549694368615746e-14,0.0,1.2377492989528518,3.7336145590140615,4.621278803329936,-0.016248136983593748,0.015037962555352296,0.015037375123466474,0.051760796983593746,-0.05613308301640625,0.10789388,7.275957614183426e-14,4.511093720793724e-12,1.2496199813608027,3.732904350113288,4.664711864720434,-0.01056647154453125,0.0005797848135505473,0.0005797621652639099,0.00213456154453125,-0.002254978455468749,0.004389539999999999,0.0,-2.288818359375e-07,1.2662453749114595,3.889488805384162,4.925047219082537,58.0,576.7300660500949,1236.6107407704983,5.687535904937013,14271.902365205426,0.8669441931681215,0.08693292737809939,0.01342715558099948,0.030881003125051577,0.0010987920332706188,0.0001540523730573558,0.0002539104317957943,0.00030793445901478256,58.0,721.9543734980381,1154.051407266766,6.6127924603567765,18523.96757172121,0.7727524641745126,0.17988178017669323,0.032708785681159876,0.01304300906142136,0.0008512590145155444,0.00030543082036364814,0.00020861526130061517,0.00024865211169445764,2.0,3194.9541891322788,3447.478727258719,10.553341569242368,27.535291865290585,0.5106146772955531,0.0705080671052013,0.06810677213985528,0.1419545252997035,0.10716956189709574,0.02501959734901114,0.06984453854322703,0.006782260334760041,UNBAL,30HZ
UNBAL_30HZ,-0.014117822986718749,0.013121599226842924,0.01312108665436175,0.04956790298671875,-0.04174078701328125,0.09130869,-1.3642420526593923e-14,-4.074536263942719e-12,1.2407466824231335,3.777728498307228,4.6872041017272466,-0.0162700030828125,0.015457154508262955,0.01545655070137164,0.0676720230828125,-0.0559741369171875,0.12364616,1.2732925824820997e-13,7.712515071034432e-12,1.241710516993384,4.378209885626614,5.4364692609386935,-0.01053277275,0.0005779967999352196,0.0005779742214942283,0.0019056727500000002,-0.0024197972499999994,0.00432547,0.0,-3.814697265625e-08,1.2658482324738236,4.186687149398196,5.299710537156035,58.0,590.292761829498,1236.0205585402052,5.7252750527279215,14103.585996356827,0.8574368840578203,0.09612014912032332,0.01406773685418353,0.03068601900057713,0.0010540814433438147,0.00012566924124309383,0.000225171303828339,0.00028428894010801476,58.0,713.0708256977199,1142.1871111797102,6.787542554126224,19571.09431739142,0.7766588601988519,0.17650534881979446,0.03259004137975226,0.012743087329988948,0.0007992533927557055,0.0002667028627605186,0.00020108318273020828,0.00023561994500052036,2.0,3357.454870772516,3449.8986140554684,10.643770920976232,27.365720197354896,0.48677365144251467,0.06726625460247179,0.0717249040676147,0.1553005015492908,0.1144387236536743,0.02560707726574616,0.07164238408228253,0.007246497852180121,UNBAL,30HZ
UNBAL_30HZ,-0.01395535583125,0.013122046118688158,0.01312153352874993,0.04400269583125,-0.04169018416875,0.08569288,1.8189894035458566e-13,1.1059455573558808e-11,1.239409943484716,3.3534720413192893,4.156326593525871,-0.01637755000234375,0.015584486096606466,0.015583877315727832,0.06777957000234375,-0.055790599997656246,0.12357017,7.503331289626658e-14,4.94765117764473e-12,1.2494118952439752,4.349339296298792,5.434116253596473,-0.010497441590625,0.0005904133722640966,0.0005903903087912753,0.001983581590625,-0.002455128409375,0.00443871,1.1175870895385742e-10,1.52587890625e-07,1.2665474775133452,4.15848358053671,5.266916898130511,58.0,571.9238679462595,1211.4659340966134,5.9088700194032455,14104.54669721594,0.8663274750661062,0.08909258762816222,0.013898884789288775,0.028958484936533913,0.0010582673122799208,0.00013964199186276138,0.00023347256042351007,0.000291183927730766,60.0,753.9437092107592,1139.4842894706474,7.0235844383928345,19894.864462905614,0.7473395236767909,0.20870398203932772,0.03017440659226898,0.012292923134054275,0.0008000571805934878,0.00027631505202920816,0.00018407756555178796,0.00022871458193958087,6.0,3114.525915649464,3436.1681528948893,10.345068554755365,28.55409396505523,0.5243231408814742,0.06181884249335316,0.06739821594238292,0.1404558376438741,0.1090659225999828,0.02492034226479468,0.06439660420753747,0.007621090339030052,UNBAL,30HZ
UNBAL_30HZ,-0.013749954209375,0.012858898690859018,0.012858396380317962,0.043797294209375,-0.043020535790625,0.08681783,-1.8189894035458565e-14,2.9103830456733704e-13,1.249860070686382,3.4061241317003055,4.257178548344617,-0.016396303165625,0.015113810393110574,0.01511321999836072,0.051673543165625,-0.055771846834375,0.10744539,1.1823431123048067e-13,1.0331859812140464e-11,1.2639827724783863,3.690268972246425,4.664436407039634,-0.010414641825,0.0006058014279146591,0.0006057777633341734,0.001979751824999999,-0.0026154081750000002,0.004595159999999999,6.51925802230835e-11,1.9073486328125e-07,1.2582009156297633,4.317438389100771,5.432204943309004,58.0,592.8866464451735,1254.298419915159,5.986876290433242,13544.518276972634,0.8707030272267282,0.08028314803710815,0.014800933736523369,0.032369525646287,0.0011502229629346556,0.00014711920008019988,0.00023934788154814,0.0003066704723205239,58.0,767.4491351307921,1151.6507218691447,7.188566966456572,18711.299589697097,0.7412506231089794,0.21355200509888708,0.031097990716399508,0.01248540656774886,0.0008770540132852849,0.0002940914041271235,0.00019906682540702522,0.00024376138346670246,6.0,2896.625896387653,3416.468204622739,9.697097573243372,30.061911957234894,0.5582070804707087,0.05690946920947282,0.061690346719195474,0.12991876049805376,0.1026663422584978,0.02341652454212067,0.05993726133867019,0.00725421416447601,UNBAL,30HZ
UNBAL_30HZ,-0.014018625887499999,0.013017431607811826,0.013016923104457746,0.045664735887499995,-0.0427518641125,0.0884166,-1.1823431123048067e-13,-1.1059455573558808e-11,1.2416318388391714,3.5081052194549454,4.355775134807763,-0.0162319661765625,0.01537419973409409,0.015373599167686934,0.0532793261765625,-0.0764817938234375,0.12976112,4.320099833421409e-14,3.637978807091713e-12,1.257253042938634,4.97487888062128,6.254681611319096,-0.01076829670078125,0.0007165262016339124,0.0007164982117824735,0.0023334067007812504,-0.0026521332992187497,0.00498554,7.450580596923828e-11,1.52587890625e-07,1.2433087652322508,3.7015211648879975,4.602133715421031,58.0,622.6768186060443,1271.621320263856,5.84032587326289,13880.548319997395,0.8523333253807168,0.09819126060040691,0.014450610606243983,0.03333374888927951,0.0010320750889225784,0.00013381303566717783,0.0002310855350361526,0.0002940808403870702,58.0,770.0326409918569,1156.1263861773355,6.755082739399228,19361.59140885617,0.7355884186412345,0.21992925923644263,0.03055754773190235,0.012364656659325124,0.000813798368964796,0.00030620400514624283,0.00020496173022108312,0.00023515355115883674,2.0,2133.3075068673406,3199.7839824969915,8.436690836080416,42.055244899546196,0.6774968390872391,0.04047041572636979,0.04402601885520998,0.09722942272106871,0.07357693877243236,0.016621105946679704,0.045425858035951415,0.0051533960721912506,UNBAL,30HZ
UNBAL_30HZ,-0.0139193669765625,0.014049492990836382,0.014048944171797096,0.0455654769765625,-0.050408403023437506,0.09597388000000001,0.0,-3.4924596548080443e-12,1.227615729654919,3.5880563267553627,4.404754385926262,-0.01638363292734375,0.016592255772567944,0.016591607624917445,0.053430992927343754,-0.07633012707265625,0.12976112,-1.4551915228366852e-13,-9.604264050722123e-12,1.2459660118102316,4.600526289774498,5.732099393843935,-0.0109766723859375,0.0006561563608755711,0.0006561307292670973,0.002532842385937501,-0.002481007614062499,0.00501385,7.450580596923828e-11,1.52587890625e-07,1.261557578962759,3.8602709324503564,4.869954059104615,58.0,512.5840788150031,1146.752276246167,5.41887602425466,16168.782436521351,0.8787417650634821,0.08416806157867339,0.009915441267718785,0.0257305326731815,0.0008817827467062401,0.00011018877608621822,0.00019809776313876003,0.0002541287651122951,58.0,709.3176354795249,1086.8056203143096,6.737870227302376,22551.055868533138,0.7511664571407183,0.21587512491714103,0.02082170978602283,0.010816320242489583,0.0007014595335806464,0.0002438300925728318,0.000172916225607758,0.00020218112855988242,2.0,2593.675060066992,3334.793063592704,9.608955679893054,35.2671771762629,0.6044356254665235,0.051369099556696926,0.055583370619545644,0.11920215478797386,0.09028505194792835,0.01851995057147064,0.05411668320354414,0.006488063839993504,UNBAL,30HZ
UNBAL_30HZ,-0.013685294844531248,0.013711220528943868,0.013710684923930717,0.04513472484453125,-0.050642475155468755,0.0957772,5.456968210637569e-14,5.820766091346741e-13,1.236960631636997,3.69365027587961,4.568899978631447,-0.01651000215546875,0.016457626500920523,0.01645698361232867,0.056996282155468744,-0.06117412784453126,0.11817041,8.185452315956354e-14,6.83940015733242e-12,1.254677150249536,3.7172138759976496,4.663903313088162,-0.0107418600265625,0.0006353316883731409,0.0006353068702443253,0.0022980300265625,-0.0027158199734375003,0.00501385,3.725290298461914e-11,7.62939453125e-08,1.2603299054296295,4.274815992652871,5.387678444229696,58.0,480.13368673574365,1140.6086016936163,5.528586994201655,15399.557638687862,0.8907557545980209,0.0724433374185644,0.009316860262042492,0.025955257210514865,0.0009592643726648034,0.0001041451854318073,0.00019913229505706998,0.0002662460155698871,158.0,679.9242124192552,1061.530168259846,6.7626073480429225,22186.582830074447,0.7707269825473617,0.1989760045551939,0.018016215469316532,0.010957197619628057,0.0007188311481305995,0.00023806022321681922,0.0001632455182737157,0.0002034605485703737,12.0,2761.7774206217528,3356.09524444576,9.973078086274892,33.06412603059428,0.5774293688502738,0.0541368404855652,0.059863682235073254,0.1304291706260146,0.09509740391075429,0.020671549778318456,0.05554195562909776,0.006830026850825296,UNBAL,30HZ
UNBAL_30HZ,-0.013944464629687498,0.012234991757055625,0.012234513818355193,0.0412561646296875,-0.0415625053703125,0.08281867000000001,-8.185452315956354e-14,-5.820766091346741e-13,1.2445316562910267,3.3971521863467893,4.227863437492421,-0.016258816325781248,0.015345470004526542,0.015344870560396368,0.056745096325781244,-0.05235121367421876,0.10909631,6.366462912410498e-14,4.365574568510055e-12,1.2535515473614496,3.697984684767357,4.635614424011158,-0.0105799156515625,0.0005901236502691865,0.0005901005981138516,0.0022225056515625015,-0.002478444348437499,0.004700950000000001,-7.450580596923828e-11,-7.62939453125e-08,1.2591947333981277,4.200036997351562,5.2886644761046835,58.0,577.965672623634,1288.499990574703,5.828343109116439,12262.058274677574,0.8686116083764873,0.08239365884742413,0.011148572530257566,0.0359989791016593,0.0011143932924889456,0.0001430713637311345,0.0002556024597154907,0.0003341116660994414,176.0,710.1742621563476,1104.0945008036927,7.009640979783481,19289.29726412101,0.7619220890695272,0.2044369607913992,0.019431993952814232,0.012720276687912441,0.0007716356010300232,0.00028362761086928983,0.000191889184429692,0.00024151029828778825,8.0,3133.289155989652,3428.8491561084234,10.482937053839175,28.526077561674324,0.5223898000031496,0.06001058799493701,0.0683286330712999,0.14462746621576592,0.10759283047825333,0.025507515988789014,0.06459619286268674,0.006946948452726871,UNBAL,30HZ
UNBAL_30HZ,-0.013923006767187501,0.012857856215878045,0.012857353946059464,0.0421406267671875,-0.0456159032328125,0.08775653,5.456968210637569e-14,2.9103830456733705e-12,1.2510417353298078,3.5478453358783875,4.438502586024274,-0.016447586055468748,0.015170533028964548,0.015169940418443455,0.07477959605546874,-0.05285380394453126,0.1276334,-9.094947017729283e-15,5.820766091346741e-13,1.2439561970311077,4.9294587841375455,6.132030802941552,-0.010627820315625001,0.0006891572156203596,0.0006891302948908186,0.0022704103156250023,-0.002965449684374998,0.00523586,-7.450580596923828e-11,-1.1444091796875e-07,1.2774571098149679,4.30317706543673,5.49712414501176,58.0,561.6307656387696,1231.9933444031753,5.838140847897138,13542.322224237363,0.87406126742135,0.08154220004225453,0.011089703373995603,0.03163148619017878,0.0010116246115795672,0.00013694536233056976,0.0002312295138302986,0.0002955423401651624,58.0,693.3232240054624,1121.9659953284954,6.603609131554047,18852.011426624005,0.7714850413106699,0.19194587947011355,0.02181085994788853,0.013303647792495902,0.0007373989736950722,0.0002724658972074587,0.00020022826360595092,0.0002444756411918913,2.0,2306.000761149902,3251.219201654059,8.997949470982245,38.90385421244912,0.6478819510457852,0.04395583447797375,0.0508795282760037,0.10540074536204086,0.08057926115071141,0.018018801129324254,0.04857625760770052,0.0047076176634145055,UNBAL,30HZ
UNBAL_30HZ,-0.013603604314062498,0.013786215468391804,0.013785676933831611,0.0449248943140625,-0.045935305685937504,0.0908602,1.0913936421275138e-13,1.076841726899147e-11,1.240978635143681,3.332103740939624,4.135069552888362,-0.01640004364765625,0.015499725447501831,0.015499119977650725,0.07473205364765625,-0.05734899635234375,0.13208105,8.185452315956354e-14,4.656612873077393e-12,1.2421673512131173,4.821696570553423,5.9893540577841495,-0.010782860985156248,0.0006988650383072255,0.0006988377383584541,0.0026802409851562486,-0.002810409014843751,0.00549065,1.862645149230957e-11,-1.9073486328125e-08,1.2615554332775698,4.021547287105242,5.073404837490063,58.0,523.8718608999737,1160.7186470609722,5.396660854537936,15568.477314726095,0.8770798713992073,0.08375784220868128,0.011527981481516352,0.02614008531261227,0.0009052798611195147,0.00011792238407219374,0.0002130174171289953,0.00025799391812895625,58.0,734.9569019077833,1129.547645758142,6.763319583057188,19679.04524546252,0.7514304403951523,0.20879541820038014,0.025983584602217728,0.012353669468012274,0.0007401810786339234,0.00026492267480678305,0.00020268498518065877,0.0002290969312189845,4.0,2311.829082731228,3268.4972541271295,8.94711900795774,40.007613198661446,0.6496980750652797,0.04347684136916439,0.04813062027702535,0.10668650080735077,0.07985770866752537,0.017039009716365915,0.050461451194057226,0.004649792903150839,UNBAL,30HZ
UNBAL_30HZ,-0.013547056951562499,0.013040034831288705,0.013039525444978961,0.0448683469515625,-0.0432413130484375,0.08810966,-5.911715561524034e-14,-4.656612873077393e-12,1.2388216776251768,3.4409493763746353,4.26272267939064,-0.01606596166796875,0.01503912804188661,0.01503854056447308,0.05048645166796875,-0.05768307833203125,0.10816953,-7.73070496506989e-14,-2.3283064365386963e-12,1.2490909654848024,3.8356832620091854,4.791117309355539,-0.010652646858593748,0.0006325414402201484,0.0006325167310875302,0.0025500268585937486,-0.0024727631414062524,0.005022790000000001,0.0,0.0,1.265974375308365,4.031556367177439,5.103847061527029,58.0,578.5533654675964,1251.0444020150435,5.7752831439323264,13928.79413057959,0.8621187989289165,0.09080425632237253,0.013293081036331677,0.0320726836859251,0.0010271436186230682,0.00014575198940516173,0.00024060641911926602,0.00029766157215386775,58.0,861.3493366883362,1160.6785623526935,7.38304630473773,18526.83897359517,0.6994559138323218,0.25571701426639615,0.030563164087780835,0.012688787303474166,0.0008172016053960698,0.0003079833508111091,0.00021092067993712905,0.00023901482885406198,2.0,2747.709994219737,3383.6046356950333,9.811500414672,32.77434193816774,0.5837933099016374,0.05364211003056164,0.05853285120931467,0.12391730435119745,0.09375881035556231,0.02106767802712827,0.05950488811683831,0.005783042350103309,UNBAL,30HZ
UNBAL_30HZ,-0.013621423200781248,0.012264358281520919,0.01226387919566822,0.04404573320078125,-0.041538376799218756,0.08558411,1.3187673175707459e-13,1.5133991837501526e-11,1.2456002573194613,3.591500902320315,4.473574448458038,-0.016188120482031252,0.01520318226142129,0.015202588375514643,0.057143750482031255,-0.06458328951796875,0.12172704000000001,-3.637978807091713e-14,-2.0372681319713594e-12,1.2557584474488488,4.2481772128842685,5.334684421690033,-0.010431212953125,0.0006222181492690995,0.0006221938433979104,0.002547622953125,-0.0026092670468750006,0.005156890000000001,0.0,-3.814697265625e-08,1.2624322173891258,4.193656157752505,5.294206650707991,58.0,645.417567399563,1324.2922956063708,6.208148741351169,12320.991897875489,0.8508646245631784,0.09433501537566749,0.01540353143309643,0.03747905613717909,0.001178489624750363,0.00014821001466295354,0.00026119253475397693,0.00032987762501460644,58.0,824.531841232829,1159.0582635847124,7.269833781206676,18933.243400575928,0.7248058359300855,0.22871039237586674,0.03229967493196117,0.012630096090445244,0.0008128959036689484,0.0003069425480434967,0.00019927682900781375,0.00023488072358998814,2.0,2795.808896646879,3385.103044164075,9.955942621376106,31.71329578555359,0.5759273076812336,0.05551677349173196,0.058203320937146266,0.1281247300326222,0.09367525531409245,0.023152696362933694,0.05919855833316662,0.0062012858678330215,UNBAL,30HZ
UNBAL_30HZ,-0.013750088309374998,0.013000880048815805,0.013000372192019627,0.047704208309374996,-0.043397371690625,0.09110157999999999,-1.659827830735594e-13,-5.820766091346741e-12,1.2454024428531683,3.669449428147074,4.569941282092051,-0.01627556020078125,0.016028261843459148,0.016027635727251816,0.057231190200781254,-0.06449584979921875,0.12172704000000001,9.777068044058978e-14,5.675246939063072e-12,1.2551714273256243,4.024040157434594,5.050860228337943,-0.0105393550578125,0.0006291612724550261,0.0006291366953627902,0.0026557650578125005,-0.002775284942187501,0.0054310500000000015,0.0,0.0,1.2782896219869684,4.411259044707097,5.638866665708094,58.0,617.8342021791498,1240.776128317326,5.980726007158018,13845.27290587232,0.8484572229458553,0.10526970709820234,0.014005134846724394,0.03051750590234203,0.0010628871048253272,0.00013850543701519652,0.00024175858434514978,0.00030725564736330596,58.0,757.7279282673236,1134.3969665267887,6.780840928155764,21044.027994388798,0.7399155531136267,0.2172708924659619,0.030041748721230773,0.011399324299234742,0.0007146251858408721,0.00026550329108616455,0.0001778046959831264,0.000214545518431614,2.0,2772.1480575485148,3380.652285205139,9.694224049145337,32.42499961638521,0.5752205219162311,0.05628938346920234,0.0590551850475939,0.12674567123152508,0.09666876978356762,0.021265800042785575,0.05867402472237788,0.006080632940958397,UNBAL,30HZ
UNBAL_30HZ,-0.013686418397656252,0.013787920505671706,0.013787381904507193,0.04764053839765625,-0.04741848160234374,0.09505902,-5.456968210637569e-14,-2.3283064365386963e-12,1.241109117428412,3.455372363235028,4.288494144432196,-0.016145837308593747,0.016148573882177553,0.016147943066189416,0.06954147730859375,-0.054371392691406256,0.12391287000000001,-2.955857780762017e-14,-4.3655745685100554e-13,1.243537930162988,4.306522324189591,5.3553238575550655,-0.010728319185937498,0.0006198664806528496,0.0006198422666455099,0.0024185891859374985,-0.0027800208140625025,0.005198610000000001,1.1175870895385742e-10,7.62939453125e-08,1.272708334060291,4.485045565902593,5.708154879573428,58.0,568.9692824693618,1182.9859089174126,5.605345649045981,15572.328449146222,0.8632954980154443,0.09613392325093778,0.011395354573660102,0.02763878611581785,0.0009720088050817957,0.00010814336716741543,0.00019195357851904273,0.0002643298391954227,58.0,759.9721243667116,1118.398229011483,6.953068304285285,21361.136866979006,0.7309164610979929,0.230916293961744,0.025313165928557486,0.011492424887938115,0.0007277498309435839,0.00025693145391794556,0.00016548117075328124,0.0002114916540016591,4.0,2813.6025081742446,3355.1558980823092,9.987166416826678,31.474027357889398,0.5647271482325392,0.05944610244992915,0.06451716524501337,0.12591480458547558,0.10237537069431835,0.020512305106631004,0.05551627839198436,0.006990825289562523,UNBAL,30HZ
UNBAL_30HZ,-0.0136219112921875,0.013450292610367539,0.013449767198050288,0.0448597612921875,-0.04748298870781249,0.09234275,9.094947017729283e-14,7.8580342233181e-12,1.2411798439358888,3.530394839188395,4.381854915861713,-0.01617991,0.01614055992939494,0.016139929426457946,0.06957555,-0.06623497,0.13581052,-9.322320693172514e-14,-7.130438461899757e-12,1.2433486410800862,4.310771637057785,5.359792057274458,-0.010665369479687499,0.0006396222496009559,0.0006395972638688187,0.0024554694796875,-0.0028429705203125016,0.0052984400000000015,-5.587935447692871e-11,1.1444091796875e-07,1.2549717154820483,4.444938520641727,5.5782721291835236,58.0,592.5668118405538,1227.4010456269298,5.820497110695697,14819.019846594618,0.861453596908219,0.09363862148281936,0.012520386361761998,0.030788940852485427,0.000996478878048904,0.0001170001698051088,0.00020378404616677267,0.0002811837825565495,58.0,768.4328328447468,1109.5273118608081,7.138440854649524,21339.940617430522,0.7370336041271365,0.22582499668785533,0.02398072812443114,0.011831363583432071,0.0007047463232695032,0.0002384525842350616,0.000172551735940323,0.00021355607303698727,4.0,2689.6367929254197,3348.800872897647,9.413619658088324,33.512215350083736,0.5886643696053562,0.05185447745858952,0.058661951966087776,0.12388318460455737,0.09673823447175836,0.02037404107752039,0.05355318983055628,0.006270550561559414,UNBAL,30HZ
UNBAL_30HZ,-0.0138439296734375,0.01324867926124661,0.013248161724604633,0.0501418196734375,-0.0477794903265625,0.09792131,-1.5916157281026243e-13,-7.275957614183426e-12,1.2401091458078772,3.784813373505906,4.693581680014921,-0.0163459258,0.01600126387547322,0.016000638813894612,0.0513966858,-0.0660689542,0.11746564000000001,2.955857780762017e-14,2.6193447411060332e-12,1.2518630572871667,4.129144777550881,5.1691238055292414,-0.0106495936390625,0.0005912921818223612,0.000591269084020371,0.0024396936390625006,-0.0027663663609374996,0.00520606,-5.587935447692871e-11,-1.9073486328125e-07,1.2508392728762643,4.678692715419393,5.852292604064518,58.0,595.5241729550578,1219.8501001735958,5.897374430237854,14378.08975235238,0.8568724833244254,0.09858112052488154,0.013610469083355642,0.029252118917524834,0.001022731962301423,0.00013909499108390012,0.0002282911287321131,0.0002936690893877328,60.0,769.3945114299594,1121.4793353799485,7.261594754672825,20973.19465800575,0.7413026649605999,0.21892563860184525,0.026311082892783753,0.01213235550409799,0.0006829577008565411,0.00023988423897655894,0.00018626488157293705,0.00021915004827913008,2.0,3143.983391392712,3437.044313149184,10.190630121510003,28.63916099979296,0.5217924648572025,0.05769156971229608,0.06608326701608988,0.14861395448307607,0.1097272788827657,0.023559972735175523,0.06572363206940976,0.006807839763547131,UNBAL,30HZ
UNBAL_30HZ,-0.01384292124609375,0.013651936239244654,0.013651402950069301,0.05014081124609375,-0.04983818875390625,0.099979,1.0459189070388675e-13,1.1641532182693482e-11,1.2439950296860731,3.6729419991346948,4.569121591583489,-0.0164365105828125,0.015566255532913237,0.015565647464179908,0.0493148505828125,-0.055461949417187496,0.1047768,3.865352482534945e-14,1.4551915228366853e-12,1.2507592424695564,3.563099417563898,4.456579528642247,-0.010726998091406249,0.0005680481640178552,0.0005680259742030449,0.002017948091406249,-0.0020780619085937514,0.004096010000000001,-1.862645149230957e-11,-9.5367431640625e-09,1.2611826092925558,3.6583923963176743,4.613900876326664,58.0,546.531646326005,1175.3286823139797,5.737195827062425,15266.676961871886,0.868594759629802,0.09136295620433872,0.011393760258774165,0.02708048205385843,0.0009630853271757652,0.00012087569469095432,0.00021279485147491722,0.00027128327476279963,58.0,763.8172706663038,1139.7188641699297,7.018831125937631,19848.346160640594,0.7380167020836196,0.21990260375667683,0.028110805250760866,0.012499695981188262,0.0007596354769370513,0.0002741504493448176,0.0002019055861380105,0.00023449427819233418,2.0,3434.748532646677,3441.1747327882217,10.75776227264034,26.4317753650428,0.47416443315620466,0.06775451348294789,0.07056611381253672,0.1668651221536844,0.11607312397054144,0.02592864010761126,0.07120198112964078,0.007446069058117569,UNBAL,30HZ
UNBAL_30HZ,-0.013884629954687502,0.013635414350499303,0.013634881706722836,0.0485792799546875,-0.049796480045312494,0.09837575999999999,1.0913936421275138e-13,1.3969838619232177e-11,1.2380882807397353,3.6521387653189263,4.521670205308274,-0.016460245933593753,0.0162734381280617,0.016272802434468693,0.05960468593359375,-0.10042578406640625,0.16003046999999998,-6.821210263296962e-14,-3.4924596548080443e-12,1.2469287121098598,6.171388392666476,7.695281380870239,-0.010746210360937498,0.0005545560529277261,0.0005545343901587994,0.002113150360937498,-0.0020141496390625024,0.0041273,-6.51925802230835e-11,-3.814697265625e-08,1.267974660270081,3.810675035901182,4.8318393927598065,58.0,582.7504169598623,1226.1990801112195,5.6060292783485,15229.74722394423,0.8566265249590558,0.09837187295171775,0.013445346373455212,0.029900502132718106,0.0010212152194734416,0.00013774756229730924,0.00021612768608754408,0.000280650894626401,58.0,763.5932084423753,1137.7669743248864,6.819733288852332,21692.751859645814,0.7373823465976564,0.21760976434454768,0.03240811213854283,0.01121959215737237,0.0007348734827387831,0.00026134655225684304,0.0001774171824763153,0.00020654166880541223,10.0,3596.725071397985,3446.9627178455544,10.872047727222347,25.191087300009535,0.44740145001657067,0.07297289068125139,0.07356596992103873,0.17507894664384382,0.1213231717712518,0.02718754402299261,0.07479804867636271,0.007671978111186071,UNBAL,30HZ
UNBAL_30HZ,-0.01405811077109375,0.01353650336614778,0.013535974586157105,0.04875276077109375,-0.04645525922890625,0.09520802,1.8189894035458565e-14,-1.1641532182693482e-12,1.2404549059927283,3.601717811833825,4.467768530020729,-0.0164520834109375,0.016298000275867808,0.016297363622797163,0.07381559341093749,-0.1004339465890625,0.17424953999999998,-7.048583938740194e-14,-3.346940502524376e-12,1.2563465362791892,6.162588557722943,7.742346789484051,-0.01082327164765625,0.0005467914998987783,0.0005467701404386284,0.0022676916476562503,-0.002208268352343749,0.004475959999999999,3.725290298461914e-11,0.0,1.2664066276234924,4.1474313898883315,5.252334609374407,58.0,627.6968587816116,1250.293213784901,5.855953095271003,15009.596049596053,0.8371285681988372,0.11422025230980865,0.01725364676956216,0.029703781479541638,0.0010772664877439254,0.00013319886606573978,0.00021302690956689544,0.0002702586491700332,58.0,835.4615630776369,1172.7288953689063,7.003305424764374,21758.284702909823,0.7112168995701087,0.23697322289395303,0.039088770829464554,0.011330586790902188,0.000720153820712226,0.0002740737464152451,0.00018664294307583744,0.00020964743894397793,2.0,3531.467849821507,3459.944801436858,10.81246925334414,24.490605869154383,0.4599954845888084,0.07167259719698879,0.07522491575846589,0.1632632366992652,0.11969936533980646,0.02594253147573523,0.07677676885470391,0.007425068637419328,UNBAL,30HZ
UNBAL_30HZ,-0.01381769100625,0.013494439005721993,0.01349391186890249,0.04796998100625,-0.046695678993749996,0.09466566,1.0913936421275138e-13,1.1641532182693482e-11,1.2492697457422521,3.5549351047152378,4.441072874726928,-0.01661899914765625,0.015119761950363325,0.015119171323126224,0.08014216914765626,-0.06632334085234376,0.14646551000000002,1.3642420526593923e-13,9.89530235528946e-12,1.2680544577344912,5.300698525703615,6.7215743950696885,-0.01083541724296875,0.0005977986516542592,0.0005977752996883269,0.00237519724296875,-0.00262524275703125,0.00500044,0.0,7.62939453125e-08,1.2712548641481818,4.391688238052547,5.582955043786214,58.0,620.608704939224,1218.0099567159498,5.912357308815751,14916.457189938168,0.8383530427582717,0.11631220406638701,0.016284585557236907,0.027348171248803396,0.0010321135045292939,0.00014618698066509977,0.00023354991766879606,0.00029012914847399105,60.0,907.570328892513,1204.1299082397109,7.29304768792614,18726.038855741434,0.6809562136401306,0.2647166448909029,0.03986167778991298,0.012893011733073645,0.0008051407024787091,0.0003113888078531284,0.0002164604904441756,0.00023946192151579033,2.0,3019.1016705923576,3435.2000070812683,10.158082637229771,29.272909142632116,0.5423021131116121,0.05894690367631721,0.06454772075303163,0.13424404778015386,0.10545346069125959,0.022141744942766262,0.06572768494594382,0.0066362806380116345,UNBAL,30HZ
UNBAL_30HZ,-0.013574029909375,0.013112448856263852,0.01311193664122601,0.045884679909375004,-0.044184330090625,0.09006901,1.0913936421275138e-13,1.3969838619232177e-11,1.2445814877076813,3.4994586353938617,4.355361434942152,-0.016459984834375,0.01435323125575085,0.014352670571703849,0.079983154834375,-0.06075628516562501,0.14073944,9.094947017729283e-15,0.0,1.2611075931851807,5.572701918379448,7.027776704315595,-0.010802297336718749,0.0006306779647360718,0.0006306533283968864,0.00234207733671875,-0.0026583626632812503,0.00500044,5.587935447692871e-11,0.0,1.2646167748985169,4.215251929017049,5.3306783083109215,58.0,606.8713363341576,1223.0048864831244,5.979377841215572,14083.92253721956,0.8442466148877465,0.11232807549203683,0.011772238281102349,0.030043174450707706,0.0009695900874410522,0.00012302894654574726,0.00022555042147087036,0.0002917268409002095,58.0,840.3695102498309,1181.1416747417045,7.255570678070107,16875.45061213034,0.7084883409213849,0.24564920652343777,0.030163009874368388,0.014046409759717613,0.000846954813471806,0.0003045354512333676,0.0002327305142349574,0.00026880786783235706,2.0,2743.26854130913,3378.1174816103103,9.758749285358158,32.58151923286521,0.5821344694007174,0.05469837869097097,0.058592229261631525,0.12432829163629891,0.0945678556005862,0.021945441548144765,0.05713513468946475,0.006598184941213818,UNBAL,30HZ
UNBAL_30HZ,-0.01385980620546875,0.01321957396406336,0.01321905756436926,0.04617045620546875,-0.04800052379453125,0.09417098,3.637978807091713e-14,5.820766091346741e-13,1.2429727077406691,3.631160811363817,4.513433786284122,-0.01609331713671875,0.015429721972424064,0.015429119237137112,0.06256045713671875,-0.062362632863281246,0.12492308999999999,1.3642420526593923e-14,2.3283064365386963e-12,1.2489385736860468,4.054700477139627,5.064071830971114,-0.01078153488515625,0.000632424600228026,0.0006323998956595591,0.0020888748851562496,-0.0023885751148437512,0.004477450000000001,1.1175870895385742e-10,7.62939453125e-08,1.2576289527632036,3.777001115054889,4.750065964423107,58.0,640.6405456736651,1237.5674377545856,6.0163110405174445,14314.986244806707,0.8327773723748156,0.12359174738126061,0.010933639958508254,0.031044996512517763,0.0009878408602213252,0.00013443385203694406,0.0002315631214209806,0.00029838827255197477,58.0,775.3538302642305,1132.0124339956872,6.903038707330649,19501.688461371028,0.7315063254203874,0.2286066364566598,0.025852296247126892,0.01266612051757611,0.0007064947098455875,0.0002499157431730774,0.00018223771814482887,0.00022997283485283395,4.0,2674.7070884696086,3331.601253355787,9.884539633806689,32.76223558149245,0.5897890687912521,0.05400809038951433,0.057980498703543944,0.1256576349233683,0.09205788128794704,0.021461103284966955,0.05264457865179159,0.006401116298121764,UNBAL,30HZ
UNBAL_5HZ,-0.0127561989421875,0.0010925420865148586,0.0010924994082560282,0.0042959789421875005,-0.004198511057812502,0.008494490000000002,-2.7939677238464354e-11,-9.5367431640625e-09,1.2692500460577545,3.932248297610506,4.991006337421091,-0.015573319010156248,0.0013093580907572668,0.0013093069429578465,0.0049302490101562485,-0.004215370989843753,0.009145620000000002,-2.3283064365386964e-11,-1.6689300537109377e-08,1.2635745939849898,3.7655410237517075,4.758041973854902,-0.0102467851765625,0.0005698945243409819,0.0005698722624013128,0.0024555751765625005,-0.002358614823437499,0.0048141899999999994,0.0,5.7220458984375e-08,1.2855834561657848,4.308992267681655,5.539569181798546,46.0,1256.423464854722,2422.8333711594014,7.997390705906681,97.7760224723637,0.8249577670634468,0.014034938215737114,0.011004835711190646,0.10757496716531992,0.021668932351153393,0.004090604034191501,0.012656489871330454,0.004011457576134305,46.0,925.9099724005598,2115.8370161286025,7.29523459325924,140.43420156441493,0.8613912733641272,0.026676705825181588,0.010244392354419492,0.06597303337244709,0.018886263712440173,0.0035864991344232554,0.011129535309914208,0.002112278041039193,4.0,3083.2199445956185,3323.3441919931424,10.17318032650506,26.603880242735052,0.5227309222321562,0.05443312950643576,0.05790522976826184,0.19722323441579473,0.08942381293786995,0.021168218886776204,0.04972602386178605,0.0073894158279504485,UNBAL,5HZ
UNBAL_5HZ,-0.01278437332890625,0.001034325112513455,0.001034284708399589,0.00429435332890625,-0.0040734866710937494,0.00836784,9.313225746154785e-12,1.9073486328125e-08,1.2654173828881983,4.152003108891708,5.254016912877263,-0.01558714318359375,0.00137357010246569,0.0013735164463355707,0.00521972318359375,-0.004842246816406248,0.010061969999999998,-1.862645149230957e-11,-1.1920928955078126e-08,1.2624397357225428,3.8002625987619454,4.797602514350228,-0.01039947560390625,0.0005749407766615511,0.0005749183175988006,0.00260826560390625,-0.002311714396093751,0.004919980000000001,0.0,-7.62939453125e-08,1.282334095453533,4.536758561221625,5.817640196014277,50.0,1412.7168386030346,2545.510862801584,8.07612696950654,87.63349877044773,0.7998250903004964,0.014397199640896783,0.012293134499322893,0.12635205198378402,0.024528333319869203,0.004512651471849774,0.013736210682839057,0.004355328085096518,46.0,811.6546690724497,2017.7755826275256,6.400629557162775,154.5459663389412,0.8783767801162565,0.021850665781740806,0.009434170609647298,0.05831185657671644,0.017099097870864464,0.003203937239095081,0.009876398708412467,0.0018470800505599797,4.0,3043.519247982666,3314.252497914641,10.083947834453676,27.077105411506462,0.5266978684293274,0.0535285786969453,0.059163527986636835,0.1945649781504022,0.09038779887085974,0.02014527610798983,0.04877620947014357,0.006735762244284126,UNBAL,5HZ
UNBAL_5HZ,-0.013049040864843748,0.0010301062197518797,0.0010300659804417312,0.004559020864843749,-0.0044405791351562526,0.008999600000000002,2.7939677238464354e-11,1.9073486328125e-08,1.2715867524198063,4.425950324524569,5.6279798049972936,-0.015554206035156249,0.0012530340982656763,0.0012529851506651864,0.005186786035156248,-0.00487518396484375,0.010061969999999998,-4.656612873077393e-12,-4.76837158203125e-09,1.2676003070232496,4.139543096949822,5.247286104817396,-0.010511091154687499,0.0005581186566669379,0.0005580968547310845,0.0024546611546874993,-0.0022000988453125016,0.004654760000000001,-1.1175870895385742e-10,-2.288818359375e-07,1.2737503533189753,4.398270890582229,5.602299110909899,50.0,1433.819246237119,2568.8906084683867,8.006306229028686,86.9200629101521,0.7948590306603112,0.013539337508545276,0.01286204671130119,0.13080979734133003,0.02537729021784847,0.004672877562243597,0.013725722971786088,0.004153896776287516,44.0,968.3269870781593,2186.215523404223,6.986084990954142,128.6120894617703,0.8536769264673111,0.024368454765628423,0.011930117111648953,0.07111742149129822,0.021140775096759535,0.004161227195373421,0.011597348904382207,0.0020077195404579274,6.0,3264.2561445027254,3323.6307236971707,10.347615218593344,25.515794479495643,0.49057798802174424,0.05815401125192776,0.06568305603435824,0.20818178684588173,0.09577238018195276,0.022292923942254784,0.05292178704053782,0.006416058211512905,UNBAL,5HZ
UNBAL_5HZ,-0.0131615306265625,0.0010734678857124344,0.0010734259525541259,0.0040233606265625,-0.004496459373437499,0.008519819999999999,1.6298145055770876e-11,1.1920928955078126e-08,1.2681473391952898,4.188886395516775,5.312125141614704,-0.015505564868750002,0.0012290635693214395,0.0012290155580880254,0.007411884868750001,-0.005333575131249997,0.012745459999999998,1.3969838619232177e-11,7.152557373046875e-09,1.281773707085344,6.030749418868131,7.730056045415022,-0.01026016782109375,0.0006190194577728373,0.0006189952768529752,0.00233187782109375,-0.00227222217890625,0.0046041,7.450580596923828e-11,1.52587890625e-07,1.2613922703755924,3.7671980781210763,4.751914544392531,46.0,1341.2934498058316,2478.7195230805655,7.966618482568586,94.39176917610457,0.8104623913179047,0.013828387681900759,0.011712938759093782,0.1205174322447195,0.02276617826071772,0.0043425335444016114,0.012624907343813965,0.003745230051141164,50.0,1048.5877947727447,2211.278383505104,7.608619460345449,123.73845980663418,0.8438306247762587,0.02897360098425702,0.01201444718408768,0.07421982379998653,0.02255380289337167,0.0043320231571067225,0.012115857868980657,0.001959814484460391,2.0,2703.447261411628,3272.072067418393,9.103968039761424,31.3880701834388,0.5761958214265497,0.05050741244665838,0.05121385125468738,0.17618905897736073,0.07884626082678456,0.018106804895210302,0.04382168167398482,0.005119104113358478,UNBAL,5HZ
UNBAL_5HZ,-0.013150612884375001,0.0011041559742527528,0.0011041128423175716,0.003990092884375001,-0.004507377115624997,0.008497469999999998,1.1641532182693482e-12,0.0,1.2692752930370668,4.082351856429369,5.181628353542825,-0.015596718179687498,0.001322962799124825,0.0013229111198811041,0.007503038179687498,-0.0061215218203125015,0.013624559999999999,-8.149072527885438e-12,-3.5762786865234374e-09,1.2881869043110696,5.671611691260269,7.306095912541778,-0.01005563621953125,0.0005729308917227751,0.0005729085111726885,0.0021273462195312513,-0.0026302237804687496,0.004757570000000001,3.725290298461914e-11,0.0,1.2711356762785613,4.591001398275501,5.8357856773789925,46.0,1252.243563890893,2407.335551951019,7.919664859374111,99.86581893299304,0.8259867560955507,0.013764709792397764,0.010661385383635296,0.10855504000057062,0.020642885113130727,0.004286466944432311,0.01242391456561652,0.003678835622146707,188.0,928.8371919629611,2090.892861306647,7.437864197710052,143.36768666119605,0.8653907165239482,0.02384872688717933,0.01017324186494165,0.06554116139865845,0.018674910016960644,0.0037946221260633482,0.010803442008778377,0.001773178935360021,4.0,3105.6338052119045,3327.4599538375996,10.205071600445557,26.888123774299615,0.516967653885239,0.057398600733471236,0.056830163882143736,0.1997594735034304,0.08963144454590363,0.022139354914226868,0.050953697461665136,0.006319580651766119,UNBAL,5HZ
UNBAL_5HZ,-0.01321289243984375,0.0011244295528239797,0.0011243856289366674,0.00352193243984375,-0.004610487560156249,0.00813242,-1.862645149230957e-11,-1.1920928955078126e-08,1.2753537969881727,4.100450448140236,5.229525053048511,-0.015743728796875002,0.0013569059009353051,0.0013568528957632723,0.004732628796875003,-0.005974511203124998,0.01070714,-1.1641532182693482e-11,-4.76837158203125e-09,1.2701585482917024,4.403212181200332,5.592777596015629,-0.0099930395734375,0.0005756764024582312,0.0005756539146595368,0.0022748395734374996,-0.002692820426562501,0.0049676600000000005,-7.450580596923828e-11,-2.288818359375e-07,1.2774840928740183,4.677846103899579,5.975873997025433,46.0,1212.902977459059,2386.0010719995353,7.778125294635349,103.56679019760378,0.8319384893331624,0.012996972622787246,0.010356637495071654,0.10404605495441831,0.020547004578284896,0.004109098180466169,0.012283415759960252,0.0037223241570353027,44.0,901.0487566001174,2089.5987058412193,6.902033803822987,150.81879895351352,0.8680283998431342,0.021187995322536003,0.009990681176820285,0.0671813750908505,0.017777436480202417,0.0036771826054052066,0.010426442862738333,0.0017304744819379354,4.0,3127.2882048492143,3328.4219446951633,10.238461476768187,27.14643929689345,0.5159914013451908,0.05508613088589986,0.05726974991991981,0.2031812549264635,0.08861908111721026,0.021676743962439755,0.05164553165916084,0.006530085901325229,UNBAL,5HZ
UNBAL_5HZ,-0.013236607885156251,0.001100871898141493,0.0011008288944930405,0.0036141878851562517,-0.0045867721148437485,0.00820096,9.313225746154785e-12,7.152557373046875e-09,1.2792360695172473,4.166653086254081,5.330132921943506,-0.015864189709375,0.0013504032889703952,0.0013503505378116038,0.005708349709375001,-0.004779760290625001,0.010488110000000002,-6.984919309616089e-12,4.172325134277344e-09,1.2500959242278153,4.227309535788181,5.284542425051644,-0.0100809570234375,0.0005690736748778277,0.0005690514450032171,0.0023627570234375003,-0.0023843829765625,0.00474714,0.0,0.0,1.277214324730442,4.190100900910496,5.351656902113336,46.0,1241.3090777550076,2433.016781980033,7.654695802325735,99.27264377704134,0.8250306373463359,0.01368027983393183,0.010932171851905521,0.10753639753158831,0.021960611569816952,0.004249960421404129,0.01261920012700186,0.003990724969609648,44.0,887.2668530825658,2099.2328586915482,6.762547205049875,149.3767435482023,0.868946044502108,0.02124702892788357,0.009910823562068492,0.06503742664728572,0.018651105882421002,0.003610277884859787,0.010767694686533302,0.0018295962088907655,2.0,3172.433512460129,3351.0013530622296,10.148323361405897,26.527298119991627,0.5088088546336078,0.059471639721949326,0.05936326550586244,0.19590895499147973,0.09386325124624877,0.021424109765547233,0.054128715882685974,0.007031146066376664,UNBAL,5HZ
UNBAL_5HZ,-0.01317074173671875,0.0010041960488071388,0.0010041568216328117,0.00414283173671875,-0.003934458263281251,0.00807729,-1.6298145055770876e-11,-1.6689300537109377e-08,1.2753979936611863,4.125682008370571,5.261886561199985,-0.015891930250000002,0.0012805072459957838,0.0012804572252044994,0.005736090250000003,-0.006467009749999999,0.012203100000000001,1.0477378964424133e-11,3.2782554626464844e-09,1.2632557254027623,5.050547271437839,6.380132762043848,-0.0102965334828125,0.0005382677685318706,0.0005382467420364806,0.0024323134828125002,-0.0025576965171874994,0.00499001,9.313225746154785e-12,-1.9073486328125e-08,1.2828810716137526,4.751903379402608,6.096126910898927,46.0,1496.7150832106104,2621.182439539254,7.9812697991632,82.602470090909,0.7834543572251299,0.017002936200628045,0.012953543613370283,0.13615568678764478,0.025837010418764992,0.00538165131314961,0.01442097805529792,0.004793813982236138,50.0,939.4160124627535,2137.9085302368053,7.284060650107893,134.31363442041257,0.8625551184485865,0.024201274844339534,0.010429243927376196,0.0647815321577047,0.020330598052737105,0.003979851686781464,0.011475153352553238,0.0022471944814520836,16.0,3470.0244914275313,3359.2293102168283,10.674249004267832,23.733009390168117,0.46069508923651903,0.0676687222527113,0.06594487792685212,0.21068331596381928,0.10266547882839613,0.025557893960195772,0.05829863260033012,0.008485768531223707,UNBAL,5HZ
UNBAL_5HZ,-0.0131366811515625,0.0011175212364947704,0.0011174775824688353,0.004108771151562499,-0.0044527688484375,0.00856154,-4.656612873077393e-12,-1.0132789611816407e-08,1.2895054791258662,3.9846605554407355,5.138241623295618,-0.01591314168046875,0.0014434607211116564,0.0014434043348259219,0.005578501680468749,-0.007035838319531251,0.01261434,-1.1059455573558808e-11,-8.64267349243164e-09,1.2857890312318752,4.874474978977609,6.267546465325833,-0.01036877624921875,0.0005740423395850708,0.000574019915618204,0.0025209462492187494,-0.0025688937507812506,0.00508984,1.1175870895385742e-10,3.814697265625e-08,1.2779393861301125,4.475269370295893,5.719123001806111,50.0,1286.3414389059462,2451.6384640395086,7.809198510909661,102.29810514987845,0.8178116639177335,0.013064927447529493,0.01052035877079825,0.11809726005343574,0.02030863824367748,0.004344042878462996,0.012024077332590024,0.003829000829452302,42.0,762.1529571023664,1924.249144429908,6.833654179340293,170.67344529832633,0.8926600874831275,0.0187194670567143,0.008180641001531383,0.05060411855782766,0.015732478999788232,0.0031925943420850356,0.009181774686513081,0.0017288316253855338,4.0,3135.397517122261,3345.4113319606736,10.132973097832213,26.992546971130146,0.5104186055767415,0.0610559292785823,0.05815425074422951,0.19912635239336485,0.0891566287554154,0.022961530463350015,0.05188931829122387,0.007237379232403692,UNBAL,5HZ
UNBAL_5HZ,-0.013112388796875001,0.0011971611726461402,0.0011971144076244366,0.003963788796875001,-0.004477061203124999,0.00844085,1.1641532182693482e-12,2.9802322387695314e-09,1.279591847438195,3.7398774677429847,4.785516722139268,-0.015820327717968753,0.0015491444202575845,0.0015490839056217186,0.005485687717968752,-0.007128652282031248,0.01261434,-9.313225746154785e-12,-1.3113021850585938e-08,1.246778333275217,4.601850326866796,5.7374872842167886,-0.010273638003125,0.0005998963969731084,0.0005998729630623991,0.002425808003125,-0.0027251219968749997,0.00515093,7.450580596923828e-11,0.0,1.2746011846850636,4.542831832960438,5.790298845768935,50.0,1098.134720726713,2308.6683236280574,7.488628883226845,117.39815169373357,0.8476611371117623,0.010228855575594128,0.008946683769796755,0.09690950423605348,0.01815490307852172,0.003656529999418686,0.01124177845246329,0.003200605716988078,42.0,678.9522861055127,1846.4149585954194,5.950555179448505,196.5802263405686,0.9050779017576989,0.014329679006922317,0.007248529024384894,0.04655224134493671,0.014143461087491881,0.002703345166042644,0.008517778110735261,0.001427048320200296,4.0,2889.180873002982,3320.2685514987,9.758581996304313,29.478714228798232,0.5508998136275121,0.056109012947229475,0.05221206006066265,0.18258972361367107,0.08316507676568634,0.019277331545310285,0.04947431758587534,0.006272586112786432,UNBAL,5HZ
UNBAL_5HZ,-0.01311876983828125,0.0012276704416696242,0.0012276224848563218,0.005071279838281251,-0.00416374016171875,0.009235020000000002,-2.3283064365386963e-12,7.152557373046875e-09,1.2756865999805826,4.130976661562048,5.269831576279941,-0.01574284701953125,0.0014382035908018583,0.0014381474098767873,0.004530597019531249,-0.0053376729804687495,0.009868269999999998,-1.746229827404022e-11,-8.344650268554688e-09,1.2249485305230257,3.7114922573997893,4.546386989910739,-0.010080456360156252,0.0005739418739907541,0.0005739194539484014,0.002451656360156252,-0.002918303639843748,0.00536996,0.0,3.814697265625e-08,1.2681424159465222,5.0848662032307645,6.4483345229654905,42.0,1014.6081848074466,2227.345247818027,7.348971746958045,123.45810721882631,0.8598154896602606,0.01002285850030507,0.008879977414020367,0.08676963290078667,0.018029260218879233,0.0033128477431505197,0.010240810515793017,0.00292911301233383,42.0,781.6303230372466,1979.0135647928817,6.605024129135597,169.43251403069803,0.8871754836902337,0.017504390159684125,0.009039625479320905,0.05487828406316399,0.01710230506273572,0.0030454871216032,0.00969326276564402,0.0015611413473930358,4.0,3109.1487582295927,3340.442559616557,10.131957434909886,26.983099655869538,0.5171901750586365,0.05650915580647459,0.058058292395988365,0.19427081387329462,0.09571302343655497,0.019485295882822346,0.05260438843618173,0.006168848427025784,UNBAL,5HZ
UNBAL_5HZ,-0.013176393027343752,0.0011583121936140286,0.0011582669461602088,0.005128903027343753,-0.004106116972656249,0.009235020000000002,-2.7939677238464354e-11,-2.384185791015625e-08,1.2833893175722548,4.428083733131284,5.682955365322591,-0.01576814256328125,0.001223799199677188,0.0012237513940872293,0.00455589256328125,-0.00385068743671875,0.00840658,-1.5133991837501526e-11,-1.1920928955078125e-09,1.2538901990463198,3.7228905981811,4.66809603699555,-0.010013284599218752,0.0005536387793772171,0.0005536171524399883,0.002384484599218752,-0.0027008854007812486,0.0050853700000000005,1.210719347000122e-10,1.71661376953125e-07,1.275661780413344,4.878615816000041,6.22346374903277,46.0,1141.906422278125,2342.5992622948465,7.560223553432019,109.90242353969813,0.8424351546078271,0.010548461965564727,0.010046698912633885,0.097855038325316,0.020112037124796187,0.003723811647212804,0.011832035416458206,0.0034467619516799896,42.0,1063.5737042732499,2276.8798606251944,7.3417982125147985,122.68072782652423,0.8424583786697802,0.024715331578894786,0.012955515704112035,0.07621901034627317,0.023351249659714572,0.004337729073787181,0.013913744798533714,0.0020490350663702247,4.0,3407.311674258686,3361.1453824653076,10.458780129922216,25.10782087109836,0.47276669374850305,0.06149531266136833,0.0630906501607373,0.2105694201601484,0.10494472881821335,0.02153582879421764,0.05871160587421037,0.006885743357082028,UNBAL,5HZ
UNBAL_5HZ,-0.013200191703125001,0.0011004032573991116,0.0011003602720572956,0.004172281703125001,-0.004633618296874998,0.008805899999999998,-1.1641532182693482e-12,7.152557373046875e-09,1.267609333339073,4.211001078765523,5.337904274995134,-0.01575564937890625,0.001253368672737712,0.0012533197120676515,0.00460299937890625,-0.005329340621093751,0.009932340000000001,-4.656612873077393e-12,-9.5367431640625e-09,1.261725572837374,4.252179683705402,5.36508385151134,-0.01002335560234375,0.0005904812570109416,0.0005904581908863205,0.002327505602343751,-0.00234811439765625,0.004675620000000001,1.3969838619232177e-10,2.288818359375e-07,1.2695898435762498,3.9767665686113927,5.048862454333352,50.0,1291.3227249327447,2434.649219437571,8.112973088077274,99.1881404496041,0.8247491327297638,0.011172475937272242,0.011036229128642234,0.10934814886759238,0.02223740839755419,0.0041645372747046855,0.013384673507185859,0.00390739122415318,44.0,1031.1229241043575,2243.290387911337,7.544736682768668,128.68078044265135,0.8492886291181979,0.021851986663223286,0.012128000712129232,0.07508393735039763,0.022170509035938795,0.004189725333757643,0.013213503564462421,0.002073698697509783,6.0,3045.64708172278,3338.5676777655167,9.805824278448936,28.560660720919717,0.5256807461822046,0.06043058179606389,0.05605562594047554,0.18792148972890532,0.09092658168974914,0.01949752173464543,0.05315745485205366,0.006329982264938224,UNBAL,5HZ
UNBAL_5HZ,-0.01316192524375,0.001121720393999107,0.0011216765759403783,0.003804725243750001,-0.004671884756249998,0.008476609999999999,-3.14321368932724e-11,-2.9802322387695312e-08,1.2529277580856668,4.165090768850322,5.218557843891403,-0.015714257877343752,0.0013902219356684016,0.0013901676290633427,0.006050117877343752,-0.005370732122656249,0.011420850000000001,0.0,1.1920928955078125e-09,1.2518889817967558,4.35207794118187,5.448318426405473,-0.010223119553125,0.0006357542113201463,0.0006357293766862057,0.002527269553125,-0.002331620446875,0.00485889,0.0,-1.52587890625e-07,1.2649038425369072,3.9753858195498615,5.028480806625134,50.0,1274.1962510025367,2423.4153433691845,7.894865787358379,103.06833169277041,0.8248363093489874,0.010904352586487786,0.01074721201453649,0.11185277405940892,0.02152058135791434,0.004072337372076701,0.01220062986423326,0.0038657956935268544,42.0,840.5448364741753,2029.9262993796606,6.867745288211803,158.31581106375864,0.8810614264768396,0.017034280838531417,0.009592899176007164,0.05911386511429502,0.017785650425512382,0.0034497022997919636,0.01009738421798427,0.001864774759441183,2.0,2566.1752540181988,3248.4187477093587,9.055355016995398,33.10812057143641,0.599683749731293,0.04977627763474213,0.04871354866640963,0.1597090619652854,0.07594295605599923,0.01717289329955138,0.04325298744923838,0.005748416018389367,UNBAL,5HZ
UNBAL_5HZ,-0.0131228120453125,0.0010946610434482782,0.0010946182824160759,0.0044569720453125,-0.004246117954687502,0.008703090000000002,1.979060471057892e-11,1.4901161193847656e-08,1.264632324281275,4.071713503088235,5.1492205159220505,-0.01569188692421875,0.0014432428644090252,0.0014431864866334843,0.006027746924218749,-0.00485372307578125,0.010881469999999999,7.566995918750763e-12,3.5762786865234374e-09,1.2489831726504212,4.176693016370295,5.216619298387682,-0.0103286066640625,0.0005919496152839065,0.0005919264918004202,0.002473326664062501,-0.0022514633359375005,0.004724790000000001,1.862645149230957e-11,3.814697265625e-08,1.2688896824180644,4.17843548843561,5.30197368888258,42.0,1333.264499027979,2506.1583426327793,7.630644910013597,98.15565888482092,0.8114000094572096,0.01171413641033034,0.011587694713543893,0.12106238456093628,0.022441094892877905,0.004536215400555588,0.013261535371300863,0.003996910545378772,42.0,763.2377424475206,1956.5017972928968,6.313207909279262,170.6219303619229,0.8902700776888804,0.018337249443685814,0.00878995431376946,0.05151416362564137,0.016393597894584434,0.003245763373651317,0.00973772790941617,0.0017114651148540105,4.0,2917.049348228353,3332.9304353879625,9.797380279132053,28.702881707866318,0.550275748830022,0.05183431342723253,0.05628431540787832,0.17736622336745944,0.08735841999842653,0.01919773921757303,0.051055131830404346,0.006628094918830864,UNBAL,5HZ
UNBAL_5HZ,-0.013089201719531249,0.0011536442232290276,0.0011535991581213627,0.004855461719531249,-0.004279728280468752,0.009135190000000001,1.862645149230957e-11,7.152557373046875e-09,1.28674778280419,4.208967804058911,5.415879994461792,-0.0156876193546875,0.0014460029482517764,0.0014459464626583548,0.0049327993546875015,-0.004857990645312497,0.009790789999999999,5.820766091346741e-13,-2.9802322387695313e-10,1.2606095300878257,3.4114674911318246,4.300528433879779,-0.01018356948203125,0.0006046456673961364,0.0006046220479634277,0.0025368894820312496,-0.0023965005179687505,0.00493339,-7.450580596923828e-11,-2.288818359375e-07,1.2655656513355622,4.195826940781481,5.310094463983917,52.0,1208.3650634005548,2381.0240796030657,7.6212619285998215,109.0184017325935,0.8321663708583257,0.011422055427480662,0.010203477431335132,0.10719509908410306,0.019795617728088306,0.004025032858702612,0.011765373049215815,0.003426944773087018,42.0,784.5147216516541,1956.4614259812274,6.7285682115429495,171.2751572454226,0.8874809591954065,0.019795618146575267,0.008507930508257336,0.05360241120825007,0.016217235062865876,0.0030897946489680185,0.009712944878720845,0.0015930834221433167,4.0,2842.8953815537807,3307.679702770928,9.6707356951488,29.947317823858224,0.560478395912895,0.04997250733238552,0.05205045236015939,0.1800262151230673,0.08520049538582734,0.018799009150081793,0.04774586040637232,0.0057269349631507175,UNBAL,5HZ
UNBAL_5HZ,-0.0131104939359375,0.0011372470169731198,0.0011372025923938349,0.0048767539359375,-0.004020036064062501,0.008896790000000002,1.1641532182693482e-11,4.76837158203125e-09,1.2834189858580256,4.288377430958415,5.503785018256852,-0.0156588563015625,0.0013690897127049803,0.0013690362315935045,0.0049040363015624994,-0.004682623698437499,0.009586659999999999,6.984919309616089e-12,1.1920928955078125e-09,1.2614358044861156,3.5821084824557823,4.518599898623719,-0.010129175053125,0.0005850610450029542,0.0005850381906095,0.0024824950531249996,-0.0023644749468750004,0.00484697,-9.313225746154785e-12,-3.814697265625e-08,1.2728024601887964,4.2433042641120595,5.400888115923124,56.0,1218.4940344442737,2379.7657938583984,7.809879705865553,105.94138001219758,0.8308205492236118,0.011199071309825717,0.010401403146521503,0.10826404298805128,0.02069994794170197,0.003916023681717957,0.011033900910492203,0.0036650602880850566,42.0,864.7052152932331,2032.8232162474576,7.108371538337359,153.53939590389052,0.8763053550206855,0.02019911941542288,0.009824646745189422,0.06045566843167634,0.01789700117615755,0.0034184833526559296,0.010066799238464619,0.0018329260977554974,2.0,3024.5819206526803,3310.8218725294055,10.05352915677416,28.038732599022655,0.5295910227702453,0.05344131636427106,0.05709489006730903,0.19468272403507028,0.08981696803355609,0.021143314042589668,0.04785591399565407,0.006373847331197182,UNBAL,5HZ
UNBAL_5HZ,-0.013162339184374998,0.0011156392444144608,0.0011155956639052774,0.004651459184374998,-0.004550780815625001,0.009202239999999999,-1.1641532182693482e-11,-1.430511474609375e-08,1.2719981470236552,4.169484814885815,5.303576963332056,-0.0156693235515625,0.0014278531522277835,0.0014277973756246167,0.004781893551562499,-0.004672156448437499,0.009454049999999999,-3.4924596548080443e-12,2.9802322387695314e-09,1.2300882937605793,3.3491401720229597,4.119738122654115,-0.010150623370312499,0.0005774088255883235,0.0005773862701155287,0.002483083370312499,-0.0020643966296875014,0.0045474800000000004,-7.450580596923828e-11,-9.5367431640625e-08,1.2753444603474227,4.3005583861824475,5.484693323717611,42.0,1260.916845530948,2429.977364409489,7.795562882262752,101.95383848362468,0.8237708322821582,0.011767500740334929,0.0108369514664925,0.11079582159574813,0.022852841769525338,0.004160164124439816,0.011900240691512503,0.003915635915562336,42.0,796.6449897139814,1989.1765105783747,6.707383263362905,167.002550259761,0.8843307436268748,0.018651518000312547,0.009295659708674235,0.055559657297725905,0.017591848029547608,0.003306777319136799,0.009516024523335125,0.0017477675602688327,6.0,3128.701191702399,3334.566251435587,10.2038249393088,27.310072374559724,0.5162332300263558,0.05423540213811094,0.0570322230954625,0.19866031637413165,0.0935962574855683,0.02280235500605869,0.050143006404577875,0.0072971974826521666,UNBAL,5HZ
UNBAL_5HZ,-0.013077958389062498,0.0010893046516349983,0.0010892620998409377,0.004713098389062498,-0.004635161610937501,0.009348259999999999,4.656612873077393e-12,1.430511474609375e-08,1.2692695671418441,4.3268726465594165,5.491967776218272,-0.015643909040625,0.0014221715617651221,0.0014221160071034174,0.004756479040625001,-0.004490460959374998,0.009246939999999999,3.4924596548080443e-12,-1.1920928955078125e-09,1.2424105315164196,3.344649109862988,4.1554272812427975,-0.010221755039062499,0.0005651980412464268,0.0005651759627667118,0.002554215039062499,-0.002188454960937501,0.00474267,-7.450580596923828e-11,-1.52587890625e-07,1.2766744298684125,4.519327081851635,5.769709335820508,42.0,1304.753762060916,2461.653781183685,7.883102826482615,97.19741991471736,0.8169128341026878,0.01502625957314641,0.011391684488857776,0.11228925291683621,0.023066888114318142,0.004048491399958357,0.013215819274957567,0.004048736132471971,42.0,799.8986194977607,1992.340547296539,6.528612348575913,165.6761498853408,0.8837737068255892,0.020072932556738015,0.009296007185202295,0.054930988938175135,0.01697692487259101,0.0031801253674150357,0.01001764378305166,0.0017516691161473434,6.0,3124.6833415168735,3347.597794205425,10.160261661450175,26.167203529667923,0.5178864535534761,0.056643140263028066,0.05753527928176019,0.19318488845112566,0.09272139617305976,0.022674380258931492,0.05170230160059399,0.007652145876263078,UNBAL,5HZ
UNBAL_5HZ,-0.01304791405234375,0.0011399592476390324,0.0011399147171111677,0.00468305405234375,-0.003820375947656251,0.008503430000000001,0.0,2.384185791015625e-09,1.2615192833650368,4.10824948387678,5.18263594933153,-0.015642190884375,0.0014161813564190812,0.0014161260357543433,0.005134710884375001,-0.004445989115625,0.009580700000000001,2.3283064365386963e-12,0.0,1.255897532064737,3.625885515206952,4.553740673313321,-0.0102335986765625,0.000549012390774804,0.0005489909445594098,0.0021488586765625005,-0.0023330613234375,0.00448192,3.725290298461914e-11,1.9073486328125e-07,1.2744881428960637,4.249726415906844,5.416225937491243,46.0,1149.6317001457478,2339.463689914998,7.847135997538738,106.4473036638808,0.8409960793154866,0.012952191587568686,0.010358859482930789,0.09632311064167294,0.02019139691154042,0.0036160922143025167,0.011906776084370876,0.0036554937365678576,50.0,806.6789261125783,2005.208890827373,6.5220416881341094,164.283428901713,0.8829327173425914,0.018523548200994423,0.009168200986026196,0.05847554712993858,0.016228607357172093,0.0030652273816188153,0.009872502311441747,0.001733647974720131,4.0,3293.4655700324283,3353.114321946165,10.352698019876613,24.689955847077286,0.489194761236713,0.060743459318608174,0.06496121657138566,0.20109699553253066,0.09909000275378524,0.021813028488092193,0.05542549751941744,0.0076750028905141696,UNBAL,5HZ
UNBAL_5HZ,-0.0131829330796875,0.0011129507553361315,0.0011129072798481041,0.0044515330796875,-0.0044020469203124996,0.00885358,4.656612873077393e-12,9.5367431640625e-09,1.2648588768159463,3.999913700173798,5.059326354708591,-0.0157789950015625,0.0014216674166596705,0.0014216118816915185,0.005271515001562501,-0.004468614998437499,0.00974013,6.984919309616089e-12,2.384185791015625e-09,1.2460668619284505,3.708125308844502,4.62057207047957,-0.0102440296078125,0.0005800652916169068,0.0005800426323738809,0.0024543096078125,-0.0023226303921875004,0.00477694,-1.1175870895385742e-10,-2.6702880859375e-07,1.274771501137314,4.231257267309373,5.393886187645259,46.0,1193.2420881641535,2385.08702872933,7.753646827839779,101.46305002581889,0.833621989207255,0.011962809939429468,0.010685093302253826,0.10205918905314462,0.022013805072736963,0.004045038030960054,0.01194198231805858,0.0036700787909185175,42.0,831.9889316763557,2017.645819723625,6.874133320878074,165.55871025135716,0.8801422305803164,0.017792664580907877,0.009288380106568529,0.06152323364620954,0.016977351221107436,0.0031042105840475964,0.009542825896790827,0.0016290958812396165,4.0,3111.0716940145066,3311.4529856560202,10.229343835603448,27.56193962713803,0.5132655538087186,0.05760777514948615,0.06098665030653727,0.1990320045389204,0.09309655911325726,0.019679608442082202,0.04995670865779116,0.0063751223409022105,UNBAL,5HZ
UNBAL_5HZ,-0.013262824784375,0.001086551059768257,0.0010865086155384797,0.004525464784375001,-0.004322155215625,0.00884762,-2.2118911147117615e-11,-1.6689300537109377e-08,1.2804347531896065,4.165143944088295,5.3331950629564435,-0.015879170960937498,0.0014415189741614368,0.001441462663726674,0.004841250960937498,-0.005281809039062502,0.01012306,0.0,-5.960464477539063e-10,1.2392681261097065,3.6642010704203867,4.540927597379276,-0.010350345531250001,0.0005783175520222409,0.0005782949610516264,0.002560625531250001,-0.0025977544687499996,0.005158380000000001,-3.725290298461914e-11,5.7220458984375e-08,1.2735995885264084,4.492092511983683,5.721127184778075,56.0,1298.6295901831884,2454.992464569851,8.072078845709864,96.70663960609053,0.8191243583074895,0.01320279671069348,0.011291903530093829,0.112229124114032,0.022716629789006185,0.004473775126500425,0.01314242359139083,0.003818988636476606,160.0,810.2009143032418,1984.0523685227756,6.830518616552218,170.21457324293985,0.8845592578266248,0.01792476130314001,0.008899292759900984,0.05792272638860978,0.016385724517485534,0.0031332213327697777,0.009563013689711814,0.0016119984624765403,12.0,3123.312540470764,3318.6592896794377,10.33994114924862,27.396101400903937,0.513786448324053,0.05917533608095699,0.05899920428130416,0.19834799134292502,0.09088532792150057,0.020159647168505466,0.05204342556254687,0.006602595687760342,UNBAL,5HZ
UNBAL_5HZ,-0.01327436890859375,0.0011544249158585076,0.0011543798202544413,0.004537008908593751,-0.00424803109140625,0.008785040000000001,1.280568540096283e-11,1.5497207641601563e-08,1.2716300243116412,3.930256597575896,4.997832297055877,-0.015865009442187498,0.0014023101584081875,0.001402255379597705,0.004999929442187499,-0.005352590557812502,0.01035252,2.3283064365386963e-12,-2.384185791015625e-09,1.2440911541840842,3.8171296269378434,4.74885720663395,-0.01023289849296875,0.0005920899712859661,0.0005920668423197163,0.002256928492968749,-0.0027152015070312507,0.00497213,7.450580596923828e-11,0.0,1.27293714901522,4.5859712254905665,5.837653147101584,56.0,1183.2259459714326,2352.6151418129284,7.947040366954937,109.16599993339203,0.8383737143158038,0.011538666066274498,0.009772994614448739,0.10154027276644575,0.01910160310121458,0.003987850276690746,0.012176607606194519,0.0035082864296312865,42.0,847.9228773438048,2032.4041632372648,7.025117407189617,161.08094704777452,0.8794216775616018,0.018319312083812083,0.009211119765799271,0.06049663058437161,0.017087761964577088,0.0033206016866213915,0.010391747795745124,0.0017511436944988674,2.0,2969.4526185782097,3330.274541416935,9.893040473178067,28.71649458824951,0.5428132677247585,0.05218006810089162,0.05438380462233361,0.1876121948810146,0.085427232978311,0.01908795313873602,0.052088534706674745,0.0064069378292822225,UNBAL,5HZ
UNBAL_5HZ,-0.013238656984375,0.001136083060996301,0.0011360386818849344,0.004332926984374999,-0.004353773015625,0.008686699999999999,2.561137080192566e-11,1.9073486328125e-08,1.251648026376474,3.8324161678797153,4.796836137002359,-0.0158271625109375,0.0015177347779500444,0.0015176754902772956,0.005993162510937499,-0.0065749874890625,0.012568149999999998,8.149072527885438e-12,-1.1920928955078125e-09,1.2832817091931992,4.332274934168505,5.559529185877801,-0.010110429572656248,0.0005933710719067198,0.0005933478928964995,0.0023370995726562475,-0.0027587004273437517,0.005095799999999999,0.0,3.814697265625e-08,1.2738661656015804,4.649381005176307,5.92268916346658,56.0,1234.9016150787488,2397.399913444174,7.886229238011143,105.72463262272477,0.8283874611767117,0.012462108003135058,0.009946846083043132,0.10881844761704865,0.02077253338075021,0.003967868696469069,0.011934991408413082,0.0037097318854565227,42.0,733.1290356012662,1870.7745491011854,6.634655386778447,188.68952228308882,0.8994206656510497,0.015537540016685029,0.007655360346070503,0.04969707606449043,0.014993434051925205,0.0026800952831945142,0.008444278808100619,0.0015715486767687338,4.0,2971.8787076226804,3310.064146957699,10.045019359607478,28.84089627287035,0.5394031001730962,0.053858936221295124,0.0552368176839133,0.18937343195494435,0.0868657743417665,0.019164864631975562,0.04957497600286108,0.006522098557115408,UNBAL,5HZ
