rank,Revenues ($M),Revenue Change %,Profits ($M),Profit Change %,Assets ($M),Mkt Value as of 3/29/18 ($M),Employees
1000.0,1000.0,995.0,871.0,844.0,1000.0,951.0,1000.0
500.499,14378.2024,11.421206030150755,1371.597014925373,27.64454976303318,46023.146700000005,26257.50998948475,33652.515
288.8187706526037,30835.849086549617,33.28288244935512,3618.5593931922776,603.5275873668456,199248.62764042657,66026.55032038367,91461.794252002
1.0,1848.0,-42.4,0.0,-11700.0,479.0,0.0,126.0
250.75,2886.5,1.7,169.85000000000002,-21.125,3498.25,3070.0,6400.0
500.5,5417.0,6.3,420.8,10.850000000000001,8370.5,8523.0,12799.5
750.25,12108.75,12.7,1198.75,56.7,23712.25,21593.5,29225.0
1000.0,500343.0,613.2,48351.0,10557.1,3345529.0,851318.0,2300000.0
